#{"t_start": 1649792801.496927, "env_id": "PandaReach-v2"}
r,l,t,is_success
-456.354852,50,1.75954,0.0
-882.614403,50,2.766419,0.0
-994.934161,50,3.756619,0.0
-1040.267122,50,4.769955,0.0
-967.87753,50,6.018513,0.0
-939.627372,50,7.011475,0.0
-764.069601,50,8.081025,0.0
-420.902469,50,9.098627,0.0
-1126.713371,50,10.12564,0.0
-811.043611,50,11.175964,0.0
-639.671087,50,17.900272,0.0
-971.792208,50,18.90415,0.0
-1199.552981,50,19.903905,0.0
-1328.412487,50,20.89485,0.0
-694.519939,50,21.934757,0.0
-741.753897,50,22.97556,0.0
-873.012138,50,23.975883,0.0
-623.804125,50,24.963902,0.0
-817.499814,50,26.053264,0.0
-1236.768421,50,27.065737,0.0
-969.428187,50,33.850772,0.0
-869.707031,50,34.849901,0.0
-1094.751187,50,35.866609,0.0
-912.440877,50,36.935777,0.0
-621.880774,50,37.939483,0.0
-701.193209,50,39.896384,0.0
-1035.478755,50,40.882833,0.0
-876.774974,50,41.863374,0.0
-525.643848,50,42.933081,0.0
-1068.131073,50,43.936886,0.0
-981.686897,50,50.79184,0.0
-606.54804,50,51.795319,0.0
-856.713955,50,52.813268,0.0
-780.968679,50,53.855475,0.0
-981.496489,50,54.870282,0.0
-800.212701,50,55.865151,0.0
-854.261796,50,56.875083,0.0
-804.62133,50,57.865431,0.0
-676.061283,50,58.881065,0.0
-909.120061,50,59.98904,0.0
-954.566305,50,66.717852,0.0
-849.026613,50,68.120728,0.0
-920.294826,50,69.152046,0.0
-1015.143063,50,70.135297,0.0
-972.378649,50,71.244057,0.0
-997.014068,50,72.322999,0.0
-725.041702,50,73.471504,0.0
-1120.868673,50,74.549876,0.0
-762.854781,50,75.571464,0.0
-898.235921,50,76.616815,0.0
-1044.065572,50,78.55495,0.0
-499.643468,50,85.349043,0.0
-842.25,50,86.393628,0.0
-677.266605,50,87.479031,0.0
-1481.801685,50,88.495072,0.0
-792.067978,50,89.691066,0.0
-1075.450497,50,90.742321,0.0
-577.378284,50,91.862441,0.0
-636.632978,50,92.952013,0.0
-671.532741,50,93.959795,0.0
-868.0269,50,95.073639,0.0
-650.064834,50,101.775893,0.0
-751.056572,50,102.773796,0.0
-964.05256,50,103.785203,0.0
-811.438239,50,104.813156,0.0
-1176.87897,50,105.848433,0.0
-971.182472,50,106.884869,0.0
-813.307346,50,107.879196,0.0
-866.259133,50,108.885426,0.0
-1004.297545,50,109.992949,0.0
-725.71859,50,111.042676,0.0
-905.459295,50,117.83073,0.0
-828.457924,50,118.827796,0.0
-636.872517,50,119.870791,0.0
-514.747918,50,120.905084,0.0
-706.221474,50,122.874814,0.0
-872.043484,50,123.866422,0.0
-1290.379871,50,124.929213,0.0
-796.750815,50,126.014999,0.0
-559.682214,50,127.037217,0.0
-904.892893,50,128.161917,0.0
-388.613921,50,134.927083,0.0
-1150.555082,50,135.921802,0.0
-763.370094,50,136.93782,0.0
-498.476298,50,137.998588,0.0
-941.828517,50,139.044624,0.0
-547.243278,50,140.170403,0.0
-480.829973,50,141.203255,0.0
-702.304746,50,142.269464,0.0
-902.758374,50,143.341129,0.0
-1135.851294,50,144.392232,0.0
-391.562825,50,145.42128,0.0
-747.915831,50,152.203785,0.0
-462.914796,50,153.237862,0.0
-595.360416,50,154.285201,0.0
-778.900684,50,155.362021,0.0
-501.347867,50,156.379856,0.0
-838.271868,50,157.457883,0.0
-772.443494,50,158.500439,0.0
-789.619517,50,159.548895,0.0
-896.749047,50,161.771319,0.0
-733.160119,50,162.813746,0.0
-1142.00016,50,169.612419,0.0
-951.449015,50,170.694848,0.0
-557.11282,50,171.714704,0.0
-528.043806,50,172.736449,0.0
-1026.866517,50,173.756098,0.0
-696.236763,50,174.799704,0.0
-415.747318,50,175.800017,0.0
-794.714832,50,176.852178,0.0
-704.638636,50,177.905428,0.0
-1112.618724,50,178.983098,0.0
-437.728318,50,185.890195,0.0
-864.912986,50,186.992795,0.0
-794.945905,50,188.003946,0.0
-590.241277,50,189.014793,0.0
-961.503759,50,190.002808,0.0
-543.031225,50,191.077382,0.0
-842.690456,50,192.132808,0.0
-538.097592,50,193.179214,0.0
-733.703069,50,194.327651,0.0
-848.896509,50,195.334142,0.0
-570.934849,50,202.174423,0.0
-624.000803,50,203.157215,0.0
-765.744661,50,204.237574,0.0
-960.635298,50,206.130409,0.0
-869.336191,50,207.181281,0.0
-641.919833,50,208.350546,0.0
-1133.052395,50,209.40848,0.0
-673.971705,50,210.397267,0.0
-619.417955,50,211.484292,0.0
-681.755149,50,212.547165,0.0
-771.48567,50,213.681442,0.0
-581.722028,50,220.469571,0.0
-779.070067,50,221.477576,0.0
-768.876245,50,222.590646,0.0
-728.597684,50,223.725433,0.0
-734.767387,50,225.016955,0.0
-838.106746,50,226.02449,0.0
-818.155716,50,227.041065,0.0
-775.01879,50,228.163939,0.0
-892.448691,50,229.230092,0.0
-804.893352,50,230.225985,0.0
-866.359898,50,237.01783,0.0
-554.260633,50,238.012954,0.0
-339.359717,50,239.066399,0.0
-866.816512,50,240.093946,0.0
-742.74272,50,241.115826,0.0
-833.672347,50,242.152697,0.0
-759.641606,50,243.153589,0.0
-981.501585,50,244.986991,0.0
-752.457096,50,246.014076,0.0
-738.216387,50,247.036785,0.0
-559.045625,50,253.89799,0.0
-888.869084,50,254.863133,0.0
-610.091959,50,255.848452,0.0
-1144.972012,50,256.885425,0.0
-865.285275,50,257.888011,0.0
-582.016196,50,258.865215,0.0
-661.881675,50,259.964932,0.0
-938.176305,50,261.091845,0.0
-787.139903,50,262.124476,0.0
-899.093388,50,263.163804,0.0
-437.366595,50,269.965918,0.0
-1033.532989,50,271.003237,0.0
-1135.078661,50,272.140694,0.0
-505.937775,50,273.264616,0.0
-577.492407,50,274.353751,0.0
-537.759408,50,275.385609,0.0
-535.368437,50,276.452803,0.0
-733.332512,50,277.432115,0.0
-397.213929,50,278.432642,0.0
-784.920263,50,279.550432,0.0
-992.980331,50,280.644532,0.0
-616.615098,50,287.364569,0.0
-723.546573,50,289.549992,0.0
-791.842178,50,290.812002,0.0
-674.475942,50,291.814024,0.0
-514.491045,50,292.856896,0.0
-454.636127,50,293.929064,0.0
-378.345118,50,294.953868,0.0
-506.05954,50,295.998106,0.0
-754.184225,50,296.97218,0.0
-620.721092,50,297.959959,0.0
-509.958492,50,304.720021,0.0
-672.013119,50,305.731707,0.0
-579.447413,50,306.89692,0.0
-1234.727316,50,307.997906,0.0
-832.562435,50,309.012432,0.0
-978.155481,50,310.160201,0.0
-659.170556,50,311.18204,0.0
-543.372703,50,312.284592,0.0
-3269.223691,50,313.327225,0.0
-1239.555782,50,314.3855,0.0
-849.824741,50,321.203158,0.0
-573.984152,50,322.311235,0.0
-869.58447,50,323.294235,0.0
-807.174939,50,324.279918,0.0
-634.794442,50,325.258853,0.0
-821.253952,50,326.272519,0.0
-633.96367,50,328.168137,0.0
-704.585238,50,329.197049,0.0
-462.40135,50,330.253433,0.0
-737.185084,50,331.285807,0.0
-637.083653,50,338.103985,0.0
-578.088703,50,339.12917,0.0
-692.34547,50,340.133682,0.0
-913.265008,50,341.157425,0.0
-847.040834,50,342.150229,0.0
-452.185349,50,343.121885,0.0
-635.267048,50,344.192589,0.0
-700.542327,50,345.257959,0.0
-407.817871,50,346.297286,0.0
-869.551838,50,347.334409,0.0
-409.091675,50,348.410841,0.0
-583.934431,50,355.193264,0.0
-522.989674,50,356.193464,0.0
-862.220683,50,357.240172,0.0
-585.182818,50,358.252712,0.0
-683.779847,50,359.306978,0.0
-440.34311,50,360.350432,0.0
-789.077018,50,361.447178,0.0
-584.384195,50,362.517961,0.0
-714.755334,50,363.580784,0.0
-756.440078,50,364.576154,0.0
-643.764707,50,372.269474,0.0
-788.273093,50,373.31015,0.0
-357.106425,50,374.363655,0.0
-987.643791,50,375.393506,0.0
-676.62676,50,376.451929,0.0
-703.437834,50,377.434856,0.0
-706.634014,50,378.447983,0.0
-627.116042,50,379.439327,0.0
-723.688728,50,380.54224,0.0
-743.609925,50,381.536595,0.0
-867.449452,50,388.259308,0.0
-946.227679,50,389.253595,0.0
-886.20267,50,390.317989,0.0
-416.626821,50,391.396412,0.0
-763.824048,50,392.430785,0.0
-700.550118,50,393.388307,0.0
-590.950101,50,394.56307,0.0
-463.330309,50,395.534619,0.0
-688.761743,50,396.612024,0.0
-522.068954,50,397.721096,0.0
-946.338332,50,404.430738,0.0
-598.23923,50,405.471243,0.0
-833.002813,50,406.520275,0.0
-708.126927,50,407.556691,0.0
-476.350985,50,408.680485,0.0
-776.34588,50,410.529981,0.0
-1171.025602,50,411.59906,0.0
-698.683351,50,412.662601,0.0
-778.823835,50,413.63736,0.0
-901.970684,50,414.66943,0.0
-567.76387,50,415.879968,0.0
-566.623641,50,422.597775,0.0
-892.056659,50,423.577638,0.0
-1163.143028,50,424.641209,0.0
-442.917949,50,425.673918,0.0
-745.451336,50,426.841239,0.0
-629.390449,50,427.918069,0.0
-688.248733,50,428.955653,0.0
-539.736628,50,429.951192,0.0
-1026.799811,50,431.065642,0.0
-592.541652,50,432.128413,0.0
-582.307173,50,438.824431,0.0
-1131.954274,50,439.946902,0.0
-1007.452884,50,441.053619,0.0
-710.469067,50,442.093783,0.0
-784.915871,50,443.185899,0.0
-549.740713,50,444.201164,0.0
-618.904461,50,445.296579,0.0
-905.22571,50,446.363951,0.0
-870.439624,50,447.31593,0.0
-644.301409,50,449.169324,0.0
-641.588466,50,455.922022,0.0
-695.40277,50,456.932214,0.0
-966.716683,50,457.921836,0.0
-677.594404,50,458.930846,0.0
-746.074238,50,460.052612,0.0
-963.820704,50,461.052015,0.0
-809.709618,50,462.073538,0.0
-866.437822,50,463.113483,0.0
-644.108321,50,464.188116,0.0
-649.576564,50,465.172717,0.0
-902.350978,50,471.884863,0.0
-713.713369,50,472.887042,0.0
-972.51365,50,474.036953,0.0
-739.904304,50,475.053221,0.0
-761.516295,50,476.092951,0.0
-848.643885,50,477.087186,0.0
-891.171116,50,478.148067,0.0
-801.322258,50,479.179002,0.0
-807.455647,50,480.218436,0.0
-481.518111,50,481.238962,0.0
-496.352647,50,487.972871,0.0
-411.108722,50,488.957304,0.0
-682.240927,50,489.937457,0.0
-385.394841,50,490.985548,0.0
-1130.487164,50,492.866185,0.0
-411.628694,50,493.869032,0.0
-564.062584,50,494.924588,0.0
-639.439809,50,495.998846,0.0
-776.626067,50,497.048557,0.0
-591.139185,50,498.078355,0.0
-890.470504,50,499.156403,0.0
-696.557405,50,506.109631,0.0
-778.87356,50,507.21838,0.0
-917.93969,50,508.302914,0.0
-944.63993,50,509.342881,0.0
-930.908942,50,510.388349,0.0
-801.562936,50,511.470228,0.0
-813.741267,50,512.444113,0.0
-715.229441,50,513.490311,0.0
-852.808403,50,514.546704,0.0
-609.19353,50,515.538694,0.0
-1190.60605,50,522.339256,0.0
-559.60101,50,523.349548,0.0
-474.107829,50,524.483221,0.0
-821.019513,50,525.53677,0.0
-565.125902,50,526.560304,0.0
-833.223333,50,527.579904,0.0
-709.794045,50,528.558439,0.0
-517.188617,50,529.606306,0.0
-541.07055,50,531.512632,0.0
-526.217878,50,532.513537,0.0
-1107.236812,50,539.28899,0.0
-639.209105,50,540.272593,0.0
-549.063206,50,541.252372,0.0
-585.021804,50,542.247996,0.0
-906.56402,50,543.255468,0.0
-915.643571,50,544.305526,0.0
-409.570253,50,545.286091,0.0
-779.192004,50,546.298084,0.0
-539.383513,50,547.394465,0.0
-692.351203,50,548.50092,0.0
-407.61216,50,555.285657,0.0
-544.032407,50,556.35291,0.0
-382.598007,50,557.483594,0.0
-785.987206,50,558.48527,0.0
-651.094668,50,559.467465,0.0
-724.097677,50,560.465623,0.0
-723.333817,50,561.5335,0.0
-694.39853,50,562.637976,0.0
-656.516513,50,563.699468,0.0
-687.933443,50,564.794949,0.0
-737.069461,50,565.77673,0.0
-807.143782,50,572.532999,0.0
-651.031276,50,573.52049,0.0
-528.305148,50,575.430479,0.0
-265.932108,50,576.489097,0.0
-880.759171,50,577.551213,0.0
-864.080656,50,578.550704,0.0
-976.865634,50,579.658684,0.0
-1059.304505,50,580.659833,0.0
-1045.712993,50,581.644424,0.0
-621.500281,50,582.67293,0.0
-511.150732,50,589.381403,0.0
-752.213325,50,590.364731,0.0
-952.810865,50,591.435485,0.0
-437.763745,50,592.532204,0.0
-496.391428,50,593.615351,0.0
-801.490578,50,594.639279,0.0
-508.242348,50,595.740892,0.0
-646.02161,50,596.832701,0.0
-607.171672,50,597.870668,0.0
-830.383695,50,598.962604,0.0
-413.146224,50,605.766804,0.0
-721.861739,50,606.79479,0.0
-507.657298,50,607.815983,0.0
-1063.903104,50,608.87123,0.0
-651.413326,50,609.97928,0.0
-460.409478,50,611.034641,0.0
-560.768901,50,612.070036,0.0
-760.137134,50,613.972745,0.0
-522.227491,50,614.946369,0.0
-713.490887,50,615.948307,0.0
-856.384672,50,622.757133,0.0
-693.202608,50,623.857514,0.0
-343.129401,50,624.929136,0.0
-762.27219,50,626.074265,0.0
-481.281551,50,627.271708,0.0
-649.837034,50,628.38419,0.0
-587.187799,50,629.40744,0.0
-562.253505,50,630.394469,0.0
-746.382929,50,631.408535,0.0
-590.555589,50,632.49036,0.0
-846.520057,50,633.657586,0.0
-527.477434,50,640.473113,0.0
-646.044876,50,641.511025,0.0
-624.530471,50,642.543036,0.0
-660.834591,50,643.546315,0.0
-469.532289,50,644.610889,0.0
-405.109651,50,645.703205,0.0
-817.001357,50,646.767589,0.0
-663.748032,50,647.847838,0.0
-860.414311,50,648.889996,0.0
-658.414709,50,649.97921,0.0
-670.201912,50,656.776281,0.0
-479.100282,50,658.765586,0.0
-886.379955,50,659.786402,0.0
-302.917727,50,660.851137,0.0
-606.631909,50,661.89984,0.0
-561.306887,50,662.964803,0.0
-487.703976,50,664.175282,0.0
-940.785741,50,665.215612,0.0
-1014.4074,50,666.357225,0.0
-829.213026,50,667.414611,0.0
-594.572023,50,674.275097,0.0
-426.923734,50,675.337262,0.0
-527.705281,50,676.389797,0.0
-565.076658,50,677.442762,0.0
-816.162054,50,678.54026,0.0
-472.94784,50,679.733581,0.0
-488.890373,50,680.981289,0.0
-510.203527,50,682.236934,0.0
-775.406263,50,683.252498,0.0
-560.083492,50,684.397721,0.0
-567.174893,50,691.153687,0.0
-743.289887,50,692.275879,0.0
-167.195048,50,693.290523,0.0
-643.695935,50,694.286087,0.0
-419.771919,50,695.345961,0.0
-374.787536,50,696.419357,0.0
-855.357761,50,698.325429,0.0
-332.97764,50,699.539706,0.0
-647.352716,50,700.582001,0.0
-434.758543,50,701.769061,0.0
-314.589222,50,702.851299,0.0
-692.646896,50,709.728926,0.0
-458.523593,50,710.777024,0.0
-565.819751,50,711.97815,0.0
-323.445961,50,713.060075,0.0
-968.938096,50,714.107303,0.0
-753.093728,50,715.182935,0.0
-568.936077,50,716.356854,0.0
-938.543561,50,717.422346,0.0
-469.174097,50,718.480191,0.0
-733.482108,50,719.519737,0.0
-729.061761,50,726.417361,0.0
-585.719554,50,727.522507,0.0
-531.995902,50,728.604235,0.0
-671.942689,50,729.789576,0.0
-870.707496,50,730.830592,0.0
-502.27405,50,731.904832,0.0
-706.105293,50,733.060206,0.0
-679.503776,50,734.0952,0.0
-680.80264,50,735.153257,0.0
-671.516082,50,736.189472,0.0
-432.070187,50,743.795034,0.0
-306.441712,50,744.853772,0.0
-955.215088,50,745.962989,0.0
-642.687208,50,747.022671,0.0
-799.691312,50,748.039881,0.0
-508.731603,50,749.047798,0.0
-468.982771,50,750.134704,0.0
-561.287527,50,751.386768,0.0
-890.87305,50,752.493582,0.0
-251.864476,50,753.487278,0.0
-439.513185,50,760.296392,0.0
-626.184102,50,761.305019,0.0
-782.714345,50,762.316604,0.0
-640.014603,50,763.495155,0.0
-510.29152,50,764.54727,0.0
-685.845227,50,765.625545,0.0
-731.479188,50,766.652984,0.0
-550.28859,50,767.705747,0.0
-560.756351,50,768.789839,0.0
-466.140948,50,769.766325,0.0
-949.548904,50,770.769552,0.0
-256.12873,50,777.613215,0.0
-660.520726,50,778.683835,0.0
-480.199317,50,779.80636,0.0
-896.873494,50,780.798372,0.0
-829.919681,50,782.607664,0.0
-556.850641,50,783.614935,0.0
-815.058199,50,784.767229,0.0
-277.779858,50,785.820089,0.0
-371.696795,50,786.840743,0.0
-671.201497,50,787.918179,0.0
-481.01322,50,794.655329,0.0
-645.587044,50,795.742272,0.0
-541.11735,50,796.852628,0.0
-347.018629,50,797.96719,0.0
-465.278666,50,799.031386,0.0
-921.522539,50,800.141052,0.0
-375.277379,50,801.390963,0.0
-507.688497,50,802.464778,0.0
-406.545357,50,803.498582,0.0
-664.399215,50,804.588697,0.0
-624.426982,50,811.503412,0.0
-1376.736086,50,812.623987,0.0
-479.532068,50,813.650892,0.0
-451.959024,50,814.741494,0.0
-403.715334,50,815.863699,0.0
-709.612183,50,816.960948,0.0
-609.215669,50,818.113562,0.0
-591.22115,50,819.23854,0.0
-560.322221,50,820.291776,0.0
-720.216382,50,822.268686,0.0
-723.917022,50,829.004571,0.0
-760.649316,50,830.030321,0.0
-393.682221,50,831.10519,0.0
-575.898835,50,832.214099,0.0
-469.982797,50,833.246363,0.0
-746.636585,50,834.27857,0.0
-541.510706,50,835.331547,0.0
-371.868142,50,836.410844,0.0
-572.947286,50,837.523745,0.0
-837.208301,50,838.638427,0.0
-706.763765,50,839.64988,0.0
-372.558737,50,846.428025,0.0
-804.278841,50,847.422344,0.0
-722.692713,50,848.529865,0.0
-426.444993,50,849.729671,0.0
-424.735792,50,850.860324,0.0
-582.983202,50,851.875102,0.0
-373.947556,50,852.910287,0.0
-438.472915,50,854.054857,0.0
-380.894735,50,855.184752,0.0
-485.01751,50,856.285646,0.0
-701.187733,50,863.097474,0.0
-521.065082,50,864.087123,0.0
-706.339464,50,865.07716,0.0
-1276.873911,50,867.183015,0.0
-489.737859,50,868.257215,0.0
-477.344524,50,869.2235,0.0
-784.672533,50,870.341347,0.0
-420.84903,50,871.505181,0.0
-396.105766,50,872.600953,0.0
-676.301695,50,873.725139,0.0
-609.627553,50,880.646661,0.0
-756.773049,50,881.705771,0.0
-657.217947,50,882.878669,0.0
-689.946675,50,883.891055,0.0
-465.671953,50,884.957755,0.0
-595.779691,50,886.033551,0.0
-594.556998,50,887.078851,0.0
-626.940294,50,888.08601,0.0
-522.501564,50,889.123187,0.0
-516.909619,50,890.182271,0.0
-546.513336,50,896.95956,0.0
-666.491706,50,898.056209,0.0
-519.29015,50,899.028912,0.0
-427.875967,50,900.089323,0.0
-688.733636,50,901.229344,0.0
-767.585798,50,902.544263,0.0
-601.243736,50,903.601,0.0
-686.384883,50,904.625437,0.0
-769.454475,50,906.572293,0.0
-615.108226,50,907.656177,0.0
-1234.986639,50,914.406327,0.0
-306.83146,50,915.463719,0.0
-1257.038606,50,916.568299,0.0
-609.746017,50,917.816069,0.0
-450.284589,50,918.845908,0.0
-601.33537,50,919.92761,0.0
-709.946153,50,921.003676,0.0
-995.752717,50,922.129604,0.0
-908.713218,50,923.230983,0.0
-919.413654,50,924.259766,0.0
-357.036172,50,925.382293,0.0
-295.089043,50,932.122221,0.0
-496.884713,50,933.126199,0.0
-844.826317,50,934.180108,0.0
-665.738069,50,935.16224,0.0
-615.247249,50,936.169368,0.0
-794.943837,50,937.286834,0.0
-854.307875,50,938.30478,0.0
-432.573669,50,939.332603,0.0
-498.185856,50,940.458083,0.0
-529.754657,50,941.560614,0.0
-407.958994,50,948.356157,0.0
-548.538128,50,949.388268,0.0
-763.75608,50,951.268279,0.0
-623.25148,50,952.319531,0.0
-679.765268,50,953.520421,0.0
-481.186077,50,954.615956,0.0
-660.058231,50,955.721008,0.0
-827.921638,50,956.75396,0.0
-494.610275,50,957.828655,0.0
-722.199391,50,958.923185,0.0
-572.820483,50,965.814505,0.0
-257.862267,50,966.89013,0.0
-429.904317,50,967.956476,0.0
-350.603702,50,969.0655,0.0
-274.230315,50,970.230922,0.0
-584.38233,50,971.359057,0.0
-601.14003,50,972.464832,0.0
-907.86988,50,973.444398,0.0
-485.368445,50,974.503347,0.0
-455.873936,50,975.652009,0.0
-818.712025,50,982.537875,0.0
-335.811891,50,983.745164,0.0
-616.112103,50,984.976479,0.0
-828.50013,50,986.137597,0.0
-730.731741,50,987.229115,0.0
-547.956457,50,988.269239,0.0
-842.852604,50,989.264741,0.0
-640.236954,50,991.188373,0.0
-284.476361,50,992.24228,0.0
-781.490517,50,993.243756,0.0
-284.389937,50,994.413952,0.0
-586.789186,50,1001.276158,0.0
-556.129832,50,1002.356509,0.0
-476.007274,50,1003.382124,0.0
-509.393229,50,1004.427325,0.0
-278.108311,50,1005.432059,0.0
-444.180473,50,1006.501613,0.0
-778.781932,50,1007.519884,0.0
-677.156839,50,1008.634876,0.0
-724.6811,50,1009.663553,0.0
-597.723384,50,1010.810274,0.0
-903.334119,50,1017.596088,0.0
-579.754455,50,1018.611559,0.0
-1050.306235,50,1019.705459,0.0
-840.103361,50,1020.77512,0.0
-599.845738,50,1021.807907,0.0
-766.83707,50,1022.846672,0.0
-1178.041957,50,1023.85087,0.0
-595.216475,50,1024.902878,0.0
-228.930846,50,1026.087981,0.0
-791.830225,50,1027.165432,0.0
-445.513984,50,1034.058767,0.0
-848.704783,50,1035.987365,0.0
-531.587956,50,1037.019913,0.0
-714.083434,50,1038.054785,0.0
-440.122257,50,1039.09867,0.0
-428.543423,50,1040.108653,0.0
-710.730358,50,1041.231533,0.0
-399.998078,50,1042.284749,0.0
-298.53954,50,1043.429482,0.0
-452.55911,50,1044.448506,0.0
-857.23446,50,1051.350072,0.0
-2071.373578,50,1052.426483,0.0
-470.239448,50,1053.522592,0.0
-2577.859985,50,1054.653991,0.0
-671.055798,50,1055.838241,0.0
-1004.929702,50,1056.834918,0.0
-525.050076,50,1058.010608,0.0
-911.220494,50,1059.161751,0.0
-619.494162,50,1060.220919,0.0
-799.491934,50,1061.267781,0.0
-694.205671,50,1062.362966,0.0
-699.104699,50,1069.288652,0.0
-667.801252,50,1070.360835,0.0
-548.666951,50,1071.493766,0.0
-747.754669,50,1072.551708,0.0
-666.768214,50,1073.664771,0.0
-619.749618,50,1075.49074,0.0
-601.96928,50,1076.538181,0.0
-1056.146487,50,1077.532768,0.0
-688.948806,50,1078.663385,0.0
-746.696751,50,1079.75653,0.0
-783.625041,50,1086.555792,0.0
-616.49449,50,1087.653451,0.0
-562.259915,50,1088.700287,0.0
-584.28624,50,1089.791452,0.0
-729.203428,50,1090.927812,0.0
-647.49843,50,1092.08448,0.0
-392.651974,50,1093.124577,0.0
-915.668275,50,1094.186561,0.0
-541.230625,50,1095.192758,0.0
-525.49461,50,1096.225239,0.0
-630.966933,50,1102.928889,0.0
-602.352949,50,1104.021776,0.0
-428.232356,50,1105.157927,0.0
-518.262346,50,1106.240675,0.0
-402.647417,50,1107.353723,0.0
-528.730391,50,1108.378985,0.0
-700.371117,50,1109.5678,0.0
-675.635444,50,1110.732641,0.0
-611.639757,50,1111.810773,0.0
-709.262392,50,1112.865173,0.0
-613.058798,50,1120.570802,0.0
-282.472317,36,1121.283233,1.0
-658.190361,50,1122.272992,0.0
-223.883174,50,1123.300913,0.0
-722.861555,50,1124.405617,0.0
-350.256096,50,1125.42879,0.0
-678.106771,50,1126.685494,0.0
-672.294046,50,1127.754771,0.0
-496.610529,50,1128.914878,0.0
-558.06088,50,1129.943457,0.0
-858.901268,50,1130.96222,0.0
-751.856243,50,1137.840889,0.0
-571.236831,50,1138.888401,0.0
-896.596566,50,1139.98823,0.0
-708.312774,50,1141.047517,0.0
-666.909016,50,1142.087867,0.0
-617.851058,50,1143.152629,0.0
-394.931851,50,1144.263032,0.0
-762.68695,50,1145.33191,0.0
-403.871231,50,1146.529005,0.0
-1037.307883,50,1147.556441,0.0
-839.464008,50,1154.325895,0.0
-391.068944,50,1155.404604,0.0
-445.651054,50,1156.563196,0.0
-346.239582,50,1157.603235,0.0
-769.740746,50,1159.530762,0.0
-410.235894,50,1160.565102,0.0
-568.477119,50,1161.556108,0.0
-611.648676,50,1162.509346,0.0
-521.699759,50,1163.546603,0.0
-664.286782,50,1164.712077,0.0
-371.483387,50,1171.547053,0.0
-647.033354,50,1172.689124,0.0
-830.18198,50,1173.750612,0.0
-581.723722,50,1174.820432,0.0
-782.310971,50,1175.901255,0.0
-519.445397,50,1176.97968,0.0
-865.886071,50,1177.993014,0.0
-741.656276,50,1179.038199,0.0
-556.081254,50,1180.196914,0.0
-489.576983,50,1181.362817,0.0
-466.355123,50,1182.512471,0.0
-366.698422,50,1189.462514,0.0
-536.116047,50,1190.638594,0.0
-367.350342,50,1191.778779,0.0
-676.328609,50,1192.943149,0.0
-564.710582,50,1194.08624,0.0
-537.129056,50,1195.166611,0.0
-534.495522,50,1196.217527,0.0
-705.72047,50,1197.320942,0.0
-808.425375,50,1199.187518,0.0
-574.740316,50,1200.252615,0.0
-811.114631,50,1206.999424,0.0
-512.862011,50,1208.19297,0.0
-614.142082,50,1209.306787,0.0
-357.138307,50,1210.516147,0.0
-725.949559,50,1211.69411,0.0
-854.810055,50,1212.734483,0.0
-526.501181,50,1213.826175,0.0
-642.395789,50,1214.911443,0.0
-611.584275,50,1215.90037,0.0
-294.669645,50,1216.969983,0.0
-654.058908,50,1223.791558,0.0
-378.218119,50,1224.811685,0.0
-631.725185,50,1225.962766,0.0
-695.703092,50,1226.997056,0.0
-297.879858,50,1228.154989,0.0
-577.078675,50,1229.201869,0.0
-440.54674,50,1230.26576,0.0
-457.638583,50,1231.369508,0.0
-442.750188,50,1232.465202,0.0
-716.143948,50,1233.570172,0.0
-729.427219,50,1240.418255,0.0
-223.677686,50,1241.504739,0.0
-432.135369,50,1242.680962,0.0
-706.116238,50,1244.758732,0.0
-548.482334,50,1245.855928,0.0
-273.635944,50,1246.935102,0.0
-490.515323,50,1247.969054,0.0
-507.472375,50,1249.08428,0.0
-906.905541,50,1250.122039,0.0
-680.290688,50,1251.211479,0.0
-287.689408,50,1252.306331,0.0
-799.241875,50,1259.170991,0.0
-233.940295,50,1260.314791,0.0
-504.560425,50,1261.335082,0.0
-429.856881,50,1262.405583,0.0
-383.984259,50,1263.42641,0.0
-747.743509,50,1264.448803,0.0
-949.152274,50,1265.550278,0.0
-557.331406,50,1266.567856,0.0
-851.587651,50,1267.600669,0.0
-856.949444,50,1268.655842,0.0
-956.729955,50,1275.458964,0.0
-777.832556,50,1276.547994,0.0
-685.054788,50,1277.837368,0.0
-1151.661017,50,1278.907156,0.0
-501.675855,50,1279.923388,0.0
-910.59431,50,1281.084551,0.0
-463.97833,50,1282.166921,0.0
-824.117511,50,1284.108652,0.0
-697.929451,50,1285.360208,0.0
-431.017038,50,1286.40409,0.0
-678.239821,50,1293.22903,0.0
-795.278841,50,1294.274859,0.0
-560.731702,50,1295.362756,0.0
-419.082765,50,1296.409212,0.0
-327.555812,50,1297.44122,0.0
-685.983809,50,1298.563238,0.0
-617.652097,50,1299.629141,0.0
-371.929793,50,1300.782676,0.0
-533.893792,50,1301.828639,0.0
-533.874213,50,1302.909095,0.0
-405.817795,50,1309.740469,0.0
-1034.866181,50,1310.755844,0.0
-532.150426,50,1311.790877,0.0
-753.789227,50,1312.900316,0.0
-467.117537,50,1313.990499,0.0
-831.576834,50,1315.075444,0.0
-458.782221,50,1316.164135,0.0
-660.054305,50,1317.286186,0.0
-354.373498,50,1318.335715,0.0
-642.011365,50,1319.455398,0.0
-572.804286,50,1320.550952,0.0
-372.319568,50,1327.305388,0.0
-833.336775,50,1329.193433,0.0
-746.060697,50,1330.273067,0.0
-717.582175,50,1331.353091,0.0
-389.133499,50,1332.35962,0.0
-360.969371,50,1333.339612,0.0
-570.600386,50,1334.472477,0.0
-670.336836,50,1335.504873,0.0
-485.38583,50,1336.539321,0.0
-629.482952,50,1337.600727,0.0
-511.356267,50,1344.388679,0.0
-703.467996,50,1345.609387,0.0
-667.705768,50,1346.866359,0.0
-239.749467,50,1347.875932,0.0
-842.429323,50,1348.864321,0.0
-585.187775,50,1349.992907,0.0
-726.505053,50,1351.044596,0.0
-483.825781,50,1352.131988,0.0
-807.288662,50,1353.239516,0.0
-248.115711,50,1354.328432,0.0
-640.560562,50,1361.105602,0.0
-434.521955,50,1362.21381,0.0
-400.47918,50,1363.357611,0.0
-972.706647,50,1364.38451,0.0
-655.261815,50,1365.441901,0.0
-389.908202,50,1366.487911,0.0
-543.915216,50,1368.383577,0.0
-1166.501632,50,1369.399656,0.0
-409.37433,50,1370.424531,0.0
-756.420136,50,1371.494522,0.0
-308.928908,50,1378.266763,0.0
-313.32245,50,1379.25697,0.0
-783.519638,50,1380.262292,0.0
-401.811952,50,1381.275223,0.0
-403.283641,50,1382.287701,0.0
-768.954049,50,1383.340365,0.0
-464.136501,50,1384.58074,0.0
-420.998158,50,1385.702874,0.0
-526.740078,50,1386.888845,0.0
-449.375068,50,1387.880697,0.0
-480.667174,50,1394.627964,0.0
-610.774007,50,1395.607384,0.0
-456.428459,50,1396.622208,0.0
-566.937513,50,1397.842335,0.0
-409.235607,50,1398.971445,0.0
-300.565152,50,1400.005018,0.0
-447.663593,50,1401.003933,0.0
-285.913208,50,1402.05984,0.0
-686.28103,50,1403.097907,0.0
-627.630936,50,1404.146332,0.0
-295.508875,50,1405.243052,0.0
-783.874548,50,1412.981449,0.0
-376.872523,50,1414.042097,0.0
-459.236137,50,1415.063972,0.0
-846.597716,50,1416.29004,0.0
-414.562164,50,1417.381189,0.0
-326.03973,50,1418.497321,0.0
-860.605288,50,1419.550797,0.0
-211.881171,50,1420.551466,0.0
-842.952533,50,1421.637308,0.0
-748.084499,50,1422.681935,0.0
-620.47817,50,1429.420304,0.0
-756.67423,50,1430.392846,0.0
-770.24259,50,1431.531336,0.0
-279.451927,50,1432.855038,0.0
-569.385386,50,1434.046684,0.0
-307.378794,50,1435.256074,0.0
-419.667338,50,1436.365983,0.0
-584.746827,50,1437.501473,0.0
-468.53651,50,1438.678853,0.0
-785.806079,50,1439.720762,0.0
-694.955579,50,1446.480935,0.0
-437.446775,50,1447.527168,0.0
-839.178533,50,1448.579103,0.0
-421.809186,50,1449.609889,0.0
-784.598544,50,1450.708933,0.0
-488.420093,50,1452.531126,0.0
-608.209861,50,1453.609368,0.0
-395.255385,50,1454.733769,0.0
-623.004651,50,1455.838711,0.0
-277.479782,50,1456.996694,0.0
-569.909931,50,1463.932129,0.0
-726.796461,50,1464.948717,0.0
-610.711331,50,1466.012932,0.0
-611.914624,50,1467.026601,0.0
-367.399808,50,1468.033238,0.0
-494.650742,50,1469.147068,0.0
-555.13613,50,1470.299061,0.0
-387.801668,50,1471.33794,0.0
-428.91748,50,1472.407485,0.0
-715.931862,50,1473.431029,0.0
-1068.489168,50,1474.435501,0.0
-434.050731,50,1481.198873,0.0
-831.447816,50,1482.233013,0.0
-554.202215,50,1483.268392,0.0
-868.22517,50,1484.36803,0.0
-574.647945,50,1485.412334,0.0
-608.586217,50,1486.579584,0.0
-735.777326,50,1487.643044,0.0
-803.596631,50,1488.691651,0.0
-896.90011,50,1489.806612,0.0
-662.842808,50,1491.784808,0.0
-365.402305,50,1498.644927,0.0
-678.34949,50,1499.615112,0.0
-508.756728,50,1500.640878,0.0
-456.823874,50,1501.684863,0.0
-836.457971,50,1502.673529,0.0
-740.747297,50,1503.735074,0.0
-903.60704,50,1504.784672,0.0
-605.139176,50,1505.950006,0.0
-718.803819,50,1506.974941,0.0
-573.635561,50,1508.08167,0.0
-934.846596,50,1514.894938,0.0
-900.44553,50,1515.944842,0.0
-858.096205,50,1516.953409,0.0
-696.392083,50,1518.032137,0.0
-484.304252,50,1519.100142,0.0
-639.157175,50,1520.23192,0.0
-507.018326,50,1521.307915,0.0
-484.239912,50,1522.371494,0.0
-1202.885221,50,1523.472937,0.0
-927.227973,50,1524.534249,0.0
-604.499784,50,1531.409852,0.0
-825.560235,50,1532.483666,0.0
-382.81105,50,1533.636884,0.0
-362.025774,50,1534.670098,0.0
-666.942519,50,1536.557344,0.0
-665.987457,50,1537.661049,0.0
-518.112432,50,1538.691467,0.0
-653.802127,50,1539.688781,0.0
-552.228989,50,1540.680306,0.0
-733.2528,50,1541.734373,0.0
-907.761074,50,1542.766323,0.0
-471.929899,50,1549.585016,0.0
-556.916319,50,1550.662912,0.0
-525.181914,50,1551.64539,0.0
-439.535401,50,1552.643881,0.0
-864.241398,50,1553.643981,0.0
-796.142501,50,1554.605731,0.0
-699.573737,50,1555.669565,0.0
-767.240691,50,1556.754845,0.0
-507.933318,50,1557.805629,0.0
-297.364126,50,1558.883182,0.0
-964.739901,50,1565.66747,0.0
-313.33314,50,1566.680258,0.0
-770.470563,50,1567.791168,0.0
-282.391808,50,1568.894264,0.0
-699.708178,50,1569.925211,0.0
-363.084238,50,1571.008151,0.0
-312.50326,50,1572.035172,0.0
-886.171277,50,1573.120231,0.0
-645.239977,50,1575.054903,0.0
-727.544009,50,1576.087092,0.0
-739.517085,50,1582.846393,0.0
-435.660275,50,1583.888484,0.0
-704.809402,50,1584.955008,0.0
-685.981081,50,1586.038377,0.0
-760.531356,50,1587.059573,0.0
-764.490913,50,1588.042527,0.0
-674.410642,50,1589.138969,0.0
-546.939477,50,1590.33842,0.0
-954.318689,50,1591.366629,0.0
-513.387846,50,1592.453595,0.0
-452.620546,50,1599.301134,0.0
-283.855348,50,1600.360384,0.0
-688.206596,50,1601.449215,0.0
-804.740223,50,1602.428291,0.0
-445.445563,50,1603.434936,0.0
-367.387289,50,1604.518514,0.0
-811.490947,50,1605.491536,0.0
-457.564418,50,1606.53277,0.0
-633.281852,50,1607.581603,0.0
-538.174726,50,1608.640651,0.0
-377.936954,50,1609.734798,0.0
-742.554566,50,1616.573097,0.0
-537.407522,50,1617.672775,0.0
-350.963324,50,1619.64372,0.0
-371.089599,50,1620.729395,0.0
-635.06614,50,1621.756312,0.0
-530.057522,50,1622.803357,0.0
-707.295242,50,1623.995598,0.0
-727.90639,50,1625.127122,0.0
-594.708441,50,1626.19119,0.0
-533.900088,50,1627.282479,0.0
-1032.738777,50,1634.062694,0.0
-344.094286,50,1635.158574,0.0
-794.997544,50,1636.285228,0.0
-392.237639,50,1637.305168,0.0
-839.825191,50,1638.385395,0.0
-546.786689,50,1639.456737,0.0
-324.824671,50,1640.48054,0.0
-933.718343,50,1641.534004,0.0
-729.233874,50,1642.605551,0.0
-427.133969,50,1643.684915,0.0
-637.945054,50,1650.531514,0.0
-601.847953,50,1651.608173,0.0
-519.27742,50,1652.649603,0.0
-768.087624,50,1653.657325,0.0
-342.012198,50,1654.669874,0.0
-739.944254,50,1655.709121,0.0
-310.247779,50,1656.86835,0.0
-439.849676,50,1658.831813,0.0
-911.616219,50,1659.808881,0.0
-919.785263,50,1660.863717,0.0
-445.831978,50,1667.614539,0.0
-504.921695,50,1668.656912,0.0
-323.115857,50,1669.755856,0.0
-975.117534,50,1670.79618,0.0
-535.776497,50,1671.866707,0.0
-721.380597,50,1672.979411,0.0
-763.634907,50,1674.119023,0.0
-714.110858,50,1675.152477,0.0
-610.414389,50,1676.189625,0.0
-382.072558,50,1677.237534,0.0
-688.697391,50,1678.456364,0.0
-366.163461,50,1685.28195,0.0
-433.377134,50,1686.345135,0.0
-742.561717,50,1687.459441,0.0
-405.527267,50,1688.617578,0.0
-701.094694,50,1689.707141,0.0
-1034.380314,50,1690.807038,0.0
-890.086442,50,1691.845664,0.0
-481.793869,50,1692.849148,0.0
-789.501625,50,1693.960302,0.0
-258.948288,50,1695.080744,0.0
-640.164635,50,1701.915793,0.0
-349.414324,50,1703.775794,0.0
-505.779536,50,1704.82172,0.0
-781.515811,50,1705.852742,0.0
-308.216802,50,1706.903767,0.0
-433.783537,50,1707.994038,0.0
-364.957649,50,1709.043303,0.0
-371.715154,50,1710.155857,0.0
-700.568116,50,1711.237101,0.0
-694.11344,50,1712.308367,0.0
-702.236669,50,1719.151121,0.0
-514.663234,50,1720.249224,0.0
-620.008166,50,1721.3652,0.0
-595.477697,50,1722.425978,0.0
-755.359246,50,1723.474702,0.0
-645.68071,50,1724.678281,0.0
-1170.363938,50,1725.722225,0.0
-813.985308,50,1726.843996,0.0
-590.759923,50,1727.877178,0.0
-270.999239,50,1728.864351,0.0
-496.481032,50,1735.689947,0.0
-883.341188,50,1736.692412,0.0
-695.962356,50,1737.818624,0.0
-498.450423,50,1738.945221,0.0
-629.605942,50,1740.081506,0.0
-600.991162,50,1741.203591,0.0
-1295.222696,50,1743.334495,0.0
-655.554614,50,1744.40826,0.0
-559.626529,50,1745.458696,0.0
-312.317522,50,1746.553714,0.0
-475.216843,50,1747.599473,0.0
-533.336538,50,1754.404786,0.0
-675.696578,50,1755.494326,0.0
-540.05229,50,1756.607742,0.0
-789.34362,50,1757.728861,0.0
-443.012686,50,1758.816797,0.0
-726.370459,50,1759.922515,0.0
-525.95966,50,1761.000793,0.0
-719.813858,50,1762.122338,0.0
-696.933107,50,1763.15499,0.0
-286.098434,50,1764.153678,0.0
-452.675204,50,1770.961528,0.0
-285.756088,50,1772.046406,0.0
-622.149252,50,1773.164259,0.0
-593.91311,50,1774.328091,0.0
-393.338478,50,1775.473542,0.0
-672.40959,50,1776.606167,0.0
-301.251046,50,1777.707529,0.0
-669.679357,50,1778.724869,0.0
-895.379541,50,1779.719768,0.0
-338.880195,50,1780.728757,0.0
-513.925449,50,1788.305804,0.0
-537.012287,50,1789.346998,0.0
-376.644594,50,1790.362965,0.0
-927.351508,50,1791.43838,0.0
-527.898421,50,1792.439352,0.0
-572.185128,50,1793.545019,0.0
-658.593726,50,1794.627612,0.0
-530.05311,50,1795.732841,0.0
-842.32069,50,1796.860115,0.0
-311.195851,50,1798.041221,0.0
-490.617891,50,1804.868016,0.0
-702.207126,50,1806.128334,0.0
-645.098258,50,1807.262883,0.0
-360.588975,50,1808.369474,0.0
-401.214242,50,1809.339066,0.0
-622.39186,50,1810.48709,0.0
-488.643029,50,1811.644932,0.0
-504.838913,50,1812.69725,0.0
-663.348836,50,1813.689594,0.0
-358.247035,50,1814.690691,0.0
-263.343345,50,1821.535257,0.0
-594.365307,50,1822.557678,0.0
-189.870775,50,1823.595059,0.0
-454.672229,50,1824.650013,0.0
-773.436148,50,1825.674845,0.0
-344.806862,50,1827.678946,0.0
-740.331245,50,1828.748967,0.0
-497.06218,50,1829.783332,0.0
-365.847912,50,1830.837386,0.0
-365.79897,50,1831.887883,0.0
-748.524505,50,1832.956006,0.0
-645.160175,50,1839.780921,0.0
-549.289113,50,1840.771777,0.0
-549.932651,50,1841.78184,0.0
-588.979153,50,1842.864925,0.0
-881.249786,50,1843.844631,0.0
-645.361512,50,1844.873553,0.0
-436.387495,50,1845.914587,0.0
-261.143121,50,1846.99452,0.0
-430.905692,50,1848.078374,0.0
-702.422083,50,1849.144435,0.0
-623.660717,50,1855.958588,0.0
-672.323141,50,1857.14571,0.0
-320.666849,50,1858.23561,0.0
-753.972431,50,1859.263538,0.0
-1087.529781,50,1860.308804,0.0
-774.691524,50,1861.332243,0.0
-416.606144,50,1862.374221,0.0
-371.80558,50,1863.497532,0.0
-660.602437,50,1864.590912,0.0
-955.055812,50,1866.508683,0.0
-854.623202,50,1873.336739,0.0
-1250.631269,50,1874.456863,0.0
-755.807103,50,1875.571579,0.0
-877.922336,50,1876.647229,0.0
-814.193452,50,1877.673046,0.0
-794.855842,50,1878.877248,0.0
-339.705845,50,1879.968268,0.0
-444.963764,50,1881.163642,0.0
-328.220459,50,1882.259462,0.0
-816.549352,50,1883.237787,0.0
-626.558514,50,1889.905521,0.0
-358.57271,50,1890.893937,0.0
-430.435078,50,1891.912036,0.0
-865.501609,50,1893.002761,0.0
-334.263986,50,1894.175822,0.0
-550.141216,50,1895.207752,0.0
-326.183845,50,1896.295589,0.0
-645.011905,50,1897.517822,0.0
-649.634537,50,1898.643681,0.0
-595.437595,50,1899.759122,0.0
-745.813885,50,1900.90399,0.0
-457.748176,50,1907.680818,0.0
-472.042232,50,1908.703142,0.0
-435.837426,50,1909.736539,0.0
-708.215265,50,1911.558529,0.0
-965.293148,50,1912.622575,0.0
-563.557163,50,1913.724785,0.0
-1040.52208,50,1914.753542,0.0
-692.195963,50,1915.795915,0.0
-721.02655,50,1916.854051,0.0
-353.830954,50,1917.883725,0.0
-473.759605,50,1924.593399,0.0
-490.125543,50,1925.646142,0.0
-828.240647,50,1926.761956,0.0
-551.338998,50,1928.08974,0.0
-543.890957,50,1929.32212,0.0
-970.752853,50,1930.46358,0.0
-1044.804396,50,1931.545435,0.0
-639.351764,50,1932.694981,0.0
-481.918597,50,1933.814955,0.0
-279.983128,50,1934.879077,0.0
-233.216886,50,1941.518219,0.0
-926.729698,50,1942.540585,0.0
-621.800801,50,1943.58661,0.0
-470.686885,50,1944.741021,0.0
-276.443804,50,1945.826153,0.0
-347.635708,50,1946.854568,0.0
-800.848826,50,1947.922681,0.0
-573.501452,50,1948.957011,0.0
-576.844356,50,1950.924937,0.0
-560.597048,50,1952.109249,0.0
-223.745458,50,1958.895196,0.0
-510.29008,50,1959.959353,0.0
-1185.007951,50,1960.949181,0.0
-771.138328,50,1961.969027,0.0
-597.133885,50,1963.015819,0.0
-726.557242,50,1964.172942,0.0
-926.253769,50,1965.224644,0.0
-532.029244,50,1966.295216,0.0
-483.602988,50,1967.327073,0.0
-516.240247,50,1968.319062,0.0
-430.160207,50,1969.304192,0.0
-554.888157,50,1976.142782,0.0
-534.722217,50,1977.481909,0.0
-387.692427,50,1978.63696,0.0
-243.122077,50,1979.704011,0.0
-521.892276,50,1980.744381,0.0
-504.341126,50,1981.780959,0.0
-604.145306,50,1982.884976,0.0
-676.647722,50,1984.037293,0.0
-324.666726,50,1985.107432,0.0
-777.733605,50,1986.185884,0.0
-930.871973,50,1992.888602,0.0
-491.233548,50,1993.905358,0.0
-957.151716,50,1995.86452,0.0
-515.905299,50,1996.870398,0.0
-276.528131,50,1997.88089,0.0
-346.064766,50,1998.947966,0.0
-419.644944,50,2000.028162,0.0
-368.817638,50,2001.101648,0.0
-869.430223,50,2002.146054,0.0
-731.324592,50,2003.155225,0.0
-596.188691,50,2009.902717,0.0
-867.583472,50,2011.018836,0.0
-708.044636,50,2012.128867,0.0
-531.761428,50,2013.123706,0.0
-389.204489,50,2014.105003,0.0
-413.238471,50,2015.103335,0.0
-410.088081,50,2016.130088,0.0
-404.823966,50,2017.215587,0.0
-281.677962,50,2018.379906,0.0
-1249.389033,50,2019.376843,0.0
-728.269208,50,2026.176831,0.0
-381.669048,50,2027.248155,0.0
-302.208219,50,2028.327431,0.0
-612.129929,50,2029.3136,0.0
-862.71108,50,2030.336423,0.0
-623.311718,50,2031.420747,0.0
-510.614358,50,2032.530175,0.0
-824.902183,50,2034.408704,0.0
-467.75843,50,2035.592227,0.0
-555.586826,50,2036.91323,0.0
-453.459348,50,2037.949413,0.0
-293.840311,50,2044.632237,0.0
-1195.956996,50,2045.641061,0.0
-456.879131,50,2046.685606,0.0
-534.336409,50,2047.784867,0.0
-440.37156,50,2048.783848,0.0
-478.745621,50,2049.795549,0.0
-717.230076,50,2050.78227,0.0
-457.629844,50,2051.938889,0.0
-494.791162,50,2053.089374,0.0
-418.297562,50,2054.22846,0.0
-276.626967,50,2060.962968,0.0
-390.463845,50,2062.009243,0.0
-486.668358,50,2063.102172,0.0
-506.963744,50,2064.083656,0.0
-906.834239,50,2065.122512,0.0
-711.507572,50,2066.217214,0.0
-712.543109,50,2067.238373,0.0
-546.062748,50,2068.239544,0.0
-590.491389,50,2069.291284,0.0
-344.997872,50,2070.33709,0.0
-425.565129,50,2077.170003,0.0
-302.15151,50,2079.09072,0.0
-258.727688,50,2080.154004,0.0
-479.610357,50,2081.231428,0.0
-351.745434,50,2082.300622,0.0
-770.533509,50,2083.333739,0.0
-496.484923,50,2084.359328,0.0
-469.387237,50,2085.405591,0.0
-483.642505,50,2086.450365,0.0
-489.100705,50,2087.633575,0.0
-789.6633,50,2094.579885,0.0
-557.091348,50,2095.761952,0.0
-1218.210845,50,2096.782903,0.0
-729.42712,50,2097.905751,0.0
-622.73136,50,2098.98314,0.0
-227.707508,50,2100.107592,0.0
-341.702988,50,2101.151192,0.0
-699.554053,50,2102.130157,0.0
-577.726092,50,2103.155334,0.0
-683.557475,50,2104.326863,0.0
-566.072137,50,2105.362725,0.0
-378.671091,50,2112.199188,0.0
-681.557067,50,2113.235047,0.0
-400.871543,50,2114.21971,0.0
-353.184242,50,2115.323899,0.0
-570.432647,50,2116.424019,0.0
-655.424819,50,2118.361604,0.0
-457.932151,50,2119.544445,0.0
-516.04596,50,2120.683297,0.0
-534.5316,50,2121.802033,0.0
-390.246304,50,2122.935692,0.0
-700.043647,50,2129.712143,0.0
-397.055689,50,2130.70176,0.0
-736.078932,50,2131.707115,0.0
-801.176772,50,2132.731524,0.0
-868.23525,50,2133.922249,0.0
-426.051994,50,2134.956057,0.0
-509.654774,50,2135.957963,0.0
-629.165386,50,2136.951286,0.0
-535.307277,50,2137.966188,0.0
-402.841217,50,2139.077359,0.0
-268.867726,50,2145.877218,0.0
-719.012767,50,2146.973677,0.0
-340.279902,50,2148.109643,0.0
-477.058435,50,2149.219301,0.0
-546.29877,50,2150.229749,0.0
-880.354492,50,2151.29091,0.0
-483.213267,50,2152.432841,0.0
-279.446435,50,2153.540661,0.0
-591.369995,50,2154.67744,0.0
-325.969333,50,2155.70958,0.0
-447.832261,50,2163.292681,0.0
-669.223488,50,2164.385845,0.0
-826.197272,50,2165.372475,0.0
-447.881161,50,2166.347668,0.0
-849.199028,50,2167.466615,0.0
-490.497462,50,2168.535313,0.0
-268.897443,50,2169.576138,0.0
-568.201839,50,2170.609636,0.0
-494.882125,50,2171.66668,0.0
-923.224183,50,2172.662221,0.0
-752.985489,50,2173.747522,0.0
-343.08488,50,2180.499677,0.0
-434.437138,50,2181.624869,0.0
-255.919683,50,2182.725596,0.0
-593.141391,50,2183.796333,0.0
-694.470958,50,2184.878256,0.0
-709.383137,50,2185.958437,0.0
-428.537844,50,2187.066306,0.0
-320.087884,50,2188.132433,0.0
-1016.532897,50,2189.193742,0.0
-838.935879,50,2190.280639,0.0
-345.217517,50,2197.078458,0.0
-936.507845,50,2198.158257,0.0
-292.453011,50,2199.219352,0.0
-772.955888,50,2200.31131,0.0
-972.310503,50,2202.231192,0.0
-777.220157,50,2203.22289,0.0
-293.641882,50,2204.376005,0.0
-642.583453,50,2205.483247,0.0
-428.225317,50,2206.502613,0.0
-367.792244,50,2207.538259,0.0
-667.187086,50,2214.339276,0.0
-464.094754,50,2215.464027,0.0
-593.967968,50,2216.469737,0.0
-227.0184,50,2217.456223,0.0
-256.119875,50,2218.436459,0.0
-625.426999,50,2219.534806,0.0
-449.429296,50,2220.552327,0.0
-588.146336,50,2221.623895,0.0
-241.821801,50,2222.62536,0.0
-553.201008,50,2223.712054,0.0
-424.101217,50,2230.465067,0.0
-424.490186,50,2231.458665,0.0
-693.438239,50,2232.510558,0.0
-266.038176,50,2233.539463,0.0
-468.24915,50,2234.596639,0.0
-630.677057,50,2235.570032,0.0
-616.144113,50,2236.655067,0.0
-254.46155,50,2237.765861,0.0
-266.721712,50,2238.823768,0.0
-550.330266,50,2240.696671,0.0
-379.241078,50,2247.501965,0.0
-304.440673,50,2248.548327,0.0
-615.364368,50,2249.66347,0.0
-678.352703,50,2250.77181,0.0
-440.448695,50,2251.779584,0.0
-621.563836,50,2252.809798,0.0
-486.070165,50,2253.856768,0.0
-656.47686,50,2255.022188,0.0
-618.686492,50,2256.142938,0.0
-281.13857,50,2257.238021,0.0
-531.900216,50,2258.247749,0.0
-382.387728,50,2265.061719,0.0
-539.417412,50,2266.162902,0.0
-780.519709,50,2267.272857,0.0
-620.814529,50,2268.525966,0.0
-348.131873,50,2269.611727,0.0
-821.691098,50,2270.645959,0.0
-469.927669,50,2271.692158,0.0
-819.331467,50,2272.710033,0.0
-413.699607,50,2273.796124,0.0
-447.228331,50,2274.939499,0.0
-647.236894,50,2281.800619,0.0
-831.125312,50,2282.964992,0.0
-286.945993,50,2284.101632,0.0
-215.555188,50,2285.984856,0.0
-485.110258,50,2287.068327,0.0
-459.327552,50,2288.210139,0.0
-574.715554,50,2289.353484,0.0
-357.853958,50,2290.457827,0.0
-650.111447,50,2291.496735,0.0
-528.288239,50,2292.491397,0.0
-606.468924,50,2299.257941,0.0
-319.510237,50,2300.248687,0.0
-440.543879,50,2301.265141,0.0
-768.368517,50,2302.308032,0.0
-745.541342,50,2303.352342,0.0
-691.93889,50,2304.382543,0.0
-682.137848,50,2305.38599,0.0
-481.887026,50,2306.393643,0.0
-395.400014,50,2307.455832,0.0
-685.006398,50,2308.453106,0.0
-516.156541,50,2315.22754,0.0
-639.267078,50,2316.296485,0.0
-526.953277,50,2317.403756,0.0
-692.950844,50,2318.513016,0.0
-301.076473,50,2319.536646,0.0
-241.782002,50,2320.549959,0.0
-913.60424,50,2321.620849,0.0
-337.932837,50,2322.672086,0.0
-282.09254,50,2324.548614,0.0
-979.190485,50,2325.607852,0.0
-357.605275,50,2326.782294,0.0
-665.973524,50,2333.60612,0.0
-750.940088,50,2334.619269,0.0
-736.928137,50,2335.769967,0.0
-409.638829,50,2336.797677,0.0
-992.560218,50,2337.868755,0.0
-448.429744,50,2338.977506,0.0
-384.984857,50,2340.113604,0.0
-474.884008,50,2341.274766,0.0
-700.176728,50,2342.250883,0.0
-800.287548,50,2343.38119,0.0
-553.690892,50,2350.219228,0.0
-672.499206,50,2351.420165,0.0
-269.045532,50,2352.470428,0.0
-707.402154,50,2353.490385,0.0
-403.97189,50,2354.484898,0.0
-248.773919,50,2355.505339,0.0
-415.148571,50,2356.671872,0.0
-586.927547,50,2357.775617,0.0
-985.887628,50,2358.760063,0.0
-485.10705,50,2359.829672,0.0
-466.38269,50,2366.587268,0.0
-402.820803,50,2367.641666,0.0
-711.262646,50,2369.957606,0.0
-1153.339013,50,2371.045518,0.0
-402.590467,50,2372.126798,0.0
-572.876987,50,2373.192517,0.0
-837.975783,50,2374.205956,0.0
-587.197648,50,2375.319368,0.0
-480.676281,50,2376.342507,0.0
-792.070336,50,2377.411448,0.0
-363.419802,50,2384.334589,0.0
-806.038828,50,2385.487884,0.0
-448.229979,50,2386.567106,0.0
-508.322472,50,2387.619812,0.0
-309.405626,50,2388.647528,0.0
-652.843009,50,2389.845052,0.0
-800.708235,50,2390.861303,0.0
-552.222946,50,2391.844496,0.0
-547.700795,50,2392.927812,0.0
-637.293162,50,2394.115396,0.0
-770.610777,50,2395.449004,0.0
-179.864084,50,2402.212881,0.0
-484.003917,50,2403.258066,0.0
-362.283204,50,2404.358866,0.0
-280.809258,50,2405.457555,0.0
-453.034712,50,2406.554457,0.0
-236.148329,50,2407.623228,0.0
-349.670564,50,2409.626484,0.0
-773.69093,50,2410.684612,0.0
-1033.628395,50,2411.725456,0.0
-350.835476,50,2412.779525,0.0
-559.275663,50,2419.567833,0.0
-1128.35754,50,2420.650625,0.0
-915.990203,50,2421.717254,0.0
-809.824196,50,2422.779362,0.0
-823.715569,50,2423.813366,0.0
-670.399806,50,2424.91472,0.0
-786.548186,50,2425.955436,0.0
-222.367249,50,2426.955938,0.0
-1046.594582,50,2427.972725,0.0
-393.462027,50,2429.046732,0.0
-214.455795,50,2435.760911,0.0
-818.054184,50,2436.867417,0.0
-574.316619,50,2438.007825,0.0
-707.1847,50,2439.033969,0.0
-697.901125,50,2440.079391,0.0
-693.423439,50,2441.170388,0.0
-458.661663,50,2442.312855,0.0
-309.647358,50,2443.567741,0.0
-662.034391,50,2444.696027,0.0
-312.621317,50,2445.774166,0.0
-478.077125,50,2452.620434,0.0
-457.38958,50,2454.6858,0.0
-971.512014,50,2455.768559,0.0
-449.890083,50,2456.981018,0.0
-657.679776,50,2457.950715,0.0
-519.879914,50,2458.95772,0.0
-713.015536,50,2459.963184,0.0
-434.669164,50,2461.002961,0.0
-625.540128,50,2462.091841,0.0
-402.03579,50,2463.128587,0.0
-232.309103,50,2464.172397,0.0
-506.217858,50,2471.026939,0.0
-358.64879,50,2472.100232,0.0
-801.241149,50,2473.18376,0.0
-306.369042,50,2474.264125,0.0
-378.7791,50,2475.253994,0.0
-542.937382,50,2476.242949,0.0
-689.417354,50,2477.341514,0.0
-869.568751,50,2478.380625,0.0
-462.125525,50,2479.486828,0.0
-954.676122,50,2480.481756,0.0
-514.668525,50,2487.33163,0.0
-267.802057,50,2488.388807,0.0
-859.540224,50,2489.49694,0.0
-538.78289,50,2490.598407,0.0
-369.218358,50,2491.698108,0.0
-691.069698,50,2493.571317,0.0
-850.3203,50,2494.563045,0.0
-270.424132,50,2495.655492,0.0
-729.313088,50,2496.70304,0.0
-430.751597,50,2497.75906,0.0
-1117.497081,50,2504.637802,0.0
-743.139546,50,2505.640559,0.0
-746.196341,50,2506.817995,0.0
-832.162029,50,2508.121261,0.0
-318.493296,50,2509.164816,0.0
-586.323763,50,2510.180915,0.0
-654.856,50,2511.324436,0.0
-278.376719,50,2512.390425,0.0
-676.070713,50,2513.640955,0.0
-416.533207,50,2514.857799,0.0
-458.000604,50,2521.692111,0.0
-556.487006,50,2522.801026,0.0
-1187.608448,50,2523.789603,0.0
-882.936818,50,2524.804691,0.0
-561.817095,50,2525.965452,0.0
-463.675725,50,2527.010367,0.0
-562.638103,50,2527.969058,0.0
-428.066326,50,2528.963744,0.0
-565.040694,50,2529.991992,0.0
-675.436557,50,2531.004904,0.0
-433.016246,50,2532.91133,0.0
-363.788267,50,2539.666768,0.0
-570.95937,50,2540.781087,0.0
-887.70721,50,2541.813348,0.0
-681.946544,50,2542.906747,0.0
-644.371581,50,2544.039826,0.0
-706.999549,50,2545.105319,0.0
-338.232627,50,2546.254366,0.0
-648.38462,50,2547.260006,0.0
-226.433733,50,2548.314122,0.0
-460.116498,50,2549.337823,0.0
-679.375117,50,2556.155324,0.0
-446.319225,50,2557.186362,0.0
-962.584964,50,2558.414998,0.0
-444.723324,50,2559.48228,0.0
-396.56964,50,2560.685872,0.0
-273.583369,50,2561.70355,0.0
-353.243974,50,2562.854791,0.0
-522.654751,50,2564.099542,0.0
-440.266654,50,2565.248684,0.0
-795.48626,50,2566.280385,0.0
-999.414141,50,2573.098393,0.0
-767.512284,50,2574.210639,0.0
-458.247991,50,2575.21472,0.0
-617.686558,50,2576.201529,0.0
-474.464736,50,2578.160365,0.0
-626.928011,50,2579.281801,0.0
-264.027927,50,2580.327659,0.0
-512.907273,50,2581.314737,0.0
-833.689059,50,2582.406849,0.0
-961.762837,50,2583.438301,0.0
-547.194121,50,2590.181523,0.0
-971.67617,50,2591.25511,0.0
-494.22644,50,2592.244642,0.0
-390.433614,50,2593.3574,0.0
-271.987984,50,2594.403646,0.0
-740.466292,50,2595.454155,0.0
-459.371779,50,2596.461653,0.0
-740.544755,50,2597.571573,0.0
-664.386898,50,2598.755779,0.0
-314.966701,50,2599.806666,0.0
-387.522987,50,2600.886528,0.0
-984.934508,50,2607.666649,0.0
-637.681054,50,2608.736613,0.0
-627.903385,50,2609.744337,0.0
-619.709524,50,2610.79842,0.0
-358.152401,50,2611.888228,0.0
-332.363129,50,2613.12541,0.0
-691.818131,50,2614.214762,0.0
-747.784797,50,2615.307647,0.0
-576.239202,50,2617.283789,0.0
-631.28048,50,2618.417869,0.0
-400.699368,50,2625.27688,0.0
-670.649675,50,2626.4258,0.0
-674.640509,50,2627.451395,0.0
-720.35029,50,2628.529155,0.0
-550.495645,50,2629.713527,0.0
-771.811475,50,2630.813602,0.0
-430.239036,50,2631.902334,0.0
-725.657029,50,2632.942192,0.0
-714.945003,50,2633.947004,0.0
-884.552008,50,2634.959721,0.0
-767.92442,50,2641.699231,0.0
-728.221004,50,2642.77731,0.0
-490.942597,50,2643.799607,0.0
-630.739156,50,2644.894473,0.0
-872.549515,50,2645.925976,0.0
-942.923093,50,2647.033313,0.0
-866.374288,50,2648.174541,0.0
-502.244771,50,2649.214357,0.0
-927.300084,50,2650.180048,0.0
-844.887028,50,2651.205947,0.0
-311.353949,50,2657.930373,0.0
-880.983787,50,2658.99915,0.0
-465.132566,50,2660.092448,0.0
-549.261753,50,2661.988334,0.0
-750.656297,50,2663.013168,0.0
-899.601837,50,2664.158618,0.0
-551.97824,50,2665.223196,0.0
-515.244453,50,2666.307608,0.0
-423.804452,50,2667.43452,0.0
-867.549981,50,2668.504164,0.0
-609.545321,50,2675.236206,0.0
-703.34546,50,2676.255378,0.0
-367.569553,50,2677.237274,0.0
-665.942823,50,2678.262105,0.0
-762.427996,50,2679.490791,0.0
-471.668791,50,2680.556272,0.0
-464.75163,50,2681.531213,0.0
-629.845475,50,2682.587208,0.0
-452.702722,50,2683.713162,0.0
-654.443262,50,2684.743118,0.0
-758.540764,50,2685.768708,0.0
-365.548817,50,2692.636159,0.0
-346.769818,50,2693.699189,0.0
-341.901569,50,2694.890305,0.0
-750.628264,50,2695.934917,0.0
-693.898027,50,2697.082644,0.0
-1059.903412,50,2698.218159,0.0
-613.421038,50,2699.254327,0.0
-187.034336,50,2701.370701,0.0
-705.607973,50,2702.529319,0.0
-464.975802,50,2703.620409,0.0
-503.843821,50,2710.404648,0.0
-707.601382,50,2711.708549,0.0
-906.89049,50,2712.80992,0.0
-683.802342,50,2713.897059,0.0
-519.813365,50,2714.998537,0.0
-340.20108,50,2715.990419,0.0
-328.271751,50,2717.114709,0.0
-824.834231,50,2718.210648,0.0
-926.454909,50,2719.262548,0.0
-437.324298,50,2720.42296,0.0
-559.179054,50,2727.261726,0.0
-548.772196,50,2728.397045,0.0
-379.057328,50,2729.413914,0.0
-415.776224,50,2730.531596,0.0
-782.675514,50,2731.562735,0.0
-319.896293,50,2732.623399,0.0
-576.034548,50,2733.665408,0.0
-955.438358,50,2734.681046,0.0
-726.321577,50,2735.832373,0.0
-391.705975,50,2736.859195,0.0
-681.448993,50,2743.628724,0.0
-650.57304,50,2744.741668,0.0
-532.515019,50,2746.549723,0.0
-298.743237,50,2747.591667,0.0
-421.132229,50,2748.671825,0.0
-613.047052,50,2749.775995,0.0
-576.636122,50,2750.81913,0.0
-456.998081,50,2751.904041,0.0
-508.216132,50,2752.985178,0.0
-512.86784,50,2754.087908,0.0
-1008.411333,50,2755.153032,0.0
-508.051034,50,2762.107581,0.0
-742.122774,50,2763.20571,0.0
-594.54402,50,2764.254765,0.0
-271.178245,50,2765.278917,0.0
-542.555969,50,2766.42298,0.0
-854.881426,50,2767.461006,0.0
-172.099803,50,2768.523714,0.0
-510.497802,50,2769.626517,0.0
-706.753606,50,2770.722048,0.0
-846.498607,50,2771.804785,0.0
-800.64862,50,2778.574146,0.0
-523.599265,50,2779.666188,0.0
-941.698367,50,2780.691951,0.0
-350.778354,50,2781.713383,0.0
-623.756643,50,2782.787764,0.0
-493.605557,50,2783.864339,0.0
-693.413843,50,2786.00342,0.0
-754.739303,50,2787.082174,0.0
-606.736455,50,2788.099105,0.0
-918.124364,50,2789.233805,0.0
-1112.29103,50,2796.109898,0.0
-458.0449,50,2797.175726,0.0
-660.896193,50,2798.263731,0.0
-686.518821,50,2799.442324,0.0
-565.93291,50,2800.510013,0.0
-609.227851,50,2801.600721,0.0
-590.056262,50,2802.724903,0.0
-565.634767,50,2803.80125,0.0
-463.184862,50,2804.920741,0.0
-671.337743,50,2805.977637,0.0
-459.81724,50,2812.880142,0.0
-396.118083,50,2813.974188,0.0
-575.824316,50,2815.129255,0.0
-803.906865,50,2816.206887,0.0
-736.703965,50,2817.229269,0.0
-704.523844,50,2818.279546,0.0
-656.902616,50,2819.302719,0.0
-422.113802,50,2820.338187,0.0
-684.847581,50,2821.382585,0.0
-770.582112,50,2822.57094,0.0
-498.733899,50,2823.602139,0.0
-555.188517,50,2831.350837,0.0
-560.160813,50,2832.481259,0.0
-265.442837,50,2833.629685,0.0
-659.701646,50,2834.712858,0.0
-216.978991,50,2835.73904,0.0
-716.855711,50,2836.847207,0.0
-843.154687,50,2837.89372,0.0
-995.439731,50,2838.910619,0.0
-527.951426,50,2839.986778,0.0
-332.726968,50,2841.095575,0.0
-386.239701,50,2847.969363,0.0
-539.061763,50,2849.100521,0.0
-431.323529,50,2850.136145,0.0
-836.700347,50,2851.221085,0.0
-400.916167,50,2852.298542,0.0
-353.481482,50,2853.444343,0.0
-499.493064,50,2854.569884,0.0
-285.179912,50,2855.656471,0.0
-815.702854,50,2856.743464,0.0
-483.703911,50,2857.778536,0.0
-689.263266,50,2864.48785,0.0
-706.925101,50,2865.53424,0.0
-569.40137,50,2866.585319,0.0
-262.236347,50,2867.598164,0.0
-760.150292,50,2868.691523,0.0
-477.703731,50,2870.572564,0.0
-194.085995,50,2871.636417,0.0
-243.281278,50,2872.736873,0.0
-572.292766,50,2873.796176,0.0
-663.728076,50,2874.86439,0.0
-827.163286,50,2881.666136,0.0
-439.155483,50,2882.737561,0.0
-721.594654,50,2883.807549,0.0
-1152.145682,50,2884.797049,0.0
-692.514558,50,2885.83044,0.0
-696.041069,50,2886.817417,0.0
-410.495394,50,2887.880099,0.0
-729.195792,50,2889.007228,0.0
-692.156429,50,2890.058245,0.0
-592.893464,50,2891.09133,0.0
-438.577104,50,2892.23612,0.0
-387.538161,50,2899.008836,0.0
-434.205694,50,2900.061623,0.0
-265.094174,50,2901.235543,0.0
-1083.550646,50,2902.312886,0.0
-601.718723,50,2903.378817,0.0
-764.348823,50,2904.59971,0.0
-486.27209,50,2905.694646,0.0
-816.140939,50,2906.713442,0.0
-432.659129,50,2907.742796,0.0
-598.794157,50,2909.592047,0.0
-385.895929,50,2916.353126,0.0
-719.361557,50,2917.429971,0.0
-258.421411,50,2918.486542,0.0
-845.312403,50,2919.462538,0.0
-374.539235,50,2920.488676,0.0
-494.913936,50,2921.656032,0.0
-748.585001,50,2922.696808,0.0
-584.206134,50,2923.823666,0.0
-354.913257,50,2924.886921,0.0
-503.853017,50,2925.973689,0.0
-939.207956,50,2932.831698,0.0
-570.928703,50,2933.863079,0.0
-660.425763,50,2934.979748,0.0
-920.371694,50,2936.037507,0.0
-1055.796499,50,2937.138137,0.0
-828.91017,50,2938.170434,0.0
-692.429134,50,2939.205033,0.0
-222.420315,50,2940.21855,0.0
-563.715933,50,2941.361247,0.0
-375.0005,50,2942.34437,0.0
-321.046422,50,2949.088387,0.0
-465.567096,50,2950.093605,0.0
-684.942482,50,2951.196228,0.0
-725.655193,50,2952.31076,0.0
-988.008569,50,2954.227183,0.0
-539.348887,50,2955.26071,0.0
-843.607175,50,2956.307107,0.0
-466.840561,50,2957.329907,0.0
-470.581252,50,2958.389996,0.0
-842.257943,50,2959.448098,0.0
-597.130849,50,2960.454821,0.0
-549.828046,50,2967.329582,0.0
-972.918705,50,2968.434088,0.0
-1058.280461,50,2969.501938,0.0
-583.524621,50,2970.549053,0.0
-748.346908,50,2971.720031,0.0
-261.876154,50,2972.749896,0.0
-656.023365,50,2973.755958,0.0
-986.718573,50,2974.90703,0.0
-806.875862,50,2976.064499,0.0
-618.151316,50,2977.074543,0.0
-288.076159,50,2983.904676,0.0
-694.722083,50,2984.929526,0.0
-653.948568,50,2985.917273,0.0
-501.44287,50,2986.991951,0.0
-419.975453,50,2987.96093,0.0
-768.209821,50,2989.030727,0.0
-542.753714,50,2990.093737,0.0
-697.01044,50,2991.104428,0.0
-728.136712,50,2993.016048,0.0
-430.725826,50,2994.096119,0.0
-574.660053,50,3001.034172,0.0
-568.645781,50,3002.170115,0.0
-404.643235,50,3003.241223,0.0
-765.1348,50,3004.217466,0.0
-672.566034,50,3005.344815,0.0
-581.157584,50,3006.385769,0.0
-815.613865,50,3007.381757,0.0
-908.831686,50,3008.44012,0.0
-548.526901,50,3009.426919,0.0
-567.319004,50,3010.49251,0.0
-797.83522,50,3017.317227,0.0
-254.827331,50,3018.453579,0.0
-656.954723,50,3019.565605,0.0
-501.379691,50,3020.622837,0.0
-701.005005,50,3021.636392,0.0
-342.701967,50,3022.681115,0.0
-1043.764678,50,3023.704201,0.0
-655.636299,50,3024.76833,0.0
-767.678019,50,3025.862571,0.0
-647.398991,50,3026.839691,0.0
-839.953289,50,3027.969048,0.0
-762.406995,50,3034.837495,0.0
-931.76333,50,3035.919335,0.0
-482.573882,50,3037.818851,0.0
-1249.148215,50,3038.823974,0.0
-502.440338,50,3039.881844,0.0
-722.261418,50,3040.961551,0.0
-686.111743,50,3041.967456,0.0
-438.702516,50,3043.030071,0.0
-1078.430743,50,3044.002545,0.0
-261.825468,50,3044.987978,0.0
-434.799264,50,3051.719389,0.0
-359.306272,50,3052.754161,0.0
-621.512215,50,3053.844143,0.0
-611.791616,50,3054.935459,0.0
-359.070963,50,3056.013718,0.0
-424.650674,50,3057.046674,0.0
-388.453811,50,3058.224057,0.0
-545.029817,50,3059.232566,0.0
-188.241725,50,3060.27991,0.0
-349.342314,50,3061.302012,0.0
-358.146384,50,3068.110102,0.0
-839.235597,50,3069.170068,0.0
-554.922406,50,3070.252012,0.0
-790.366882,50,3071.450509,0.0
-826.758986,50,3072.550584,0.0
-922.164674,50,3073.604844,0.0
-214.203203,50,3074.778965,0.0
-676.958351,50,3076.646584,0.0
-505.540783,50,3077.67063,0.0
-290.251092,50,3078.693628,0.0
-565.761537,50,3085.535539,0.0
-482.648267,50,3086.741337,0.0
-1036.274056,50,3087.817149,0.0
-437.147539,50,3088.882047,0.0
-634.81986,50,3089.961611,0.0
-1114.291296,50,3091.062428,0.0
-479.83932,50,3092.109925,0.0
-520.375166,50,3093.129869,0.0
-828.417429,50,3094.21683,0.0
-325.732611,50,3095.24691,0.0
-814.169413,50,3102.01157,0.0
-957.168003,50,3103.043449,0.0
-837.616698,50,3104.078491,0.0
-756.159037,50,3105.206803,0.0
-648.813012,50,3106.240742,0.0
-557.491981,50,3107.378717,0.0
-444.317117,50,3108.423804,0.0
-692.966798,50,3109.489108,0.0
-470.099752,50,3110.554416,0.0
-403.76903,50,3111.554293,0.0
-492.457577,50,3112.717139,0.0
-836.572347,50,3119.50724,0.0
-741.143907,50,3121.437387,0.0
-524.339318,50,3122.469135,0.0
-657.387672,50,3123.535814,0.0
-832.761391,50,3124.534237,0.0
-566.244552,50,3125.610039,0.0
-941.027769,50,3126.616962,0.0
-435.277879,50,3127.635532,0.0
-592.174261,50,3128.671333,0.0
-421.127162,50,3129.683267,0.0
-232.164263,50,3136.496689,0.0
-638.695409,50,3137.579076,0.0
-247.472417,50,3138.72573,0.0
-709.521525,50,3139.789113,0.0
-363.726292,50,3140.852894,0.0
-419.433722,50,3141.874871,0.0
-891.423138,50,3143.012542,0.0
-345.459246,50,3144.090868,0.0
-866.969049,50,3145.150924,0.0
-579.465804,50,3146.185202,0.0
-512.277118,50,3153.038942,0.0
-462.819355,50,3154.359521,0.0
-446.005613,50,3155.435175,0.0
-814.137763,50,3156.49407,0.0
-694.201602,50,3157.630762,0.0
-711.834254,50,3158.737746,0.0
-602.524284,50,3160.686163,0.0
-669.651469,50,3161.724304,0.0
-507.118574,50,3162.692695,0.0
-552.259093,50,3163.739582,0.0
-1085.765055,50,3170.555299,0.0
-808.450133,50,3171.689227,0.0
-837.949832,50,3172.793459,0.0
-784.344554,50,3173.949532,0.0
-699.418655,50,3174.976496,0.0
-923.686077,50,3176.197121,0.0
-514.019623,50,3177.367061,0.0
-562.428797,50,3178.368469,0.0
-641.051642,50,3179.426359,0.0
-425.311107,50,3180.448118,0.0
-341.404922,50,3181.560773,0.0
-659.74218,50,3188.342013,0.0
-275.449091,50,3189.379096,0.0
-497.864523,50,3190.408886,0.0
-407.53662,50,3191.427676,0.0
-771.460185,50,3192.454908,0.0
-553.880572,50,3193.595087,0.0
-551.666617,50,3194.708482,0.0
-313.024163,50,3195.781576,0.0
-395.490221,50,3196.894095,0.0
-225.517384,50,3197.985562,0.0
-306.741819,50,3205.792862,0.0
-505.110856,50,3206.786942,0.0
-1117.171405,50,3207.857268,0.0
-555.287296,50,3208.931435,0.0
-415.699504,50,3209.902422,0.0
-405.046722,50,3210.985392,0.0
-492.562744,50,3212.015487,0.0
-817.348561,50,3213.124446,0.0
-779.423401,50,3214.117445,0.0
-716.270948,50,3215.266969,0.0
-752.096113,50,3222.174296,0.0
-657.432348,50,3223.263864,0.0
-483.147758,50,3224.37175,0.0
-360.264726,50,3225.415553,0.0
-752.842468,50,3226.506078,0.0
-477.54535,50,3227.602759,0.0
-776.060189,50,3228.593361,0.0
-393.717442,50,3229.630308,0.0
-630.214421,50,3230.629747,0.0
-798.720284,50,3231.694319,0.0
-464.541423,50,3238.490448,0.0
-659.097254,50,3239.523693,0.0
-944.253316,50,3240.569366,0.0
-808.517674,50,3241.601401,0.0
-767.29384,50,3242.660706,0.0
-888.278754,50,3244.602369,0.0
-788.763717,50,3245.790117,0.0
-530.107755,50,3246.951642,0.0
-853.200271,50,3248.045806,0.0
-383.595359,31,3248.740532,1.0
-732.38682,50,3249.824037,0.0
-801.601313,50,3256.660605,0.0
-892.29308,50,3257.766388,0.0
-389.60632,50,3258.85601,0.0
-402.628177,50,3259.958332,0.0
-355.991702,50,3261.021891,0.0
-546.10537,50,3262.039689,0.0
-276.235128,50,3263.099382,0.0
-391.563714,50,3264.19135,0.0
-619.185761,50,3265.345691,0.0
-528.809814,50,3266.404702,0.0
-728.629176,50,3273.143277,0.0
-623.450692,50,3274.200845,0.0
-485.845033,50,3275.309874,0.0
-252.417924,50,3276.445514,0.0
-421.882735,50,3277.560281,0.0
-267.534334,50,3278.613267,0.0
-311.056972,50,3279.591214,0.0
-253.009799,50,3280.657884,0.0
-390.025949,50,3281.670683,0.0
-551.005237,50,3283.868353,0.0
-583.160016,50,3290.774313,0.0
-682.123372,50,3291.849169,0.0
-683.797155,50,3293.040325,0.0
-314.616638,50,3294.092769,0.0
-592.087121,50,3295.099499,0.0
-425.804799,50,3296.098701,0.0
-650.909162,50,3297.090065,0.0
-746.650881,50,3298.133646,0.0
-176.127195,30,3298.800305,1.0
-698.903051,50,3299.97573,0.0
-552.203392,50,3301.190847,0.0
-1174.023798,50,3308.008256,0.0
-783.834856,50,3309.087876,0.0
-434.007431,50,3310.279514,0.0
-230.094618,50,3311.419261,0.0
-407.718433,50,3312.515939,0.0
-626.90688,50,3313.533446,0.0
-490.482152,50,3314.525249,0.0
-331.783058,50,3315.498119,0.0
-425.941857,50,3316.708042,0.0
-802.093054,50,3317.798771,0.0
-545.410957,50,3324.612627,0.0
-206.570053,50,3325.772865,0.0
-534.204842,50,3326.768688,0.0
-214.211368,50,3327.868063,0.0
-941.426645,50,3329.828155,0.0
-313.485922,50,3330.846913,0.0
-727.707356,50,3331.859257,0.0
-737.641685,50,3332.98923,0.0
-577.847108,50,3333.997301,0.0
-956.413049,50,3334.979691,0.0
-317.996838,50,3336.027768,0.0
-789.696733,50,3342.850706,0.0
-1167.999261,50,3343.906118,0.0
-253.66979,50,3344.970997,0.0
-556.63685,50,3346.031558,0.0
-430.778961,50,3346.989507,0.0
-538.472146,50,3348.044138,0.0
-1137.531181,50,3349.173388,0.0
-640.008318,50,3350.232466,0.0
-976.132363,50,3351.211111,0.0
-434.353686,50,3352.269222,0.0
-669.378899,50,3359.089698,0.0
-863.78216,50,3360.149535,0.0
-669.265424,50,3361.140427,0.0
-369.518301,50,3362.145355,0.0
-908.553549,50,3363.217618,0.0
-528.276059,50,3364.221616,0.0
-799.218242,50,3365.226564,0.0
-728.422346,50,3366.192054,0.0
-680.91382,50,3368.109318,0.0
-473.010698,50,3369.068928,0.0
-334.607683,50,3375.933941,0.0
-470.181863,50,3376.989987,0.0
-318.498737,50,3378.039494,0.0
-555.102789,50,3379.125486,0.0
-1154.013951,50,3380.139919,0.0
-661.379471,50,3381.136083,0.0
-490.853277,50,3382.166521,0.0
-440.434426,50,3383.208611,0.0
-177.718069,50,3384.331757,0.0
-276.329757,50,3385.405659,0.0
-719.533608,50,3392.117687,0.0
-796.222095,50,3393.197793,0.0
-920.711386,50,3394.207105,0.0
-615.23426,50,3395.300822,0.0
-385.194904,50,3396.362084,0.0
-549.650414,50,3397.493663,0.0
-772.995894,50,3398.657098,0.0
-756.290039,50,3399.722282,0.0
-329.253224,50,3400.73614,0.0
-863.826951,50,3401.759032,0.0
-606.02152,50,3402.731037,0.0
-497.699485,50,3409.65398,0.0
-616.592373,50,3410.706803,0.0
-1046.810279,50,3412.662205,0.0
-706.68826,50,3413.819733,0.0
-677.008392,50,3414.850511,0.0
-699.553893,50,3415.965777,0.0
-446.730817,50,3417.174902,0.0
-679.036732,50,3418.247791,0.0
-379.285857,50,3419.27422,0.0
-532.044603,50,3420.234193,0.0
-897.619341,50,3427.076313,0.0
-303.016112,50,3428.140153,0.0
-544.626712,50,3429.162862,0.0
-388.75724,50,3430.195889,0.0
-807.29295,50,3431.221753,0.0
-544.967599,50,3432.305484,0.0
-446.77982,50,3433.280809,0.0
-798.437104,50,3434.316133,0.0
-609.439236,50,3435.34056,0.0
-24.919177,3,3435.397357,1.0
-350.826078,50,3436.4838,0.0
-305.046491,50,3443.240172,0.0
-418.945429,50,3444.264129,0.0
-481.634573,50,3445.277163,0.0
-179.294903,50,3446.269967,0.0
-624.805437,50,3447.267719,0.0
-792.322285,50,3448.349898,0.0
-434.623243,50,3449.402713,0.0
-717.05428,50,3451.275972,0.0
-625.685814,50,3452.368229,0.0
-431.597887,50,3453.502526,0.0
-445.387814,50,3460.316155,0.0
-595.245785,50,3461.375496,0.0
-213.635978,50,3462.4758,0.0
-497.403859,50,3463.451942,0.0
-816.892543,50,3464.416762,0.0
-786.884598,50,3465.493797,0.0
-212.460217,50,3466.564088,0.0
-665.511139,50,3467.645444,0.0
-340.44854,50,3468.68279,0.0
-601.24894,50,3469.629766,0.0
-420.071227,50,3476.378546,0.0
-592.268815,50,3477.423617,0.0
-381.443977,50,3478.547557,0.0
-498.764157,50,3479.624173,0.0
-199.305767,50,3480.707887,0.0
-789.641962,50,3481.743094,0.0
-887.105762,50,3482.751335,0.0
-308.733786,50,3483.713149,0.0
-509.514406,50,3484.686141,0.0
-418.464616,50,3485.7225,0.0
-665.623439,50,3486.928456,0.0
-740.029945,50,3493.720455,0.0
-656.547466,50,3495.520923,0.0
-1000.450172,50,3496.528801,0.0
-869.511077,50,3497.546592,0.0
-601.843145,50,3498.640115,0.0
-850.699499,50,3499.650888,0.0
-640.58801,50,3500.647634,0.0
-318.677565,50,3501.737383,0.0
-368.436146,50,3502.7759,0.0
-243.72837,50,3503.875637,0.0
-422.176909,50,3510.797787,0.0
-644.333167,50,3511.937497,0.0
-242.285296,50,3513.054539,0.0
-618.246715,50,3514.146088,0.0
-582.426313,50,3515.235659,0.0
-250.840477,50,3516.321951,0.0
-263.879074,50,3517.355366,0.0
-436.926033,50,3518.428407,0.0
-505.796039,50,3519.435961,0.0
-928.500269,50,3520.634441,0.0
-353.665741,50,3527.414232,0.0
-677.414044,50,3528.488745,0.0
-665.253836,50,3529.457726,0.0
-736.456695,50,3530.571018,0.0
-201.474346,50,3531.541239,0.0
-441.230387,50,3532.555407,0.0
-466.797753,50,3534.547417,0.0
-474.631087,50,3535.6023,0.0
-811.634588,50,3536.603685,0.0
-703.441793,50,3537.600479,0.0
-620.367322,50,3544.43203,0.0
-772.753075,50,3545.518193,0.0
-689.636793,50,3546.661077,0.0
-697.095576,50,3547.756044,0.0
-713.557007,50,3548.868237,0.0
-242.616502,50,3549.894412,0.0
-720.459829,50,3551.038437,0.0
-801.487198,50,3552.082992,0.0
-353.313526,50,3553.074375,0.0
-475.938646,50,3554.178953,0.0
-825.489185,50,3555.4228,0.0
-475.130205,50,3562.310498,0.0
-501.156487,50,3563.365909,0.0
-528.434992,50,3564.512791,0.0
-354.100017,50,3565.574278,0.0
-934.832018,50,3566.601354,0.0
-896.214214,50,3567.661731,0.0
-502.238746,50,3568.77386,0.0
-291.358261,50,3569.813657,0.0
-739.00026,50,3570.813689,0.0
-615.972788,50,3571.929631,0.0
-544.311163,50,3579.553302,0.0
-1210.680376,50,3580.663379,0.0
-566.340452,50,3581.683868,0.0
-466.003996,50,3582.826387,0.0
-479.442679,50,3583.918239,0.0
-787.967248,50,3585.197944,0.0
-235.367663,50,3586.194014,0.0
-38.246511,5,3586.301938,1.0
-353.053822,50,3587.311368,0.0
-1139.50878,50,3588.29769,0.0
-900.621358,50,3589.333657,0.0
-607.961827,50,3596.132731,0.0
-657.751458,50,3597.098161,0.0
-740.813779,50,3598.11314,0.0
-381.902633,50,3599.163068,0.0
-408.349456,50,3600.167229,0.0
-508.782043,50,3601.258511,0.0
-905.079873,50,3602.400119,0.0
-462.267494,50,3603.473683,0.0
-527.576287,50,3604.504325,0.0
-607.909453,50,3605.528735,0.0
-920.588994,50,3612.413822,0.0
-868.466579,50,3613.443444,0.0
-508.779012,50,3614.57558,0.0
-568.657645,50,3615.749779,0.0
-567.071667,50,3617.612821,0.0
-585.063291,50,3618.71561,0.0
-639.261074,50,3619.817866,0.0
-213.420801,50,3620.859895,0.0
-865.554095,50,3621.828943,0.0
-578.524004,50,3622.951557,0.0
-405.655281,50,3624.040278,0.0
-379.7349,50,3630.79278,0.0
-1027.615767,50,3631.792235,0.0
-453.29197,50,3632.805686,0.0
-240.912394,50,3633.887846,0.0
-762.441375,50,3634.925634,0.0
-319.72333,50,3635.956759,0.0
-286.826151,50,3636.993016,0.0
-554.060633,50,3638.031229,0.0
-336.695346,50,3639.104165,0.0
-288.778834,50,3640.079536,0.0
-905.010436,50,3646.737756,0.0
-841.755824,50,3647.795816,0.0
-549.4224,50,3648.936489,0.0
-1101.948139,50,3649.975678,0.0
-791.102939,50,3651.099608,0.0
-694.33833,50,3652.18158,0.0
-433.100526,50,3653.239766,0.0
-1037.428688,50,3654.32355,0.0
-885.18315,50,3656.123297,0.0
-622.180886,50,3657.254341,0.0
-600.162949,50,3664.040105,0.0
-700.286442,50,3665.081816,0.0
-780.01157,50,3666.12692,0.0
-764.038861,50,3667.188597,0.0
-653.928105,50,3668.283542,0.0
-392.992573,50,3669.363667,0.0
-634.185291,50,3670.427114,0.0
-640.87035,50,3671.495645,0.0
-1060.756723,50,3672.521887,0.0
-905.68961,50,3673.517294,0.0
-630.525136,50,3680.312375,0.0
-229.321899,50,3681.33211,0.0
-610.916113,50,3682.387279,0.0
-638.933788,50,3683.454159,0.0
-708.438633,50,3684.499863,0.0
-860.469297,50,3685.552078,0.0
-707.689565,50,3686.69943,0.0
-437.150101,50,3687.847152,0.0
-357.99864,50,3688.822782,0.0
-820.103841,50,3689.895156,0.0
-466.346935,50,3696.607353,0.0
-752.582565,50,3697.777888,0.0
-678.764198,50,3698.830081,0.0
-507.947574,50,3700.672329,0.0
-609.130062,50,3701.710237,0.0
-426.9699,50,3702.73514,0.0
-315.521198,50,3703.807866,0.0
-764.802765,50,3704.898623,0.0
-187.76467,50,3705.914551,0.0
-391.415213,50,3706.978733,0.0
-876.254374,50,3707.996371,0.0
-791.156717,50,3714.747791,0.0
-472.825264,50,3715.724649,0.0
-540.090549,50,3716.754635,0.0
-635.037106,50,3717.75591,0.0
-437.724622,50,3718.806443,0.0
-727.448512,50,3719.845267,0.0
-624.560716,50,3720.889826,0.0
-1179.754784,50,3721.869225,0.0
-755.571695,50,3722.972642,0.0
-848.075986,50,3724.101936,0.0
-684.640025,50,3730.911605,0.0
-354.954342,50,3732.021296,0.0
-502.481032,50,3733.070312,0.0
-800.048251,50,3734.264288,0.0
-575.879971,50,3735.418364,0.0
-219.835602,50,3736.554276,0.0
-716.312104,50,3737.564352,0.0
-909.965805,50,3739.595528,0.0
-904.023349,50,3740.676246,0.0
-435.06612,50,3741.796982,0.0
-764.016021,50,3748.591099,0.0
-321.716415,50,3749.646165,0.0
-720.276854,50,3750.651521,0.0
-444.411654,50,3751.867848,0.0
-813.351831,50,3752.974061,0.0
-401.307744,50,3754.048939,0.0
-944.128148,50,3755.13599,0.0
-524.340323,50,3756.135571,0.0
-699.838158,50,3757.119602,0.0
-274.666087,50,3758.178796,0.0
-192.923552,50,3764.991975,0.0
-1005.963032,50,3766.045907,0.0
-342.638794,50,3767.159137,0.0
-646.92979,50,3768.293797,0.0
-582.816917,50,3769.361053,0.0
-593.743646,50,3770.44234,0.0
-281.185384,50,3771.521863,0.0
-444.311689,50,3772.512456,0.0
-520.230606,50,3773.484418,0.0
-617.172618,50,3774.507628,0.0
-300.074191,50,3775.57637,0.0
-617.172722,50,3782.471361,0.0
-567.752982,50,3784.485035,0.0
-450.220397,50,3785.638262,0.0
-633.673008,50,3786.718686,0.0
-404.989663,50,3787.774429,0.0
-412.220804,50,3788.770244,0.0
-420.273634,50,3789.810247,0.0
-984.62277,50,3790.842323,0.0
-731.734839,50,3791.944524,0.0
-202.332732,50,3793.058056,0.0
-958.955305,50,3799.884912,0.0
-330.980848,50,3800.923697,0.0
-686.803909,50,3801.951344,0.0
-447.366493,50,3803.105984,0.0
-298.065536,50,3804.22018,0.0
-847.6787,50,3805.292596,0.0
-807.072749,50,3806.314308,0.0
-296.821765,50,3807.369417,0.0
-870.488761,50,3808.426678,0.0
-524.504313,50,3809.504949,0.0
-237.441078,50,3816.277529,0.0
-289.042335,50,3817.363234,0.0
-645.616741,50,3818.367414,0.0
-484.991709,50,3819.441901,0.0
-676.189552,50,3820.463755,0.0
-688.460726,50,3821.509218,0.0
-248.673099,50,3823.389942,0.0
-599.311419,50,3824.487904,0.0
-1041.007586,50,3825.459753,0.0
-313.137505,50,3826.56705,0.0
-570.208169,50,3833.360422,0.0
-1028.755602,50,3834.46378,0.0
-607.353579,50,3835.619328,0.0
-581.238399,50,3836.71137,0.0
-821.207095,50,3837.686806,0.0
-550.557882,50,3838.799039,0.0
-562.568029,50,3839.917582,0.0
-744.670444,50,3841.02335,0.0
-784.669262,50,3842.086064,0.0
-408.696099,50,3843.181828,0.0
-366.447281,50,3844.238682,0.0
-232.960039,50,3851.053223,0.0
-406.135001,50,3852.33672,0.0
-259.642157,50,3853.399666,0.0
-839.533273,50,3854.465669,0.0
-436.368994,50,3855.541209,0.0
-536.06,50,3856.58737,0.0
-753.414233,50,3857.599852,0.0
-446.058939,50,3858.725267,0.0
-505.581796,50,3859.800769,0.0
-518.771477,50,3860.884777,0.0
-383.022635,50,3868.384034,0.0
-116.470281,50,3869.469396,0.0
-472.428587,50,3870.466269,0.0
-799.472031,50,3871.548789,0.0
-762.544017,50,3872.59422,0.0
-450.97279,50,3873.776211,0.0
-637.643856,50,3874.935331,0.0
-456.277801,50,3875.935345,0.0
-784.199265,50,3876.894816,0.0
-951.494148,50,3877.987322,0.0
-407.548885,50,3884.833211,0.0
-439.580387,50,3885.931076,0.0
-1001.051034,50,3886.9236,0.0
-294.990346,50,3888.134251,0.0
-1029.654044,50,3889.138277,0.0
-363.367732,50,3890.192168,0.0
-381.147335,50,3891.2859,0.0
-773.890046,50,3892.339853,0.0
-571.663863,50,3893.318876,0.0
-276.847541,50,3894.3208,0.0
-694.790122,50,3901.139364,0.0
-616.51594,50,3902.108193,0.0
-788.897691,50,3903.104044,0.0
-195.962801,50,3904.10847,0.0
-612.423436,50,3905.249137,0.0
-477.53044,50,3907.119429,0.0
-630.112293,50,3908.164236,0.0
-643.645871,50,3909.178258,0.0
-985.948699,50,3910.21063,0.0
-281.969344,50,3911.282475,0.0
-549.745922,50,3912.310309,0.0
-959.568583,50,3919.103817,0.0
-610.278779,50,3920.144476,0.0
-560.678248,50,3921.292708,0.0
-633.785085,50,3922.32671,0.0
-261.123554,50,3923.297775,0.0
-726.732995,50,3924.385484,0.0
-574.832635,50,3925.478637,0.0
-643.673427,50,3926.496807,0.0
-278.27327,50,3927.506424,0.0
-410.651264,50,3928.607317,0.0
-594.120289,50,3935.486254,0.0
-714.691025,50,3936.542249,0.0
-616.255019,50,3937.705432,0.0
-769.052675,50,3938.768569,0.0
-246.191458,50,3939.787463,0.0
-150.00985,50,3940.897855,0.0
-807.066362,50,3941.939156,0.0
-787.1061,50,3943.052367,0.0
-914.323226,50,3944.075537,0.0
-768.702368,50,3945.913667,0.0
-565.629349,50,3952.714293,0.0
-454.49523,50,3953.818206,0.0
-408.997289,50,3954.933624,0.0
-637.130433,50,3955.966021,0.0
-868.395844,50,3957.075443,0.0
-815.406572,50,3958.172823,0.0
-713.382393,50,3959.282414,0.0
-565.688501,50,3960.456095,0.0
-706.409275,50,3961.499114,0.0
-820.161811,50,3962.504922,0.0
-707.759091,50,3969.276795,0.0
-698.883778,50,3970.300951,0.0
-682.001471,50,3971.303538,0.0
-417.780455,50,3972.41226,0.0
-469.150766,50,3973.458591,0.0
-214.874915,50,3974.480582,0.0
-589.878352,50,3975.618671,0.0
-539.056865,50,3976.74056,0.0
-854.327672,50,3977.785455,0.0
-935.596888,50,3978.81055,0.0
-865.671285,50,3979.75203,0.0
-885.848171,50,3986.510315,0.0
-149.769644,41,3987.43868,1.0
-551.191177,50,3988.61918,0.0
-942.472146,50,3989.772748,0.0
-1006.471596,50,3991.725055,0.0
-480.678296,50,3992.741357,0.0
-241.350064,50,3993.774746,0.0
-285.926133,50,3994.760152,0.0
-577.284352,50,3995.827102,0.0
-335.09939,50,3996.889308,0.0
-974.179728,50,4003.676443,0.0
-687.977629,50,4004.699883,0.0
-536.8309,50,4005.75325,0.0
-1224.688201,50,4006.812931,0.0
-444.59912,50,4007.86054,0.0
-341.846391,50,4008.996305,0.0
-678.584299,50,4009.992526,0.0
-352.875785,50,4011.022253,0.0
-339.365395,50,4012.025889,0.0
-446.108036,50,4013.04989,0.0
-329.786552,50,4019.785624,0.0
-692.712145,50,4020.824367,0.0
-1084.804113,50,4021.906096,0.0
-983.64609,50,4022.999038,0.0
-595.761641,50,4024.155756,0.0
-229.769144,50,4025.2151,0.0
-329.987952,50,4026.326646,0.0
-960.200087,50,4027.357689,0.0
-673.980605,50,4028.417299,0.0
-423.52733,50,4030.327462,0.0
-856.250453,50,4037.116642,0.0
-486.310174,50,4038.185623,0.0
-1267.702324,50,4039.39297,0.0
-748.77281,50,4040.470355,0.0
-907.226277,50,4041.445025,0.0
-449.504831,50,4042.496117,0.0
-648.934024,50,4043.620113,0.0
-563.534327,50,4044.701197,0.0
-349.126861,50,4045.743793,0.0
-683.189355,50,4046.843915,0.0
-1259.188096,50,4047.974175,0.0
-307.520222,50,4054.782846,0.0
-494.696375,50,4055.760868,0.0
-455.671877,50,4056.836176,0.0
-802.832436,50,4057.900035,0.0
-602.061122,50,4058.953606,0.0
-429.922964,50,4059.912403,0.0
-941.429459,50,4061.047754,0.0
-671.375317,50,4062.114576,0.0
-720.632671,50,4063.217068,0.0
-902.245504,50,4064.299751,0.0
-271.732421,50,4071.077126,0.0
-506.893815,50,4072.110188,0.0
-752.869787,50,4073.089811,0.0
-967.381865,50,4075.079293,0.0
-829.611475,50,4076.06725,0.0
-523.538206,50,4077.163128,0.0
-594.300262,50,4078.211699,0.0
-700.548675,50,4079.274564,0.0
-394.603484,50,4080.408489,0.0
-645.874606,50,4081.552685,0.0
-344.557788,50,4088.445945,0.0
-502.14172,50,4089.477638,0.0
-1167.830518,50,4090.560037,0.0
-821.407678,50,4091.610444,0.0
-812.076997,50,4092.712246,0.0
-399.523889,50,4093.798611,0.0
-833.554504,50,4094.889226,0.0
-540.695666,50,4096.019065,0.0
-992.440971,50,4097.000543,0.0
-513.55798,50,4098.036572,0.0
-551.153343,50,4104.741977,0.0
-253.461596,50,4105.880967,0.0
-802.798132,50,4106.832838,0.0
-694.658987,50,4107.84563,0.0
-787.265597,50,4108.845239,0.0
-363.787844,50,4109.94512,0.0
-501.694869,50,4111.007063,0.0
-798.787894,50,4112.018792,0.0
-1059.80032,50,4113.842587,0.0
-951.765651,50,4114.951569,0.0
-470.4015,50,4115.965699,0.0
-432.082186,50,4122.671369,0.0
-2566.794628,50,4123.674148,0.0
-983.711187,50,4124.869063,0.0
-603.553415,50,4125.88029,0.0
-434.49912,50,4126.920393,0.0
-410.504546,50,4127.996759,0.0
-653.305388,50,4129.062237,0.0
-618.723519,50,4130.049846,0.0
-643.237737,50,4131.116878,0.0
-709.683667,50,4132.268846,0.0
-681.735374,50,4139.017356,0.0
-628.387723,50,4140.003303,0.0
-363.675901,50,4141.072828,0.0
-364.880605,50,4142.205682,0.0
-406.251016,50,4143.27547,0.0
-794.804555,50,4144.340086,0.0
-346.876706,50,4145.40805,0.0
-435.760666,50,4146.483833,0.0
-425.666839,50,4147.451706,0.0
-231.442697,50,4148.456707,0.0
-762.346315,50,4155.203693,0.0
-495.489639,50,4156.234526,0.0
-571.408041,50,4158.267764,0.0
-707.001164,50,4159.387268,0.0
-280.129212,50,4160.488291,0.0
-434.418666,50,4161.512338,0.0
-633.484922,50,4162.568605,0.0
-695.864346,50,4163.709476,0.0
-156.2385,50,4164.778834,0.0
-679.160701,50,4165.887635,0.0
