#{"t_start": 1650829892.8018303, "env_id": "PandaReach-v2"}
r,l,t,is_success
-479.732422,50,1.340616,0.0
-521.277342,50,2.234782,0.0
-695.598263,50,3.139263,0.0
-1290.830376,50,4.041274,0.0
-790.639816,50,5.047681,0.0
-813.172644,50,6.012856,0.0
-1104.366024,50,6.886744,0.0
-971.295817,50,7.766,0.0
-1169.330555,50,8.681234,0.0
-1141.735211,50,9.55652,0.0
-943.384666,50,16.157558,0.0
-908.805551,50,17.110548,0.0
-725.345158,50,17.990438,0.0
-565.279748,50,18.879446,0.0
-899.142077,50,19.787481,0.0
-886.925985,50,20.696851,0.0
-754.127701,50,21.55585,0.0
-1136.252531,50,22.445527,0.0
-792.702347,50,23.381157,0.0
-738.068075,50,24.27951,0.0
-423.177964,50,30.907359,0.0
-964.904818,50,31.788208,0.0
-730.138654,50,32.683788,0.0
-747.461095,50,33.54963,0.0
-765.717305,50,34.470438,0.0
-684.126767,50,36.362155,0.0
-669.246448,50,37.226205,0.0
-1105.262489,50,38.093196,0.0
-520.24601,50,39.242916,0.0
-747.385657,50,40.151776,0.0
-394.431902,50,46.795994,0.0
-552.440069,50,47.707065,0.0
-715.906862,50,48.603452,0.0
-1013.51305,50,49.536935,0.0
-981.757283,50,50.452497,0.0
-472.21411,50,51.341395,0.0
-688.302096,50,52.259016,0.0
-647.920424,50,53.186957,0.0
-1094.493382,50,54.075886,0.0
-788.499219,50,55.040797,0.0
-685.703358,50,61.676759,0.0
-723.44691,50,62.894377,0.0
-813.75075,50,63.884346,0.0
-571.588738,50,64.819825,0.0
-665.698272,50,65.714706,0.0
-476.072019,50,66.598165,0.0
-963.799416,50,67.563784,0.0
-521.135792,50,68.496034,0.0
-627.707979,50,69.357069,0.0
-734.110916,50,70.568635,0.0
-918.90193,50,72.578026,0.0
-951.160977,50,79.229574,0.0
-735.592967,50,80.141653,0.0
-832.027429,50,81.087931,0.0
-899.50871,50,82.009834,0.0
-433.99509,50,82.949085,0.0
-656.815745,50,83.885589,0.0
-560.153754,50,84.876359,0.0
-599.858595,50,85.881686,0.0
-437.34727,50,86.832634,0.0
-334.607465,50,87.778971,0.0
-597.972703,50,94.450355,0.0
-320.013745,50,95.399,0.0
-1002.420911,50,96.288333,0.0
-443.416831,50,97.132412,0.0
-469.514944,50,98.067164,0.0
-233.958113,50,98.992953,0.0
-591.193318,50,99.904888,0.0
-379.623602,50,100.860822,0.0
-507.67431,50,101.825726,0.0
-681.401971,50,102.775164,0.0
-616.893976,50,109.443593,0.0
-490.864973,50,110.426188,0.0
-484.199398,50,111.350031,0.0
-640.940353,50,112.275631,0.0
-545.941802,50,114.266467,0.0
-356.757838,50,115.205261,0.0
-666.164338,50,116.179933,0.0
-748.997964,50,117.051533,0.0
-784.704672,50,117.963989,0.0
-723.661986,50,118.975918,0.0
-235.31911,50,125.69232,0.0
-592.601483,50,126.653939,0.0
-1046.846149,50,127.643791,0.0
-402.420668,50,128.594394,0.0
-338.984358,50,129.567204,0.0
-547.285262,50,130.495553,0.0
-614.041914,50,131.45303,0.0
-272.66488,50,132.431913,0.0
-827.875318,50,133.349405,0.0
-495.25336,50,134.367839,0.0
-429.925497,50,135.416737,0.0
-448.280817,50,142.095267,0.0
-602.921935,50,143.115227,0.0
-663.411274,50,144.095473,0.0
-927.362205,50,145.056734,0.0
-282.29169,50,146.08092,0.0
-475.084454,50,147.079745,0.0
-334.20831,50,148.131513,0.0
-433.751084,50,149.080284,0.0
-601.766403,50,150.983352,0.0
-839.324264,50,152.071758,0.0
-350.20609,50,158.667879,0.0
-876.917383,50,159.610512,0.0
-458.284545,50,160.534144,0.0
-496.535047,50,161.445591,0.0
-290.007757,50,162.413538,0.0
-622.529591,50,163.374631,0.0
-905.629523,50,164.283803,0.0
-483.924278,50,165.255127,0.0
-463.46511,50,166.170635,0.0
-671.782077,50,167.088835,0.0
-354.670946,50,173.706904,0.0
-299.759667,50,174.717338,0.0
-633.532193,50,175.714185,0.0
-762.843516,50,176.681064,0.0
-388.075013,50,177.634264,0.0
-465.294809,50,178.522686,0.0
-285.49644,50,179.461078,0.0
-745.422291,50,180.357821,0.0
-500.103381,50,181.279776,0.0
-331.712172,50,182.260971,0.0
-362.768281,50,188.849924,0.0
-916.401562,50,189.758861,0.0
-939.320007,50,190.698499,0.0
-557.453176,50,192.676168,0.0
-351.30829,50,193.697547,0.0
-559.989643,50,194.674308,0.0
-748.998453,50,195.568525,0.0
-735.811719,50,196.593298,0.0
-451.879124,50,197.544269,0.0
-513.794473,50,198.49261,0.0
-577.140229,50,199.382528,0.0
-347.914611,50,206.06967,0.0
-940.71658,50,207.106104,0.0
-526.732872,50,208.098354,0.0
-340.444008,50,209.135787,0.0
-832.847995,50,210.0465,0.0
-475.616975,50,211.008451,0.0
-725.465584,50,211.94076,0.0
-207.696971,50,212.877504,0.0
-790.210101,50,213.820079,0.0
-1600.444498,50,214.810346,0.0
-761.676282,50,221.499437,0.0
-838.894747,50,222.529042,0.0
-512.855934,50,223.550162,0.0
-502.847155,50,224.463661,0.0
-338.23266,50,225.389546,0.0
-770.569235,50,226.328944,0.0
-591.648278,50,227.335516,0.0
-472.384849,50,229.132374,0.0
-1051.706917,50,230.099315,0.0
-287.116386,50,231.133671,0.0
-205.083667,50,237.943851,0.0
-578.541595,50,238.891343,0.0
-788.279082,50,239.81627,0.0
-974.201329,50,240.691182,0.0
-674.933271,50,241.56875,0.0
-399.171641,50,242.47963,0.0
-942.556646,50,243.3985,0.0
-219.235606,23,243.811859,1.0
-174.257164,50,244.85681,0.0
-431.264998,50,246.11289,0.0
-739.028961,50,247.178642,0.0
-435.415602,50,253.828709,0.0
-432.169853,50,254.795419,0.0
-566.536787,50,255.784566,0.0
-754.84622,50,256.769711,0.0
-841.818198,50,257.773603,0.0
-648.059375,50,258.835704,0.0
-838.381415,50,259.779586,0.0
-878.40235,50,260.769972,0.0
-374.860562,50,261.734807,0.0
-220.940697,41,262.559831,1.0
-353.652485,50,269.225174,0.0
-537.263729,50,271.227334,0.0
-401.818195,50,272.205176,0.0
-446.024803,50,273.28874,0.0
-701.352457,50,274.28609,0.0
-328.721627,50,275.283027,0.0
-1012.267564,50,276.277956,0.0
-223.017782,50,277.338557,0.0
-856.340596,50,278.295527,0.0
-808.042482,50,279.228648,0.0
-587.794591,50,280.227486,0.0
-795.57636,50,286.889117,0.0
-300.663893,50,287.809667,0.0
-811.373163,50,288.720523,0.0
-343.076231,50,289.725568,0.0
-250.642984,50,290.674569,0.0
-336.568465,50,291.638955,0.0
-811.03433,50,292.605914,0.0
-820.408818,50,293.578156,0.0
-811.238277,50,294.512291,0.0
-578.033698,50,295.491216,0.0
-264.548539,34,301.893934,1.0
-475.723852,50,302.960642,0.0
-288.079876,50,303.926099,0.0
-342.415065,50,304.881393,0.0
-493.761647,50,305.8283,0.0
-428.938006,50,306.792122,0.0
-387.02757,50,308.703149,0.0
-393.63381,50,309.627158,0.0
-227.879412,50,310.547787,0.0
-413.137876,50,311.432796,0.0
-539.469723,50,318.103264,0.0
-358.231377,50,319.038258,0.0
-223.269607,50,319.962832,0.0
-355.432825,50,320.887499,0.0
-595.977181,50,321.850651,0.0
-255.591558,50,322.831532,0.0
-550.118061,50,323.710793,0.0
-540.45779,50,324.717478,0.0
-260.592294,50,325.68991,0.0
-290.422923,50,326.661813,0.0
-261.785187,50,327.681628,0.0
-292.49749,50,334.316665,0.0
-583.938343,50,335.333209,0.0
-473.15172,50,336.342104,0.0
-282.046686,50,337.325182,0.0
-292.038202,50,338.296461,0.0
-305.596197,50,339.286449,0.0
-252.59167,50,340.333803,0.0
-423.805719,50,341.25841,0.0
-476.528024,50,342.247834,0.0
-304.393553,50,343.500016,0.0
-573.287595,50,351.148088,0.0
-226.308595,50,352.259865,0.0
-417.999449,50,353.357382,0.0
-285.81613,50,354.36251,0.0
-922.35962,50,355.254302,0.0
-320.002569,50,356.292519,0.0
-669.520709,50,357.205637,0.0
-256.479625,50,358.133724,0.0
-306.723517,50,359.120852,0.0
-623.044696,50,360.028511,0.0
-762.96672,50,366.709868,0.0
-657.819425,50,367.678123,0.0
-271.850305,50,368.71213,0.0
-322.670187,50,369.716077,0.0
-517.25418,50,370.623917,0.0
-377.736492,50,371.61516,0.0
-664.416357,50,372.510854,0.0
-328.396569,50,373.496199,0.0
-407.947039,50,374.531227,0.0
-525.77354,50,375.696895,0.0
-213.124519,50,382.300147,0.0
-628.818759,50,383.274374,0.0
-535.784058,50,384.207217,0.0
-598.837595,50,385.17692,0.0
-252.922218,50,386.207827,0.0
-237.088762,50,388.065906,0.0
-450.967063,50,389.116789,0.0
-468.986432,50,390.156284,0.0
-169.563262,50,391.104785,0.0
-286.602321,50,392.08505,0.0
-585.905246,50,393.006915,0.0
-179.899411,50,399.743671,0.0
-556.036851,50,400.764328,0.0
-488.69929,50,401.811554,0.0
-363.839541,50,402.761225,0.0
-266.228281,50,403.740239,0.0
-578.615177,50,404.710495,0.0
-770.680617,50,405.708035,0.0
-284.25073,50,406.668448,0.0
-883.390909,50,407.641597,0.0
-270.959129,50,408.618184,0.0
-218.641354,50,415.340203,0.0
-183.456327,30,415.908498,1.0
-42.813544,7,416.049741,1.0
-191.56611,50,417.030866,0.0
-242.035621,50,418.113522,0.0
-910.132433,50,419.073001,0.0
-136.559089,26,419.55355,1.0
-290.35168,50,420.50581,0.0
-849.648639,50,421.42548,0.0
-630.392653,50,422.528156,0.0
-407.877901,50,424.304238,0.0
-779.451808,50,425.245222,0.0
-825.783616,50,431.907958,0.0
-310.836787,50,432.90399,0.0
-444.180158,50,433.85441,0.0
-331.050012,50,434.814067,0.0
-338.881722,50,435.783842,0.0
-602.180143,50,436.692854,0.0
-736.922258,50,437.634282,0.0
-571.808116,50,438.606547,0.0
-765.86652,50,439.497697,0.0
-234.536782,50,440.575491,0.0
-528.663287,50,447.120262,0.0
-216.745157,50,448.05496,0.0
-388.624422,50,448.978348,0.0
-464.805573,50,449.923916,0.0
-504.381601,50,450.829162,0.0
-427.992366,50,451.845048,0.0
-254.058623,50,452.781741,0.0
-415.393364,50,453.75947,0.0
-532.246907,50,454.711251,0.0
-936.604011,50,455.875601,0.0
-229.614045,47,462.566722,1.0
-466.404296,50,463.530634,0.0
-789.513685,50,464.464897,0.0
-268.894372,50,466.305035,0.0
-605.785571,50,467.393446,0.0
-840.1362,50,468.38626,0.0
-255.257018,50,469.344506,1.0
-290.085855,50,470.299599,0.0
-193.726138,37,470.974556,1.0
-271.502565,50,471.908492,0.0
-214.713223,50,472.93926,0.0
-328.404598,50,479.88551,0.0
-849.851057,50,480.835686,0.0
-206.400795,50,481.792176,0.0
-571.040792,50,482.880761,0.0
-390.796932,50,483.921943,0.0
-492.9391,50,484.923407,0.0
-188.1641,50,485.975539,1.0
-375.107581,50,487.062894,0.0
-394.390366,50,488.231433,0.0
-297.56892,50,489.352597,0.0
-808.728072,50,496.097122,0.0
-481.710919,50,497.10445,0.0
-319.770199,50,498.002402,0.0
-279.399136,50,498.920658,0.0
-243.481347,50,499.878899,0.0
-281.653443,50,500.915639,0.0
-352.874034,50,501.909509,0.0
-249.664036,50,502.848942,0.0
-519.544475,50,504.872512,0.0
-561.307264,50,505.860086,0.0
-419.061633,50,512.639688,0.0
-589.522796,50,513.634064,0.0
-791.08078,50,514.553382,0.0
-426.377257,50,515.59456,0.0
-480.394171,50,516.722704,0.0
-207.150637,50,517.851315,0.0
-269.642113,50,518.844874,0.0
-641.981229,50,519.834656,0.0
-171.097253,50,520.850574,0.0
-494.392891,50,521.866783,0.0
-302.471733,50,522.82815,0.0
-672.247988,50,529.530003,0.0
-251.613064,50,530.50042,0.0
-660.357612,50,531.436415,0.0
-367.226259,50,532.357304,0.0
-748.380348,50,533.310709,0.0
-243.516704,50,534.317552,0.0
-480.364999,50,535.347531,0.0
-409.775904,50,536.310732,0.0
-479.787765,50,537.262051,0.0
-213.949356,50,538.256532,0.0
-540.759638,50,544.8651,0.0
-496.371108,50,545.851118,0.0
-891.262643,50,547.984063,0.0
-640.70433,50,549.02423,0.0
-275.47949,50,549.98503,0.0
-297.132441,50,550.948678,0.0
-278.689542,50,551.936175,0.0
-291.611223,50,552.898625,0.0
-382.334856,50,553.883669,0.0
-242.865197,50,554.844693,0.0
-634.547488,50,561.538951,0.0
-566.565046,50,562.495014,0.0
-772.115512,50,563.439577,0.0
-741.25296,50,564.370406,0.0
-436.605272,50,565.428167,0.0
-256.287976,50,566.375092,0.0
-203.285186,50,567.37257,0.0
-756.826959,50,568.310433,0.0
-380.563345,50,569.304872,0.0
-382.956044,50,570.21018,0.0
-224.795363,50,576.896344,0.0
-328.677915,50,577.941236,0.0
-154.456576,14,578.235033,1.0
-158.257695,50,579.250532,0.0
-222.323268,50,580.196323,0.0
-91.787137,15,580.485505,1.0
-431.403761,50,581.440124,0.0
-656.899396,50,582.384145,0.0
-321.181416,50,584.270329,0.0
-173.421228,50,585.240004,0.0
-315.618778,50,586.183742,0.0
-517.394614,50,587.197699,0.0
-78.292837,18,587.578059,1.0
-790.145849,50,594.215271,0.0
-886.958473,50,595.266807,0.0
-780.434351,50,596.387626,0.0
-513.692674,50,597.479981,0.0
-562.576456,50,598.551576,0.0
-256.176727,50,599.525288,0.0
-789.067048,50,600.584107,0.0
-243.626598,50,601.632121,0.0
-293.615141,50,602.602938,0.0
-297.273222,50,603.559938,0.0
-556.127572,50,610.224335,0.0
-281.753807,50,611.266506,0.0
-858.857743,50,612.298451,0.0
-234.070942,50,613.286783,0.0
-285.948981,50,614.256928,0.0
-789.846189,50,615.229459,0.0
-1256.306717,50,616.201908,0.0
-99.755151,18,616.586643,1.0
-123.17919,22,617.026484,1.0
-254.603071,42,617.834697,1.0
-343.818077,50,618.782991,0.0
-213.232199,50,625.571282,0.0
-751.285187,50,627.651174,0.0
-245.172593,50,628.579497,0.0
-882.50269,50,629.480747,0.0
-728.67573,50,630.478664,0.0
-849.843084,50,631.4277,0.0
-497.775424,50,632.504167,0.0
-344.951999,50,633.576571,0.0
-208.943515,50,634.637351,0.0
-213.844458,50,635.642472,0.0
-123.488735,30,636.292917,1.0
-91.483338,16,636.626175,1.0
-408.335799,50,643.292411,0.0
-96.86423,14,643.553771,1.0
-411.69989,50,644.522418,0.0
-226.980119,50,645.566564,0.0
-582.648264,50,646.714864,0.0
-187.305106,50,647.705518,0.0
-292.661779,50,648.691476,0.0
-335.649099,50,649.675153,0.0
-88.495876,10,649.865565,1.0
-205.691839,50,650.908982,0.0
-267.794582,50,651.932882,0.0
-705.017451,50,658.811403,0.0
-403.442755,50,659.942699,0.0
-506.433036,50,661.020908,0.0
-617.803377,50,662.003219,0.0
-205.249893,50,662.964078,0.0
-97.360163,23,663.387384,1.0
-216.718711,50,665.325811,0.0
-527.252751,50,666.438803,0.0
-213.037535,46,667.367474,1.0
-839.483116,50,668.306814,0.0
-699.904373,50,669.229936,0.0
-480.7714,50,675.835586,0.0
-42.768944,8,675.984266,1.0
-905.64211,50,676.98827,0.0
-560.128961,50,678.047018,0.0
-88.882287,19,678.408168,1.0
-525.375813,50,679.36826,0.0
-542.441298,50,680.443837,0.0
-203.859486,50,681.51622,0.0
-494.086866,50,682.674613,0.0
-541.445497,50,683.68821,0.0
-214.153443,50,684.69098,0.0
-305.378395,50,685.645188,0.0
-265.667895,50,692.318398,0.0
-301.22382,50,693.325326,0.0
-433.795788,50,694.318917,0.0
-814.863078,50,695.357047,0.0
-746.604595,50,696.305935,0.0
-194.20324,50,697.395993,0.0
-202.097256,50,698.469524,0.0
-504.585221,50,699.536225,0.0
-531.82127,50,700.61022,0.0
-479.634464,50,701.593801,0.0
-933.840925,50,709.049459,0.0
-436.976862,50,710.091706,0.0
-407.429974,50,711.063656,0.0
-484.681165,50,712.046308,0.0
-119.530558,19,712.468839,1.0
-305.630276,50,713.449365,0.0
-284.670652,50,714.476278,0.0
-256.469914,50,715.5257,0.0
-1463.622142,50,716.494349,0.0
-733.483134,50,717.60173,0.0
-239.618507,50,718.591591,0.0
-843.788785,50,725.320526,0.0
-287.355156,50,726.282533,0.0
-742.715689,50,727.230188,0.0
-353.260249,50,728.179793,0.0
-439.348354,50,729.19308,0.0
-635.439322,50,730.206064,0.0
-716.590201,50,731.344135,0.0
-659.839606,50,732.423805,0.0
-202.141788,50,733.493876,0.0
-385.116173,50,734.540399,0.0
-441.159207,50,741.291023,0.0
-661.407747,50,742.307516,0.0
-215.797815,50,743.322555,0.0
-526.201826,50,744.367435,0.0
-263.654073,50,746.258394,0.0
-595.164071,50,747.313858,0.0
-333.709092,50,748.560956,0.0
-576.813999,50,749.64943,0.0
-813.882875,50,750.662051,0.0
-368.044954,50,751.678382,0.0
-601.422157,50,752.724541,0.0
-511.989228,50,759.39095,0.0
-459.787082,50,760.444873,0.0
-531.554465,50,761.465077,0.0
-205.930173,44,762.280772,1.0
-178.473494,42,763.121858,1.0
-289.470418,50,764.079301,0.0
-248.676949,50,765.174111,0.0
-94.729263,27,765.712665,1.0
-336.85093,50,766.633465,0.0
-66.718293,8,766.802537,1.0
-111.139883,24,767.305432,1.0
-313.179045,50,768.338654,0.0
-305.45908,50,775.213685,0.0
-417.225725,50,776.140679,0.0
-240.451227,50,777.11239,0.0
-413.230988,50,778.14903,0.0
-640.41992,50,779.236477,0.0
-410.889056,50,780.268132,0.0
-278.254073,50,781.323485,0.0
-342.00635,50,782.472921,0.0
-945.962443,50,784.714239,0.0
-220.504441,50,785.838288,0.0
-406.897408,50,792.74421,0.0
-190.327939,50,793.831374,0.0
-576.950641,50,794.926383,0.0
-545.505002,50,796.005679,0.0
-180.424039,50,796.979068,0.0
-541.990616,50,798.020985,0.0
-188.743693,50,798.996247,0.0
-783.5553,50,800.071179,0.0
-387.790047,50,801.035673,0.0
-782.526383,50,801.970032,0.0
-287.113452,50,808.671536,0.0
-220.896951,50,809.611066,0.0
-728.206917,50,810.671054,0.0
-559.52617,50,811.668667,0.0
-490.509235,50,812.737982,0.0
-208.543037,50,813.676935,0.0
-624.616867,50,814.653503,0.0
-475.98927,50,815.61523,0.0
-259.042762,50,816.790135,0.0
-635.020751,50,818.051034,0.0
-467.729433,50,819.083121,0.0
-756.149995,50,825.813754,0.0
-484.394454,50,826.814986,0.0
-550.306292,50,828.902007,0.0
-413.034203,50,830.146039,0.0
-163.191979,32,830.800372,1.0
-282.17285,50,831.875621,0.0
-303.52585,50,832.851841,0.0
-473.035159,50,834.345543,0.0
-874.325493,50,835.294868,0.0
-657.468471,50,836.423506,0.0
-184.224934,50,843.238568,0.0
-56.704172,6,843.345989,1.0
-263.708134,50,844.337726,0.0
-202.164716,50,845.353232,0.0
-454.820344,50,846.391007,0.0
-322.052677,50,847.427416,0.0
-612.713382,50,848.56691,0.0
-359.077158,50,849.612157,0.0
-311.221495,50,850.568409,0.0
-594.126377,50,851.574219,0.0
-355.244529,50,852.604965,0.0
-470.990536,50,859.285471,0.0
-227.142991,50,860.194815,0.0
-908.253903,50,861.202814,0.0
-249.686508,50,862.304554,0.0
-737.768032,50,863.39213,0.0
-715.131369,50,864.386205,0.0
-36.800571,4,864.469693,1.0
-252.726924,50,865.453012,0.0
-963.008756,50,866.469269,0.0
-119.880853,33,868.190932,1.0
-230.855675,50,869.172415,0.0
-500.93656,50,870.210559,0.0
-616.140867,50,876.94252,0.0
-379.62035,50,877.963506,0.0
-389.17291,50,879.370287,0.0
-470.976962,50,880.361096,0.0
-243.47873,50,881.415488,0.0
-364.906383,50,882.471542,0.0
-753.894028,50,883.371041,0.0
-362.485394,50,884.310105,0.0
-620.196413,50,885.289567,0.0
-707.704923,50,886.234251,0.0
-489.103642,50,892.968789,0.0
-787.442594,50,893.953106,0.0
-243.782625,50,894.934371,0.0
-94.511601,15,895.220456,1.0
-210.334026,50,896.303379,0.0
-683.256366,50,897.355869,0.0
-398.124175,50,898.30719,0.0
-604.918543,50,899.369023,0.0
-239.615539,50,900.292839,0.0
-506.425464,50,901.37891,0.0
-274.742022,50,902.395882,0.0
-455.782167,50,909.26455,0.0
-255.408803,50,910.396589,0.0
-401.291662,50,912.773875,0.0
-572.353261,50,913.73482,0.0
-613.697441,50,914.847739,0.0
-234.935162,50,915.961323,0.0
-466.719021,50,917.087129,0.0
-278.906415,50,918.100342,0.0
-146.614543,50,919.102581,0.0
-318.080625,50,920.059846,0.0
-840.785839,50,926.762082,0.0
-419.849769,50,927.942512,0.0
-396.437145,50,929.102569,0.0
-73.247627,16,929.436689,1.0
-561.753235,50,930.485255,0.0
-193.29636,50,931.515998,0.0
-118.872511,27,932.102658,1.0
-717.233161,50,933.109079,0.0
-254.67137,50,934.072699,0.0
-252.928109,50,935.174794,0.0
-785.552612,50,936.187658,0.0
-133.206347,50,937.265905,0.0
-682.820596,50,944.073864,0.0
-245.959911,50,945.093834,0.0
-324.689905,50,946.145828,0.0
-515.720693,50,947.203037,0.0
-764.109923,50,948.134838,0.0
-847.358058,50,949.159212,0.0
-739.678377,50,951.233132,0.0
-848.100351,50,952.265684,0.0
-529.965892,50,953.446859,0.0
-398.38847,50,954.39907,0.0
-340.634507,50,959.906463,0.0
-414.833806,50,961.009252,0.0
-322.79047,50,962.12715,0.0
-549.053372,50,963.159131,0.0
-386.324635,50,964.145798,0.0
-713.969496,50,965.249393,0.0
-427.363519,50,966.289822,0.0
-409.1182,50,967.322122,0.0
-284.981674,50,968.394938,0.0
-895.936899,50,969.416398,0.0
-427.523059,50,972.874194,0.0
-446.793812,50,973.899022,0.0
-324.172288,50,974.965973,0.0
-204.484661,50,975.960641,0.0
-364.510401,50,976.9735,0.0
-428.148427,50,978.110723,0.0
-624.410199,50,979.202162,0.0
-789.068407,50,980.209192,0.0
-413.912231,50,981.245248,0.0
-183.025618,50,982.530097,0.0
-217.847901,50,985.956731,0.0
-550.430085,50,987.938695,0.0
-443.800802,50,988.873792,0.0
-281.734184,50,989.96159,0.0
-423.31442,50,991.08292,0.0
-299.164557,50,992.023071,0.0
-191.066303,50,992.992696,0.0
-44.519394,5,993.096301,1.0
-291.857131,50,994.16479,0.0
-51.053277,10,994.383676,1.0
-831.636191,50,995.389091,0.0
-113.799258,21,995.786749,1.0
-244.555619,50,996.817037,0.0
-446.414307,50,1000.507601,0.0
-294.91238,50,1001.524976,0.0
-216.434752,50,1002.661984,0.0
-225.171689,50,1003.649372,0.0
-866.892517,50,1004.55285,0.0
-256.451915,50,1005.63656,0.0
-411.879297,50,1006.972338,0.0
-167.099471,26,1007.557187,1.0
-232.391593,50,1008.807692,0.0
-745.02003,50,1009.893416,0.0
-140.960011,50,1010.961153,0.0
-564.929727,50,1014.361215,0.0
-370.988494,50,1015.485119,0.0
-305.603185,50,1016.665041,0.0
-74.887167,9,1016.834713,1.0
-271.173903,50,1017.878399,0.0
-188.801138,50,1020.011458,0.0
-659.383444,50,1021.082803,0.0
-650.849385,50,1022.163913,0.0
-601.279364,50,1023.100067,0.0
-464.107696,50,1024.119958,0.0
-204.354435,50,1025.191901,0.0
-518.239906,50,1029.373866,0.0
-299.586735,50,1030.458805,0.0
-119.032035,32,1031.060942,1.0
-156.926444,38,1031.746823,1.0
-781.533853,50,1032.75582,0.0
-662.915955,50,1033.774612,0.0
-330.026133,50,1034.79053,0.0
-445.103119,50,1035.853782,0.0
-373.139725,50,1036.76373,0.0
-175.517954,50,1037.752545,0.0
-200.328581,50,1038.811453,0.0
-213.529012,50,1045.754076,0.0
-216.806415,50,1046.795075,0.0
-338.56057,50,1047.761842,0.0
-672.217261,50,1048.76655,0.0
-333.392674,50,1049.797174,0.0
-612.72927,50,1050.919593,0.0
-201.49442,50,1051.956416,0.0
-83.923571,12,1052.183925,1.0
-912.190605,50,1053.299881,0.0
-171.175095,50,1054.327159,0.0
-180.292824,50,1056.474599,0.0
-719.945654,50,1063.156751,0.0
-748.34963,50,1064.094414,0.0
-580.66483,50,1065.18847,0.0
-925.49303,50,1066.128623,0.0
-216.264285,50,1067.188293,0.0
-876.088184,50,1068.190844,0.0
-150.396603,45,1069.130192,1.0
-75.54081,15,1069.440134,1.0
-333.816335,50,1070.399744,0.0
-518.838465,50,1071.462258,0.0
-286.883259,50,1072.485401,0.0
-797.597321,50,1079.243864,0.0
-879.743563,50,1080.214159,0.0
-561.077931,50,1081.278695,0.0
-469.427412,50,1082.281477,0.0
-320.050907,43,1083.206522,1.0
-191.708756,36,1084.02313,1.0
-281.796609,50,1084.998286,0.0
-326.880101,50,1086.082938,0.0
-179.643215,50,1087.199054,0.0
-258.816328,50,1088.222436,0.0
-754.588165,50,1094.877688,0.0
-503.94649,50,1095.89551,0.0
-281.45636,50,1096.915657,0.0
-878.415424,50,1097.844614,0.0
-228.857657,50,1099.969255,0.0
-158.831251,50,1101.020379,0.0
-353.658291,50,1102.044412,0.0
-1371.26475,50,1103.077493,0.0
-157.172567,34,1103.739518,1.0
-122.72962,22,1104.174657,1.0
-51.844105,7,1104.309131,1.0
-95.047957,18,1104.640276,1.0
-546.414309,50,1105.662185,0.0
-203.890375,50,1112.466557,0.0
-626.978406,50,1113.51632,0.0
-912.773602,50,1114.475584,0.0
-176.227435,50,1115.518351,0.0
-817.279774,50,1116.510075,0.0
-132.520615,50,1117.559443,0.0
-259.979641,50,1118.594223,0.0
-597.178691,50,1119.57142,0.0
-668.675885,50,1120.600703,0.0
-723.318655,50,1121.665517,0.0
-57.038165,23,1122.139282,1.0
-482.835217,50,1128.858667,0.0
-409.254878,50,1129.874795,0.0
-432.828201,50,1130.948189,0.0
-255.336894,50,1131.922967,0.0
-475.980162,50,1133.000177,0.0
-210.209018,50,1134.060865,0.0
-698.55034,50,1135.301205,0.0
-250.710186,50,1136.273774,0.0
-265.73552,50,1138.398913,0.0
-375.040772,50,1139.420485,0.0
-255.426906,50,1146.240711,0.0
-547.547101,50,1147.327505,0.0
-373.237,50,1148.496866,0.0
-96.674201,19,1148.885962,1.0
-477.287081,50,1149.965124,0.0
-154.343814,25,1150.482001,1.0
-928.366805,50,1151.425711,0.0
-298.170822,50,1152.542361,0.0
-398.842768,50,1153.565306,0.0
-580.531589,50,1154.526,0.0
-49.356988,5,1154.619799,1.0
-594.589188,50,1155.589932,0.0
-198.096138,50,1162.262075,0.0
-634.957614,50,1163.197478,0.0
-248.987632,50,1164.195249,0.0
-262.543393,50,1165.240558,0.0
-911.497616,50,1166.18596,0.0
-266.510891,50,1167.299856,0.0
-83.486145,17,1167.656238,1.0
-656.127302,50,1168.636869,0.0
-614.824809,50,1169.590425,0.0
-237.55179,50,1170.718913,0.0
-838.920933,50,1171.772882,0.0
-106.928251,29,1178.041694,1.0
-748.107808,50,1179.06954,0.0
-216.098095,50,1180.095107,0.0
-877.212119,50,1182.128727,0.0
-796.89161,50,1183.114339,0.0
-200.610867,50,1184.066413,0.0
-679.775005,50,1185.016421,0.0
-277.125743,50,1186.017224,0.0
-230.268763,50,1186.974365,0.0
-211.216839,50,1188.042428,0.0
-95.569313,15,1188.372941,1.0
-427.968191,50,1195.139434,0.0
-597.243441,50,1196.183824,0.0
-226.418586,50,1197.174465,0.0
-528.702877,50,1198.211888,0.0
-491.638434,50,1199.361673,0.0
-102.161348,13,1199.642822,1.0
-220.003297,50,1200.694488,0.0
-471.650698,50,1201.769163,0.0
-808.936283,50,1202.878606,0.0
-136.302155,24,1203.381536,1.0
-525.117413,50,1204.391183,0.0
-308.455221,50,1205.523136,0.0
-381.278585,50,1212.435386,0.0
-517.208627,50,1213.543242,0.0
-141.374047,50,1214.49703,0.0
-518.138837,50,1215.4382,0.0
-116.938314,18,1215.802337,1.0
-553.861381,50,1216.930608,0.0
-769.622621,50,1218.091541,0.0
-531.794281,50,1219.245864,0.0
-514.980598,50,1221.231463,0.0
-805.887453,50,1222.244796,0.0
-605.122983,50,1223.273402,0.0
-154.336062,47,1229.909918,1.0
-549.157594,50,1230.939783,0.0
-232.045457,50,1232.030381,0.0
-547.616399,50,1233.138701,0.0
-571.55948,50,1234.171361,0.0
-240.467856,50,1235.284575,0.0
-518.155201,50,1236.416983,0.0
-91.637586,21,1236.826668,1.0
-201.666137,50,1237.811845,0.0
-176.925331,50,1238.831462,0.0
-342.91141,50,1239.893839,0.0
-199.728406,50,1246.602538,0.0
-471.576704,50,1247.765182,0.0
-100.816222,16,1248.108451,1.0
-1952.536008,50,1249.105024,0.0
-178.067035,50,1250.089888,0.0
-146.191838,50,1251.219979,0.0
-187.646423,50,1252.222992,0.0
-288.430384,50,1253.186952,0.0
-794.745847,50,1254.127786,0.0
-922.411838,50,1255.065843,0.0
-198.982002,50,1256.049243,0.0
-87.874238,30,1262.372581,1.0
-85.741546,8,1262.537086,1.0
-218.798753,50,1264.348879,0.0
-800.805757,50,1265.341408,0.0
-22.754346,6,1265.456853,1.0
-570.65849,50,1266.646107,0.0
-518.921651,50,1267.663116,0.0
-441.109267,50,1268.650952,0.0
-94.259657,16,1268.981045,1.0
-272.086165,50,1269.956056,0.0
-267.525694,50,1270.962835,0.0
-543.17563,50,1271.981348,0.0
-301.892209,50,1273.018293,0.0
-691.032314,50,1279.813908,0.0
-611.676382,50,1280.84139,0.0
-915.488077,50,1281.878974,0.0
-743.403997,50,1282.902097,0.0
-885.659118,50,1283.978382,0.0
-129.53896,27,1284.520149,1.0
-884.297509,50,1285.703521,0.0
-86.856556,24,1286.20153,1.0
-166.578705,50,1287.260452,0.0
-244.743881,50,1288.328372,0.0
-759.743333,50,1289.35304,0.0
-355.465568,50,1296.104819,0.0
-728.870442,50,1297.003266,0.0
-903.35323,50,1297.947925,0.0
-439.481858,50,1298.937813,0.0
-547.448401,50,1299.956776,0.0
-274.46482,50,1301.07026,0.0
-552.388197,50,1303.179566,0.0
-244.950005,50,1304.199678,0.0
-190.72217,50,1305.305404,0.0
-721.302197,50,1306.393931,0.0
-914.130297,50,1313.067303,0.0
-152.759389,50,1314.05306,0.0
-360.34101,50,1314.991791,0.0
-371.175367,50,1316.297717,0.0
-506.148598,50,1317.348899,0.0
-119.071535,20,1317.760698,1.0
-485.072833,50,1318.763973,0.0
-819.317111,50,1319.765122,0.0
-252.039128,50,1320.721598,0.0
-550.434859,50,1321.752026,0.0
-893.457441,50,1322.693922,0.0
-531.51278,50,1329.462278,0.0
-132.311515,27,1330.051955,1.0
-274.366688,50,1331.069204,0.0
-701.689868,50,1332.11608,0.0
-590.809504,50,1333.080585,0.0
-391.294246,50,1334.123682,0.0
-454.506174,50,1335.130915,0.0
-671.571919,50,1336.090758,0.0
-557.372422,50,1337.212108,0.0
-79.067666,17,1337.563667,1.0
-117.486339,50,1338.605145,0.0
-184.409828,30,1339.239641,1.0
-203.173113,50,1347.264634,0.0
-189.935629,50,1348.371419,0.0
-583.590597,50,1349.445989,0.0
-495.327463,50,1350.45761,0.0
-308.097159,50,1351.501581,0.0
-106.0293,11,1351.73329,1.0
-203.712609,50,1352.702258,0.0
-470.681127,50,1353.690946,0.0
-660.274217,50,1354.755906,0.0
-325.096589,50,1355.796583,0.0
-487.161066,50,1357.036259,0.0
-203.326451,50,1363.660282,0.0
-510.708533,50,1364.667295,0.0
-173.671156,45,1365.594614,1.0
-426.305306,50,1366.679712,0.0
-200.36735,50,1367.708104,0.0
-101.035221,13,1367.982113,1.0
-181.675873,50,1368.974593,0.0
-538.506609,50,1370.035395,0.0
-63.582679,23,1370.544934,1.0
-233.052745,50,1371.50399,0.0
-923.469185,50,1372.483299,0.0
-43.178635,5,1372.578706,1.0
-892.518345,50,1379.193735,0.0
-263.655905,50,1380.28418,0.0
-897.909138,50,1381.370409,0.0
-538.201388,50,1382.356064,0.0
-294.114507,50,1383.29424,0.0
-347.904519,50,1385.304167,0.0
-98.156498,26,1385.823359,1.0
-62.120074,17,1386.142385,1.0
-344.501167,50,1387.124456,0.0
-581.822347,50,1388.134784,0.0
-226.36364,50,1389.285393,0.0
-533.201632,50,1390.310338,0.0
-260.057346,50,1396.945329,0.0
-275.177891,50,1397.954475,0.0
-88.224776,18,1398.332022,1.0
-163.120861,36,1399.05297,1.0
-263.284345,50,1400.070211,0.0
-274.805291,50,1401.055432,0.0
-181.528791,50,1402.035377,0.0
-82.93056,18,1402.371696,1.0
-144.752175,50,1403.429647,0.0
-883.841317,50,1404.481136,0.0
-187.634859,50,1405.483335,0.0
-556.385473,50,1412.20204,0.0
-263.113448,50,1413.260516,0.0
-465.912224,50,1414.356029,0.0
-427.285097,50,1415.410167,0.0
-473.633274,50,1416.497132,0.0
-250.939176,50,1417.49662,0.0
-642.483079,50,1418.487357,0.0
-181.365817,50,1419.525522,0.0
-389.825995,50,1420.567,0.0
-48.77878,11,1420.797632,1.0
-535.861949,50,1422.79401,0.0
-141.441863,50,1429.578001,0.0
-543.283317,50,1430.55796,0.0
-483.131202,50,1431.624889,0.0
-702.064401,50,1432.642559,0.0
-195.675202,50,1433.642325,0.0
-211.340113,50,1434.564607,0.0
-521.51703,50,1435.553293,0.0
-134.369985,50,1436.569215,0.0
-239.816983,50,1437.612662,0.0
-238.662914,50,1438.616621,0.0
-1210.21922,50,1439.575696,0.0
-322.422345,50,1446.337505,0.0
-196.018482,50,1447.308264,0.0
-320.825994,50,1448.242022,0.0
-154.127327,50,1449.301713,0.0
-224.78619,50,1450.260872,0.0
-857.59674,50,1451.262681,0.0
-538.854001,50,1452.38067,0.0
-781.83948,50,1453.319577,0.0
-180.751262,50,1454.297926,0.0
-586.823551,50,1455.40912,0.0
-523.950082,50,1462.108091,0.0
-641.492193,50,1463.233064,0.0
-515.267578,50,1464.221746,0.0
-670.084277,50,1466.119004,0.0
-72.431707,11,1466.33483,1.0
-654.782659,50,1467.410598,0.0
-736.484281,50,1468.500676,0.0
-107.973642,24,1469.062732,1.0
-378.295599,50,1470.245287,0.0
-339.140298,50,1471.27317,0.0
-402.953619,50,1472.280045,0.0
-317.981646,50,1478.977844,0.0
-451.256925,50,1479.977705,0.0
-840.067679,50,1480.954979,0.0
-244.798008,50,1481.972243,0.0
-145.9796,50,1482.987173,0.0
-203.685386,50,1484.03545,0.0
-364.038477,50,1485.069861,0.0
-608.285037,50,1486.209255,0.0
-261.398383,50,1487.198589,0.0
-934.768909,50,1488.1965,0.0
-169.144127,50,1489.143434,0.0
-631.615565,50,1495.849355,0.0
-702.305089,50,1496.787569,0.0
-286.883612,50,1497.805098,0.0
-656.113188,50,1498.95735,0.0
-369.053841,50,1499.923557,0.0
-392.744856,50,1501.023771,0.0
-641.01112,50,1502.037575,0.0
-862.496198,50,1502.975073,0.0
-21.867025,3,1503.037309,1.0
-136.19582,50,1505.033589,0.0
-296.264006,50,1506.121131,0.0
-199.860137,50,1512.784775,0.0
-46.766432,6,1512.900983,1.0
-150.586755,50,1513.895955,0.0
-339.694497,50,1514.877772,0.0
-236.535999,50,1515.990831,0.0
-131.830665,30,1516.704408,1.0
-806.402737,50,1517.763817,0.0
-689.1949,50,1518.878612,0.0
-233.265603,50,1519.986622,0.0
-205.964878,50,1521.06369,0.0
-752.099874,50,1522.030735,0.0
-483.306167,50,1528.71509,0.0
-261.123946,50,1529.77529,0.0
-752.277302,50,1530.687076,0.0
-908.649336,50,1531.667541,0.0
-347.399356,50,1532.625335,0.0
-495.08275,50,1533.971098,0.0
-186.991447,50,1534.965973,0.0
-810.00699,50,1535.933401,0.0
-947.070685,50,1536.903252,0.0
-324.329858,50,1538.090356,0.0
-286.140634,50,1539.126546,0.0
-506.144033,50,1545.869392,0.0
-278.897787,50,1546.981149,0.0
-88.229966,18,1548.550785,1.0
-300.962312,50,1549.575389,0.0
-556.431718,50,1550.671028,0.0
-44.495446,6,1550.79985,1.0
-181.090847,50,1551.922175,0.0
-446.711807,50,1552.981846,0.0
-841.565191,50,1553.940562,0.0
-205.297068,50,1554.929208,0.0
-768.246043,50,1555.955049,0.0
-129.140839,21,1556.412386,1.0
-692.82573,50,1563.14725,0.0
-250.26832,50,1564.239149,0.0
-245.863181,50,1565.262639,0.0
-1156.053428,50,1566.298855,0.0
-176.611559,50,1567.345461,0.0
-57.856845,11,1567.565787,1.0
-448.673758,50,1568.497467,0.0
-607.888815,50,1569.556889,0.0
-289.4329,50,1570.551371,0.0
-274.26619,50,1571.625453,0.0
-452.027775,50,1572.767925,0.0
-189.010836,41,1579.362729,1.0
-315.518597,50,1580.510863,0.0
-253.368935,50,1581.528824,0.0
-423.66017,50,1582.555373,0.0
-935.585783,50,1583.534473,0.0
-641.940571,50,1584.520593,0.0
-54.22272,14,1584.81451,1.0
-396.921347,50,1585.808513,0.0
-421.434612,50,1587.90399,0.0
-907.057882,50,1588.910042,0.0
-63.836639,20,1589.323529,1.0
-135.445372,19,1589.692174,1.0
-191.732488,50,1596.373578,0.0
-465.816703,50,1597.312757,0.0
-588.870132,50,1598.369498,0.0
-397.546297,50,1599.412152,0.0
-648.544896,50,1600.522748,0.0
-207.170742,50,1601.458301,0.0
-639.614716,50,1602.407477,0.0
-104.2643,21,1602.857929,1.0
-325.80637,50,1604.000826,0.0
-187.337884,50,1604.99719,0.0
-263.984482,50,1606.169421,0.0
-901.570445,50,1612.969907,0.0
-90.150625,28,1613.584997,1.0
-279.164901,50,1614.66825,0.0
-544.283143,50,1615.732585,0.0
-612.142966,50,1616.946697,0.0
-818.128391,50,1617.95109,0.0
-76.883995,8,1618.113211,1.0
-163.351547,26,1618.668012,1.0
-143.691001,50,1619.77793,0.0
-905.44759,50,1620.800938,0.0
-122.97116,33,1621.442264,1.0
-393.574878,50,1622.418336,0.0
-273.238966,50,1623.426214,0.0
-298.529862,50,1630.134571,0.0
-367.330276,50,1632.122858,0.0
-139.10658,24,1632.595585,1.0
-185.977446,50,1633.520833,0.0
-86.488744,7,1633.653206,1.0
-345.23441,50,1634.772838,0.0
-79.373925,19,1635.177031,1.0
-923.779024,50,1636.184788,0.0
-300.421434,50,1637.119815,0.0
-147.737123,50,1638.079492,0.0
-470.280166,50,1639.123577,0.0
-764.029897,50,1640.093725,0.0
-858.264328,50,1646.723032,0.0
-237.291098,50,1647.746747,0.0
-260.921292,50,1648.728304,0.0
-404.647506,50,1649.813977,0.0
-288.074783,50,1650.864572,0.0
-666.081445,50,1651.906378,0.0
-425.284385,50,1652.941755,0.0
-534.217187,50,1653.939859,0.0
-204.852333,50,1655.032382,0.0
-315.103197,50,1656.032504,0.0
-193.070608,50,1662.77776,0.0
-155.31876,50,1663.818088,0.0
-594.516152,50,1665.054013,0.0
-495.315396,50,1666.276174,0.0
-326.351038,50,1667.646708,0.0
-252.6833,50,1668.617082,0.0
-636.476472,50,1670.584255,0.0
-370.286152,50,1671.634945,0.0
-104.565233,12,1671.891614,1.0
-690.101487,50,1672.895563,0.0
-68.794088,13,1673.168027,1.0
-631.325433,50,1674.283377,0.0
-255.498048,50,1681.001884,0.0
-98.233346,26,1681.513885,1.0
-585.459681,50,1682.556302,0.0
-166.231849,50,1683.604537,0.0
-622.658787,50,1684.607944,0.0
-240.038345,50,1685.596378,0.0
-667.379669,50,1686.544683,0.0
-20.442758,5,1686.643683,1.0
-774.78844,50,1687.738332,0.0
-74.355089,17,1688.117957,1.0
-510.682454,50,1689.264824,0.0
-192.718152,47,1690.346039,1.0
-654.33462,50,1697.164133,0.0
-929.825224,50,1698.14402,0.0
-638.600871,50,1699.284666,0.0
-757.628649,50,1700.414929,0.0
-474.242828,50,1701.662343,0.0
-550.861341,50,1702.812571,0.0
-141.25799,36,1703.547548,1.0
-652.853737,50,1704.563093,0.0
-283.268511,50,1705.582108,0.0
-706.306094,50,1706.566227,0.0
-799.691131,50,1708.45828,0.0
-638.765487,50,1715.051228,0.0
-493.684013,50,1716.279691,0.0
-201.98974,50,1717.287985,0.0
-473.162868,50,1718.370247,0.0
-342.080314,50,1719.459752,0.0
-677.397676,50,1720.514507,0.0
-405.488656,50,1721.51176,0.0
-795.310756,50,1722.437746,0.0
-220.811283,50,1723.380842,0.0
-172.045937,49,1724.354924,1.0
-737.975998,50,1731.213327,0.0
-662.255855,50,1732.411617,0.0
-872.079534,50,1733.421757,0.0
-561.908287,50,1734.436291,0.0
-229.365535,50,1735.463779,0.0
-679.943718,50,1736.498282,0.0
-159.592374,42,1737.397174,1.0
-270.218989,50,1738.409532,0.0
-76.241932,7,1738.558281,1.0
-594.401664,50,1739.729662,0.0
-691.144401,50,1740.797498,0.0
-710.320851,50,1747.434703,0.0
-219.783217,50,1748.502321,0.0
-148.681649,50,1749.593098,0.0
-206.269681,50,1750.825212,0.0
-743.392492,50,1752.853384,0.0
-106.375301,33,1753.500633,1.0
-280.493705,50,1754.486273,0.0
-214.461515,50,1755.623904,0.0
-154.735512,50,1756.68358,0.0
-736.82903,50,1757.666371,0.0
-39.579845,7,1757.808478,1.0
-179.105892,50,1758.824787,0.0
-562.856146,50,1765.569569,0.0
-749.422956,50,1766.868162,0.0
-584.296256,50,1768.040215,0.0
-429.511526,50,1769.008414,0.0
-628.734632,50,1770.169773,0.0
-256.341995,50,1771.380368,0.0
-47.732181,8,1771.559114,1.0
-594.985319,50,1772.629178,0.0
-131.191332,26,1773.176395,1.0
-56.6583,8,1773.341263,1.0
-568.370742,50,1774.307026,0.0
-135.119028,21,1774.736658,1.0
-332.771493,50,1775.670387,0.0
-422.162131,50,1782.255166,0.0
-253.112233,50,1783.193331,0.0
-540.124288,50,1784.137723,0.0
-353.840484,50,1785.222427,0.0
-221.178209,50,1786.289125,0.0
-105.799091,28,1786.961896,1.0
-485.566455,50,1788.034734,0.0
-741.656913,50,1788.995921,0.0
-254.53063,50,1790.008097,0.0
-493.344892,50,1792.097467,0.0
-428.319046,50,1798.820067,0.0
-573.249186,50,1799.746133,0.0
-683.478676,50,1800.708464,0.0
-238.235782,50,1801.758377,0.0
-180.484008,50,1802.70241,0.0
-154.625497,50,1803.6813,0.0
-236.8793,50,1804.678946,0.0
-818.871047,50,1805.793206,0.0
-552.632376,50,1806.821741,0.0
-372.740383,50,1807.974728,0.0
-414.169931,50,1814.727625,0.0
-541.838118,50,1815.754408,0.0
-818.771609,50,1816.740853,0.0
-260.394773,50,1817.735138,0.0
-293.222096,50,1818.786788,0.0
-617.045087,50,1819.933367,0.0
-464.571116,50,1821.00967,0.0
-424.327634,50,1822.138509,0.0
-245.138035,50,1823.153111,0.0
-867.439601,50,1824.416604,0.0
-848.181098,50,1825.572509,0.0
-471.596613,50,1832.291181,0.0
-294.760429,50,1833.474579,0.0
-223.974555,50,1834.48448,0.0
-494.622713,50,1836.642063,0.0
-186.27094,50,1837.846736,0.0
-491.374702,50,1839.015885,0.0
-619.885207,50,1839.973178,0.0
-41.075481,6,1840.093977,1.0
-431.355193,50,1841.234895,0.0
-615.273533,50,1842.196407,0.0
-547.92791,50,1843.196377,0.0
-752.737727,50,1849.913363,0.0
-749.212941,50,1850.932623,0.0
-614.025697,50,1851.94645,0.0
-400.4006,50,1852.910968,0.0
-512.813851,50,1853.871455,0.0
-52.432072,5,1853.970149,1.0
-629.351363,50,1854.978495,0.0
-221.669409,50,1856.020577,0.0
-720.727666,50,1856.972448,0.0
-2740.747448,50,1857.948372,0.0
-148.799305,46,1858.863048,1.0
-174.90462,50,1865.655807,0.0
-302.50035,50,1866.626755,0.0
-629.358498,50,1867.641119,0.0
-144.279322,50,1868.647515,0.0
-152.392924,50,1869.804472,0.0
-254.023743,50,1870.755211,0.0
-258.439005,50,1871.813355,0.0
-850.021957,50,1872.781919,0.0
-831.162141,50,1874.749887,0.0
-137.5679,50,1875.764661,0.0
-778.227085,50,1882.455333,0.0
-253.95798,50,1883.541443,0.0
-646.026127,50,1884.537022,0.0
-664.705818,50,1885.482245,0.0
-644.301165,50,1886.455146,0.0
-379.669967,50,1887.47394,0.0
-196.074708,50,1888.572196,0.0
-206.080158,50,1889.558943,0.0
-709.214349,50,1890.529161,0.0
-73.514954,19,1890.920396,1.0
-822.119509,50,1891.968918,0.0
-44.938247,7,1892.125075,1.0
-598.524631,50,1898.969932,0.0
-629.524891,50,1899.980041,0.0
-731.920863,50,1901.057009,0.0
-341.05635,50,1902.17358,0.0
-218.566228,50,1903.247319,0.0
-721.741039,50,1904.263811,0.0
-171.110847,50,1905.3442,0.0
-237.433754,50,1906.466591,0.0
-767.018396,50,1907.443429,0.0
-80.985946,24,1907.927624,1.0
-143.453396,44,1908.794928,1.0
-511.542788,50,1915.543345,0.0
-275.301243,50,1916.669689,0.0
-215.054803,50,1918.754149,0.0
-500.42602,50,1919.746123,0.0
-306.37523,50,1920.763175,0.0
-302.83471,50,1921.768513,0.0
-211.42641,50,1922.818569,0.0
-396.284097,50,1923.780836,0.0
-469.124149,50,1924.852566,0.0
-877.978087,50,1925.856602,0.0
-93.916266,17,1926.197633,1.0
-825.453429,50,1932.855398,0.0
-233.455453,50,1933.859341,0.0
-266.309145,50,1934.905489,0.0
-242.273918,50,1935.83838,0.0
-174.198729,50,1936.817596,0.0
-717.449425,50,1937.725627,0.0
-184.99986,50,1938.696545,0.0
-624.756029,50,1939.739534,0.0
-796.434697,50,1940.722244,0.0
-771.270718,50,1941.755452,0.0
-496.136068,50,1948.511364,0.0
-217.560833,50,1949.512836,0.0
-285.492997,50,1950.587918,0.0
-186.591364,50,1951.619833,0.0
-288.387082,50,1952.954177,0.0
-575.611044,50,1954.03363,0.0
-380.805262,50,1955.904894,0.0
-632.301145,50,1956.848381,0.0
-634.462283,50,1957.764573,0.0
-539.66449,50,1958.764891,0.0
-199.8593,50,1965.374263,0.0
-265.950822,50,1966.310134,0.0
-669.273463,50,1967.297398,0.0
-284.627598,50,1968.33399,0.0
-202.113535,50,1969.365675,0.0
-907.410353,50,1970.376106,0.0
-630.423033,50,1971.442673,0.0
-193.528348,50,1972.479835,0.0
-305.12374,50,1973.480487,0.0
-478.525056,50,1974.612543,0.0
-572.739601,50,1981.336667,0.0
-642.618022,50,1982.338401,0.0
-878.809044,50,1983.320205,0.0
-157.312382,50,1984.286413,0.0
-136.409722,50,1985.417403,0.0
-703.871433,50,1986.560424,0.0
-102.228334,27,1987.255734,1.0
-114.267278,38,1988.052494,1.0
-503.983881,50,1989.129509,0.0
-580.548391,50,1990.174515,0.0
-107.000331,43,1991.103024,1.0
-756.845998,50,1992.096536,0.0
-464.832765,50,1999.646903,0.0
-180.28183,50,2000.699191,0.0
-543.789505,50,2001.739155,0.0
-142.946178,50,2002.830217,0.0
-917.612037,50,2003.81564,0.0
-172.990723,50,2004.936764,0.0
-654.285691,50,2006.012298,0.0
-152.075188,50,2007.015607,0.0
-784.443937,50,2008.023598,0.0
-72.7132,17,2008.406457,1.0
-461.933359,50,2015.148785,0.0
-494.031743,50,2016.26843,0.0
-158.893078,50,2017.34381,0.0
-250.327007,50,2018.318484,0.0
-278.842975,50,2019.310391,0.0
-520.355546,50,2020.384189,0.0
-671.531586,50,2021.391446,0.0
-503.044096,50,2022.512533,0.0
-91.327896,18,2022.883447,1.0
-171.57941,50,2023.876016,0.0
-225.302452,50,2024.802892,0.0
-644.762525,50,2031.457673,0.0
-106.874244,43,2032.358046,1.0
-491.302294,50,2033.67516,0.0
-237.193748,50,2034.669051,0.0
-215.595186,50,2035.688723,0.0
-342.964079,50,2036.658031,0.0
-160.717574,27,2038.136422,1.0
-375.44198,50,2039.174871,0.0
-905.878272,50,2040.159606,0.0
-104.697769,17,2040.476639,1.0
-266.951408,50,2041.631272,0.0
-311.818719,50,2042.6808,0.0
-931.827475,50,2049.484234,0.0
-187.891256,50,2050.523877,0.0
-129.418117,28,2051.101193,1.0
-633.794779,50,2052.128737,0.0
-155.953272,50,2053.078062,1.0
-772.400709,50,2054.173566,0.0
-113.482816,30,2054.786591,1.0
-314.962429,50,2055.778594,0.0
-154.172886,50,2056.96956,0.0
-394.354301,50,2058.16171,0.0
-191.483915,50,2059.436936,0.0
-193.922343,50,2066.157475,0.0
-460.153908,50,2067.263332,0.0
-317.155344,50,2068.41075,0.0
-543.471593,50,2069.417336,0.0
-153.550806,29,2070.027035,1.0
-218.399251,50,2071.159622,0.0
-219.52552,50,2072.192203,0.0
-161.786361,50,2073.23013,0.0
-511.742972,50,2074.241082,0.0
-798.505289,50,2075.257553,0.0
-699.879926,50,2077.086224,0.0
-495.79823,50,2083.889587,0.0
-352.095201,50,2085.019161,0.0
-539.402148,50,2086.197921,0.0
-113.391598,35,2086.895994,1.0
-375.602611,50,2087.992777,0.0
-461.761919,50,2088.977111,0.0
-907.084946,50,2089.957703,0.0
-238.86027,50,2091.019979,0.0
-150.925811,50,2092.033331,0.0
-610.11629,50,2093.073137,0.0
-769.629288,50,2099.78138,0.0
-123.017479,24,2100.282976,1.0
-174.537511,42,2101.111192,1.0
-98.772326,28,2101.681252,1.0
-558.726747,50,2102.671782,0.0
-734.169692,50,2103.650532,0.0
-205.069521,50,2104.940148,0.0
-123.217071,30,2105.775266,1.0
-314.126728,50,2106.737638,0.0
-48.945499,8,2106.878447,1.0
-831.861674,50,2107.871461,0.0
-204.259038,50,2108.949949,0.0
-173.849356,50,2110.107599,0.0
-552.275137,50,2116.836695,0.0
-665.431172,50,2117.839025,0.0
-784.151771,50,2118.820476,0.0
-148.157777,31,2119.457879,1.0
-188.956714,50,2121.743199,0.0
-222.708103,50,2122.752414,0.0
-300.99134,50,2123.774834,0.0
-811.52852,50,2124.862334,0.0
-84.51792,21,2125.305724,1.0
-76.473937,11,2125.516367,1.0
-175.879026,50,2126.451249,0.0
-338.221332,50,2127.527627,0.0
-184.76233,50,2134.111152,0.0
-239.430059,50,2135.28814,0.0
-704.986544,50,2136.263442,0.0
-552.565011,50,2137.234786,0.0
-193.014826,50,2138.198951,0.0
-132.586705,50,2139.193036,0.0
-136.832075,50,2140.219021,0.0
-851.544521,50,2141.195213,0.0
-659.225476,50,2142.145379,0.0
-893.695159,50,2143.221017,0.0
-233.404009,50,2149.87871,0.0
-300.326717,50,2150.865915,0.0
-467.932717,50,2151.856394,0.0
-169.687385,50,2152.911953,0.0
-272.788902,50,2153.981644,0.0
-671.876961,50,2155.013393,0.0
-170.828988,37,2155.74676,1.0
-892.564166,50,2156.808615,0.0
-273.653283,50,2157.897773,0.0
-515.721537,50,2159.882229,0.0
-695.303815,50,2166.537649,0.0
-263.360996,50,2167.488543,0.0
-319.819749,50,2168.489592,0.0
-532.142813,50,2169.559912,0.0
-733.090944,50,2170.576842,0.0
-349.285709,50,2171.609638,0.0
-783.406048,50,2172.61052,0.0
-441.588541,50,2173.577162,0.0
-256.549297,50,2174.57559,0.0
-42.117306,5,2174.677809,1.0
-489.22572,50,2175.683088,0.0
-280.060903,50,2176.664912,0.0
-519.769832,50,2183.440282,0.0
-138.12426,21,2183.906866,1.0
-695.264223,50,2184.964556,0.0
-720.204864,50,2185.97498,0.0
-290.287723,50,2186.940788,0.0
-840.045297,50,2187.931105,0.0
-413.721031,50,2188.963755,0.0
-217.59375,50,2189.989815,0.0
-469.306533,50,2191.019473,0.0
-89.033607,15,2191.317569,1.0
-386.165769,50,2192.311003,0.0
-70.637087,22,2192.768858,1.0
-317.32236,50,2199.466907,0.0
-641.373686,50,2200.685283,0.0
-90.207843,16,2201.048912,1.0
-663.022336,50,2202.961255,0.0
-478.426056,50,2203.947886,0.0
-384.821097,50,2204.935484,0.0
-281.417903,50,2205.918392,0.0
-161.185111,50,2206.957576,0.0
-175.369031,50,2208.001925,0.0
-156.910145,50,2208.93389,0.0
-562.351898,50,2209.985747,0.0
-29.678812,6,2215.745765,1.0
-671.507719,50,2216.916673,0.0
-348.29208,50,2217.930695,0.0
-125.88228,50,2218.940202,0.0
-91.706878,26,2219.477166,1.0
-571.911354,50,2220.450612,0.0
-449.504032,50,2221.540941,0.0
-142.048903,50,2222.513735,0.0
-641.207424,50,2223.51491,0.0
-655.102038,50,2224.518544,0.0
-917.628196,50,2225.449982,0.0
-75.187973,8,2225.640919,1.0
-159.588382,50,2232.294073,0.0
-140.994413,50,2233.317691,0.0
-289.09949,50,2234.345064,0.0
-137.895778,50,2235.461135,0.0
-212.703365,50,2236.450443,0.0
-789.039917,50,2237.367163,0.0
-86.52072,8,2237.535181,1.0
-852.338292,50,2238.605748,0.0
-194.321368,50,2240.640368,0.0
-78.08477,23,2241.064285,1.0
-749.603229,50,2242.076937,0.0
-96.618987,20,2242.496384,1.0
-618.680281,50,2249.308527,0.0
-889.215039,50,2250.360814,0.0
-145.46799,37,2251.06344,1.0
-319.1032,50,2251.989331,0.0
-38.194256,9,2252.179914,1.0
-350.228804,50,2253.349574,0.0
-619.019713,50,2254.351043,0.0
-417.1507,50,2255.340569,0.0
-130.187558,50,2256.387856,0.0
-927.082731,50,2257.401774,0.0
-692.720692,50,2258.454001,0.0
-666.282917,50,2259.801749,0.0
-296.487567,50,2266.409665,0.0
-227.628381,50,2267.526338,0.0
-193.183503,50,2268.575665,0.0
-577.145419,50,2269.512058,0.0
-210.41294,50,2270.601124,0.0
-449.75649,50,2271.708938,0.0
-796.0164,50,2272.708951,0.0
-106.663691,18,2273.052518,1.0
-120.882542,22,2273.495757,1.0
-169.949053,50,2274.538649,0.0
-462.993117,50,2275.48806,0.0
-551.526875,50,2282.269233,0.0
-227.769227,50,2283.422963,0.0
-828.527615,50,2285.105784,0.0
-557.865425,50,2286.169136,0.0
-271.103584,50,2287.185258,0.0
-106.486391,36,2287.927017,1.0
-116.346504,29,2288.569577,1.0
-88.797074,24,2289.141566,1.0
-64.878935,11,2289.383299,1.0
-230.125336,50,2290.344813,0.0
-802.274877,50,2291.36098,0.0
-520.187731,50,2292.544602,0.0
-157.651605,50,2299.233198,0.0
-385.741186,50,2300.27605,0.0
-326.749488,50,2301.328041,0.0
-177.37345,50,2302.332806,0.0
-817.861007,50,2303.292883,0.0
-96.967547,11,2303.514092,1.0
-154.234007,43,2304.409456,1.0
-279.455808,50,2305.528216,0.0
-106.121824,37,2306.208579,1.0
-634.749474,50,2307.177775,0.0
-180.322677,50,2308.197971,0.0
-766.354265,50,2309.159323,0.0
-369.759395,50,2315.811836,0.0
-660.188223,50,2316.822295,0.0
-827.937153,50,2317.89531,0.0
-500.465163,50,2318.958003,0.0
-533.017786,50,2320.036673,0.0
-484.518855,50,2321.081525,0.0
-135.919602,30,2322.413246,1.0
-85.009785,32,2323.045204,1.0
-131.714048,50,2324.13356,0.0
-500.161873,50,2325.283303,0.0
-671.098383,50,2326.394713,0.0
-634.228324,50,2333.179272,0.0
-572.621304,50,2334.171617,0.0
-195.179374,50,2335.25454,0.0
-80.683326,30,2335.950238,1.0
-667.114883,50,2337.007945,0.0
-359.506412,50,2338.253653,0.0
-803.642521,50,2339.326003,0.0
-722.599672,50,2340.380504,0.0
-89.562727,15,2340.649073,1.0
-780.723741,50,2341.633949,0.0
-487.051682,50,2342.737778,0.0
-363.073677,50,2349.47292,0.0
-148.383643,31,2350.129373,1.0
-236.373434,50,2351.162228,0.0
-741.666767,50,2352.236163,0.0
-527.486339,50,2353.319014,0.0
-471.643469,50,2354.253962,0.0
-139.396428,50,2355.31412,0.0
-541.075632,50,2356.495543,0.0
-558.954248,50,2357.543139,0.0
-545.477361,50,2358.738168,0.0
-190.698385,50,2359.893411,0.0
-607.989288,50,2367.481847,0.0
-322.937746,50,2368.540346,0.0
-140.009223,50,2369.677689,0.0
-605.886228,50,2370.679883,0.0
-638.693991,50,2371.787452,0.0
-729.317538,50,2372.830904,0.0
-147.31097,50,2373.875124,0.0
-86.97155,22,2374.358248,1.0
-738.535823,50,2375.50305,0.0
-233.056241,50,2376.667344,0.0
-736.381186,50,2383.279754,0.0
-446.016115,50,2384.337333,0.0
-280.633941,50,2385.309822,0.0
-166.220513,50,2386.311548,0.0
-120.111282,39,2387.047028,1.0
-456.887895,50,2388.218878,0.0
-526.842692,50,2389.202898,0.0
-645.184346,50,2390.124167,0.0
-232.911457,50,2391.16375,0.0
-145.724879,35,2391.827128,1.0
-877.940354,50,2392.778743,0.0
-869.202121,50,2399.449631,0.0
-155.283495,50,2400.524192,0.0
-219.616989,50,2401.647316,0.0
-790.685613,50,2402.688518,0.0
-317.823319,50,2403.719717,0.0
-550.120233,50,2405.700969,0.0
-527.95951,50,2406.815474,0.0
-659.813396,50,2407.822064,0.0
-305.505885,50,2408.721473,0.0
-896.565915,50,2409.683179,0.0
-424.991436,50,2416.374311,0.0
-103.755163,19,2416.754846,1.0
-911.124644,50,2417.857378,0.0
-256.772532,50,2418.890038,0.0
-198.836909,50,2419.92293,0.0
-169.779131,50,2420.923853,0.0
-671.747731,50,2421.913028,0.0
-194.863749,50,2422.861889,0.0
-635.741156,50,2423.869084,0.0
-583.64432,50,2424.80034,0.0
-638.913734,50,2425.894004,0.0
-644.100179,50,2432.627558,0.0
-429.781666,50,2433.660809,0.0
-90.506164,11,2433.881311,1.0
-194.47614,50,2435.008967,0.0
-280.331536,50,2435.949708,0.0
-608.302595,50,2436.93205,0.0
-241.409579,50,2438.016302,0.0
-111.792987,28,2438.615502,1.0
-426.190683,50,2439.654689,0.0
-622.175449,50,2440.787601,0.0
-193.711028,50,2442.067902,0.0
-600.667334,50,2444.165039,0.0
-363.399761,50,2450.798834,0.0
-80.761002,24,2451.304536,1.0
-237.951019,50,2452.298207,0.0
-772.728808,50,2453.283718,0.0
-84.998479,13,2453.572106,1.0
-689.835153,50,2454.68099,0.0
-347.408793,50,2455.870635,0.0
-158.19494,50,2457.025118,0.0
-661.956867,50,2458.149839,0.0
-425.324815,50,2459.159156,0.0
-193.919953,50,2460.287629,0.0
-616.008188,50,2467.015268,0.0
-635.312011,50,2468.134046,0.0
-172.586491,50,2469.05865,0.0
-630.986809,50,2470.094603,0.0
-591.750351,50,2471.134778,0.0
-65.575309,21,2471.55494,1.0
-736.997281,50,2472.558049,0.0
-489.987728,50,2473.722685,0.0
-162.209411,50,2474.846452,0.0
-982.09185,50,2476.014156,0.0
-666.789734,50,2477.045687,0.0
-164.442063,50,2483.890626,0.0
-79.310538,12,2484.204214,1.0
-58.096965,5,2484.331271,1.0
-510.518114,50,2485.385256,0.0
-146.11677,40,2486.141506,1.0
-367.146704,50,2487.201781,0.0
-845.429835,50,2489.265776,0.0
-490.735076,50,2490.387707,0.0
-438.941748,50,2491.39033,0.0
-621.892112,50,2492.47942,0.0
-461.969602,50,2493.498268,0.0
-457.311309,50,2494.551922,0.0
-473.84095,50,2501.220928,0.0
-80.218302,26,2501.731049,1.0
-165.500671,50,2502.787392,0.0
-491.955126,50,2503.996896,0.0
-529.626032,50,2505.161448,0.0
-556.051678,50,2506.203186,0.0
-490.463874,50,2507.423028,0.0
-486.490656,50,2508.530437,0.0
-537.777199,50,2509.675193,0.0
-97.096775,21,2510.077283,1.0
-398.631843,50,2511.261492,0.0
-639.777746,50,2517.965694,0.0
-607.685035,50,2519.01341,0.0
-311.897521,50,2520.035204,0.0
-149.15076,50,2521.179674,0.0
-643.131072,50,2522.138453,0.0
-47.188161,12,2522.371814,1.0
-222.590204,50,2523.424451,0.0
-526.597566,50,2524.486075,0.0
-1012.032636,50,2525.589995,0.0
-149.626374,50,2526.603679,0.0
-260.181102,50,2528.557877,0.0
-132.478255,50,2535.279591,0.0
-248.261473,50,2536.29872,0.0
-908.781515,50,2537.383152,0.0
-553.108975,50,2538.363056,0.0
-215.186754,50,2539.469159,0.0
-520.788023,50,2540.581208,0.0
-730.369362,50,2541.770686,0.0
-503.262259,50,2542.905345,0.0
-314.23201,50,2543.948502,0.0
-59.42012,6,2544.064525,1.0
-433.957945,50,2545.089661,0.0
-53.384882,7,2545.236481,1.0
-187.127991,50,2552.021809,0.0
-172.569832,50,2553.133963,0.0
-316.965898,50,2554.133501,0.0
-583.031124,50,2555.423957,0.0
-93.874342,11,2555.659965,1.0
-818.071599,50,2556.700272,0.0
-883.768029,50,2557.773366,0.0
-446.411152,50,2558.828827,0.0
-198.928596,50,2559.852542,0.0
-834.900623,50,2560.935107,0.0
-350.031144,50,2562.027659,0.0
-584.692633,50,2568.773207,0.0
-336.544231,50,2569.908842,0.0
-531.754569,50,2571.264554,0.0
-566.219793,50,2573.485282,0.0
-27.164633,5,2573.62081,1.0
-356.186254,50,2574.720197,0.0
-532.200137,50,2575.809736,0.0
-95.21088,19,2576.20699,1.0
-511.383247,50,2577.334747,0.0
-102.074087,50,2578.521292,0.0
-124.783301,50,2579.549076,0.0
-345.736866,50,2580.565014,0.0
-207.173614,50,2587.423158,0.0
-818.823625,50,2588.805319,0.0
-257.774899,50,2590.133225,0.0
-865.645871,50,2591.154541,0.0
-203.069786,50,2592.16748,0.0
-754.350858,50,2593.328347,0.0
-704.442653,50,2594.347339,0.0
-186.953525,50,2595.390125,0.0
-313.345115,50,2596.446626,0.0
-446.114778,50,2597.496016,0.0
-573.056478,50,2604.421872,0.0
-564.177952,50,2605.367192,0.0
-168.56782,50,2606.388931,0.0
-38.479083,12,2606.711384,1.0
-233.950087,50,2607.830009,0.0
-135.424584,42,2608.684505,1.0
-401.756445,50,2609.771485,0.0
-264.584847,50,2610.760734,0.0
-577.040734,50,2612.650808,0.0
-244.402569,50,2613.72509,0.0
-226.501648,50,2614.766731,0.0
-386.506381,50,2615.715712,0.0
-519.962961,50,2622.468603,0.0
-145.228507,50,2623.469604,0.0
-38.754274,13,2623.748035,1.0
-807.207262,50,2624.824926,0.0
-36.921341,11,2625.045684,1.0
-5.386089,3,2625.107867,1.0
-869.389135,50,2626.181262,0.0
-208.11163,50,2627.254738,0.0
-138.810631,50,2628.268245,0.0
-689.598186,50,2629.345987,0.0
-497.182112,50,2630.523922,0.0
-61.254921,7,2630.667814,1.0
-242.558052,50,2631.693537,0.0
-187.090135,50,2638.441554,0.0
-547.682039,50,2639.527181,0.0
-622.693342,50,2640.528821,0.0
-533.170757,50,2641.527137,0.0
-196.685243,50,2642.532315,0.0
-898.668747,50,2643.505151,0.0
-166.043467,50,2644.570004,0.0
-659.956679,50,2645.5955,0.0
-131.298169,42,2646.554587,1.0
-529.274265,50,2647.644843,0.0
-405.759733,50,2648.657617,0.0
-694.402008,50,2655.435798,0.0
-590.71887,50,2657.749736,0.0
-138.113625,35,2658.468523,1.0
-371.62384,50,2659.542556,0.0
-291.32694,50,2660.905338,0.0
-216.748346,50,2661.924716,0.0
-114.985459,50,2662.889581,0.0
-182.395171,50,2663.839937,0.0
-57.359044,16,2664.149312,1.0
-43.402737,10,2664.354219,1.0
-295.329114,50,2665.389271,0.0
-59.140922,21,2665.820464,1.0
-64.424335,9,2666.006795,1.0
-196.138194,50,2672.720159,0.0
-652.664927,50,2673.806444,0.0
-709.553157,50,2674.792842,0.0
-174.014355,42,2675.579047,1.0
-143.29018,50,2676.616352,0.0
-200.885881,50,2677.667805,0.0
-566.940819,50,2678.774429,0.0
-502.642847,50,2679.814079,0.0
-591.071009,50,2680.760579,0.0
-83.354734,15,2681.068121,1.0
-469.250597,50,2682.10092,0.0
-191.11648,50,2688.887137,0.0
-145.356904,42,2689.854579,1.0
-149.746855,50,2691.224684,0.0
-66.710979,9,2691.453238,1.0
-473.734871,50,2692.497507,0.0
-637.757845,50,2693.650911,0.0
-201.470681,50,2694.767846,0.0
-562.322263,50,2696.806773,0.0
-99.246808,50,2697.881907,0.0
-840.397452,50,2698.860076,0.0
-471.076448,50,2699.809129,0.0
-93.636331,47,2706.461587,1.0
-117.874958,20,2706.887863,1.0
-389.799029,50,2707.867316,0.0
-157.93738,50,2708.879793,0.0
-151.317758,50,2709.886271,0.0
-523.034899,50,2711.124645,0.0
-550.365605,50,2712.225363,0.0
-352.991395,50,2713.266213,0.0
-255.985766,50,2714.270878,0.0
-724.229388,50,2715.230151,0.0
-112.199077,33,2715.90423,1.0
-746.846301,50,2716.97501,0.0
-632.945468,50,2723.647417,0.0
-55.444426,10,2723.858059,1.0
-33.242911,6,2723.984565,1.0
-737.219844,50,2725.081764,0.0
-595.703541,50,2726.217861,0.0
-185.572611,50,2727.342341,0.0
-526.102655,50,2728.574248,0.0
-537.806745,50,2729.693727,0.0
-158.673969,38,2730.483564,1.0
-132.823436,50,2731.632544,0.0
-930.257463,50,2732.634548,0.0
-438.938405,50,2733.605669,0.0
-211.76269,50,2741.086464,0.0
-69.23835,15,2741.386244,1.0
-432.178668,50,2742.688315,0.0
-820.427168,50,2743.761211,0.0
-143.920301,50,2744.896164,0.0
-180.39066,50,2746.035525,0.0
-460.46847,50,2747.00601,0.0
-204.102268,50,2748.023898,0.0
-838.970066,50,2748.981121,0.0
-116.875771,50,2750.05701,0.0
-565.518841,50,2751.275153,0.0
-182.044392,46,2758.023681,1.0
-791.87532,50,2759.146161,0.0
-179.512273,50,2760.248839,0.0
-154.763389,50,2761.345021,0.0
-453.93924,50,2762.343476,0.0
-485.118139,50,2763.358724,0.0
-475.922297,50,2764.504623,0.0
-484.498556,50,2765.539142,0.0
-226.809511,50,2766.639492,0.0
-749.55288,50,2767.669373,0.0
-50.379523,7,2767.796715,1.0
-135.37004,50,2774.642157,0.0
-215.037052,50,2775.86727,0.0
-237.355683,50,2776.976359,0.0
-343.244606,50,2778.05922,0.0
-160.62525,50,2779.220462,0.0
-361.333933,50,2781.0373,0.0
-848.096707,50,2782.21499,0.0
-226.452623,50,2783.339043,0.0
-810.510446,50,2784.39047,0.0
-880.824948,50,2785.440407,0.0
-62.415368,7,2785.574366,1.0
-480.050273,50,2792.287713,0.0
-209.279411,50,2793.261562,0.0
-355.497272,50,2794.3808,0.0
-783.410511,50,2795.503366,0.0
-284.115545,50,2796.470232,0.0
-129.854104,50,2797.432952,0.0
-363.766979,50,2798.417382,0.0
-41.05205,17,2798.769624,1.0
-649.322191,50,2799.877171,0.0
-753.966433,50,2800.874761,0.0
-157.282203,50,2801.932054,0.0
-209.621429,50,2808.767263,0.0
-282.524543,50,2809.981512,0.0
-104.844077,24,2810.45891,1.0
-676.709047,50,2811.510905,0.0
-470.613643,50,2812.457763,0.0
-62.647045,18,2812.793782,1.0
-174.120666,50,2813.950598,0.0
-520.107185,50,2815.129397,0.0
-625.940787,50,2816.191864,0.0
-383.055585,50,2817.314636,0.0
-649.280229,50,2819.542401,0.0
-222.875395,50,2826.407623,0.0
-660.19539,50,2827.461352,0.0
-72.434717,14,2827.790719,1.0
-393.631393,50,2828.926753,0.0
-594.869722,50,2829.933632,0.0
-862.741999,50,2830.982824,0.0
-881.111685,50,2831.928859,0.0
-847.531661,50,2832.950742,0.0
-541.680611,50,2833.932326,0.0
-124.002178,50,2834.923001,0.0
-246.775686,50,2835.944234,0.0
-275.773425,50,2842.728236,0.0
-140.207033,25,2843.2198,1.0
-63.599247,7,2843.365887,1.0
-304.240268,50,2844.438603,0.0
-456.883632,50,2845.584068,0.0
-854.578518,50,2846.725977,0.0
-875.755977,50,2847.75736,0.0
-609.277646,50,2849.109072,0.0
-118.912915,31,2849.821506,1.0
-553.44214,50,2850.827716,0.0
-714.769118,50,2851.823574,0.0
-32.506262,5,2851.927653,1.0
-548.699972,50,2853.020287,0.0
-712.42872,50,2859.777914,0.0
-56.152019,7,2859.937839,1.0
-42.547345,8,2860.118771,1.0
-180.67582,50,2861.241995,0.0
-234.026634,50,2862.333521,0.0
-108.16149,13,2862.574183,1.0
-211.509822,50,2864.515003,0.0
-328.625464,50,2865.621001,0.0
-32.749995,7,2865.772526,1.0
-62.375897,21,2866.200277,1.0
-131.187937,34,2866.917582,1.0
-40.434598,7,2867.052998,1.0
-598.449502,50,2868.029417,0.0
-27.070017,6,2868.150682,1.0
-117.365942,23,2868.618627,1.0
-777.414865,50,2869.766417,0.0
-40.403102,8,2869.938367,1.0
-507.647317,50,2871.158048,0.0
-247.732249,50,2877.928315,0.0
-208.240063,50,2878.957942,0.0
-650.063986,50,2880.08575,0.0
-203.335978,50,2881.178417,0.0
-845.731739,50,2882.253566,0.0
-139.78688,50,2883.344917,0.0
-628.14639,50,2884.459528,0.0
-172.031037,50,2885.506403,0.0
-825.546387,50,2886.478719,0.0
-373.447187,50,2887.666192,0.0
-153.798145,50,2894.597354,0.0
-576.447587,50,2895.741168,0.0
-617.622724,50,2896.89933,0.0
-242.224076,50,2898.085837,0.0
-300.350209,50,2899.072697,0.0
-136.341533,50,2900.126526,0.0
-50.91256,7,2900.292896,1.0
-74.314671,20,2900.797175,1.0
-773.76427,50,2901.893567,0.0
-149.870835,50,2903.822193,0.0
-536.383555,50,2904.848249,0.0
-746.890641,50,2905.858584,0.0
-475.650789,50,2912.83342,0.0
-210.018437,50,2913.965203,0.0
-564.221602,50,2914.990717,0.0
-95.917642,35,2915.812544,1.0
-86.921788,50,2917.052375,0.0
-940.50668,50,2918.129083,0.0
-391.694599,50,2919.165416,0.0
-113.652069,20,2919.58691,1.0
-776.31002,50,2920.564448,0.0
-40.164898,15,2920.865312,1.0
-54.548252,18,2921.223233,1.0
-90.669284,7,2921.365808,1.0
-479.46777,50,2922.449276,0.0
-243.134725,50,2929.264011,0.0
-878.280102,50,2930.387983,0.0
-371.423997,50,2931.540245,0.0
-75.911876,29,2932.202559,1.0
-833.560113,50,2933.257605,0.0
-885.023178,50,2934.274452,0.0
-317.896374,50,2935.349779,0.0
-157.959271,46,2936.347885,1.0
-172.910375,50,2937.310789,0.0
-113.901523,23,2937.778775,1.0
-74.414309,29,2938.383216,1.0
-244.03318,50,2939.462018,0.0
-176.894667,50,2946.368469,0.0
-487.994904,50,2947.414088,0.0
-111.041651,43,2949.082619,1.0
-148.174159,50,2950.132225,0.0
-193.947068,50,2951.243848,0.0
-90.656548,22,2951.692641,1.0
-695.855441,50,2952.693421,0.0
-509.73243,50,2953.746242,0.0
-189.354809,50,2954.755231,0.0
-804.059084,50,2955.803925,0.0
-171.38758,50,2956.863982,0.0
-88.196819,19,2962.973361,1.0
-637.377662,50,2964.082604,0.0
-202.924603,50,2965.297607,0.0
-867.233563,50,2966.415924,0.0
-489.310979,50,2967.472003,0.0
-226.425749,50,2968.409695,0.0
-202.039408,50,2969.444424,0.0
-431.494065,50,2970.695818,0.0
-78.805125,13,2970.999817,1.0
-414.328033,50,2972.069911,0.0
-137.735729,50,2973.134067,0.0
-607.595898,50,2979.91879,0.0
-314.518321,50,2980.935349,0.0
-560.924032,50,2981.938978,0.0
-61.87954,13,2982.215783,1.0
-178.327384,50,2983.286444,0.0
-580.15081,50,2984.378495,0.0
-219.37945,50,2985.411494,0.0
-630.783807,50,2986.489598,0.0
-879.537669,50,2988.378767,0.0
-93.909537,17,2988.73792,1.0
-163.749631,50,2989.790926,0.0
-361.163341,50,2990.90189,0.0
-161.361618,49,2997.892806,1.0
-130.330269,50,2998.897923,0.0
-872.362728,50,3000.02477,0.0
-254.830366,50,3001.119792,0.0
-529.256525,50,3002.237822,0.0
-616.748375,50,3003.30157,0.0
-611.693741,50,3004.416242,0.0
-395.498225,50,3005.396154,0.0
-146.001077,50,3006.521505,0.0
-326.972275,50,3007.682653,0.0
-472.077134,50,3014.460533,0.0
-439.946999,50,3015.468667,0.0
-896.940533,50,3016.64025,0.0
-761.034131,50,3017.939818,0.0
-585.959755,50,3019.243133,0.0
-505.563444,50,3020.508907,0.0
-574.692666,50,3021.628463,0.0
-747.143088,50,3022.678851,0.0
-636.068098,50,3023.730837,0.0
-315.518413,50,3024.722999,0.0
-202.617332,50,3031.454104,0.0
-436.319005,50,3033.476152,0.0
-545.757617,50,3034.472522,0.0
-737.009179,50,3035.474676,0.0
-194.213763,50,3036.627125,0.0
-285.219138,50,3037.841183,0.0
-138.952787,50,3038.981671,0.0
-773.380061,50,3040.032088,0.0
-589.306944,50,3041.139641,0.0
-445.176671,50,3042.204,0.0
-394.807718,50,3043.243113,0.0
-323.046138,50,3046.716677,0.0
-52.703198,9,3046.900902,1.0
-874.332384,50,3047.925925,0.0
-438.490415,50,3049.030042,0.0
-524.747039,50,3050.104339,0.0
-800.103197,50,3051.075846,0.0
-68.620581,12,3051.336139,1.0
-239.184286,50,3052.374539,0.0
-284.076509,50,3053.410257,0.0
-645.680934,50,3054.542038,0.0
-219.892291,50,3055.669932,0.0
-581.80955,50,3059.048958,0.0
-770.104156,50,3060.028709,0.0
-493.752086,50,3061.115373,0.0
-267.680447,50,3062.222854,0.0
-369.8823,50,3063.239258,0.0
-47.50393,18,3063.60555,1.0
-523.197064,50,3064.576102,0.0
-628.020142,50,3066.67446,0.0
-21.786781,7,3066.833861,1.0
-75.739166,34,3067.577759,1.0
-202.112246,50,3068.639643,0.0
-846.614338,50,3069.754172,0.0
-280.578185,50,3073.262727,0.0
-422.36892,50,3074.315654,0.0
-135.392138,50,3075.44606,0.0
-378.289069,50,3076.430997,0.0
-185.525536,50,3077.51728,0.0
-496.375276,50,3078.546431,0.0
-623.635365,50,3079.627626,0.0
-41.673524,5,3079.730334,1.0
-566.560167,50,3080.9484,0.0
-428.215052,50,3081.971735,0.0
-532.595508,50,3083.048839,0.0
-614.496047,50,3084.215996,0.0
-626.056921,50,3087.805152,0.0
-311.64036,50,3089.027324,0.0
-647.823106,50,3090.196661,0.0
-497.401068,50,3091.235346,0.0
-589.521993,50,3092.385388,0.0
-256.817653,50,3093.80174,0.0
-77.508621,15,3094.188328,1.0
-864.266287,50,3095.164909,0.0
-197.416863,50,3096.272441,0.0
-640.178227,50,3097.443079,0.0
-621.569016,50,3099.319524,0.0
-174.765529,50,3105.980249,0.0
-615.898651,50,3107.17755,0.0
-637.394592,50,3108.268688,0.0
-865.693505,50,3109.373714,0.0
-118.598253,33,3110.063941,1.0
-350.175101,50,3111.051538,0.0
-152.60653,50,3112.161022,0.0
-456.595223,50,3113.154982,0.0
-433.020637,50,3114.149186,0.0
-219.870155,50,3115.320039,0.0
-179.57983,50,3120.828544,0.0
-109.752497,29,3121.490237,1.0
-189.614077,50,3122.622857,0.0
-863.055287,50,3123.653696,0.0
-818.421049,50,3124.806859,0.0
-257.090662,50,3125.911629,0.0
-838.680997,50,3127.114322,0.0
-112.08575,50,3128.26984,0.0
-497.384832,50,3129.414851,0.0
-612.130619,50,3130.37674,0.0
-643.238167,50,3131.749303,0.0
-744.375924,50,3135.354229,0.0
-87.23713,7,3135.566475,1.0
-115.371573,24,3136.273959,1.0
-236.175368,50,3137.406396,0.0
-163.78006,50,3138.411862,0.0
-144.935261,46,3139.38563,1.0
-32.50333,7,3140.627159,1.0
-109.320469,50,3141.671651,0.0
-536.474132,50,3142.777406,0.0
-785.691665,50,3143.793444,0.0
-826.244948,50,3144.859564,0.0
-106.661885,37,3145.787735,1.0
-93.877718,12,3146.096793,1.0
-698.266175,50,3149.454288,0.0
-197.244644,50,3150.420792,0.0
-486.34972,50,3151.434999,0.0
-87.779283,50,3152.473501,0.0
-171.103602,50,3153.521063,0.0
-211.080853,50,3154.82345,0.0
-271.056835,50,3156.213195,0.0
-501.502824,50,3157.410079,0.0
-238.005388,50,3158.367859,0.0
-149.610545,50,3159.464772,0.0
-61.493751,17,3159.837948,1.0
-425.640543,50,3163.232749,0.0
-500.744764,50,3164.250759,0.0
-202.666852,50,3165.31063,0.0
-195.855516,50,3166.531919,0.0
-38.785518,6,3166.705699,1.0
-380.235225,50,3167.947084,0.0
-88.172807,19,3168.34142,1.0
-517.72217,50,3169.396021,0.0
-818.380209,50,3170.605655,0.0
-162.408069,50,3171.815294,0.0
-694.559755,50,3172.796384,0.0
-71.866799,21,3174.203433,1.0
-288.295849,50,3175.316071,0.0
-541.952836,50,3178.709784,0.0
-171.88029,50,3179.980463,0.0
-72.915327,22,3180.452923,1.0
-181.631017,45,3181.372476,1.0
-150.462507,50,3182.485615,0.0
-803.571224,50,3183.502599,0.0
-484.793134,50,3184.488326,0.0
-572.352467,50,3185.510739,0.0
-746.178437,50,3186.519114,0.0
-810.746499,50,3187.552762,0.0
-651.525254,50,3191.108541,0.0
-444.62727,50,3192.113517,0.0
-159.770068,50,3193.179821,0.0
-260.272913,50,3194.413244,0.0
-62.903776,6,3194.540801,1.0
-241.337021,50,3195.633855,0.0
-418.905512,50,3196.645905,0.0
-386.2543,50,3197.605335,0.0
-562.444086,50,3198.816167,0.0
-614.762932,50,3200.094979,0.0
-296.763993,50,3201.152608,0.0
-44.878858,5,3201.251549,1.0
-157.464401,50,3204.579067,0.0
-135.873586,50,3205.645551,0.0
-136.412425,50,3206.848048,0.0
-117.100938,30,3207.483357,1.0
-216.632853,50,3209.19782,0.0
-398.524268,50,3210.244789,0.0
-171.824747,50,3211.225567,0.0
-647.282793,50,3212.279536,0.0
-217.470661,50,3213.343622,0.0
-550.959966,50,3214.428159,0.0
-224.31576,50,3215.567692,0.0
-124.215593,41,3219.081441,1.0
-127.457939,50,3220.238001,0.0
-197.773222,50,3221.305133,0.0
-895.95066,50,3222.378696,0.0
-24.590248,5,3222.489645,1.0
-142.938096,50,3223.674161,0.0
-84.683612,29,3224.29293,1.0
-205.625072,50,3225.596897,0.0
-101.249207,9,3225.852701,1.0
-207.141804,50,3227.066484,0.0
-676.165622,50,3228.041997,0.0
-769.01908,50,3229.057922,0.0
-265.171975,50,3230.22186,0.0
-511.610825,50,3236.94182,0.0
-163.076438,40,3237.737418,1.0
-745.624091,50,3238.691863,0.0
-610.791475,50,3239.657857,0.0
-627.486257,50,3240.783505,0.0
-191.249713,50,3241.8619,0.0
-380.862004,50,3243.080024,0.0
-653.534396,50,3244.114528,0.0
-264.56379,50,3246.032237,0.0
-463.292904,50,3247.071395,0.0
-830.46506,50,3253.811822,0.0
-824.004883,50,3254.822418,0.0
-644.837424,50,3255.897966,0.0
-351.837847,50,3256.941089,0.0
-210.578888,50,3257.95686,0.0
-160.019627,50,3259.091971,0.0
-873.747325,50,3260.170354,0.0
-206.455991,50,3261.222646,0.0
-669.20098,50,3262.172347,0.0
-161.41817,50,3263.24922,0.0
-464.529988,50,3270.177371,0.0
-896.631071,50,3271.215951,0.0
-508.666841,50,3272.444398,0.0
-351.178868,50,3273.608154,0.0
-669.699213,50,3274.793177,0.0
-790.381925,50,3275.84388,0.0
-292.95769,50,3276.953592,0.0
-583.33524,50,3277.990331,0.0
-905.879255,50,3279.047436,0.0
-143.393052,46,3280.076138,1.0
-398.077042,50,3281.153993,0.0
-169.76324,50,3287.839258,0.0
-212.459837,50,3288.835956,0.0
-366.39207,50,3290.877146,0.0
-507.615103,50,3292.093027,0.0
-370.718756,50,3293.192279,0.0
-154.105468,50,3294.362497,0.0
-214.725889,50,3295.328082,0.0
-371.689779,50,3296.317443,0.0
-548.276815,50,3297.372143,0.0
-218.833622,50,3298.575843,0.0
-197.336184,50,3305.350551,0.0
-681.440759,50,3306.385267,0.0
-181.372197,50,3307.526388,0.0
-211.658416,50,3308.698506,0.0
-106.045127,50,3309.829668,0.0
-847.024441,50,3310.816764,0.0
-575.667628,50,3311.833714,0.0
-31.216491,5,3311.937339,1.0
-222.694473,50,3312.995053,0.0
-182.865532,50,3314.090477,0.0
-212.669401,50,3315.124275,0.0
-630.602867,50,3321.925469,0.0
-73.517794,14,3322.212473,1.0
-808.151751,50,3323.308183,0.0
-564.040476,50,3324.314624,0.0
-584.177527,50,3325.521955,0.0
-486.481629,50,3326.678464,0.0
-604.107936,50,3327.660503,0.0
-52.426598,8,3327.813633,1.0
-167.545053,42,3329.653889,1.0
-145.530591,50,3330.730326,0.0
-365.114974,50,3331.865377,0.0
-508.091581,50,3332.914931,0.0
-542.424328,50,3339.73971,0.0
-664.255981,50,3340.901388,0.0
-275.877538,39,3341.706017,1.0
-167.295061,50,3342.675327,0.0
-552.997627,50,3343.647732,0.0
-116.171548,50,3344.725409,0.0
-87.178722,12,3344.981149,1.0
-615.01764,50,3346.070477,0.0
-264.447661,50,3347.149044,0.0
-612.248433,50,3348.190051,0.0
-234.171571,50,3349.46025,0.0
-563.735604,50,3356.43224,0.0
-535.674249,50,3357.401621,0.0
-435.643408,50,3358.483636,0.0
-63.837557,6,3358.597758,1.0
-156.275383,50,3359.698551,0.0
-256.939349,50,3361.140495,0.0
-210.181242,50,3362.450245,0.0
-249.276965,50,3363.60061,0.0
-180.488559,46,3364.641212,1.0
-212.001106,50,3365.895426,0.0
-602.350436,50,3366.971716,0.0
-278.00153,50,3373.740195,0.0
-135.854875,47,3375.61278,1.0
-737.237517,50,3376.543605,0.0
-165.1462,50,3377.593359,0.0
-169.900873,50,3378.686027,0.0
-366.649537,50,3379.704763,0.0
-865.821295,50,3380.736071,0.0
-521.692645,50,3381.746472,0.0
-51.67964,5,3381.849136,1.0
-179.987567,50,3383.024105,0.0
-167.064988,50,3384.089056,0.0
-174.5155,49,3385.146072,1.0
-700.455347,50,3391.878207,0.0
-256.684545,50,3392.996883,0.0
-212.624078,50,3394.070425,1.0
-48.690613,10,3394.29637,1.0
-285.079894,50,3395.434368,0.0
-615.333203,50,3396.759548,0.0
-204.893631,50,3397.865901,0.0
-132.166251,50,3399.032591,0.0
-279.693412,50,3400.255816,0.0
-426.297876,50,3401.364215,0.0
-215.842127,50,3402.418211,0.0
-1498.928603,50,3409.276706,0.0
-50.126982,13,3409.563246,1.0
-458.42585,50,3410.623023,0.0
-78.049756,8,3410.802099,1.0
-2046.098872,50,3412.234429,0.0
-480.079264,50,3413.491042,0.0
-285.837021,50,3414.729214,0.0
-625.439853,50,3416.940821,0.0
-152.525231,50,3418.290466,0.0
-499.735099,50,3419.337062,0.0
-614.74066,50,3420.402887,0.0
-42.750787,9,3420.593771,1.0
-663.097788,50,3427.299273,0.0
-826.772248,50,3428.330681,0.0
-182.331443,50,3429.353379,0.0
-503.800527,50,3430.402697,0.0
-564.333022,50,3431.485364,0.0
-502.664375,50,3432.568194,0.0
-136.411577,50,3433.789269,0.0
-113.255699,50,3434.760233,0.0
-573.949615,50,3435.757655,0.0
-221.428027,50,3437.159363,0.0
-156.115847,50,3438.228321,0.0
-52.8089,12,3444.17301,1.0
-490.605636,50,3445.227428,0.0
-528.315663,50,3446.258244,0.0
-201.02527,50,3447.381795,0.0
-210.244204,50,3448.420091,0.0
-741.184665,50,3449.94756,0.0
-543.331863,50,3451.047604,0.0
-382.77407,50,3452.170913,0.0
-513.483685,50,3453.355955,0.0
-117.662787,24,3453.82321,1.0
-431.832529,50,3454.887721,0.0
-246.438855,50,3462.517126,0.0
-143.600383,50,3463.57995,0.0
-374.992626,50,3464.561194,0.0
-41.414763,6,3464.679659,1.0
-358.302941,50,3465.814083,0.0
-167.497529,50,3466.890273,0.0
-294.438552,50,3467.895083,0.0
-236.185899,50,3469.015094,0.0
-214.921634,36,3469.86126,1.0
-548.727461,50,3471.014486,0.0
-55.456627,12,3471.291092,1.0
-12.626275,3,3471.358637,1.0
-575.916406,50,3472.533749,0.0
-483.554412,50,3479.388537,0.0
-677.788185,50,3480.378293,0.0
-625.806054,50,3481.568392,0.0
-899.953375,50,3482.59686,0.0
-176.210946,44,3483.549225,1.0
-667.172851,50,3484.636202,0.0
-659.670794,50,3485.707698,0.0
-432.872165,50,3486.750808,0.0
-156.899688,50,3487.806478,0.0
-187.872764,49,3488.814709,1.0
-167.434726,50,3489.815634,0.0
-639.798461,50,3496.481571,0.0
-281.874505,50,3497.672854,0.0
-863.903811,50,3498.787104,0.0
-6.117961,2,3498.829016,1.0
-284.987179,50,3499.976296,0.0
-153.4221,50,3501.945978,0.0
-250.2303,50,3503.004364,1.0
-141.644657,50,3504.160233,0.0
-161.696401,50,3505.332892,0.0
-162.212096,50,3506.566079,0.0
-859.199597,50,3507.569006,0.0
-592.522919,50,3514.210599,0.0
-158.341605,50,3515.26981,0.0
-335.719787,50,3516.302471,0.0
-587.57117,50,3517.270163,0.0
-147.314088,50,3518.393973,0.0
-620.546104,50,3519.434487,0.0
-159.558456,50,3520.430099,0.0
-777.3712,50,3521.500311,0.0
-451.48151,50,3522.547118,0.0
-127.284709,50,3523.599911,0.0
-147.14159,50,3530.308444,0.0
-458.734666,50,3531.299111,0.0
-117.603126,34,3532.197753,1.0
-184.556481,50,3533.404749,0.0
-136.511536,50,3534.439604,0.0
-660.502633,50,3535.474992,0.0
-153.389378,50,3536.540793,0.0
-475.780386,50,3537.811294,0.0
-524.602824,50,3538.919058,0.0
-577.3073,50,3540.973748,0.0
-28.822665,4,3541.060453,1.0
-486.418959,50,3547.870038,0.0
-162.731306,50,3548.927967,0.0
-35.007454,5,3549.04845,1.0
-859.001213,50,3550.241383,0.0
-484.462459,50,3551.314234,0.0
-39.822859,7,3551.465306,1.0
-54.064183,18,3551.857016,1.0
-237.48841,50,3552.969606,0.0
-449.872882,50,3553.952789,0.0
-728.567856,50,3554.918535,0.0
-324.894698,50,3555.97951,0.0
-105.408439,28,3556.559041,1.0
-223.822425,50,3557.629824,0.0
-22.370391,4,3557.710632,1.0
-480.078642,50,3564.477714,0.0
-222.61517,50,3565.480335,0.0
-106.003677,50,3566.506908,0.0
-347.431778,50,3567.600355,0.0
-797.964101,50,3568.623502,0.0
-225.398573,50,3569.728583,0.0
-106.241257,50,3570.799765,0.0
-371.928325,50,3571.765744,0.0
-465.378619,50,3572.817131,0.0
-569.506723,50,3573.84952,0.0
-874.521249,50,3575.05528,0.0
-428.510116,50,3581.797112,0.0
-903.720824,50,3582.805243,0.0
-153.759207,50,3583.878263,0.0
-550.883762,50,3585.951321,0.0
-182.435316,50,3586.987681,0.0
-219.995146,50,3588.021261,0.0
-532.508991,50,3589.109043,0.0
-636.834674,50,3590.228074,0.0
-623.58383,50,3591.267706,0.0
-661.048836,50,3592.393198,0.0
-2445.096072,50,3599.131865,0.0
-145.024792,50,3600.31967,0.0
-254.673912,50,3601.479604,0.0
-158.092513,50,3602.600293,0.0
-365.852292,50,3603.566549,0.0
-330.472661,50,3604.541458,0.0
-604.019847,50,3605.616237,0.0
-642.163453,50,3606.651815,0.0
-121.793156,50,3607.834494,0.0
-506.84376,50,3608.877366,0.0
-400.625231,50,3615.657695,0.0
-284.582004,50,3616.673347,0.0
-751.097762,50,3617.693748,0.0
-654.705523,50,3618.917225,0.0
-491.716705,50,3620.063068,0.0
-1159.840927,50,3621.074445,0.0
-427.674239,50,3622.131522,0.0
-149.627751,50,3623.184187,0.0
-61.878998,7,3623.339469,1.0
-153.389749,50,3625.596175,0.0
-481.581144,50,3626.772307,0.0
-647.252713,50,3633.496856,0.0
-118.817861,50,3634.511076,0.0
-161.304774,50,3635.500047,0.0
-116.261904,35,3636.163846,1.0
-641.854826,50,3637.183946,0.0
-245.887569,50,3638.221493,0.0
-74.23327,29,3638.959051,1.0
-367.272906,50,3640.170532,0.0
-404.428647,50,3641.282253,0.0
-840.394688,50,3642.497757,0.0
-170.874248,50,3643.56301,0.0
-849.394851,50,3650.267833,0.0
-242.227971,50,3651.34796,0.0
-100.842499,16,3651.714449,1.0
-321.718862,50,3652.907583,0.0
-71.989377,14,3653.222733,1.0
-673.443017,50,3654.264501,0.0
-165.926982,50,3655.484356,0.0
-525.922421,50,3657.062932,0.0
-828.995371,50,3658.124175,0.0
-574.745783,50,3659.228576,0.0
-190.502772,50,3660.429906,0.0
-132.569766,50,3661.463149,0.0
-539.537203,50,3668.179367,0.0
-676.732354,50,3669.157729,0.0
-371.947848,50,3671.154481,0.0
-194.644566,50,3672.189396,0.0
-344.400081,50,3673.341885,0.0
-184.987624,50,3674.470209,0.0
-374.744137,50,3675.525524,0.0
-133.98179,50,3676.526116,0.0
-258.326785,50,3677.623893,0.0
-898.680358,50,3678.912504,0.0
-210.030916,50,3685.635944,0.0
-741.54668,50,3686.612075,0.0
-175.207193,50,3687.689268,0.0
-31.364152,8,3687.855276,1.0
-132.305481,50,3688.894927,0.0
-717.631771,50,3690.041363,0.0
-199.955697,50,3691.103709,0.0
-125.30975,50,3692.203872,0.0
-337.620555,50,3693.249198,0.0
-311.049295,50,3694.292971,0.0
-624.678273,50,3695.387887,0.0
-95.354975,39,3701.892834,1.0
-448.69272,50,3702.91958,0.0
-660.440806,50,3703.995185,0.0
-616.96895,50,3705.042338,0.0
-865.735991,50,3706.056438,0.0
-833.238794,50,3707.123437,0.0
-603.710933,50,3708.416196,0.0
-312.558957,50,3710.504675,0.0
-435.88051,50,3711.536646,0.0
-322.104915,50,3712.730842,0.0
-348.448795,50,3713.881131,0.0
-135.026184,50,3720.635577,0.0
-177.365969,50,3721.621162,0.0
-163.985638,47,3722.544397,1.0
-546.518006,50,3723.760832,0.0
-583.219529,50,3724.863636,0.0
-175.513768,50,3726.022845,0.0
-357.658199,50,3727.272395,0.0
-463.969095,50,3728.374527,0.0
-833.305812,50,3729.426349,0.0
-320.691729,50,3730.512703,0.0
-706.257446,50,3737.154303,0.0
-155.51747,50,3738.374039,0.0
-617.627038,50,3739.450705,0.0
-706.397825,50,3740.538148,0.0
-26.745441,5,3740.652201,1.0
-454.469615,50,3741.765262,0.0
-41.266183,8,3741.942006,1.0
-189.292308,50,3743.00022,0.0
-164.461882,50,3744.058215,0.0
-527.196476,50,3745.055689,0.0
-457.766942,50,3746.202306,0.0
-324.985686,50,3747.271491,0.0
-123.86391,23,3747.732531,1.0
-281.355706,50,3755.317798,0.0
-337.282689,50,3756.537937,0.0
-192.854879,50,3757.618757,0.0
-152.878194,50,3758.645094,0.0
-72.639901,15,3758.952071,1.0
-221.609423,50,3760.160272,0.0
-46.00481,11,3760.414215,1.0
-259.795479,50,3761.590596,0.0
-877.483164,50,3762.619621,0.0
-774.751774,50,3763.601282,0.0
-133.141705,50,3764.778645,0.0
-232.88487,50,3771.635669,0.0
-50.507452,13,3771.908434,1.0
-164.011097,50,3773.009726,1.0
-200.399259,50,3774.061711,0.0
-186.343256,50,3775.196965,0.0
-137.372209,50,3776.308923,0.0
-601.784018,50,3777.505726,0.0
-137.70149,50,3778.553442,0.0
-31.220993,4,3778.650485,1.0
-825.743873,50,3779.778523,0.0
-233.318458,50,3781.101608,0.0
-84.530672,13,3781.366923,1.0
-89.356806,25,3781.896594,1.0
-765.424189,50,3788.631136,0.0
-498.437896,50,3789.695403,0.0
-600.702363,50,3790.779803,0.0
-305.519863,50,3791.787414,0.0
-700.451051,50,3792.865751,0.0
-133.240424,36,3793.677206,1.0
-266.385426,50,3795.73657,0.0
-66.225652,6,3795.857427,1.0
-835.737468,50,3796.950974,0.0
-154.745311,50,3798.023836,0.0
-145.810744,50,3799.094622,0.0
-113.187664,20,3799.514082,1.0
-776.852496,50,3806.219978,0.0
-34.156049,5,3806.326953,1.0
-898.547005,50,3807.534394,0.0
-171.766009,50,3808.638612,0.0
-599.865556,50,3809.705111,0.0
-890.204333,50,3810.905832,0.0
-822.510909,50,3811.917445,0.0
-495.640129,50,3812.918051,0.0
-356.599947,50,3813.96193,0.0
-92.897917,50,3815.055566,0.0
-711.065269,50,3816.100193,0.0
-847.638981,50,3817.156552,0.0
-629.074534,50,3823.876181,0.0
-478.635417,50,3824.975577,0.0
-613.384812,50,3826.255112,0.0
-233.68253,50,3827.378751,0.0
-297.117269,50,3828.675843,0.0
-329.162849,50,3829.843198,0.0
-598.462221,50,3830.953313,0.0
-809.63507,50,3832.028895,0.0
-202.936489,50,3833.122285,0.0
-408.587721,50,3835.291579,0.0
-876.77956,50,3842.186656,0.0
-352.906481,50,3843.252922,0.0
-103.76484,21,3843.69849,1.0
-311.032865,50,3844.923095,0.0
-268.688904,50,3846.015782,0.0
-841.327745,50,3846.993104,0.0
-578.158298,50,3848.079039,0.0
-770.834034,50,3849.251151,0.0
-153.953092,50,3850.3863,0.0
-735.929182,50,3851.433957,0.0
-736.371767,50,3852.485147,0.0
-571.093667,50,3859.207647,0.0
-575.401495,50,3860.255057,0.0
-595.842296,50,3861.334023,0.0
-89.681271,12,3861.572577,1.0
-185.748456,50,3862.777509,0.0
-33.82673,4,3862.866814,1.0
-123.704606,50,3863.922945,0.0
-28.887364,6,3864.06617,1.0
-509.557826,50,3865.182308,0.0
-89.50824,21,3865.619805,1.0
-858.147284,50,3866.690945,0.0
-74.636779,16,3867.030792,1.0
-156.478148,50,3868.058103,0.0
-600.395227,50,3869.048689,0.0
-521.520969,50,3875.759587,0.0
-119.721656,39,3876.602674,1.0
-144.323725,50,3877.612274,0.0
-199.783231,50,3878.665267,0.0
-603.684552,50,3880.797356,0.0
-284.961558,50,3882.062237,0.0
-543.724781,50,3883.230868,0.0
-172.437852,50,3884.357324,0.0
-520.663846,50,3885.451576,0.0
-615.790102,50,3886.868018,0.0
-149.35167,50,3893.853821,0.0
-140.145807,50,3894.985564,0.0
-429.907441,50,3896.069166,0.0
-356.951332,50,3897.305368,0.0
-744.167575,50,3898.38975,0.0
-772.323254,50,3899.396168,0.0
-475.917324,50,3900.480085,0.0
-505.504724,50,3901.405946,0.0
-253.361964,50,3902.36086,0.0
-165.709438,50,3903.407585,0.0
-857.336041,50,3910.187145,0.0
-134.824533,30,3910.887017,1.0
-616.670466,50,3911.823262,0.0
-802.049869,50,3912.787962,0.0
-72.561526,18,3913.185621,1.0
-39.715774,6,3913.324059,1.0
-153.788744,50,3914.510809,0.0
-181.093932,50,3915.671967,0.0
-502.213881,50,3916.863104,0.0
-521.291416,50,3917.925003,0.0
-153.88336,50,3919.255007,0.0
-839.557115,50,3921.279758,0.0
-510.759428,50,3927.996967,0.0
-169.54823,50,3929.069998,0.0
-176.26406,50,3930.292446,0.0
-320.867619,50,3931.460345,0.0
-730.112864,50,3932.437363,0.0
-279.19946,50,3933.584848,0.0
-76.969036,34,3934.324972,1.0
-813.967978,50,3935.439972,0.0
-22.198426,6,3935.57603,1.0
-381.92942,50,3936.641973,0.0
-9.284394,4,3936.732141,1.0
-512.476276,50,3937.909956,0.0
-654.361491,50,3939.074299,0.0
-809.546523,50,3946.065745,0.0
-362.788324,50,3947.310675,0.0
-101.158747,29,3947.919106,1.0
-383.978866,50,3948.984486,0.0
-222.280057,50,3949.974854,0.0
-229.452226,50,3950.995923,0.0
-249.720092,50,3952.001275,0.0
-235.579612,50,3952.984753,0.0
-366.404745,50,3954.000449,0.0
-471.909149,50,3955.089274,0.0
-398.931637,50,3956.155028,0.0
-150.651798,33,3962.521845,1.0
-700.91894,50,3963.563334,0.0
-67.158949,8,3963.728337,1.0
-128.437378,50,3965.804694,0.0
-465.981608,50,3966.897423,0.0
-811.796535,50,3968.058072,0.0
-323.293235,50,3969.184128,0.0
-142.12693,50,3970.417765,0.0
-661.522054,50,3971.509404,0.0
-165.209417,50,3972.604316,0.0
-482.478908,50,3973.694956,0.0
-526.033564,50,3980.533575,0.0
-35.625506,11,3980.736738,1.0
-273.87465,50,3981.716792,0.0
-231.394515,50,3982.790519,0.0
-241.624342,50,3983.954388,0.0
-475.34019,50,3985.035913,0.0
-199.415177,50,3986.097178,0.0
-33.576606,11,3986.332528,1.0
-503.19061,50,3987.467041,0.0
-634.486882,50,3988.600338,0.0
-318.018071,50,3989.675692,0.0
-574.182261,50,3990.775452,0.0
-589.07034,50,3995.996379,0.0
-200.955253,50,3997.15635,0.0
-122.224263,50,3998.157605,0.0
-155.783021,35,3998.83311,1.0
-183.042829,50,3999.864024,0.0
-108.807371,50,4000.91384,0.0
-571.554904,50,4001.889864,0.0
-364.932891,50,4003.978455,0.0
-528.342069,50,4005.00303,0.0
-530.602379,50,4006.078196,0.0
-281.812663,50,4009.598861,0.0
-530.359903,50,4010.747962,0.0
-656.493215,50,4011.881523,0.0
-181.186878,50,4013.079812,0.0
-437.325717,50,4014.256485,0.0
-53.843493,24,4014.884589,1.0
-82.034693,26,4015.471627,1.0
-21.369184,3,4015.531959,1.0
-340.758738,50,4016.592736,0.0
-648.893892,50,4017.634782,0.0
-419.182092,50,4018.705861,0.0
-92.703496,50,4019.838707,0.0
-510.828082,50,4026.580553,0.0
-436.896801,50,4027.630048,0.0
-108.799284,44,4028.564842,1.0
-85.070386,16,4028.896081,1.0
-366.493034,50,4030.058808,0.0
-500.88363,50,4031.219407,0.0
-174.827445,50,4032.212372,0.0
-211.306685,50,4033.518643,0.0
-188.301677,50,4034.552197,0.0
-62.522219,9,4034.737186,1.0
-236.737647,50,4035.759774,0.0
-362.971346,50,4036.839704,0.0
-268.712729,50,4043.544996,0.0
-666.686385,50,4044.647142,0.0
-780.488437,50,4046.466258,0.0
-439.274929,50,4047.432743,0.0
-358.661701,50,4048.406649,0.0
-607.408039,50,4049.592958,0.0
-348.656893,50,4050.777356,0.0
-797.735161,50,4052.022895,0.0
-32.859575,10,4052.246983,1.0
-108.980327,28,4052.85622,1.0
-558.415926,50,4054.021453,0.0
-138.010974,50,4055.109414,0.0
