#{"t_start": 1651057347.9533436, "env_id": "PandaReachJoints-v2"}
r,l,t,is_success
-50.0,50,0.923308,0.0
-50.0,50,1.7628,0.0
-50.0,50,2.613649,0.0
-50.0,50,3.520735,0.0
-50.0,50,4.374195,0.0
-50.0,50,5.226664,0.0
-50.0,50,6.101735,0.0
-50.0,50,7.022691,0.0
-50.0,50,7.931144,0.0
-50.0,50,8.777487,0.0
-50.0,50,15.523546,0.0
-50.0,50,16.455264,0.0
-50.0,50,17.300929,0.0
-50.0,50,18.160174,0.0
-50.0,50,19.05021,0.0
-50.0,50,19.960418,0.0
-50.0,50,20.854255,0.0
-50.0,50,21.710098,0.0
-50.0,50,22.607714,0.0
-50.0,50,23.437718,0.0
-50.0,50,30.084568,0.0
-50.0,50,30.94204,0.0
-50.0,50,31.788499,0.0
-50.0,50,32.668901,0.0
-50.0,50,33.535994,0.0
-50.0,50,35.27558,0.0
-50.0,50,36.142185,0.0
-50.0,50,36.992652,0.0
-50.0,50,37.868037,0.0
-50.0,50,38.778829,0.0
-50.0,50,45.590119,0.0
-50.0,50,46.438614,0.0
-50.0,50,47.311277,0.0
-50.0,50,48.186841,0.0
-50.0,50,49.064367,0.0
-50.0,50,49.90076,0.0
-50.0,50,50.793901,0.0
-50.0,50,51.649335,0.0
-50.0,50,52.508364,0.0
-50.0,50,53.362563,0.0
-50.0,50,60.11013,0.0
-50.0,50,60.963285,0.0
-50.0,50,61.827709,0.0
-50.0,50,62.712451,0.0
-50.0,50,63.541126,0.0
-50.0,50,64.374059,0.0
-50.0,50,65.216925,0.0
-50.0,50,66.089148,0.0
-50.0,50,66.95049,0.0
-50.0,50,67.812221,0.0
-50.0,50,69.538278,0.0
-50.0,50,76.283066,0.0
-50.0,50,77.1511,0.0
-50.0,50,78.011627,0.0
-50.0,50,78.89033,0.0
-50.0,50,79.75656,0.0
-50.0,50,80.652204,0.0
-50.0,50,81.522978,0.0
-50.0,50,82.388149,0.0
-50.0,50,83.24137,0.0
-50.0,50,84.097774,0.0
-50.0,50,90.784054,0.0
-50.0,50,91.681343,0.0
-50.0,50,92.58374,0.0
-50.0,50,93.477494,0.0
-50.0,50,94.310445,0.0
-50.0,50,95.180479,0.0
-50.0,50,96.025981,0.0
-50.0,50,96.876022,0.0
-50.0,50,97.722804,0.0
-50.0,50,98.589509,0.0
-50.0,50,105.331377,0.0
-50.0,50,106.204794,0.0
-50.0,50,107.091956,0.0
-50.0,50,107.943811,0.0
-50.0,50,109.701156,0.0
-50.0,50,110.564612,0.0
-50.0,50,111.446303,0.0
-50.0,50,112.319037,0.0
-50.0,50,113.163867,0.0
-50.0,50,114.042203,0.0
-50.0,50,120.803262,0.0
-50.0,50,121.683792,0.0
-50.0,50,122.588081,0.0
-50.0,50,123.442392,0.0
-50.0,50,124.370243,0.0
-50.0,50,125.242443,0.0
-50.0,50,126.151789,0.0
-50.0,50,127.011309,0.0
-50.0,50,127.867299,0.0
-50.0,50,128.715782,0.0
-50.0,50,129.620793,0.0
-50.0,50,136.285174,0.0
-50.0,50,137.146824,0.0
-50.0,50,138.004864,0.0
-50.0,50,138.86526,0.0
-50.0,50,139.734832,0.0
-50.0,50,140.601748,0.0
-50.0,50,141.430477,0.0
-50.0,50,142.27135,0.0
-50.0,50,144.013676,0.0
-50.0,50,144.849786,0.0
-50.0,50,151.59735,0.0
-50.0,50,152.525613,0.0
-50.0,50,153.400144,0.0
-50.0,50,154.235917,0.0
-50.0,50,155.074377,0.0
-50.0,50,155.943606,0.0
-50.0,50,156.810927,0.0
-50.0,50,157.738082,0.0
-50.0,50,158.624188,0.0
-50.0,50,159.542793,0.0
-50.0,50,166.287658,0.0
-50.0,50,167.144468,0.0
-50.0,50,168.041477,0.0
-50.0,50,168.881022,0.0
-50.0,50,169.716117,0.0
-50.0,50,170.603017,0.0
-50.0,50,171.500199,0.0
-50.0,50,172.355439,0.0
-50.0,50,173.234559,0.0
-50.0,50,174.150779,0.0
-50.0,50,180.895101,0.0
-50.0,50,181.786019,0.0
-50.0,50,182.640369,0.0
-50.0,50,184.411537,0.0
-50.0,50,185.26526,0.0
-50.0,50,186.119628,0.0
-50.0,50,186.977064,0.0
-50.0,50,187.843645,0.0
-50.0,50,188.702258,0.0
-50.0,50,189.589898,0.0
-50.0,50,190.490079,0.0
-50.0,50,197.184588,0.0
-50.0,50,198.01276,0.0
-50.0,50,198.848255,0.0
-50.0,50,199.738616,0.0
-50.0,50,200.636307,0.0
-50.0,50,201.482848,0.0
-50.0,50,202.360368,0.0
-50.0,50,203.201779,0.0
-50.0,50,204.107962,0.0
-50.0,50,204.985246,0.0
-50.0,50,211.705162,0.0
-50.0,50,212.611143,0.0
-50.0,50,213.490667,0.0
-50.0,50,214.389599,0.0
-50.0,50,215.235711,0.0
-50.0,50,216.091624,0.0
-50.0,50,216.948709,0.0
-50.0,50,218.629949,0.0
-50.0,50,219.52146,0.0
-50.0,50,220.375301,0.0
-50.0,50,227.137645,0.0
-50.0,50,228.016676,0.0
-50.0,50,228.890775,0.0
-50.0,50,229.789359,0.0
-50.0,50,230.635529,0.0
-50.0,50,231.49627,0.0
-50.0,50,232.356998,0.0
-50.0,50,233.240947,0.0
-50.0,50,234.151366,0.0
-50.0,50,235.02479,0.0
-50.0,50,241.736188,0.0
-50.0,50,242.603667,0.0
-50.0,50,243.464554,0.0
-50.0,50,244.297459,0.0
-50.0,50,245.170284,0.0
-50.0,50,246.028363,0.0
-50.0,50,246.925387,0.0
-50.0,50,247.81583,0.0
-50.0,50,248.681823,0.0
-50.0,50,249.567212,0.0
-50.0,50,250.418962,0.0
-50.0,50,257.139944,0.0
-50.0,50,258.858251,0.0
-50.0,50,259.751936,0.0
-50.0,50,260.598509,0.0
-50.0,50,261.469283,0.0
-50.0,50,262.330976,0.0
-50.0,50,263.205615,0.0
-50.0,50,264.07258,0.0
-50.0,50,264.947188,0.0
-50.0,50,265.7987,0.0
-50.0,50,272.532596,0.0
-50.0,50,273.40686,0.0
-50.0,50,274.272934,0.0
-50.0,50,275.13981,0.0
-50.0,50,276.003604,0.0
-50.0,50,276.863243,0.0
-50.0,50,277.762485,0.0
-50.0,50,278.77307,0.0
-50.0,50,279.670603,0.0
-50.0,50,280.619235,0.0
-50.0,50,287.445436,0.0
-50.0,50,288.35497,0.0
-50.0,50,289.188108,0.0
-50.0,50,290.064866,0.0
-50.0,50,290.950458,0.0
-50.0,50,291.878458,0.0
-50.0,50,293.658265,0.0
-50.0,50,294.545841,0.0
-50.0,50,295.438924,0.0
-50.0,50,296.311795,0.0
-50.0,50,302.956729,0.0
-50.0,50,303.822861,0.0
-50.0,50,304.743331,0.0
-50.0,50,305.59273,0.0
-50.0,50,306.422331,0.0
-50.0,50,307.286266,0.0
-50.0,50,308.178661,0.0
-50.0,50,309.056034,0.0
-50.0,50,309.930429,0.0
-50.0,50,310.813482,0.0
-50.0,50,311.732361,0.0
-50.0,50,318.477755,0.0
-50.0,50,319.339213,0.0
-50.0,50,320.197992,0.0
-50.0,50,321.060536,0.0
-50.0,50,321.923733,0.0
-50.0,50,322.773901,0.0
-50.0,50,323.666379,0.0
-50.0,50,324.509776,0.0
-50.0,50,325.36156,0.0
-50.0,50,326.310587,0.0
-50.0,50,334.034748,0.0
-50.0,50,334.875577,0.0
-50.0,50,335.735432,0.0
-50.0,50,336.632521,0.0
-50.0,50,337.46772,0.0
-50.0,50,338.338483,0.0
-50.0,50,339.240161,0.0
-50.0,50,340.108555,0.0
-50.0,50,340.970321,0.0
-50.0,50,341.811951,0.0
-50.0,50,348.612397,0.0
-50.0,50,349.484726,0.0
-50.0,50,350.413874,0.0
-50.0,50,351.33619,0.0
-50.0,50,352.203856,0.0
-50.0,50,353.05669,0.0
-50.0,50,353.93132,0.0
-50.0,50,354.877664,0.0
-50.0,50,355.735798,0.0
-50.0,50,356.621743,0.0
-50.0,50,363.391756,0.0
-50.0,50,364.233284,0.0
-50.0,50,365.108641,0.0
-50.0,50,365.963962,0.0
-50.0,50,366.804845,0.0
-50.0,50,368.498537,0.0
-50.0,50,369.4227,0.0
-50.0,50,370.25877,0.0
-50.0,50,371.095778,0.0
-50.0,50,371.935776,0.0
-50.0,50,372.820768,0.0
-50.0,50,379.502237,0.0
-50.0,50,380.351047,0.0
-50.0,50,381.262498,0.0
-50.0,50,382.144244,0.0
-50.0,50,383.003044,0.0
-50.0,50,383.884984,0.0
-50.0,50,384.788701,0.0
-50.0,50,385.634747,0.0
-50.0,50,386.496069,0.0
-50.0,50,387.387684,0.0
-50.0,50,394.065817,0.0
-50.0,50,394.963302,0.0
-50.0,50,395.801157,0.0
-50.0,50,396.711579,0.0
-50.0,50,397.63246,0.0
-50.0,50,398.507872,0.0
-50.0,50,399.446792,0.0
-50.0,50,400.306347,0.0
-50.0,50,401.146472,0.0
-50.0,50,402.848006,0.0
-50.0,50,406.182361,0.0
-50.0,50,407.027189,0.0
-50.0,50,407.891026,0.0
-50.0,50,408.780246,0.0
-50.0,50,409.616905,0.0
-50.0,50,410.479491,0.0
-50.0,50,411.355672,0.0
-50.0,50,412.248781,0.0
-50.0,50,413.120371,0.0
-50.0,50,414.015312,0.0
-50.0,50,417.765737,0.0
-50.0,50,418.593632,0.0
-50.0,50,419.465284,0.0
-50.0,50,420.354656,0.0
-50.0,50,421.229853,0.0
-50.0,50,422.129287,0.0
-50.0,50,422.962039,0.0
-50.0,50,423.848243,0.0
-50.0,50,424.749642,0.0
-50.0,50,425.624182,0.0
-50.0,50,432.318074,0.0
-50.0,50,433.207525,0.0
-50.0,50,434.107923,0.0
-50.0,50,434.987008,0.0
-50.0,50,436.673191,0.0
-50.0,50,437.517495,0.0
-50.0,50,438.416866,0.0
-50.0,50,439.248983,0.0
-50.0,50,440.063928,0.0
-50.0,50,440.906838,0.0
-50.0,50,441.795974,0.0
-50.0,50,448.528134,0.0
-50.0,50,449.377564,0.0
-50.0,50,450.229768,0.0
-50.0,50,451.097563,0.0
-50.0,50,452.001848,0.0
-50.0,50,452.891612,0.0
-50.0,50,453.758106,0.0
-50.0,50,454.656129,0.0
-50.0,50,455.506126,0.0
-50.0,50,456.343359,0.0
-50.0,50,463.113258,0.0
-50.0,50,464.011405,0.0
-50.0,50,464.910036,0.0
-50.0,50,465.793978,0.0
-50.0,50,466.638322,0.0
-50.0,50,467.515054,0.0
-50.0,50,468.369828,0.0
-50.0,50,469.343575,0.0
-50.0,50,471.156654,0.0
-50.0,50,472.016407,0.0
-50.0,50,478.763659,0.0
-50.0,50,479.735266,0.0
-50.0,50,480.614351,0.0
-50.0,50,481.444706,0.0
-50.0,50,482.307803,0.0
-50.0,50,483.194023,0.0
-50.0,50,484.041485,0.0
-50.0,50,484.923753,0.0
-50.0,50,485.816756,0.0
-50.0,50,486.707941,0.0
-50.0,50,493.457731,0.0
-50.0,50,494.312393,0.0
-50.0,50,495.170895,0.0
-50.0,50,496.054393,0.0
-50.0,50,496.890779,0.0
-50.0,50,497.715008,0.0
-50.0,50,498.618917,0.0
-50.0,50,499.474957,0.0
-50.0,50,500.356276,0.0
-50.0,50,501.223564,0.0
-50.0,50,502.058964,0.0
-50.0,50,508.778643,0.0
-50.0,50,509.648722,0.0
-50.0,50,511.494025,0.0
-50.0,50,512.346274,0.0
-50.0,50,513.196504,0.0
-50.0,50,514.149114,0.0
-50.0,50,515.028097,0.0
-50.0,50,515.893023,0.0
-50.0,50,516.761308,0.0
-50.0,50,517.633418,0.0
-50.0,50,524.410941,0.0
-50.0,50,525.300423,0.0
-50.0,50,526.143385,0.0
-50.0,50,526.988754,0.0
-50.0,50,527.82612,0.0
-50.0,50,528.704751,0.0
-50.0,50,529.552241,0.0
-50.0,50,530.406929,0.0
-50.0,50,531.287787,0.0
-50.0,50,532.13023,0.0
-50.0,50,538.894724,0.0
-50.0,50,539.74848,0.0
-50.0,50,540.628378,0.0
-50.0,50,541.505717,0.0
-50.0,50,542.370885,0.0
-50.0,50,543.252071,0.0
-50.0,50,544.119773,0.0
-50.0,50,545.826528,0.0
-50.0,50,546.666403,0.0
-50.0,50,547.556165,0.0
-50.0,50,554.267529,0.0
-50.0,50,555.103763,0.0
-50.0,50,555.93151,0.0
-50.0,50,556.795208,0.0
-50.0,50,557.647276,0.0
-50.0,50,558.459169,0.0
-50.0,50,559.330578,0.0
-50.0,50,560.246633,0.0
-50.0,50,561.095629,0.0
-50.0,50,561.97651,0.0
-50.0,50,562.826218,0.0
-50.0,50,569.625096,0.0
-50.0,50,570.488732,0.0
-50.0,50,571.389948,0.0
-50.0,50,572.322752,0.0
-50.0,50,573.181819,0.0
-50.0,50,574.046605,0.0
-50.0,50,574.888714,0.0
-50.0,50,575.793869,0.0
-50.0,50,576.66643,0.0
-50.0,50,577.515179,0.0
-50.0,50,584.234509,0.0
-50.0,50,585.916374,0.0
-50.0,50,586.75412,0.0
-50.0,50,587.63963,0.0
-50.0,50,588.500548,0.0
-50.0,50,589.356466,0.0
-50.0,50,590.214308,0.0
-50.0,50,591.082529,0.0
-50.0,50,592.028323,0.0
-50.0,50,592.912205,0.0
-50.0,50,599.637666,0.0
-50.0,50,600.578516,0.0
-50.0,50,601.429687,0.0
-50.0,50,602.299458,0.0
-50.0,50,603.161989,0.0
-50.0,50,604.001938,0.0
-50.0,50,604.869126,0.0
-50.0,50,605.771849,0.0
-50.0,50,606.676895,0.0
-50.0,50,607.567646,0.0
-50.0,50,614.281919,0.0
-50.0,50,615.112397,0.0
-50.0,50,615.990096,0.0
-50.0,50,616.825549,0.0
-50.0,50,617.715058,0.0
-50.0,50,618.606774,0.0
-50.0,50,620.283707,0.0
-50.0,50,621.145378,0.0
-50.0,50,621.986562,0.0
-50.0,50,622.838335,0.0
-50.0,50,623.690908,0.0
-50.0,50,630.438577,0.0
-50.0,50,631.296639,0.0
-50.0,50,632.13365,0.0
-50.0,50,632.996946,0.0
-50.0,50,633.820442,0.0
-50.0,50,634.740716,0.0
-50.0,50,635.608985,0.0
-50.0,50,636.567859,0.0
-50.0,50,637.443093,0.0
-50.0,50,638.285904,0.0
-50.0,50,645.133546,0.0
-50.0,50,646.047536,0.0
-50.0,50,646.912646,0.0
-50.0,50,647.751483,0.0
-50.0,50,648.638564,0.0
-50.0,50,649.546062,0.0
-50.0,50,650.447454,0.0
-50.0,50,651.348219,0.0
-50.0,50,652.203002,0.0
-50.0,50,653.087874,0.0
-50.0,50,660.638264,0.0
-50.0,50,661.520338,0.0
-50.0,50,662.383974,0.0
-50.0,50,663.245219,0.0
-50.0,50,664.095176,0.0
-50.0,50,664.989908,0.0
-50.0,50,665.882637,0.0
-50.0,50,666.785021,0.0
-50.0,50,667.677481,0.0
-50.0,50,668.57392,0.0
-50.0,50,675.310963,0.0
-50.0,50,676.161892,0.0
-50.0,50,677.031311,0.0
-50.0,50,677.907246,0.0
-50.0,50,678.832178,0.0
-50.0,50,679.728189,0.0
-50.0,50,680.612854,0.0
-50.0,50,681.523827,0.0
-50.0,50,682.416102,0.0
-50.0,50,683.394931,0.0
-50.0,50,684.262436,0.0
-50.0,50,690.958051,0.0
-50.0,50,691.814825,0.0
-50.0,50,692.8009,0.0
-50.0,50,693.673079,0.0
-50.0,50,695.439106,0.0
-50.0,50,696.377774,0.0
-50.0,50,697.261937,0.0
-50.0,50,698.162216,0.0
-50.0,50,699.049201,0.0
-50.0,50,699.937047,0.0
-50.0,50,706.634093,0.0
-50.0,50,707.454561,0.0
-50.0,50,708.289861,0.0
-50.0,50,709.168765,0.0
-50.0,50,710.040214,0.0
-50.0,50,710.929787,0.0
-50.0,50,711.828667,0.0
-50.0,50,712.74011,0.0
-50.0,50,713.577773,0.0
-50.0,50,714.422458,0.0
-50.0,50,721.131333,0.0
-50.0,50,722.096773,0.0
-50.0,50,722.961097,0.0
-50.0,50,723.86965,0.0
-50.0,50,724.771562,0.0
-50.0,50,725.622577,0.0
-50.0,50,726.507647,0.0
-50.0,50,727.403973,0.0
-50.0,50,728.228368,0.0
-50.0,50,729.941641,0.0
-50.0,50,736.723515,0.0
-50.0,50,737.628201,0.0
-50.0,50,738.511704,0.0
-50.0,50,739.413599,0.0
-50.0,50,740.296571,0.0
-50.0,50,741.141916,0.0
-50.0,50,742.057633,0.0
-50.0,50,742.91245,0.0
-50.0,50,743.805199,0.0
-50.0,50,744.75186,0.0
-50.0,50,745.606464,0.0
-50.0,50,752.365246,0.0
-50.0,50,753.293805,0.0
-50.0,50,754.231068,0.0
-50.0,50,755.067449,0.0
-50.0,50,755.952234,0.0
-50.0,50,756.830552,0.0
-50.0,50,757.727502,0.0
-50.0,50,758.778598,0.0
-50.0,50,759.632234,0.0
-50.0,50,760.531305,0.0
-50.0,50,767.293913,0.0
-50.0,50,768.155747,0.0
-50.0,50,769.046477,0.0
-50.0,50,770.814705,0.0
-50.0,50,771.717159,0.0
-50.0,50,772.598529,0.0
-50.0,50,773.465034,0.0
-50.0,50,774.385316,0.0
-50.0,50,775.300028,0.0
-50.0,50,776.207637,0.0
-50.0,50,782.928725,0.0
-50.0,50,783.782101,0.0
-50.0,50,784.644541,0.0
-50.0,50,785.474625,0.0
-50.0,50,786.30211,0.0
-50.0,50,787.189702,0.0
-50.0,50,788.080512,0.0
-50.0,50,788.923078,0.0
-50.0,50,789.76984,0.0
-50.0,50,790.610211,0.0
-50.0,50,797.314687,0.0
-50.0,50,798.213944,0.0
-50.0,50,799.061719,0.0
-50.0,50,799.899776,0.0
-50.0,50,800.752371,0.0
-50.0,50,801.628544,0.0
-50.0,50,802.504083,0.0
-50.0,50,803.380511,0.0
-50.0,50,805.114447,0.0
-50.0,50,806.022727,0.0
-50.0,50,812.719901,0.0
-50.0,50,813.58328,0.0
-50.0,50,814.429529,0.0
-50.0,50,815.280031,0.0
-50.0,50,816.13685,0.0
-50.0,50,817.049952,0.0
-50.0,50,817.899782,0.0
-50.0,50,818.831489,0.0
-50.0,50,819.682215,0.0
-50.0,50,820.549605,0.0
-50.0,50,821.413817,0.0
-50.0,50,828.129293,0.0
-50.0,50,829.093786,0.0
-50.0,50,829.959952,0.0
-50.0,50,830.837593,0.0
-50.0,50,831.705297,0.0
-50.0,50,832.636036,0.0
-50.0,50,833.560725,0.0
-50.0,50,834.430526,0.0
-50.0,50,835.342409,0.0
-50.0,50,836.179513,0.0
-50.0,50,842.996269,0.0
-50.0,50,843.843563,0.0
-50.0,50,845.550729,0.0
-50.0,50,846.401861,0.0
-50.0,50,847.244478,0.0
-50.0,50,848.096128,0.0
-50.0,50,848.94201,0.0
-50.0,50,849.821038,0.0
-50.0,50,850.720652,0.0
-50.0,50,851.61729,0.0
-50.0,50,858.39614,0.0
-50.0,50,859.263966,0.0
-50.0,50,860.118141,0.0
-50.0,50,861.019289,0.0
-50.0,50,861.849658,0.0
-50.0,50,862.699414,0.0
-50.0,50,863.597391,0.0
-50.0,50,864.471132,0.0
-50.0,50,865.311528,0.0
-50.0,50,866.194212,0.0
-50.0,50,872.953772,0.0
-50.0,50,873.846669,0.0
-50.0,50,874.752467,0.0
-50.0,50,875.643629,0.0
-50.0,50,876.491012,0.0
-50.0,50,877.358448,0.0
-50.0,50,878.24144,0.0
-50.0,50,879.949434,0.0
-50.0,50,880.811383,0.0
-50.0,50,881.73418,0.0
-50.0,50,882.587471,0.0
-50.0,50,889.350611,0.0
-50.0,50,890.229242,0.0
-50.0,50,891.143383,0.0
-50.0,50,892.020368,0.0
-50.0,50,892.956666,0.0
-50.0,50,893.815845,0.0
-50.0,50,894.693451,0.0
-50.0,50,895.561985,0.0
-50.0,50,896.414453,0.0
-50.0,50,897.309571,0.0
-50.0,50,903.98837,0.0
-50.0,50,904.860746,0.0
-50.0,50,905.722285,0.0
-50.0,50,906.585973,0.0
-50.0,50,907.425996,0.0
-50.0,50,908.26292,0.0
-50.0,50,909.165631,0.0
-50.0,50,910.06513,0.0
-50.0,50,910.988302,0.0
-50.0,50,911.96801,0.0
-50.0,50,918.760067,0.0
-50.0,50,920.440199,0.0
-50.0,50,921.392455,0.0
-50.0,50,922.212266,0.0
-50.0,50,923.050882,0.0
-50.0,50,923.961932,0.0
-50.0,50,924.829577,0.0
-50.0,50,925.721684,0.0
-50.0,50,926.642006,0.0
-50.0,50,927.522381,0.0
-50.0,50,934.403865,0.0
-50.0,50,935.24603,0.0
-50.0,50,936.139168,0.0
-50.0,50,936.975163,0.0
-50.0,50,937.848704,0.0
-50.0,50,938.716327,0.0
-50.0,50,939.630751,0.0
-50.0,50,940.593085,0.0
-50.0,50,941.489856,0.0
-50.0,50,942.319619,0.0
-50.0,50,943.21771,0.0
-50.0,50,949.966539,0.0
-50.0,50,950.850446,0.0
-50.0,50,951.690127,0.0
-50.0,50,952.593348,0.0
-50.0,50,953.513519,0.0
-50.0,50,955.221901,0.0
-50.0,50,956.087244,0.0
-50.0,50,956.932426,0.0
-50.0,50,957.779455,0.0
-50.0,50,958.671409,0.0
-50.0,50,965.413994,0.0
-50.0,50,966.298714,0.0
-50.0,50,967.220197,0.0
-50.0,50,968.129627,0.0
-50.0,50,968.994818,0.0
-50.0,50,969.858305,0.0
-50.0,50,970.756107,0.0
-50.0,50,971.68524,0.0
-50.0,50,972.518922,0.0
-50.0,50,973.519759,0.0
-50.0,50,980.296351,0.0
-50.0,50,981.152427,0.0
-50.0,50,981.987919,0.0
-50.0,50,982.887514,0.0
-50.0,50,983.76628,0.0
-50.0,50,984.617865,0.0
-50.0,50,985.462277,0.0
-50.0,50,986.292062,0.0
-50.0,50,987.220044,0.0
-50.0,50,988.157022,0.0
-50.0,50,995.826078,0.0
-50.0,50,996.77554,0.0
-50.0,50,997.73729,0.0
-50.0,50,998.664815,0.0
-50.0,50,999.518872,0.0
-50.0,50,1000.369603,0.0
-50.0,50,1001.259526,0.0
-50.0,50,1002.217968,0.0
-50.0,50,1003.114008,0.0
-50.0,50,1004.023803,0.0
-50.0,50,1004.886186,0.0
-50.0,50,1011.61869,0.0
-50.0,50,1012.470564,0.0
-50.0,50,1013.37883,0.0
-50.0,50,1014.251351,0.0
-50.0,50,1015.145094,0.0
-50.0,50,1016.071509,0.0
-50.0,50,1016.998808,0.0
-50.0,50,1017.867679,0.0
-50.0,50,1018.79098,0.0
-50.0,50,1019.702208,0.0
-50.0,50,1026.400893,0.0
-50.0,50,1027.274734,0.0
-50.0,50,1028.107193,0.0
-50.0,50,1028.954672,0.0
-50.0,50,1030.943906,0.0
-50.0,50,1031.828361,0.0
-50.0,50,1032.748411,0.0
-50.0,50,1033.628954,0.0
-50.0,50,1034.499462,0.0
-50.0,50,1035.377987,0.0
-50.0,50,1042.315936,0.0
-50.0,50,1043.256311,0.0
-50.0,50,1044.158107,0.0
-50.0,50,1045.112113,0.0
-50.0,50,1046.047366,0.0
-50.0,50,1046.956873,0.0
-50.0,50,1047.847291,0.0
-50.0,50,1048.712567,0.0
-50.0,50,1049.593022,0.0
-50.0,50,1050.455436,0.0
-50.0,50,1057.198413,0.0
-50.0,50,1058.058484,0.0
-50.0,50,1058.958131,0.0
-50.0,50,1059.856116,0.0
-50.0,50,1060.762973,0.0
-50.0,50,1061.686412,0.0
-50.0,50,1062.537001,0.0
-50.0,50,1063.405049,0.0
-50.0,50,1064.251782,0.0
-50.0,50,1065.910892,0.0
-50.0,50,1066.773664,0.0
-50.0,50,1073.542016,0.0
-50.0,50,1074.412289,0.0
-50.0,50,1075.361527,0.0
-50.0,50,1076.286241,0.0
-50.0,50,1077.117409,0.0
-50.0,50,1078.084777,0.0
-50.0,50,1078.957412,0.0
-50.0,50,1079.89777,0.0
-50.0,50,1080.829308,0.0
-50.0,50,1081.685202,0.0
-50.0,50,1088.380178,0.0
-50.0,50,1089.261679,0.0
-50.0,50,1090.18484,0.0
-50.0,50,1091.100684,0.0
-50.0,50,1091.950273,0.0
-50.0,50,1092.850771,0.0
-50.0,50,1093.796523,0.0
-50.0,50,1094.698553,0.0
-50.0,50,1095.570488,0.0
-50.0,50,1096.425666,0.0
-50.0,50,1103.221706,0.0
-50.0,50,1104.053645,0.0
-50.0,50,1104.912616,0.0
-50.0,50,1106.621129,0.0
-50.0,50,1107.540028,0.0
-50.0,50,1108.432229,0.0
-50.0,50,1109.27601,0.0
-50.0,50,1110.092552,0.0
-50.0,50,1110.919682,0.0
-50.0,50,1111.824193,0.0
-50.0,50,1118.638615,0.0
-50.0,50,1119.504684,0.0
-50.0,50,1120.36801,0.0
-50.0,50,1121.283015,0.0
-50.0,50,1122.170552,0.0
-50.0,50,1123.064308,0.0
-50.0,50,1124.097358,0.0
-50.0,50,1124.977712,0.0
-50.0,50,1125.909913,0.0
-50.0,50,1126.773329,0.0
-50.0,50,1127.670861,0.0
-50.0,50,1134.425076,0.0
-50.0,50,1135.254236,0.0
-50.0,50,1136.154908,0.0
-50.0,50,1137.021092,0.0
-50.0,50,1137.919097,0.0
-50.0,50,1138.820955,0.0
-50.0,50,1139.668715,0.0
-50.0,50,1141.382997,0.0
-50.0,50,1142.221792,0.0
-50.0,50,1143.08976,0.0
-50.0,50,1149.940852,0.0
-50.0,50,1150.818882,0.0
-50.0,50,1151.68254,0.0
-50.0,50,1152.609944,0.0
-50.0,50,1153.482588,0.0
-50.0,50,1154.400684,0.0
-50.0,50,1155.300872,0.0
-50.0,50,1156.186145,0.0
-50.0,50,1157.034446,0.0
-50.0,50,1157.916116,0.0
-50.0,50,1164.632885,0.0
-50.0,50,1165.509598,0.0
-50.0,50,1166.394295,0.0
-50.0,50,1167.273753,0.0
-50.0,50,1168.15292,0.0
-50.0,50,1169.00254,0.0
-50.0,50,1169.889228,0.0
-50.0,50,1170.771726,0.0
-50.0,50,1171.622787,0.0
-50.0,50,1172.478722,0.0
-50.0,50,1179.112744,0.0
-50.0,50,1180.017903,0.0
-50.0,50,1181.849435,0.0
-50.0,50,1182.805966,0.0
-50.0,50,1183.668568,0.0
-50.0,50,1184.50349,0.0
-50.0,50,1185.476375,0.0
-50.0,50,1186.343717,0.0
-50.0,50,1187.23541,0.0
-50.0,50,1188.157811,0.0
-50.0,50,1194.919628,0.0
-50.0,50,1195.806993,0.0
-50.0,50,1196.759078,0.0
-50.0,50,1197.625846,0.0
-50.0,50,1198.554562,0.0
-50.0,50,1199.427446,0.0
-50.0,50,1200.362285,0.0
-50.0,50,1201.238284,0.0
-50.0,50,1202.135841,0.0
-50.0,50,1203.020294,0.0
-50.0,50,1203.897992,0.0
-50.0,50,1210.673759,0.0
-50.0,50,1211.569739,0.0
-50.0,50,1212.443083,0.0
-50.0,50,1213.37288,0.0
-50.0,50,1214.261018,0.0
-50.0,50,1215.157363,0.0
-50.0,50,1216.927231,0.0
-50.0,50,1217.82677,0.0
-50.0,50,1218.686912,0.0
-50.0,50,1219.588931,0.0
-50.0,50,1226.343189,0.0
-50.0,50,1227.219708,0.0
-50.0,50,1228.118674,0.0
-50.0,50,1229.018708,0.0
-50.0,50,1229.902333,0.0
-50.0,50,1230.802876,0.0
-50.0,50,1231.71503,0.0
-50.0,50,1232.648579,0.0
-50.0,50,1233.514745,0.0
-50.0,50,1234.449739,0.0
-50.0,50,1241.170476,0.0
-50.0,50,1242.009999,0.0
-50.0,50,1242.907634,0.0
-50.0,50,1243.750956,0.0
-50.0,50,1244.670525,0.0
-50.0,50,1245.509741,0.0
-50.0,50,1246.378915,0.0
-50.0,50,1247.248072,0.0
-50.0,50,1248.151068,0.0
-50.0,50,1249.063249,0.0
-50.0,50,1255.88232,0.0
-50.0,50,1257.530526,0.0
-50.0,50,1258.517538,0.0
-50.0,50,1259.398504,0.0
-50.0,50,1260.267268,0.0
-50.0,50,1261.15475,0.0
-50.0,50,1262.016538,0.0
-50.0,50,1262.872805,0.0
-50.0,50,1263.737683,0.0
-50.0,50,1264.607013,0.0
-50.0,50,1265.485446,0.0
-50.0,50,1272.249711,0.0
-50.0,50,1273.11209,0.0
-50.0,50,1274.087403,0.0
-50.0,50,1274.973365,0.0
-50.0,50,1275.828985,0.0
-50.0,50,1276.674193,0.0
-50.0,50,1277.524013,0.0
-50.0,50,1278.391389,0.0
-50.0,50,1279.324919,0.0
-50.0,50,1280.204363,0.0
-50.0,50,1287.114717,0.0
-50.0,50,1288.10013,0.0
-50.0,50,1288.997511,0.0
-50.0,50,1289.829898,0.0
-50.0,50,1290.672832,0.0
-50.0,50,1292.359453,0.0
-50.0,50,1293.280432,0.0
-50.0,50,1294.171031,0.0
-50.0,50,1295.099993,0.0
-50.0,50,1296.010085,0.0
-50.0,50,1302.740834,0.0
-50.0,50,1303.668571,0.0
-50.0,50,1304.560903,0.0
-50.0,50,1305.433978,0.0
-50.0,50,1306.269927,0.0
-50.0,50,1307.131377,0.0
-50.0,50,1308.035138,0.0
-50.0,50,1308.877048,0.0
-50.0,50,1309.706712,0.0
-50.0,50,1310.63158,0.0
-50.0,50,1317.352781,0.0
-50.0,50,1318.234501,0.0
-50.0,50,1319.098253,0.0
-50.0,50,1319.939847,0.0
-50.0,50,1320.799052,0.0
-50.0,50,1321.666352,0.0
-50.0,50,1322.507003,0.0
-50.0,50,1323.407001,0.0
-50.0,50,1324.271866,0.0
-50.0,50,1325.116426,0.0
-50.0,50,1326.85787,0.0
-50.0,50,1333.778662,0.0
-50.0,50,1334.670817,0.0
-50.0,50,1335.521932,0.0
-50.0,50,1336.474513,0.0
-50.0,50,1337.344577,0.0
-50.0,50,1338.221895,0.0
-50.0,50,1339.095428,0.0
-50.0,50,1339.964973,0.0
-50.0,50,1340.841521,0.0
-50.0,50,1341.726941,0.0
-50.0,50,1348.505791,0.0
-50.0,50,1349.339802,0.0
-50.0,50,1350.196246,0.0
-50.0,50,1351.061189,0.0
-50.0,50,1352.004688,0.0
-50.0,50,1352.836603,0.0
-50.0,50,1353.732018,0.0
-50.0,50,1354.683489,0.0
-50.0,50,1355.562798,0.0
-50.0,50,1356.448025,0.0
-50.0,50,1363.269937,0.0
-50.0,50,1364.152207,0.0
-50.0,50,1365.118093,0.0
-50.0,50,1365.990309,0.0
-50.0,50,1367.723265,0.0
-50.0,50,1368.61905,0.0
-50.0,50,1369.475286,0.0
-50.0,50,1370.312311,0.0
-50.0,50,1371.196029,0.0
-50.0,50,1372.092929,0.0
-50.0,50,1378.863605,0.0
-50.0,50,1379.778869,0.0
-50.0,50,1380.641674,0.0
-50.0,50,1381.491183,0.0
-50.0,50,1382.364646,0.0
-50.0,50,1383.288112,0.0
-50.0,50,1384.154007,0.0
-50.0,50,1384.981021,0.0
-50.0,50,1385.926528,0.0
-50.0,50,1386.839338,0.0
-50.0,50,1387.747306,0.0
-50.0,50,1394.599283,0.0
-50.0,50,1395.515979,0.0
-50.0,50,1396.369888,0.0
-50.0,50,1397.199915,0.0
-50.0,50,1398.034973,0.0
-50.0,50,1398.929049,0.0
-50.0,50,1399.778317,0.0
-50.0,50,1400.695399,0.0
-50.0,50,1402.447154,0.0
-50.0,50,1403.330263,0.0
-50.0,50,1410.06851,0.0
-50.0,50,1411.010528,0.0
-50.0,50,1411.877995,0.0
-50.0,50,1412.788002,0.0
-50.0,50,1413.654717,0.0
-50.0,50,1414.53358,0.0
-50.0,50,1415.392478,0.0
-50.0,50,1416.245365,0.0
-50.0,50,1417.150697,0.0
-50.0,50,1418.107877,0.0
-50.0,50,1424.774558,0.0
-50.0,50,1425.592079,0.0
-50.0,50,1426.513453,0.0
-50.0,50,1427.365277,0.0
-50.0,50,1428.238087,0.0
-50.0,50,1429.098723,0.0
-50.0,50,1429.927318,0.0
-50.0,50,1430.775738,0.0
-50.0,50,1431.690727,0.0
-50.0,50,1432.541067,0.0
-50.0,50,1439.25094,0.0
-50.0,50,1440.084581,0.0
-50.0,50,1440.950091,0.0
-50.0,50,1442.700902,0.0
-50.0,50,1443.588303,0.0
-50.0,50,1444.469656,0.0
-50.0,50,1445.311023,0.0
-50.0,50,1446.190691,0.0
-50.0,50,1447.121451,0.0
-50.0,50,1448.008203,0.0
-50.0,50,1448.921331,0.0
-50.0,50,1455.705345,0.0
-50.0,50,1456.596629,0.0
-50.0,50,1457.44571,0.0
-50.0,50,1458.391503,0.0
-50.0,50,1459.29736,0.0
-50.0,50,1460.102808,0.0
-50.0,50,1461.007818,0.0
-50.0,50,1461.911474,0.0
-50.0,50,1462.778186,0.0
-50.0,50,1463.635267,0.0
-50.0,50,1470.354242,0.0
-50.0,50,1471.159977,0.0
-50.0,50,1471.996408,0.0
-50.0,50,1472.852414,0.0
-50.0,50,1473.740338,0.0
-50.0,50,1474.615677,0.0
-50.0,50,1475.466021,0.0
-50.0,50,1477.185054,0.0
-50.0,50,1478.059525,0.0
-50.0,50,1478.97624,0.0
-50.0,50,1485.582788,0.0
-50.0,50,1486.451892,0.0
-50.0,50,1487.366925,0.0
-50.0,50,1488.267593,0.0
-50.0,50,1489.114046,0.0
-50.0,50,1490.006366,0.0
-50.0,50,1490.906279,0.0
-50.0,50,1491.829296,0.0
-50.0,50,1492.755616,0.0
-50.0,50,1493.565049,0.0
-50.0,50,1500.293722,0.0
-50.0,50,1501.15111,0.0
-50.0,50,1502.08536,0.0
-50.0,50,1502.917324,0.0
-50.0,50,1503.873616,0.0
-50.0,50,1504.762704,0.0
-50.0,50,1505.647043,0.0
-50.0,50,1506.758347,0.0
-50.0,50,1507.596069,0.0
-50.0,50,1508.469772,0.0
-50.0,50,1509.372177,0.0
-50.0,50,1516.1693,0.0
-50.0,50,1517.956664,0.0
-50.0,50,1518.915544,0.0
-50.0,50,1519.875949,0.0
-50.0,50,1520.751256,0.0
-50.0,50,1521.624723,0.0
-50.0,50,1522.496079,0.0
-50.0,50,1523.454578,0.0
-50.0,50,1524.377335,0.0
-50.0,50,1525.240443,0.0
-50.0,50,1532.060762,0.0
-50.0,50,1532.966715,0.0
-50.0,50,1533.799379,0.0
-50.0,50,1534.67654,0.0
-50.0,50,1535.56683,0.0
-50.0,50,1536.379158,0.0
-50.0,50,1537.315345,0.0
-50.0,50,1538.202098,0.0
-50.0,50,1539.09732,0.0
-50.0,50,1539.968761,0.0
-50.0,50,1546.726287,0.0
-50.0,50,1547.615576,0.0
-50.0,50,1548.572905,0.0
-50.0,50,1549.499174,0.0
-50.0,50,1550.527081,0.0
-50.0,50,1551.385419,0.0
-50.0,50,1553.173954,0.0
-50.0,50,1554.10268,0.0
-50.0,50,1554.985148,0.0
-50.0,50,1555.865604,0.0
-50.0,50,1562.559903,0.0
-50.0,50,1563.44444,0.0
-50.0,50,1564.331876,0.0
-50.0,50,1565.21199,0.0
-50.0,50,1566.20387,0.0
-50.0,50,1567.14596,0.0
-50.0,50,1568.035114,0.0
-50.0,50,1568.973107,0.0
-50.0,50,1569.828646,0.0
-50.0,50,1570.74409,0.0
-50.0,50,1577.536178,0.0
-50.0,50,1578.44007,0.0
-50.0,50,1579.450317,0.0
-50.0,50,1580.317252,0.0
-50.0,50,1581.17006,0.0
-50.0,50,1582.03386,0.0
-50.0,50,1582.844564,0.0
-50.0,50,1583.705139,0.0
-50.0,50,1584.562274,0.0
-50.0,50,1585.462419,0.0
-50.0,50,1586.303351,0.0
-50.0,50,1593.901767,0.0
-50.0,50,1594.865789,0.0
-50.0,50,1595.809518,0.0
-50.0,50,1596.724636,0.0
-50.0,50,1597.641823,0.0
-50.0,50,1598.548137,0.0
-50.0,50,1599.424826,0.0
-50.0,50,1600.345148,0.0
-50.0,50,1601.2357,0.0
-50.0,50,1602.132345,0.0
-50.0,50,1608.9212,0.0
-50.0,50,1609.815746,0.0
-50.0,50,1610.713762,0.0
-50.0,50,1611.609667,0.0
-50.0,50,1612.481355,0.0
-50.0,50,1613.36702,0.0
-50.0,50,1614.358149,0.0
-50.0,50,1615.210194,0.0
-50.0,50,1616.146364,0.0
-50.0,50,1617.041978,0.0
-50.0,50,1623.77458,0.0
-50.0,50,1624.605899,0.0
-50.0,50,1625.532129,0.0
-50.0,50,1626.484512,0.0
-50.0,50,1627.337516,0.0
-50.0,50,1629.043088,0.0
-50.0,50,1629.97704,0.0
-50.0,50,1630.92187,0.0
-50.0,50,1631.7565,0.0
-50.0,50,1632.625062,0.0
-50.0,50,1639.396709,0.0
-50.0,50,1640.344383,0.0
-50.0,50,1641.259634,0.0
-50.0,50,1642.176616,0.0
-50.0,50,1643.080257,0.0
-50.0,50,1644.04383,0.0
-50.0,50,1644.913694,0.0
-50.0,50,1645.826055,0.0
-50.0,50,1646.724225,0.0
-50.0,50,1647.613903,0.0
-50.0,50,1648.519029,0.0
-50.0,50,1655.289589,0.0
-50.0,50,1656.137485,0.0
-50.0,50,1657.022326,0.0
-50.0,50,1657.872689,0.0
-50.0,50,1658.86553,0.0
-50.0,50,1659.812044,0.0
-50.0,50,1660.669091,0.0
-50.0,50,1661.631798,0.0
-50.0,50,1662.506746,0.0
-50.0,50,1664.3204,0.0
-50.0,50,1671.053727,0.0
-50.0,50,1671.986668,0.0
-50.0,50,1672.83189,0.0
-50.0,50,1673.707825,0.0
-50.0,50,1674.657869,0.0
-50.0,50,1675.53474,0.0
-50.0,50,1676.450143,0.0
-50.0,50,1677.303926,0.0
-50.0,50,1678.199115,0.0
-50.0,50,1679.146094,0.0
-50.0,50,1685.763851,0.0
-50.0,50,1686.665932,0.0
-50.0,50,1687.555061,0.0
-50.0,50,1688.398028,0.0
-50.0,50,1689.228066,0.0
-50.0,50,1690.053931,0.0
-50.0,50,1690.996984,0.0
-50.0,50,1691.844053,0.0
-50.0,50,1692.726789,0.0
-50.0,50,1693.647988,0.0
-50.0,50,1700.339737,0.0
-50.0,50,1701.205124,0.0
-50.0,50,1702.087258,0.0
-50.0,50,1702.973432,0.0
-50.0,50,1704.660595,0.0
-50.0,50,1705.514114,0.0
-50.0,50,1706.406457,0.0
-50.0,50,1707.317082,0.0
-50.0,50,1708.243197,0.0
-50.0,50,1709.160307,0.0
-50.0,50,1710.059096,0.0
-50.0,50,1716.817265,0.0
-50.0,50,1717.70658,0.0
-50.0,50,1718.633182,0.0
-50.0,50,1719.522475,0.0
-50.0,50,1720.441061,0.0
-50.0,50,1721.323816,0.0
-50.0,50,1722.196325,0.0
-50.0,50,1723.11794,0.0
-50.0,50,1723.969134,0.0
-50.0,50,1724.860847,0.0
-50.0,50,1731.62982,0.0
-50.0,50,1732.754962,0.0
-50.0,50,1733.655018,0.0
-50.0,50,1734.540815,0.0
-50.0,50,1735.416446,0.0
-50.0,50,1736.318605,0.0
-50.0,50,1737.189459,0.0
-50.0,50,1738.103097,0.0
-50.0,50,1739.82207,0.0
-50.0,50,1740.763048,0.0
-50.0,50,1747.474528,0.0
-50.0,50,1748.341601,0.0
-50.0,50,1749.19103,0.0
-50.0,50,1750.147547,0.0
-50.0,50,1751.110439,0.0
-50.0,50,1752.065928,0.0
-50.0,50,1753.090537,0.0
-50.0,50,1754.042094,0.0
-50.0,50,1754.893359,0.0
-50.0,50,1755.741158,0.0
-50.0,50,1762.474409,0.0
-50.0,50,1763.351037,0.0
-50.0,50,1764.182647,0.0
-50.0,50,1765.020878,0.0
-50.0,50,1765.9066,0.0
-50.0,50,1766.772791,0.0
-50.0,50,1767.750311,0.0
-50.0,50,1768.655713,0.0
-50.0,50,1769.481387,0.0
-50.0,50,1770.346023,0.0
-50.0,50,1771.221381,0.0
-50.0,50,1777.980719,0.0
-50.0,50,1778.82973,0.0
-50.0,50,1780.618341,0.0
-50.0,50,1781.516393,0.0
-50.0,50,1782.396955,0.0
-50.0,50,1783.353307,0.0
-50.0,50,1784.268824,0.0
-50.0,50,1785.165513,0.0
-50.0,50,1786.102713,0.0
-50.0,50,1786.954354,0.0
-50.0,50,1793.754423,0.0
-50.0,50,1794.627851,0.0
-50.0,50,1795.5855,0.0
-50.0,50,1796.478784,0.0
-50.0,50,1797.410237,0.0
-50.0,50,1798.314421,0.0
-50.0,50,1799.275061,0.0
-50.0,50,1800.175311,0.0
-50.0,50,1801.060087,0.0
-50.0,50,1801.914156,0.0
-50.0,50,1808.710285,0.0
-50.0,50,1809.578671,0.0
-50.0,50,1810.424388,0.0
-50.0,50,1811.347758,0.0
-50.0,50,1812.234724,0.0
-50.0,50,1813.128953,0.0
-50.0,50,1814.069122,0.0
-50.0,50,1815.769254,0.0
-50.0,50,1816.621949,0.0
-50.0,50,1817.510882,0.0
-50.0,50,1824.314809,0.0
-50.0,50,1825.193002,0.0
-50.0,50,1826.061049,0.0
-50.0,50,1827.181383,0.0
-50.0,50,1828.08081,0.0
-50.0,50,1829.000347,0.0
-50.0,50,1829.903649,0.0
-50.0,50,1830.804647,0.0
-50.0,50,1831.697753,0.0
-50.0,50,1832.687027,0.0
-50.0,50,1833.53237,0.0
-50.0,50,1840.284927,0.0
-50.0,50,1841.160103,0.0
-50.0,50,1842.021362,0.0
-50.0,50,1842.893114,0.0
-50.0,50,1843.765283,0.0
-50.0,50,1844.679134,0.0
-50.0,50,1845.527755,0.0
-50.0,50,1846.490016,0.0
-50.0,50,1847.407656,0.0
-50.0,50,1848.301931,0.0
-50.0,50,1855.036978,0.0
-50.0,50,1856.859575,0.0
-50.0,50,1857.743928,0.0
-50.0,50,1858.5989,0.0
-50.0,50,1859.50483,0.0
-50.0,50,1860.380829,0.0
-50.0,50,1861.335285,0.0
-50.0,50,1862.212351,0.0
-50.0,50,1863.153313,0.0
-50.0,50,1864.068806,0.0
-50.0,50,1870.824463,0.0
-50.0,50,1871.804038,0.0
-50.0,50,1872.705456,0.0
-50.0,50,1873.570057,0.0
-50.0,50,1874.460006,0.0
-50.0,50,1875.355892,0.0
-50.0,50,1876.204513,0.0
-50.0,50,1877.154042,0.0
-50.0,50,1878.047029,0.0
-50.0,50,1878.980427,0.0
-50.0,50,1885.760727,0.0
-50.0,50,1886.610783,0.0
-50.0,50,1887.589701,0.0
-50.0,50,1888.450852,0.0
-50.0,50,1889.322914,0.0
-50.0,50,1890.246685,0.0
-50.0,50,1891.923413,0.0
-50.0,50,1892.876472,0.0
-50.0,50,1893.723447,0.0
-50.0,50,1894.613727,0.0
-50.0,50,1895.492984,0.0
-50.0,50,1902.343232,0.0
-50.0,50,1903.340232,0.0
-50.0,50,1904.262362,0.0
-50.0,50,1905.221109,0.0
-50.0,50,1906.083758,0.0
-50.0,50,1907.013806,0.0
-50.0,50,1907.954975,0.0
-50.0,50,1908.870956,0.0
-50.0,50,1909.768063,0.0
-50.0,50,1910.675712,0.0
-50.0,50,1917.455898,0.0
-50.0,50,1918.357342,0.0
-50.0,50,1919.395605,0.0
-50.0,50,1920.285774,0.0
-50.0,50,1921.239942,0.0
-50.0,50,1922.102537,0.0
-50.0,50,1923.096596,0.0
-50.0,50,1924.044509,0.0
-50.0,50,1924.935024,0.0
-50.0,50,1925.852503,0.0
-50.0,50,1933.370965,0.0
-50.0,50,1934.216582,0.0
-50.0,50,1935.113627,0.0
-50.0,50,1936.043224,0.0
-50.0,50,1936.953506,0.0
-50.0,50,1937.821715,0.0
-50.0,50,1938.72369,0.0
-50.0,50,1939.665954,0.0
-50.0,50,1940.567631,0.0
-50.0,50,1941.461025,0.0
-50.0,50,1948.181002,0.0
-50.0,50,1949.047154,0.0
-50.0,50,1949.911305,0.0
-50.0,50,1950.919492,0.0
-50.0,50,1951.803644,0.0
-50.0,50,1952.659707,0.0
-50.0,50,1953.527218,0.0
-50.0,50,1954.424836,0.0
-50.0,50,1955.317844,0.0
-50.0,50,1956.299384,0.0
-50.0,50,1963.004075,0.0
-50.0,50,1963.909513,0.0
-50.0,50,1964.793257,0.0
-50.0,50,1965.823032,0.0
-50.0,50,1966.715727,0.0
-50.0,50,1968.386884,0.0
-50.0,50,1969.229624,0.0
-50.0,50,1970.150865,0.0
-50.0,50,1971.133884,0.0
-50.0,50,1972.012371,0.0
-50.0,50,1972.968936,0.0
-50.0,50,1979.753819,0.0
-50.0,50,1980.646727,0.0
-50.0,50,1981.554287,0.0
-50.0,50,1982.460232,0.0
-50.0,50,1983.4091,0.0
-50.0,50,1984.271325,0.0
-50.0,50,1985.130776,0.0
-50.0,50,1986.053865,0.0
-50.0,50,1986.955169,0.0
-50.0,50,1987.860663,0.0
-50.0,50,1994.681757,0.0
-50.0,50,1995.592934,0.0
-50.0,50,1996.461925,0.0
-50.0,50,1997.452136,0.0
-50.0,50,1998.32606,0.0
-50.0,50,1999.211948,0.0
-50.0,50,2000.336158,0.0
-50.0,50,2001.233738,0.0
-50.0,50,2002.145919,0.0
-50.0,50,2003.911071,0.0
-50.0,50,2010.658212,0.0
-50.0,50,2011.631867,0.0
-50.0,50,2012.586383,0.0
-50.0,50,2013.437075,0.0
-50.0,50,2014.284139,0.0
-50.0,50,2015.165346,0.0
-50.0,50,2016.10236,0.0
-50.0,50,2017.041913,0.0
-50.0,50,2017.927793,0.0
-50.0,50,2018.846906,0.0
-50.0,50,2025.599678,0.0
-50.0,50,2026.513847,0.0
-50.0,50,2027.453718,0.0
-50.0,50,2028.356834,0.0
-50.0,50,2029.374324,0.0
-50.0,50,2030.445586,0.0
-50.0,50,2031.336224,0.0
-50.0,50,2032.192962,0.0
-50.0,50,2033.114174,0.0
-50.0,50,2034.026206,0.0
-50.0,50,2034.954706,0.0
-50.0,50,2041.683347,0.0
-50.0,50,2042.53563,0.0
-50.0,50,2043.457932,0.0
-50.0,50,2045.24395,0.0
-50.0,50,2046.187015,0.0
-50.0,50,2047.052572,0.0
-50.0,50,2047.997151,0.0
-50.0,50,2048.88887,0.0
-50.0,50,2049.838756,0.0
-50.0,50,2050.774868,0.0
-50.0,50,2057.531568,0.0
-50.0,50,2058.434133,0.0
-50.0,50,2059.382776,0.0
-50.0,50,2060.298538,0.0
-50.0,50,2061.200905,0.0
-50.0,50,2062.146735,0.0
-50.0,50,2063.024276,0.0
-50.0,50,2063.944989,0.0
-50.0,50,2064.816481,0.0
-50.0,50,2065.72585,0.0
-50.0,50,2072.553488,0.0
-50.0,50,2073.420586,0.0
-50.0,50,2074.328647,0.0
-50.0,50,2075.200928,0.0
-50.0,50,2076.174608,0.0
-50.0,50,2077.174696,0.0
-50.0,50,2078.15467,0.0
-50.0,50,2079.072072,0.0
-50.0,50,2080.740427,0.0
-50.0,50,2081.65399,0.0
-50.0,50,2088.494718,0.0
-50.0,50,2089.426812,0.0
-50.0,50,2090.334524,0.0
-50.0,50,2091.28604,0.0
-50.0,50,2092.274064,0.0
-50.0,50,2093.200713,0.0
-50.0,50,2094.093113,0.0
-50.0,50,2094.980211,0.0
-50.0,50,2095.985738,0.0
-50.0,50,2096.855615,0.0
-50.0,50,2097.815118,0.0
-50.0,50,2104.574249,0.0
-50.0,50,2105.492049,0.0
-50.0,50,2106.394002,0.0
-50.0,50,2107.24334,0.0
-50.0,50,2108.17799,0.0
-50.0,50,2109.0943,0.0
-50.0,50,2109.93095,0.0
-50.0,50,2110.899066,0.0
-50.0,50,2111.892281,0.0
-50.0,50,2112.732784,0.0
-50.0,50,2119.393881,0.0
-50.0,50,2120.292727,0.0
-50.0,50,2121.996201,0.0
-50.0,50,2122.943914,0.0
-50.0,50,2123.886181,0.0
-50.0,50,2124.805985,0.0
-50.0,50,2125.674936,0.0
-50.0,50,2126.590939,0.0
-50.0,50,2127.458604,0.0
-50.0,50,2128.33347,0.0
-50.0,50,2135.109925,0.0
-50.0,50,2136.008785,0.0
-50.0,50,2136.851255,0.0
-50.0,50,2137.775559,0.0
-50.0,50,2138.676473,0.0
-50.0,50,2139.573432,0.0
-50.0,50,2140.508377,0.0
-50.0,50,2141.551294,0.0
-50.0,50,2142.417044,0.0
-50.0,50,2143.333682,0.0
-50.0,50,2150.073976,0.0
-50.0,50,2150.988811,0.0
-50.0,50,2151.880624,0.0
-50.0,50,2152.757056,0.0
-50.0,50,2153.668309,0.0
-50.0,50,2154.58173,0.0
-50.0,50,2155.530099,0.0
-50.0,50,2157.407317,0.0
-50.0,50,2158.318204,0.0
-50.0,50,2159.212861,0.0
-50.0,50,2160.110915,0.0
-50.0,50,2166.868536,0.0
-50.0,50,2167.773153,0.0
-50.0,50,2168.682274,0.0
-50.0,50,2169.60067,0.0
-50.0,50,2170.518116,0.0
-50.0,50,2171.412142,0.0
-50.0,50,2172.294443,0.0
-50.0,50,2173.142156,0.0
-50.0,50,2174.009398,0.0
-50.0,50,2174.864784,0.0
-50.0,50,2181.676643,0.0
-50.0,50,2182.569828,0.0
-50.0,50,2183.440583,0.0
-50.0,50,2184.346105,0.0
-50.0,50,2185.241562,0.0
-50.0,50,2186.172428,0.0
-50.0,50,2187.100429,0.0
-50.0,50,2188.007707,0.0
-50.0,50,2188.845535,0.0
-50.0,50,2189.753056,0.0
-50.0,50,2196.489737,0.0
-50.0,50,2198.280857,0.0
-50.0,50,2199.218255,0.0
-50.0,50,2200.068106,0.0
-50.0,50,2200.929825,0.0
-50.0,50,2201.861673,0.0
-50.0,50,2202.798107,0.0
-50.0,50,2203.771728,0.0
-50.0,50,2204.666298,0.0
-50.0,50,2205.562528,0.0
-50.0,50,2212.360093,0.0
-50.0,50,2213.254392,0.0
-50.0,50,2214.197052,0.0
-50.0,50,2215.091332,0.0
-50.0,50,2215.971286,0.0
-50.0,50,2216.949573,0.0
-50.0,50,2217.844567,0.0
-50.0,50,2218.772208,0.0
-50.0,50,2219.673163,0.0
-50.0,50,2220.528409,0.0
-50.0,50,2221.432274,0.0
-50.0,50,2228.161912,0.0
-50.0,50,2229.007835,0.0
-50.0,50,2229.913896,0.0
-50.0,50,2230.857213,0.0
-50.0,50,2231.844341,0.0
-50.0,50,2233.753084,0.0
-50.0,50,2234.611933,0.0
-50.0,50,2235.511866,0.0
-50.0,50,2236.427526,0.0
-50.0,50,2237.340629,0.0
-50.0,50,2244.104483,0.0
-50.0,50,2244.994356,0.0
-50.0,50,2245.932513,0.0
-50.0,50,2246.821584,0.0
-50.0,50,2247.748827,0.0
-50.0,50,2248.655716,0.0
-50.0,50,2249.531514,0.0
-50.0,50,2250.404427,0.0
-50.0,50,2251.279861,0.0
-50.0,50,2252.186494,0.0
-50.0,50,2258.960958,0.0
-50.0,50,2259.888589,0.0
-50.0,50,2260.763362,0.0
-50.0,50,2261.615713,0.0
-50.0,50,2262.539565,0.0
-50.0,50,2263.405445,0.0
-50.0,50,2264.331988,0.0
-50.0,50,2265.199601,0.0
-50.0,50,2266.11556,0.0
-50.0,50,2267.069683,0.0
-50.0,50,2274.683516,0.0
-50.0,50,2275.562539,0.0
-50.0,50,2276.454125,0.0
-50.0,50,2277.395901,0.0
-50.0,50,2278.234292,0.0
-50.0,50,2279.118571,0.0
-50.0,50,2280.029912,0.0
-50.0,50,2280.975817,0.0
-50.0,50,2281.946266,0.0
-50.0,50,2282.904271,0.0
-50.0,50,2283.978491,0.0
-50.0,50,2290.809447,0.0
-50.0,50,2291.710601,0.0
-50.0,50,2292.753559,0.0
-50.0,50,2293.64706,0.0
-50.0,50,2294.629996,0.0
-50.0,50,2295.545889,0.0
-50.0,50,2296.402702,0.0
-50.0,50,2297.292016,0.0
-50.0,50,2298.178212,0.0
-50.0,50,2299.126301,0.0
-50.0,50,2305.931689,0.0
-50.0,50,2306.761272,0.0
-50.0,50,2307.667838,0.0
-50.0,50,2308.665923,0.0
-50.0,50,2310.440609,0.0
-50.0,50,2311.317794,0.0
-50.0,50,2312.174616,0.0
-50.0,50,2313.123389,0.0
-50.0,50,2314.158237,0.0
-50.0,50,2315.157052,0.0
-50.0,50,2321.930303,0.0
-50.0,50,2322.823605,0.0
-50.0,50,2323.72043,0.0
-50.0,50,2324.586348,0.0
-50.0,50,2325.474646,0.0
-50.0,50,2326.339699,0.0
-50.0,50,2327.362588,0.0
-50.0,50,2328.320217,0.0
-50.0,50,2329.227003,0.0
-50.0,50,2330.063978,0.0
-50.0,50,2336.820215,0.0
-50.0,50,2337.697652,0.0
-50.0,50,2338.594887,0.0
-50.0,50,2339.527649,0.0
-50.0,50,2340.481853,0.0
-50.0,50,2341.397741,0.0
-50.0,50,2342.416512,0.0
-50.0,50,2343.311867,0.0
-50.0,50,2344.223386,0.0
-50.0,50,2346.074842,0.0
-50.0,50,2352.876023,0.0
-50.0,50,2353.738461,0.0
-50.0,50,2354.674397,0.0
-50.0,50,2355.559631,0.0
-50.0,50,2356.57432,0.0
-50.0,50,2357.492523,0.0
-50.0,50,2358.343583,0.0
-50.0,50,2359.24537,0.0
-50.0,50,2360.132298,0.0
-50.0,50,2360.976317,0.0
-50.0,50,2361.977123,0.0
-50.0,50,2368.75955,0.0
-50.0,50,2369.659985,0.0
-50.0,50,2370.565625,0.0
-50.0,50,2371.473347,0.0
-50.0,50,2372.419288,0.0
-50.0,50,2373.301352,0.0
-50.0,50,2374.192481,0.0
-50.0,50,2375.076269,0.0
-50.0,50,2376.055489,0.0
-50.0,50,2376.948381,0.0
-50.0,50,2383.681337,0.0
-50.0,50,2384.568035,0.0
-50.0,50,2385.469821,0.0
-50.0,50,2387.311536,0.0
-50.0,50,2388.170909,0.0
-50.0,50,2389.166411,0.0
-50.0,50,2390.051719,0.0
-50.0,50,2390.974039,0.0
-50.0,50,2391.916165,0.0
-50.0,50,2392.935667,0.0
-50.0,50,2399.650963,0.0
-50.0,50,2400.540483,0.0
-50.0,50,2401.450699,0.0
-50.0,50,2402.369075,0.0
-50.0,50,2403.263677,0.0
-50.0,50,2404.121162,0.0
-50.0,50,2405.03974,0.0
-50.0,50,2405.941382,0.0
-50.0,50,2406.811341,0.0
-50.0,50,2407.758853,0.0
-50.0,50,2414.545328,0.0
-50.0,50,2415.441392,0.0
-50.0,50,2416.368266,0.0
-50.0,50,2417.274469,0.0
-50.0,50,2418.243103,0.0
-50.0,50,2419.114319,0.0
-50.0,50,2420.04261,0.0
-50.0,50,2421.037148,0.0
-50.0,50,2422.79174,0.0
-50.0,50,2423.675646,0.0
-50.0,50,2424.56685,0.0
-50.0,50,2431.356667,0.0
-50.0,50,2432.251107,0.0
-50.0,50,2433.151042,0.0
-50.0,50,2434.029674,0.0
-50.0,50,2434.999725,0.0
-50.0,50,2435.928717,0.0
-50.0,50,2436.94592,0.0
-50.0,50,2437.839989,0.0
-50.0,50,2438.804491,0.0
-50.0,50,2439.694611,0.0
-50.0,50,2446.570445,0.0
-50.0,50,2447.517231,0.0
-50.0,50,2448.413285,0.0
-50.0,50,2449.274901,0.0
-50.0,50,2450.11962,0.0
-50.0,50,2451.016979,0.0
-50.0,50,2451.963349,0.0
-50.0,50,2452.87357,0.0
-50.0,50,2453.808293,0.0
-50.0,50,2454.778829,0.0
-50.0,50,2461.589125,0.0
-50.0,50,2462.526907,0.0
-50.0,50,2464.220197,0.0
-50.0,50,2465.175904,0.0
-50.0,50,2466.098006,0.0
-50.0,50,2467.048125,0.0
-50.0,50,2467.926692,0.0
-50.0,50,2468.778371,0.0
-50.0,50,2469.666166,0.0
-50.0,50,2470.620132,0.0
-50.0,50,2477.390618,0.0
-50.0,50,2478.463627,0.0
-50.0,50,2479.352079,0.0
-50.0,50,2480.305225,0.0
-50.0,50,2481.236543,0.0
-50.0,50,2482.211157,0.0
-50.0,50,2483.131318,0.0
-50.0,50,2484.027733,0.0
-50.0,50,2484.900251,0.0
-50.0,50,2485.791159,0.0
-50.0,50,2486.691709,0.0
-50.0,50,2493.510699,0.0
-50.0,50,2494.495317,0.0
-50.0,50,2495.373635,0.0
-50.0,50,2496.258324,0.0
-50.0,50,2497.150595,0.0
-50.0,50,2498.022647,0.0
-50.0,50,2499.749608,0.0
-50.0,50,2500.626936,0.0
-50.0,50,2501.576421,0.0
-50.0,50,2502.393584,0.0
-50.0,50,2509.180429,0.0
-50.0,50,2510.155674,0.0
-50.0,50,2511.190734,0.0
-50.0,50,2512.133106,0.0
-50.0,50,2513.086946,0.0
-50.0,50,2514.048629,0.0
-50.0,50,2514.934532,0.0
-50.0,50,2515.840216,0.0
-50.0,50,2516.739794,0.0
-50.0,50,2517.697884,0.0
-50.0,50,2524.441239,0.0
-50.0,50,2525.354848,0.0
-50.0,50,2526.283849,0.0
-50.0,50,2527.15216,0.0
-50.0,50,2528.011606,0.0
-50.0,50,2528.921038,0.0
-50.0,50,2529.798314,0.0
-50.0,50,2530.641454,0.0
-50.0,50,2531.599777,0.0
-50.0,50,2532.477364,0.0
-50.0,50,2539.20079,0.0
-50.0,50,2540.921319,0.0
-50.0,50,2541.844079,0.0
-50.0,50,2542.748243,0.0
-50.0,50,2543.617033,0.0
-50.0,50,2544.491229,0.0
-50.0,50,2545.367898,0.0
-50.0,50,2546.240968,0.0
-50.0,50,2547.172923,0.0
-50.0,50,2548.022282,0.0
-50.0,50,2548.906442,0.0
-50.0,50,2555.611205,0.0
-50.0,50,2556.443939,0.0
-50.0,50,2557.306941,0.0
-50.0,50,2558.194826,0.0
-50.0,50,2559.0787,0.0
-50.0,50,2559.920447,0.0
-50.0,50,2560.776044,0.0
-50.0,50,2561.625309,0.0
-50.0,50,2562.509659,0.0
-50.0,50,2563.370059,0.0
-50.0,50,2570.123034,0.0
-50.0,50,2571.011377,0.0
-50.0,50,2571.942356,0.0
-50.0,50,2572.891891,0.0
-50.0,50,2573.742759,0.0
-50.0,50,2575.462739,0.0
-50.0,50,2576.304041,0.0
-50.0,50,2577.226552,0.0
-50.0,50,2578.160028,0.0
-50.0,50,2579.007621,0.0
-50.0,50,2585.756578,0.0
-50.0,50,2586.662026,0.0
-50.0,50,2587.545076,0.0
-50.0,50,2588.47653,0.0
-50.0,50,2589.412127,0.0
-50.0,50,2590.348521,0.0
-50.0,50,2591.206728,0.0
-50.0,50,2592.136628,0.0
-50.0,50,2593.002759,0.0
-50.0,50,2593.907817,0.0
-50.0,50,2600.637,0.0
-50.0,50,2601.541441,0.0
-50.0,50,2602.414368,0.0
-50.0,50,2603.352869,0.0
-50.0,50,2604.27291,0.0
-50.0,50,2605.19111,0.0
-50.0,50,2606.056599,0.0
-50.0,50,2606.930106,0.0
-50.0,50,2607.793772,0.0
-50.0,50,2608.696157,0.0
-50.0,50,2610.409084,0.0
-50.0,50,2617.153681,0.0
-50.0,50,2618.006781,0.0
-50.0,50,2618.879039,0.0
-50.0,50,2619.834451,0.0
-50.0,50,2620.731673,0.0
-50.0,50,2621.643547,0.0
-50.0,50,2622.585399,0.0
-50.0,50,2623.476828,0.0
-50.0,50,2624.388488,0.0
-50.0,50,2625.263533,0.0
-50.0,50,2632.01742,0.0
-50.0,50,2632.946572,0.0
-50.0,50,2633.982998,0.0
-50.0,50,2634.841681,0.0
-50.0,50,2635.706658,0.0
-50.0,50,2636.605346,0.0
-50.0,50,2637.529454,0.0
-50.0,50,2638.385828,0.0
-50.0,50,2639.258643,0.0
-50.0,50,2640.163764,0.0
-50.0,50,2646.956443,0.0
-50.0,50,2647.843013,0.0
-50.0,50,2648.734848,0.0
-50.0,50,2649.634636,0.0
-50.0,50,2651.34163,0.0
-50.0,50,2652.198599,0.0
-50.0,50,2653.055239,0.0
-50.0,50,2653.942552,0.0
-50.0,50,2654.87036,0.0
-50.0,50,2655.788609,0.0
-50.0,50,2662.53208,0.0
-50.0,50,2663.472833,0.0
-50.0,50,2664.413979,0.0
-50.0,50,2665.260018,0.0
-50.0,50,2666.228651,0.0
-50.0,50,2667.142753,0.0
-50.0,50,2668.154421,0.0
-50.0,50,2669.095992,0.0
-50.0,50,2670.004503,0.0
-50.0,50,2670.887897,0.0
-50.0,50,2671.78508,0.0
-50.0,50,2678.582783,0.0
-50.0,50,2679.474886,0.0
-50.0,50,2680.330153,0.0
-50.0,50,2681.236562,0.0
-50.0,50,2682.146605,0.0
-50.0,50,2683.091928,0.0
-50.0,50,2684.048514,0.0
-50.0,50,2684.92329,0.0
-50.0,50,2686.630794,0.0
-50.0,50,2687.551187,0.0
-50.0,50,2694.263255,0.0
-50.0,50,2695.134762,0.0
-50.0,50,2696.053119,0.0
-50.0,50,2696.960232,0.0
-50.0,50,2697.839325,0.0
-50.0,50,2698.728527,0.0
-50.0,50,2699.59291,0.0
-50.0,50,2700.460984,0.0
-50.0,50,2701.340401,0.0
-50.0,50,2702.201451,0.0
-50.0,50,2708.894955,0.0
-50.0,50,2709.827738,0.0
-50.0,50,2710.70554,0.0
-50.0,50,2711.609975,0.0
-50.0,50,2712.563531,0.0
-50.0,50,2713.504958,0.0
-50.0,50,2714.399,0.0
-50.0,50,2715.271533,0.0
-50.0,50,2716.153972,0.0
-50.0,50,2717.001827,0.0
-50.0,50,2723.740583,0.0
-50.0,50,2724.660378,0.0
-50.0,50,2725.530332,0.0
-50.0,50,2727.229909,0.0
-50.0,50,2728.090546,0.0
-50.0,50,2728.984797,0.0
-50.0,50,2729.881041,0.0
-50.0,50,2730.772917,0.0
-50.0,50,2731.603827,0.0
-50.0,50,2732.502445,0.0
-50.0,50,2739.232951,0.0
-50.0,50,2740.209792,0.0
-50.0,50,2741.097806,0.0
-50.0,50,2741.968589,0.0
-50.0,50,2742.862485,0.0
-50.0,50,2743.762835,0.0
-50.0,50,2744.691601,0.0
-50.0,50,2745.557089,0.0
-50.0,50,2746.412537,0.0
-50.0,50,2747.273982,0.0
-50.0,50,2748.152002,0.0
-50.0,50,2754.929815,0.0
-50.0,50,2755.801147,0.0
-50.0,50,2756.744993,0.0
-50.0,50,2757.637948,0.0
-50.0,50,2758.686845,0.0
-50.0,50,2759.578586,0.0
-50.0,50,2760.485818,0.0
-50.0,50,2762.25351,0.0
-50.0,50,2763.218795,0.0
-50.0,50,2764.107104,0.0
-50.0,50,2770.891997,0.0
-50.0,50,2771.770006,0.0
-50.0,50,2772.628285,0.0
-50.0,50,2773.52565,0.0
-50.0,50,2774.417666,0.0
-50.0,50,2775.275029,0.0
-50.0,50,2776.134141,0.0
-50.0,50,2777.034006,0.0
-50.0,50,2777.908428,0.0
-50.0,50,2778.814053,0.0
-50.0,50,2785.571266,0.0
-50.0,50,2786.487665,0.0
-50.0,50,2787.42485,0.0
-50.0,50,2788.31448,0.0
-50.0,50,2789.210615,0.0
-50.0,50,2790.061459,0.0
-50.0,50,2790.942434,0.0
-50.0,50,2791.83327,0.0
-50.0,50,2792.715092,0.0
-50.0,50,2793.59362,0.0
-50.0,50,2800.348151,0.0
-50.0,50,2801.205731,0.0
-50.0,50,2802.844936,0.0
-50.0,50,2803.759706,0.0
-50.0,50,2804.643977,0.0
-50.0,50,2805.518852,0.0
-50.0,50,2806.385093,0.0
-50.0,50,2807.311661,0.0
-50.0,50,2808.171489,0.0
-50.0,50,2809.099912,0.0
-50.0,50,2810.021646,0.0
-35.0,36,2816.580611,1.0
-50.0,50,2817.506162,0.0
-50.0,50,2818.38823,0.0
-50.0,50,2819.260107,0.0
-50.0,50,2820.184087,0.0
-50.0,50,2821.115127,0.0
-50.0,50,2822.029399,0.0
-50.0,50,2822.919492,0.0
-50.0,50,2823.781126,0.0
-50.0,50,2824.755927,0.0
-50.0,50,2831.466578,0.0
-50.0,50,2832.320604,0.0
-50.0,50,2833.178132,0.0
-50.0,50,2834.084521,0.0
-50.0,50,2834.927354,0.0
-50.0,50,2835.785317,0.0
-50.0,50,2837.504315,0.0
-50.0,50,2838.353209,0.0
-50.0,50,2839.227381,0.0
-50.0,50,2840.138898,0.0
-50.0,50,2846.859972,0.0
-50.0,50,2847.764637,0.0
-50.0,50,2848.617972,0.0
-50.0,50,2849.487701,0.0
-50.0,50,2850.382052,0.0
-50.0,50,2851.271113,0.0
-50.0,50,2852.132985,0.0
-50.0,50,2853.07423,0.0
-50.0,50,2853.994909,0.0
-50.0,50,2854.939432,0.0
-50.0,50,2855.839585,0.0
-50.0,50,2862.574296,0.0
-50.0,50,2863.451543,0.0
-50.0,50,2864.342325,0.0
-50.0,50,2865.280584,0.0
-50.0,50,2866.18924,0.0
-50.0,50,2867.045923,0.0
-50.0,50,2867.942658,0.0
-50.0,50,2868.798155,0.0
-50.0,50,2869.656201,0.0
-50.0,50,2870.547749,0.0
-50.0,50,2878.113828,0.0
-50.0,50,2879.031631,0.0
-50.0,50,2879.977132,0.0
-50.0,50,2880.885833,0.0
-50.0,50,2881.753879,0.0
-50.0,50,2882.665137,0.0
-50.0,50,2883.502376,0.0
-50.0,50,2884.341352,0.0
-50.0,50,2885.205405,0.0
-50.0,50,2886.064694,0.0
-50.0,50,2892.826938,0.0
-50.0,50,2893.72478,0.0
-50.0,50,2894.608472,0.0
-50.0,50,2895.49569,0.0
-50.0,50,2896.397046,0.0
-50.0,50,2897.259684,0.0
-50.0,50,2898.106118,0.0
-50.0,50,2898.988705,0.0
-50.0,50,2899.878941,0.0
-50.0,50,2900.748461,0.0
-50.0,50,2907.549559,0.0
-50.0,50,2908.436683,0.0
-50.0,50,2909.281996,0.0
-50.0,50,2910.156095,0.0
-50.0,50,2910.996301,0.0
-50.0,50,2912.646338,0.0
-50.0,50,2913.555377,0.0
-50.0,50,2914.421921,0.0
-50.0,50,2915.286732,0.0
-50.0,50,2916.201959,0.0
-50.0,50,2917.153449,0.0
-50.0,50,2923.870838,0.0
-50.0,50,2924.773799,0.0
-50.0,50,2925.632253,0.0
-50.0,50,2926.461563,0.0
-50.0,50,2927.370099,0.0
-50.0,50,2928.284754,0.0
-50.0,50,2929.199107,0.0
-50.0,50,2930.061929,0.0
-50.0,50,2930.988174,0.0
-50.0,50,2931.858449,0.0
-50.0,50,2938.61056,0.0
-50.0,50,2939.544488,0.0
-50.0,50,2940.439444,0.0
-50.0,50,2941.293731,0.0
-50.0,50,2942.203655,0.0
-50.0,50,2943.123674,0.0
-50.0,50,2944.042082,0.0
-50.0,50,2944.932756,0.0
-50.0,50,2945.802085,0.0
-50.0,50,2947.454619,0.0
-50.0,50,2954.256928,0.0
-50.0,50,2955.142174,0.0
-50.0,50,2956.012716,0.0
-50.0,50,2956.926638,0.0
-50.0,50,2957.791351,0.0
-50.0,50,2958.724989,0.0
-50.0,50,2959.605926,0.0
-50.0,50,2960.489617,0.0
-50.0,50,2961.367387,0.0
-50.0,50,2962.252377,0.0
-50.0,50,2968.992811,0.0
-50.0,50,2969.83604,0.0
-50.0,50,2970.682081,0.0
-50.0,50,2971.576988,0.0
-50.0,50,2972.528569,0.0
-50.0,50,2973.492173,0.0
-50.0,50,2974.361668,0.0
-50.0,50,2975.265581,0.0
-50.0,50,2976.175911,0.0
-50.0,50,2977.025845,0.0
-50.0,50,2977.964217,0.0
-50.0,50,2984.764922,0.0
-50.0,50,2985.76805,0.0
-50.0,50,2986.698505,0.0
-50.0,50,2988.362445,0.0
-50.0,50,2989.25921,0.0
-50.0,50,2990.173615,0.0
-50.0,50,2991.071607,0.0
-50.0,50,2991.991945,0.0
-50.0,50,2992.847636,0.0
-50.0,50,2993.752486,0.0
-50.0,50,3000.653512,0.0
-50.0,50,3001.492345,0.0
-50.0,50,3002.359748,0.0
-50.0,50,3003.174989,0.0
-50.0,50,3004.035897,0.0
-50.0,50,3004.905872,0.0
-50.0,50,3005.801866,0.0
-50.0,50,3006.657311,0.0
-50.0,50,3007.496718,0.0
-50.0,50,3008.390289,0.0
-50.0,50,3015.158705,0.0
-50.0,50,3016.034585,0.0
-50.0,50,3016.896939,0.0
-50.0,50,3017.768534,0.0
-50.0,50,3018.658397,0.0
-50.0,50,3019.583549,0.0
-50.0,50,3020.476905,0.0
-50.0,50,3021.413171,0.0
-50.0,50,3023.099163,0.0
-50.0,50,3024.001932,0.0
-50.0,50,3030.78972,0.0
-50.0,50,3031.67723,0.0
-50.0,50,3032.670798,0.0
-50.0,50,3033.556096,0.0
-50.0,50,3034.462193,0.0
-50.0,50,3035.388858,0.0
-50.0,50,3036.268725,0.0
-50.0,50,3037.15921,0.0
-50.0,50,3038.103096,0.0
-50.0,50,3039.208518,0.0
-50.0,50,3040.160551,0.0
-50.0,50,3046.932887,0.0
-50.0,50,3047.837432,0.0
-50.0,50,3048.692514,0.0
-50.0,50,3049.589041,0.0
-50.0,50,3050.497045,0.0
-50.0,50,3051.434842,0.0
-50.0,50,3052.338904,0.0
-50.0,50,3053.229797,0.0
-50.0,50,3054.095525,0.0
-50.0,50,3054.965447,0.0
-50.0,50,3061.710492,0.0
-50.0,50,3062.575189,0.0
-50.0,50,3064.263928,0.0
-50.0,50,3065.121591,0.0
-50.0,50,3065.996047,0.0
-50.0,50,3066.87261,0.0
-50.0,50,3067.743417,0.0
-50.0,50,3068.610818,0.0
-50.0,50,3069.476369,0.0
-50.0,50,3070.368171,0.0
-50.0,50,3077.124357,0.0
-50.0,50,3077.979036,0.0
-50.0,50,3078.860465,0.0
-50.0,50,3079.778317,0.0
-50.0,50,3080.680641,0.0
-50.0,50,3081.532463,0.0
-50.0,50,3082.394245,0.0
-50.0,50,3083.257012,0.0
-50.0,50,3084.122546,0.0
-50.0,50,3084.986124,0.0
-50.0,50,3091.797808,0.0
-50.0,50,3092.682031,0.0
-50.0,50,3093.550437,0.0
-50.0,50,3094.459648,0.0
-50.0,50,3095.352678,0.0
-50.0,50,3096.274984,0.0
-50.0,50,3097.24264,0.0
-50.0,50,3099.088728,0.0
-50.0,50,3099.9838,0.0
-50.0,50,3100.857917,0.0
-50.0,50,3101.725043,0.0
-50.0,50,3108.467503,0.0
-50.0,50,3109.396423,0.0
-50.0,50,3110.24296,0.0
-50.0,50,3111.109278,0.0
-50.0,50,3112.031854,0.0
-50.0,50,3112.881412,0.0
-50.0,50,3113.82619,0.0
-50.0,50,3114.706392,0.0
-50.0,50,3115.588065,0.0
-50.0,50,3116.459363,0.0
-50.0,50,3123.243692,0.0
-50.0,50,3124.169564,0.0
-50.0,50,3125.054072,0.0
-50.0,50,3125.970395,0.0
-50.0,50,3126.826915,0.0
-50.0,50,3127.73788,0.0
-50.0,50,3128.745981,0.0
-50.0,50,3129.697558,0.0
-50.0,50,3130.591275,0.0
-50.0,50,3131.485183,0.0
-50.0,50,3138.325886,0.0
-50.0,50,3140.088078,0.0
-50.0,50,3140.939015,0.0
-50.0,50,3141.778039,0.0
-50.0,50,3142.655292,0.0
-50.0,50,3143.481402,0.0
-50.0,50,3144.336465,0.0
-50.0,50,3145.323222,0.0
-50.0,50,3146.15762,0.0
-50.0,50,3147.02069,0.0
-50.0,50,3153.716284,0.0
-50.0,50,3154.625937,0.0
-50.0,50,3155.559798,0.0
-50.0,50,3156.474164,0.0
-50.0,50,3157.362584,0.0
-50.0,50,3158.340416,0.0
-50.0,50,3159.236551,0.0
-50.0,50,3160.155223,0.0
-50.0,50,3161.040615,0.0
-50.0,50,3161.914827,0.0
-50.0,50,3168.654946,0.0
-50.0,50,3169.570704,0.0
-50.0,50,3170.493293,0.0
-50.0,50,3171.455606,0.0
-50.0,50,3172.361111,0.0
-50.0,50,3173.239892,0.0
-50.0,50,3174.874416,0.0
-50.0,50,3175.757797,0.0
-50.0,50,3176.633841,0.0
-50.0,50,3177.486643,0.0
-50.0,50,3178.355658,0.0
-50.0,50,3185.14839,0.0
-50.0,50,3186.008129,0.0
-50.0,50,3186.874441,0.0
-50.0,50,3187.746077,0.0
-50.0,50,3188.647587,0.0
-50.0,50,3189.564708,0.0
-50.0,50,3190.543403,0.0
-50.0,50,3191.414402,0.0
-50.0,50,3192.282652,0.0
-50.0,50,3193.14362,0.0
-50.0,50,3199.866791,0.0
-50.0,50,3200.727046,0.0
-50.0,50,3201.585901,0.0
-50.0,50,3202.46201,0.0
-50.0,50,3203.371758,0.0
-50.0,50,3204.216007,0.0
-50.0,50,3205.093807,0.0
-50.0,50,3205.991826,0.0
-50.0,50,3206.897041,0.0
-50.0,50,3207.77141,0.0
-50.0,50,3215.338806,0.0
-50.0,50,3216.241068,0.0
-50.0,50,3217.152759,0.0
-50.0,50,3218.045433,0.0
-50.0,50,3218.942857,0.0
-50.0,50,3219.816912,0.0
-50.0,50,3220.670516,0.0
-50.0,50,3221.551115,0.0
-50.0,50,3222.44263,0.0
-50.0,50,3223.281333,0.0
-50.0,50,3230.023365,0.0
-50.0,50,3230.906869,0.0
-50.0,50,3231.76224,0.0
-50.0,50,3232.672894,0.0
-50.0,50,3233.529837,0.0
-50.0,50,3234.378006,0.0
-50.0,50,3235.221009,0.0
-50.0,50,3236.061337,0.0
-50.0,50,3236.945867,0.0
-50.0,50,3237.893287,0.0
-50.0,50,3238.801514,0.0
-50.0,50,3245.505008,0.0
-50.0,50,3246.372758,0.0
-50.0,50,3247.199251,0.0
-50.0,50,3248.14953,0.0
-50.0,50,3249.799218,0.0
-50.0,50,3250.667331,0.0
-50.0,50,3251.537631,0.0
-50.0,50,3252.435077,0.0
-50.0,50,3253.364886,0.0
-50.0,50,3254.23981,0.0
-50.0,50,3260.9572,0.0
-50.0,50,3261.803655,0.0
-50.0,50,3262.684718,0.0
-50.0,50,3263.522082,0.0
-50.0,50,3264.383489,0.0
-50.0,50,3265.318096,0.0
-50.0,50,3266.285082,0.0
-50.0,50,3267.223673,0.0
-50.0,50,3268.115922,0.0
-50.0,50,3269.054682,0.0
-50.0,50,3275.7819,0.0
-50.0,50,3276.676043,0.0
-50.0,50,3277.565792,0.0
-50.0,50,3278.456922,0.0
-50.0,50,3279.36779,0.0
-50.0,50,3280.315172,0.0
-50.0,50,3281.167511,0.0
-50.0,50,3282.025342,0.0
-50.0,50,3282.934818,0.0
-50.0,50,3284.656374,0.0
-50.0,50,3291.386006,0.0
-50.0,50,3292.255875,0.0
-50.0,50,3293.110306,0.0
-50.0,50,3293.998024,0.0
-50.0,50,3294.862709,0.0
-50.0,50,3295.705359,0.0
-50.0,50,3296.604514,0.0
-50.0,50,3297.519219,0.0
-50.0,50,3298.442773,0.0
-50.0,50,3299.334283,0.0
-50.0,50,3300.227302,0.0
-50.0,50,3307.035395,0.0
-50.0,50,3307.98461,0.0
-50.0,50,3308.88797,0.0
-50.0,50,3309.780105,0.0
-50.0,50,3310.645342,0.0
-50.0,50,3311.576994,0.0
-50.0,50,3312.477253,0.0
-50.0,50,3313.401642,0.0
-50.0,50,3314.257488,0.0
-50.0,50,3315.085985,0.0
-50.0,50,3321.818985,0.0
-50.0,50,3322.674063,0.0
-50.0,50,3323.596747,0.0
-50.0,50,3325.360757,0.0
-50.0,50,3326.292865,0.0
-50.0,50,3327.248476,0.0
-50.0,50,3328.164934,0.0
-50.0,50,3329.105846,0.0
-50.0,50,3330.018736,0.0
-50.0,50,3330.983221,0.0
-50.0,50,3337.697891,0.0
-50.0,50,3338.570948,0.0
-50.0,50,3339.426482,0.0
-50.0,50,3340.288155,0.0
-50.0,50,3341.119887,0.0
-50.0,50,3342.110862,0.0
-50.0,50,3342.975195,0.0
-50.0,50,3343.880502,0.0
-50.0,50,3344.783692,0.0
-50.0,50,3345.722704,0.0
-50.0,50,3352.497759,0.0
-50.0,50,3353.383235,0.0
-50.0,50,3354.280571,0.0
-50.0,50,3355.139736,0.0
-50.0,50,3356.057056,0.0
-50.0,50,3356.91551,0.0
-50.0,50,3357.866724,0.0
-50.0,50,3358.8367,0.0
-50.0,50,3360.562094,0.0
-50.0,50,3361.412869,0.0
-50.0,50,3362.352765,0.0
-50.0,50,3369.189596,0.0
-50.0,50,3370.062019,0.0
-50.0,50,3370.924918,0.0
-50.0,50,3371.769949,0.0
-50.0,50,3372.671439,0.0
-50.0,50,3373.54341,0.0
-50.0,50,3374.414849,0.0
-50.0,50,3375.25683,0.0
-50.0,50,3376.130456,0.0
-50.0,50,3377.065389,0.0
-50.0,50,3383.923026,0.0
-50.0,50,3384.862001,0.0
-50.0,50,3385.732872,0.0
-50.0,50,3386.628295,0.0
-50.0,50,3387.587763,0.0
-50.0,50,3388.492445,0.0
-50.0,50,3389.394364,0.0
-50.0,50,3390.212431,0.0
-50.0,50,3391.049214,0.0
-50.0,50,3391.915552,0.0
-50.0,50,3398.685518,0.0
-50.0,50,3399.593951,0.0
-50.0,50,3401.250578,0.0
-50.0,50,3402.106899,0.0
-50.0,50,3402.986556,0.0
-50.0,50,3403.884491,0.0
-50.0,50,3404.74239,0.0
-50.0,50,3405.707458,0.0
-50.0,50,3406.565907,0.0
-50.0,50,3407.459197,0.0
-50.0,50,3414.174592,0.0
-50.0,50,3415.029267,0.0
-50.0,50,3415.917727,0.0
-50.0,50,3416.870635,0.0
-50.0,50,3417.750509,0.0
-50.0,50,3418.666967,0.0
-50.0,50,3419.653706,0.0
-50.0,50,3420.601283,0.0
-50.0,50,3421.502637,0.0
-50.0,50,3422.385419,0.0
-50.0,50,3423.251356,0.0
-50.0,50,3429.953448,0.0
-50.0,50,3430.899565,0.0
-50.0,50,3431.818102,0.0
-50.0,50,3432.662065,0.0
-50.0,50,3433.521491,0.0
-50.0,50,3434.395959,0.0
-50.0,50,3436.076235,0.0
-50.0,50,3436.942134,0.0
-50.0,50,3437.839459,0.0
-50.0,50,3438.725476,0.0
-50.0,50,3445.461331,0.0
-50.0,50,3446.305509,0.0
-50.0,50,3447.176252,0.0
-50.0,50,3448.05338,0.0
-50.0,50,3448.931028,0.0
-50.0,50,3449.864201,0.0
-50.0,50,3450.731979,0.0
-50.0,50,3451.621786,0.0
-50.0,50,3452.518101,0.0
-50.0,50,3453.481385,0.0
-50.0,50,3460.184885,0.0
-50.0,50,3461.033417,0.0
-50.0,50,3461.900092,0.0
-50.0,50,3462.743122,0.0
-50.0,50,3463.619714,0.0
-50.0,50,3464.46799,0.0
-50.0,50,3465.311546,0.0
-50.0,50,3466.217223,0.0
-50.0,50,3467.074154,0.0
-50.0,50,3467.951804,0.0
-50.0,50,3474.767342,0.0
-50.0,50,3476.50161,0.0
-50.0,50,3477.375399,0.0
-50.0,50,3478.302345,0.0
-50.0,50,3479.215985,0.0
-50.0,50,3480.152194,0.0
-50.0,50,3481.037309,0.0
-50.0,50,3481.918693,0.0
-50.0,50,3482.85789,0.0
-50.0,50,3483.783381,0.0
-50.0,50,3484.698026,0.0
-50.0,50,3491.43013,0.0
-50.0,50,3492.327079,0.0
-50.0,50,3493.243684,0.0
-50.0,50,3494.100132,0.0
-50.0,50,3494.991091,0.0
-50.0,50,3495.869347,0.0
-50.0,50,3496.739665,0.0
-50.0,50,3497.59934,0.0
-50.0,50,3498.554015,0.0
-50.0,50,3499.477364,0.0
-50.0,50,3506.204717,0.0
-50.0,50,3507.065869,0.0
-50.0,50,3508.005344,0.0
-50.0,50,3508.853892,0.0
-50.0,50,3509.711836,0.0
-50.0,50,3511.453895,0.0
-50.0,50,3512.412844,0.0
-50.0,50,3513.304257,0.0
-50.0,50,3514.175487,0.0
-50.0,50,3515.035419,0.0
-50.0,50,3521.809763,0.0
-50.0,50,3522.681831,0.0
-50.0,50,3523.53453,0.0
-50.0,50,3524.410551,0.0
-50.0,50,3525.284372,0.0
-50.0,50,3526.217671,0.0
-50.0,50,3527.141026,0.0
-50.0,50,3528.031266,0.0
-50.0,50,3528.934447,0.0
-50.0,50,3529.829002,0.0
-50.0,50,3536.622646,0.0
-50.0,50,3537.563486,0.0
-50.0,50,3538.489098,0.0
-50.0,50,3539.385173,0.0
-50.0,50,3540.248089,0.0
-50.0,50,3541.113739,0.0
-50.0,50,3541.992539,0.0
-50.0,50,3542.924095,0.0
-50.0,50,3543.8018,0.0
-50.0,50,3544.806939,0.0
-50.0,50,3552.518492,0.0
-50.0,50,3553.372382,0.0
-50.0,50,3554.245811,0.0
-50.0,50,3555.134218,0.0
-50.0,50,3556.036277,0.0
-50.0,50,3556.907709,0.0
-50.0,50,3557.761426,0.0
-50.0,50,3558.615354,0.0
-50.0,50,3559.507884,0.0
-50.0,50,3560.399413,0.0
-50.0,50,3561.242693,0.0
-50.0,50,3567.999002,0.0
-50.0,50,3568.894506,0.0
-50.0,50,3569.793603,0.0
-50.0,50,3570.649642,0.0
-50.0,50,3571.586917,0.0
-50.0,50,3572.518978,0.0
-50.0,50,3573.411235,0.0
-50.0,50,3574.340154,0.0
-50.0,50,3575.300086,0.0
-50.0,50,3576.157425,0.0
-50.0,50,3583.037153,0.0
-50.0,50,3583.947126,0.0
-50.0,50,3584.802245,0.0
-50.0,50,3585.664441,0.0
-50.0,50,3587.376631,0.0
-50.0,50,3588.321034,0.0
-50.0,50,3589.239868,0.0
-50.0,50,3590.098679,0.0
-50.0,50,3590.951988,0.0
-50.0,50,3591.805762,0.0
-50.0,50,3598.608344,0.0
-50.0,50,3599.601226,0.0
-50.0,50,3600.482524,0.0
-50.0,50,3601.364305,0.0
-50.0,50,3602.266794,0.0
-50.0,50,3603.173035,0.0
-50.0,50,3604.050425,0.0
-50.0,50,3604.964619,0.0
-50.0,50,3605.882944,0.0
-50.0,50,3606.734254,0.0
-50.0,50,3613.486534,0.0
-50.0,50,3614.399008,0.0
-50.0,50,3615.280934,0.0
-50.0,50,3616.196053,0.0
-50.0,50,3617.098916,0.0
-50.0,50,3617.96379,0.0
-50.0,50,3618.866893,0.0
-50.0,50,3619.759741,0.0
-50.0,50,3620.655708,0.0
-50.0,50,3622.439018,0.0
-50.0,50,3623.317079,0.0
-50.0,50,3630.054237,0.0
-50.0,50,3630.940205,0.0
-50.0,50,3631.843003,0.0
-50.0,50,3632.799743,0.0
-50.0,50,3633.717406,0.0
-50.0,50,3634.688392,0.0
-50.0,50,3635.621089,0.0
-50.0,50,3636.485343,0.0
-50.0,50,3637.395285,0.0
-50.0,50,3638.348478,0.0
-50.0,50,3645.142833,0.0
-50.0,50,3646.030743,0.0
-50.0,50,3646.957029,0.0
-50.0,50,3647.827181,0.0
-50.0,50,3648.704651,0.0
-50.0,50,3649.580637,0.0
-50.0,50,3650.486229,0.0
-50.0,50,3651.476019,0.0
-50.0,50,3652.418232,0.0
-50.0,50,3653.306161,0.0
-50.0,50,3660.078206,0.0
-50.0,50,3660.959493,0.0
-50.0,50,3661.871501,0.0
-50.0,50,3663.514982,0.0
-50.0,50,3664.454475,0.0
-50.0,50,3665.343857,0.0
-50.0,50,3666.214482,0.0
-50.0,50,3667.061736,0.0
-50.0,50,3668.056755,0.0
-50.0,50,3669.014409,0.0
-50.0,50,3675.843515,0.0
-50.0,50,3676.684926,0.0
-50.0,50,3677.59708,0.0
-50.0,50,3678.493693,0.0
-50.0,50,3679.372679,0.0
-50.0,50,3680.266138,0.0
-50.0,50,3681.144027,0.0
-50.0,50,3682.096076,0.0
-50.0,50,3683.075382,0.0
-50.0,50,3683.993115,0.0
-50.0,50,3684.930876,0.0
-50.0,50,3691.699421,0.0
-50.0,50,3692.612712,0.0
-50.0,50,3693.47136,0.0
-50.0,50,3694.331659,0.0
-50.0,50,3695.169794,0.0
-50.0,50,3696.096306,0.0
-50.0,50,3697.012636,0.0
-50.0,50,3698.721359,0.0
-50.0,50,3699.571238,0.0
-50.0,50,3700.407763,0.0
-50.0,50,3707.152988,0.0
-50.0,50,3708.035528,0.0
-50.0,50,3708.923986,0.0
-50.0,50,3709.772991,0.0
-50.0,50,3710.653058,0.0
-50.0,50,3711.553101,0.0
-50.0,50,3712.450403,0.0
-50.0,50,3713.478354,0.0
-50.0,50,3714.417839,0.0
-50.0,50,3715.412323,0.0
-50.0,50,3722.209413,0.0
-50.0,50,3723.21534,0.0
-50.0,50,3724.082959,0.0
-50.0,50,3724.979072,0.0
-50.0,50,3725.873845,0.0
-50.0,50,3726.775158,0.0
-50.0,50,3727.677122,0.0
-50.0,50,3728.531995,0.0
-50.0,50,3729.42782,0.0
-50.0,50,3730.29637,0.0
-50.0,50,3737.038948,0.0
-50.0,50,3737.948348,0.0
-50.0,50,3739.733474,0.0
-50.0,50,3740.58124,0.0
-50.0,50,3741.446718,0.0
-50.0,50,3742.377519,0.0
-50.0,50,3743.238051,0.0
-50.0,50,3744.105093,0.0
-50.0,50,3745.054109,0.0
-50.0,50,3745.955049,0.0
-50.0,50,3746.869467,0.0
