#{"t_start": 1649988141.7965605, "env_id": "PandaReach-v2"}
r,l,t,is_success
-50.0,50,1.579237,0.0
-50.0,50,2.45208,0.0
-50.0,50,3.34415,0.0
-50.0,50,4.271259,0.0
-50.0,50,5.187943,0.0
-50.0,50,6.072773,0.0
-50.0,50,6.993585,0.0
-50.0,50,7.872101,0.0
-50.0,50,8.775043,0.0
-50.0,50,9.680181,0.0
-50.0,50,13.07348,0.0
-50.0,50,14.000962,0.0
-50.0,50,14.879986,0.0
-50.0,50,15.762639,0.0
-50.0,50,16.656576,0.0
-50.0,50,17.537527,0.0
-50.0,50,18.424257,0.0
-50.0,50,19.310232,0.0
-50.0,50,20.206163,0.0
-50.0,50,21.118417,0.0
-50.0,50,24.482697,0.0
-50.0,50,25.35288,0.0
-50.0,50,26.275395,0.0
-50.0,50,27.166311,0.0
-50.0,50,28.085072,0.0
-50.0,50,29.866664,0.0
-50.0,50,30.735468,0.0
-50.0,50,31.594385,0.0
-50.0,50,32.521552,0.0
-50.0,50,33.424655,0.0
-50.0,50,39.946872,0.0
-50.0,50,40.849285,0.0
-50.0,50,41.728044,0.0
-50.0,50,42.621099,0.0
-50.0,50,43.520397,0.0
-50.0,50,44.398936,0.0
-50.0,50,45.329261,0.0
-50.0,50,46.223324,0.0
-50.0,50,47.126018,0.0
-50.0,50,48.035241,0.0
-50.0,50,54.75545,0.0
-50.0,50,55.655864,0.0
-50.0,50,56.55844,0.0
-50.0,50,57.43892,0.0
-50.0,50,58.306045,0.0
-50.0,50,59.184375,0.0
-50.0,50,60.056575,0.0
-50.0,50,60.996101,0.0
-50.0,50,61.870361,0.0
-50.0,50,62.7539,0.0
-50.0,50,64.576867,0.0
-50.0,50,71.272961,0.0
-50.0,50,72.139609,0.0
-50.0,50,73.023228,0.0
-50.0,50,73.909349,0.0
-50.0,50,74.806562,0.0
-50.0,50,75.723728,0.0
-50.0,50,76.599429,0.0
-50.0,50,77.525696,0.0
-50.0,50,78.434844,0.0
-50.0,50,79.360722,0.0
-50.0,50,86.0255,0.0
-50.0,50,86.905102,0.0
-50.0,50,87.833241,0.0
-50.0,50,88.701057,0.0
-50.0,50,89.587384,0.0
-50.0,50,90.486807,0.0
-50.0,50,91.386533,0.0
-50.0,50,92.262341,0.0
-50.0,50,93.139771,0.0
-50.0,50,94.045261,0.0
-50.0,50,100.684775,0.0
-50.0,50,101.599244,0.0
-50.0,50,102.471866,0.0
-50.0,50,103.365055,0.0
-50.0,50,105.166505,0.0
-50.0,50,106.054301,0.0
-50.0,50,106.937358,0.0
-50.0,50,107.79099,0.0
-50.0,50,108.675897,0.0
-50.0,50,109.548575,0.0
-50.0,50,116.239241,0.0
-50.0,50,117.123777,0.0
-50.0,50,118.010233,0.0
-50.0,50,118.889982,0.0
-50.0,50,119.815199,0.0
-50.0,50,120.715196,0.0
-50.0,50,121.648755,0.0
-50.0,50,122.554938,0.0
-50.0,50,123.422915,0.0
-50.0,50,124.354407,0.0
-50.0,50,125.244969,0.0
-50.0,50,131.898879,0.0
-50.0,50,132.764387,0.0
-50.0,50,133.664262,0.0
-50.0,50,134.543576,0.0
-50.0,50,135.628498,0.0
-50.0,50,136.491869,0.0
-50.0,50,137.36241,0.0
-50.0,50,138.256885,0.0
-50.0,50,140.115651,0.0
-50.0,50,141.000404,0.0
-50.0,50,147.70112,0.0
-50.0,50,148.597893,0.0
-50.0,50,149.487227,0.0
-50.0,50,150.368356,0.0
-50.0,50,151.257145,0.0
-50.0,50,152.12476,0.0
-50.0,50,153.011214,0.0
-50.0,50,153.88845,0.0
-50.0,50,154.776362,0.0
-50.0,50,155.664641,0.0
-50.0,50,162.449001,0.0
-50.0,50,163.350874,0.0
-50.0,50,164.221817,0.0
-50.0,50,165.094636,0.0
-50.0,50,165.960957,0.0
-50.0,50,166.859864,0.0
-50.0,50,167.722041,0.0
-50.0,50,168.596809,0.0
-50.0,50,169.49188,0.0
-50.0,50,170.371166,0.0
-50.0,50,177.067587,0.0
-50.0,50,177.93583,0.0
-50.0,50,178.815249,0.0
-50.0,50,180.563977,0.0
-50.0,50,181.504569,0.0
-50.0,50,182.435747,0.0
-50.0,50,183.335428,0.0
-50.0,50,184.209778,0.0
-50.0,50,185.085542,0.0
-50.0,50,185.970948,0.0
-50.0,50,186.860793,0.0
-50.0,50,193.01049,0.0
-50.0,50,193.917324,0.0
-50.0,50,194.800832,0.0
-50.0,50,195.672704,0.0
-50.0,50,196.600188,0.0
-50.0,50,197.491834,0.0
-50.0,50,198.384934,0.0
-50.0,50,199.264316,0.0
-50.0,50,200.137795,0.0
-50.0,50,201.018203,0.0
-50.0,50,207.761515,0.0
-50.0,50,208.669579,0.0
-50.0,50,209.549291,0.0
-50.0,50,210.428122,0.0
-50.0,50,211.310835,0.0
-50.0,50,212.184255,0.0
-50.0,50,213.073642,0.0
-50.0,50,214.790519,0.0
-50.0,50,215.661865,0.0
-50.0,50,216.529401,0.0
-50.0,50,223.274029,0.0
-50.0,50,224.151823,0.0
-50.0,50,225.009643,0.0
-50.0,50,225.894785,0.0
-50.0,50,226.78635,0.0
-50.0,50,227.647877,0.0
-50.0,50,228.52321,0.0
-50.0,50,229.414267,0.0
-50.0,50,230.28688,0.0
-50.0,50,231.186675,0.0
-50.0,50,237.931302,0.0
-50.0,50,238.831564,0.0
-50.0,50,239.730886,0.0
-50.0,50,240.631837,0.0
-50.0,50,241.503321,0.0
-50.0,50,242.387655,0.0
-50.0,50,243.289371,0.0
-50.0,50,244.223027,0.0
-50.0,50,245.137379,0.0
-50.0,50,246.040047,0.0
-50.0,50,246.900464,0.0
-50.0,50,253.600536,0.0
-50.0,50,255.372071,0.0
-50.0,50,256.291281,0.0
-50.0,50,257.153301,0.0
-50.0,50,258.038628,0.0
-50.0,50,258.928007,0.0
-50.0,50,259.81102,0.0
-50.0,50,260.704773,0.0
-50.0,50,261.57757,0.0
-50.0,50,262.464737,0.0
-50.0,50,269.13049,0.0
-50.0,50,270.060115,0.0
-50.0,50,270.956375,0.0
-50.0,50,271.8421,0.0
-50.0,50,272.757165,0.0
-50.0,50,273.688234,0.0
-50.0,50,274.603047,0.0
-50.0,50,275.497366,0.0
-50.0,50,276.374603,0.0
-50.0,50,277.246714,0.0
-50.0,50,284.035567,0.0
-50.0,50,284.926019,0.0
-50.0,50,285.83938,0.0
-50.0,50,286.727628,0.0
-50.0,50,287.624652,0.0
-50.0,50,288.51722,0.0
-50.0,50,290.343323,0.0
-50.0,50,291.214914,0.0
-50.0,50,292.123558,0.0
-50.0,50,293.007067,0.0
-50.0,50,299.729425,0.0
-50.0,50,300.628646,0.0
-50.0,50,301.530905,0.0
-50.0,50,302.404412,0.0
-50.0,50,303.299045,0.0
-50.0,50,304.166116,0.0
-50.0,50,305.060357,0.0
-50.0,50,305.945071,0.0
-50.0,50,306.844028,0.0
-50.0,50,307.733848,0.0
-50.0,50,308.660189,0.0
-50.0,50,315.254387,0.0
-50.0,50,316.126907,0.0
-50.0,50,317.001204,0.0
-50.0,50,317.924428,0.0
-50.0,50,318.823067,0.0
-50.0,50,319.751884,0.0
-50.0,50,320.637546,0.0
-50.0,50,321.539736,0.0
-50.0,50,322.421054,0.0
-50.0,50,323.279282,0.0
-50.0,50,331.066431,0.0
-50.0,50,331.957066,0.0
-50.0,50,332.861055,0.0
-50.0,50,333.740206,0.0
-50.0,50,334.654645,0.0
-50.0,50,335.584614,0.0
-50.0,50,336.48712,0.0
-50.0,50,337.368971,0.0
-50.0,50,338.275253,0.0
-50.0,50,339.16098,0.0
-50.0,50,345.884187,0.0
-50.0,50,346.754538,0.0
-50.0,50,347.615431,0.0
-50.0,50,348.508727,0.0
-50.0,50,349.387737,0.0
-50.0,50,350.249017,0.0
-50.0,50,351.218331,0.0
-50.0,50,352.101402,0.0
-50.0,50,353.006882,0.0
-50.0,50,353.895574,0.0
-50.0,50,360.604759,0.0
-50.0,50,361.500261,0.0
-50.0,50,362.403902,0.0
-50.0,50,363.34045,0.0
-50.0,50,364.231941,0.0
-50.0,50,365.98461,0.0
-50.0,50,366.870529,0.0
-50.0,50,367.748109,0.0
-50.0,50,368.656837,0.0
-50.0,50,369.539676,0.0
-50.0,50,370.417372,0.0
-50.0,50,377.066585,0.0
-50.0,50,377.949096,0.0
-50.0,50,378.88795,0.0
-50.0,50,379.779701,0.0
-50.0,50,380.660943,0.0
-50.0,50,381.542765,0.0
-50.0,50,382.464649,0.0
-50.0,50,383.34612,0.0
-50.0,50,384.252448,0.0
-50.0,50,385.141026,0.0
-50.0,50,391.780035,0.0
-50.0,50,392.697656,0.0
-50.0,50,393.617514,0.0
-50.0,50,394.564989,0.0
-50.0,50,395.490369,0.0
-50.0,50,396.388185,0.0
-50.0,50,397.275063,0.0
-50.0,50,398.171925,0.0
-50.0,50,399.06014,0.0
-50.0,50,400.814717,0.0
-50.0,50,407.53272,0.0
-50.0,50,408.450135,0.0
-50.0,50,409.330319,0.0
-50.0,50,410.172733,0.0
-50.0,50,411.214523,0.0
-50.0,50,412.083094,0.0
-50.0,50,412.972838,0.0
-50.0,50,413.896736,0.0
-50.0,50,414.824401,0.0
-50.0,50,415.698208,0.0
-50.0,50,422.382247,0.0
-50.0,50,423.273951,0.0
-50.0,50,424.152486,0.0
-50.0,50,425.06597,0.0
-50.0,50,425.970277,0.0
-50.0,50,426.867727,0.0
-50.0,50,427.767975,0.0
-50.0,50,428.663363,0.0
-50.0,50,429.601809,0.0
-50.0,50,430.509395,0.0
-50.0,50,437.289856,0.0
-50.0,50,438.196648,0.0
-50.0,50,439.105418,0.0
-50.0,50,440.020912,0.0
-50.0,50,441.894828,0.0
-50.0,50,442.807225,0.0
-50.0,50,443.760964,0.0
-50.0,50,444.655383,0.0
-50.0,50,445.537718,0.0
-50.0,50,446.44078,0.0
-50.0,50,447.339232,0.0
-50.0,50,454.077187,0.0
-50.0,50,454.968934,0.0
-50.0,50,455.85938,0.0
-50.0,50,456.769444,0.0
-50.0,50,457.662343,0.0
-50.0,50,458.549763,0.0
-50.0,50,459.438408,0.0
-50.0,50,460.356637,0.0
-50.0,50,461.256181,0.0
-50.0,50,462.173992,0.0
-50.0,50,468.837078,0.0
-50.0,50,469.830806,0.0
-50.0,50,470.762004,0.0
-50.0,50,471.674421,0.0
-50.0,50,472.545013,0.0
-50.0,50,473.438264,0.0
-50.0,50,474.343945,0.0
-50.0,50,475.241728,0.0
-50.0,50,477.111508,0.0
-50.0,50,477.99909,0.0
-50.0,50,484.687846,0.0
-50.0,50,485.595397,0.0
-50.0,50,486.483486,0.0
-50.0,50,487.363049,0.0
-50.0,50,488.241423,0.0
-50.0,50,489.142625,0.0
-50.0,50,490.038618,0.0
-50.0,50,490.977052,0.0
-50.0,50,491.86545,0.0
-50.0,50,492.78618,0.0
-50.0,50,499.455631,0.0
-50.0,50,500.376256,0.0
-50.0,50,501.27372,0.0
-50.0,50,502.195711,0.0
-50.0,50,503.102469,0.0
-50.0,50,503.990592,0.0
-50.0,50,504.905051,0.0
-50.0,50,505.77591,0.0
-50.0,50,506.666735,0.0
-50.0,50,507.609909,0.0
-50.0,50,508.497005,0.0
-50.0,50,515.178872,0.0
-50.0,50,516.067694,0.0
-50.0,50,517.841143,0.0
-50.0,50,518.75984,0.0
-50.0,50,519.683232,0.0
-50.0,50,520.552975,0.0
-50.0,50,521.453689,0.0
-50.0,50,522.311881,0.0
-50.0,50,523.239908,0.0
-50.0,50,524.133533,0.0
-50.0,50,530.876725,0.0
-50.0,50,531.755173,0.0
-50.0,50,532.650798,0.0
-50.0,50,533.592314,0.0
-50.0,50,534.509209,0.0
-50.0,50,535.387139,0.0
-50.0,50,536.272274,0.0
-50.0,50,537.179717,0.0
-50.0,50,538.085755,0.0
-50.0,50,538.94986,0.0
-50.0,50,545.472353,0.0
-50.0,50,546.399171,0.0
-50.0,50,547.315225,0.0
-50.0,50,548.207588,0.0
-50.0,50,549.159633,0.0
-50.0,50,550.093424,0.0
-50.0,50,551.029753,0.0
-50.0,50,552.841664,0.0
-50.0,50,553.723589,0.0
-50.0,50,554.660924,0.0
-50.0,50,561.317267,0.0
-50.0,50,562.222116,0.0
-50.0,50,563.144011,0.0
-50.0,50,564.039479,0.0
-50.0,50,564.943178,0.0
-50.0,50,565.814865,0.0
-50.0,50,566.729352,0.0
-50.0,50,567.616488,0.0
-50.0,50,568.494939,0.0
-50.0,50,569.374817,0.0
-50.0,50,570.24517,0.0
-50.0,50,576.947041,0.0
-50.0,50,577.81323,0.0
-50.0,50,578.75537,0.0
-50.0,50,579.651217,0.0
-50.0,50,580.555362,0.0
-50.0,50,581.434862,0.0
-50.0,50,582.324526,0.0
-50.0,50,583.191131,0.0
-50.0,50,584.078039,0.0
-50.0,50,584.96619,0.0
-50.0,50,591.655358,0.0
-50.0,50,593.551862,0.0
-50.0,50,594.450431,0.0
-50.0,50,595.338767,0.0
-50.0,50,596.249824,0.0
-50.0,50,597.149936,0.0
-50.0,50,598.038014,0.0
-50.0,50,598.942045,0.0
-50.0,50,599.81444,0.0
-50.0,50,600.712338,0.0
-50.0,50,607.382768,0.0
-50.0,50,608.292614,0.0
-50.0,50,609.204176,0.0
-50.0,50,610.103484,0.0
-50.0,50,611.014659,0.0
-50.0,50,611.897708,0.0
-50.0,50,612.7884,0.0
-50.0,50,613.678634,0.0
-50.0,50,614.572833,0.0
-50.0,50,615.501809,0.0
-50.0,50,622.230725,0.0
-50.0,50,623.165408,0.0
-50.0,50,624.185043,0.0
-50.0,50,625.077432,0.0
-50.0,50,625.943189,0.0
-50.0,50,626.838254,0.0
-50.0,50,628.668355,0.0
-50.0,50,629.633401,0.0
-50.0,50,630.570287,0.0
-50.0,50,631.45701,0.0
-50.0,50,632.366935,0.0
-50.0,50,639.048061,0.0
-50.0,50,639.953778,0.0
-50.0,50,640.878736,0.0
-50.0,50,641.799369,0.0
-50.0,50,642.733205,0.0
-50.0,50,643.682127,0.0
-50.0,50,644.670501,0.0
-50.0,50,645.712266,0.0
-50.0,50,646.628954,0.0
-50.0,50,647.503883,0.0
-50.0,50,654.329405,0.0
-50.0,50,655.22542,0.0
-50.0,50,656.152543,0.0
-50.0,50,657.030827,0.0
-50.0,50,657.941655,0.0
-50.0,50,658.87674,0.0
-50.0,50,659.751539,0.0
-50.0,50,660.663451,0.0
-50.0,50,661.579959,0.0
-50.0,50,662.460196,0.0
-50.0,50,670.44305,0.0
-50.0,50,671.355844,0.0
-50.0,50,672.272838,0.0
-50.0,50,673.212846,0.0
-50.0,50,674.111935,0.0
-50.0,50,674.988454,0.0
-50.0,50,675.91124,0.0
-50.0,50,676.873207,0.0
-50.0,50,677.813291,0.0
-50.0,50,678.746767,0.0
-50.0,50,685.44025,0.0
-50.0,50,686.365196,0.0
-50.0,50,687.300798,0.0
-50.0,50,688.240056,0.0
-50.0,50,689.153912,0.0
-50.0,50,690.035239,0.0
-50.0,50,690.92683,0.0
-50.0,50,691.823794,0.0
-50.0,50,692.724379,0.0
-50.0,50,693.646268,0.0
-50.0,50,694.547702,0.0
-50.0,50,701.262801,0.0
-50.0,50,702.228645,0.0
-50.0,50,703.153769,0.0
-50.0,50,704.05542,0.0
-50.0,50,705.879347,0.0
-50.0,50,706.793947,0.0
-50.0,50,707.716414,0.0
-50.0,50,708.621714,0.0
-50.0,50,709.524078,0.0
-50.0,50,710.405634,0.0
-50.0,50,717.067691,0.0
-50.0,50,717.9528,0.0
-50.0,50,718.891578,0.0
-50.0,50,719.838957,0.0
-50.0,50,720.763426,0.0
-50.0,50,721.649963,0.0
-50.0,50,722.565862,0.0
-50.0,50,723.537299,0.0
-50.0,50,724.467324,0.0
-50.0,50,725.379752,0.0
-50.0,50,732.081423,0.0
-50.0,50,733.018001,0.0
-50.0,50,733.936857,0.0
-50.0,50,734.859896,0.0
-50.0,50,735.748518,0.0
-50.0,50,736.62549,0.0
-50.0,50,737.509428,0.0
-50.0,50,738.414876,0.0
-8.0,9,738.587293,1.0
-50.0,50,740.446192,0.0
-50.0,50,741.406545,0.0
-50.0,50,748.162206,0.0
-50.0,50,749.071585,0.0
-50.0,50,749.99582,0.0
-50.0,50,750.907603,0.0
-50.0,50,751.841662,0.0
-50.0,50,752.779987,0.0
-50.0,50,753.677313,0.0
-50.0,50,754.598144,0.0
-50.0,50,755.496124,0.0
-50.0,50,756.384922,0.0
-50.0,50,763.017649,0.0
-50.0,50,763.950323,0.0
-50.0,50,765.045334,0.0
-50.0,50,765.934164,0.0
-50.0,50,766.878616,0.0
-50.0,50,767.791297,0.0
-50.0,50,768.71462,0.0
-50.0,50,769.643565,0.0
-50.0,50,770.555828,0.0
-50.0,50,771.466358,0.0
-50.0,50,772.385583,0.0
-50.0,50,779.091215,0.0
-50.0,50,779.997926,0.0
-50.0,50,781.833232,0.0
-50.0,50,782.756953,0.0
-50.0,50,783.652401,0.0
-50.0,50,784.556836,0.0
-50.0,50,785.479958,0.0
-50.0,50,786.413518,0.0
-50.0,50,787.346731,0.0
-50.0,50,788.261183,0.0
-50.0,50,794.969019,0.0
-50.0,50,795.897974,0.0
-50.0,50,796.893434,0.0
-50.0,50,797.845794,0.0
-50.0,50,798.764419,0.0
-50.0,50,799.67291,0.0
-50.0,50,800.691749,0.0
-50.0,50,801.818859,0.0
-50.0,50,802.732979,0.0
-50.0,50,803.669952,0.0
-50.0,50,810.359689,0.0
-50.0,50,811.2856,0.0
-50.0,50,812.218652,0.0
-50.0,50,813.199085,0.0
-50.0,50,814.125939,0.0
-50.0,50,815.016002,0.0
-50.0,50,815.961609,0.0
-50.0,50,817.992056,0.0
-50.0,50,818.918546,0.0
-50.0,50,819.839064,0.0
-50.0,50,826.490359,0.0
-50.0,50,827.424569,0.0
-50.0,50,828.361738,0.0
-50.0,50,829.241517,0.0
-50.0,50,830.172249,0.0
-50.0,50,831.092465,0.0
-50.0,50,831.992741,0.0
-50.0,50,832.91212,0.0
-50.0,50,833.843036,0.0
-50.0,50,834.739349,0.0
-50.0,50,835.661819,0.0
-50.0,50,842.367647,0.0
-50.0,50,843.253674,0.0
-50.0,50,844.181349,0.0
-50.0,50,845.082053,0.0
-50.0,50,846.148644,0.0
-50.0,50,847.145306,0.0
-50.0,50,848.063244,0.0
-50.0,50,848.992262,0.0
-50.0,50,849.902917,0.0
-50.0,50,850.820155,0.0
-50.0,50,857.52951,0.0
-50.0,50,859.343722,0.0
-50.0,50,860.276454,0.0
-50.0,50,861.208024,0.0
-50.0,50,862.214684,0.0
-50.0,50,863.130078,0.0
-50.0,50,864.005698,0.0
-50.0,50,864.915839,0.0
-50.0,50,865.822144,0.0
-50.0,50,866.771194,0.0
-50.0,50,873.555701,0.0
-50.0,50,874.504135,0.0
-50.0,50,875.469507,0.0
-50.0,50,876.423287,0.0
-50.0,50,877.461644,0.0
-50.0,50,878.415071,0.0
-50.0,50,879.357659,0.0
-50.0,50,880.309458,0.0
-50.0,50,881.278238,0.0
-50.0,50,882.191071,0.0
-50.0,50,888.915365,0.0
-50.0,50,889.848822,0.0
-50.0,50,890.74965,0.0
-50.0,50,891.653425,0.0
-50.0,50,892.530813,0.0
-50.0,50,893.438833,0.0
-50.0,50,895.26729,0.0
-50.0,50,896.180588,0.0
-50.0,50,897.142295,0.0
-50.0,50,898.120788,0.0
-50.0,50,904.845775,0.0
-50.0,50,905.760504,0.0
-50.0,50,906.68677,0.0
-50.0,50,907.661275,0.0
-50.0,50,908.593095,0.0
-50.0,50,909.543891,0.0
-50.0,50,910.445255,0.0
-50.0,50,911.318928,0.0
-50.0,50,912.210232,0.0
-50.0,50,913.131101,0.0
-50.0,50,914.029997,0.0
-50.0,50,920.796167,0.0
-50.0,50,921.692791,0.0
-50.0,50,922.651783,0.0
-50.0,50,923.62326,0.0
-50.0,50,924.65693,0.0
-50.0,50,925.559421,0.0
-50.0,50,926.497169,0.0
-50.0,50,927.413963,0.0
-50.0,50,928.338873,0.0
-50.0,50,929.225487,0.0
-50.0,50,936.807701,0.0
-50.0,50,937.730135,0.0
-50.0,50,938.661379,0.0
-50.0,50,939.560161,0.0
-50.0,50,940.446634,0.0
-50.0,50,941.35301,0.0
-50.0,50,942.288212,0.0
-50.0,50,943.224788,0.0
-50.0,50,944.205025,0.0
-50.0,50,945.129968,0.0
-50.0,50,951.835052,0.0
-50.0,50,952.783596,0.0
-50.0,50,953.686966,0.0
-50.0,50,954.586292,0.0
-50.0,50,955.502775,0.0
-50.0,50,956.386252,0.0
-50.0,50,957.310826,0.0
-50.0,50,958.215883,0.0
-50.0,50,959.208424,0.0
-50.0,50,960.201745,0.0
-50.0,50,966.860973,0.0
-50.0,50,967.777755,0.0
-50.0,50,968.747313,0.0
-50.0,50,969.642146,0.0
-50.0,50,970.592621,0.0
-50.0,50,972.494663,0.0
-50.0,50,973.398559,0.0
-50.0,50,974.30445,0.0
-50.0,50,975.231378,0.0
-50.0,50,976.118576,0.0
-50.0,50,977.045859,0.0
-50.0,50,983.70391,0.0
-50.0,50,984.647547,0.0
-50.0,50,985.576461,0.0
-50.0,50,986.467935,0.0
-50.0,50,987.382831,0.0
-50.0,50,988.289159,0.0
-50.0,50,989.182278,0.0
-50.0,50,990.065313,0.0
-50.0,50,991.02513,0.0
-50.0,50,991.928514,0.0
-50.0,50,995.975689,0.0
-50.0,50,996.880237,0.0
-50.0,50,997.818942,0.0
-50.0,50,998.916085,0.0
-50.0,50,999.828191,0.0
-50.0,50,1000.721313,0.0
-50.0,50,1001.599429,0.0
-50.0,50,1002.509134,0.0
-50.0,50,1003.438819,0.0
-50.0,50,1005.299629,0.0
-50.0,50,1008.608669,0.0
-50.0,50,1009.498866,0.0
-50.0,50,1010.405961,0.0
-50.0,50,1011.331416,0.0
-50.0,50,1012.259156,0.0
-50.0,50,1013.207331,0.0
-50.0,50,1014.157516,0.0
-50.0,50,1015.134132,0.0
-50.0,50,1016.115952,0.0
-50.0,50,1017.100504,0.0
-50.0,50,1020.496788,0.0
-50.0,50,1021.426745,0.0
-50.0,50,1022.309546,0.0
-50.0,50,1023.207245,0.0
-50.0,50,1024.113398,0.0
-50.0,50,1025.022718,0.0
-50.0,50,1025.946823,0.0
-50.0,50,1026.972608,0.0
-50.0,50,1028.020861,0.0
-50.0,50,1028.929836,0.0
-50.0,50,1029.833411,0.0
-50.0,50,1033.154817,0.0
-50.0,50,1034.0961,0.0
-50.0,50,1034.980499,0.0
-50.0,50,1036.946507,0.0
-50.0,50,1037.850728,0.0
-50.0,50,1038.849231,0.0
-50.0,50,1039.721134,0.0
-50.0,50,1040.663949,0.0
-50.0,50,1041.582194,0.0
-50.0,50,1042.507195,0.0
-50.0,50,1045.909767,0.0
-50.0,50,1046.84419,0.0
-50.0,50,1047.75805,0.0
-50.0,50,1048.64363,0.0
-50.0,50,1049.569182,0.0
-50.0,50,1050.451734,0.0
-50.0,50,1051.368898,0.0
-50.0,50,1052.325954,0.0
-50.0,50,1053.214367,0.0
-50.0,50,1054.129162,0.0
-50.0,50,1057.450808,0.0
-50.0,50,1058.36629,0.0
-50.0,50,1059.317278,0.0
-50.0,50,1060.277819,0.0
-50.0,50,1061.212164,0.0
-50.0,50,1062.171451,0.0
-50.0,50,1063.087767,0.0
-50.0,50,1064.052805,0.0
-50.0,50,1065.899635,0.0
-50.0,50,1066.823521,0.0
-50.0,50,1070.193247,0.0
-50.0,50,1071.095262,0.0
-50.0,50,1071.997246,0.0
-50.0,50,1072.910033,0.0
-50.0,50,1073.820723,0.0
-50.0,50,1074.714897,0.0
-50.0,50,1075.634997,0.0
-50.0,50,1076.57237,0.0
-50.0,50,1077.550488,0.0
-50.0,50,1078.578169,0.0
-50.0,50,1079.521411,0.0
-50.0,50,1082.849903,0.0
-50.0,50,1083.769173,0.0
-50.0,50,1084.701885,0.0
-50.0,50,1085.679412,0.0
-50.0,50,1086.615881,0.0
-50.0,50,1087.538457,0.0
-50.0,50,1088.536569,0.0
-50.0,50,1089.448247,0.0
-50.0,50,1090.386021,0.0
-50.0,50,1091.289396,0.0
-50.0,50,1097.945739,0.0
-50.0,50,1098.867716,0.0
-50.0,50,1100.666337,0.0
-50.0,50,1101.588816,0.0
-50.0,50,1102.523946,0.0
-50.0,50,1103.599512,0.0
-50.0,50,1104.600244,0.0
-50.0,50,1105.487897,0.0
-50.0,50,1106.411973,0.0
-50.0,50,1107.304275,0.0
-50.0,50,1113.955496,0.0
-50.0,50,1114.912052,0.0
-50.0,50,1115.851397,0.0
-50.0,50,1116.742923,0.0
-50.0,50,1117.668522,0.0
-50.0,50,1118.570811,0.0
-50.0,50,1119.506721,0.0
-50.0,50,1120.443324,0.0
-50.0,50,1121.383589,0.0
-50.0,50,1122.334543,0.0
-50.0,50,1129.09158,0.0
-50.0,50,1130.049801,0.0
-50.0,50,1130.957462,0.0
-50.0,50,1131.892292,0.0
-50.0,50,1132.831042,0.0
-50.0,50,1133.800846,0.0
-50.0,50,1134.70235,0.0
-50.0,50,1136.564224,0.0
-50.0,50,1137.50493,0.0
-50.0,50,1138.463708,0.0
-50.0,50,1139.361165,0.0
-50.0,50,1146.072594,0.0
-50.0,50,1147.039143,0.0
-50.0,50,1147.944275,0.0
-50.0,50,1148.844961,0.0
-50.0,50,1149.838563,0.0
-50.0,50,1150.704648,0.0
-50.0,50,1151.639171,0.0
-50.0,50,1152.695974,0.0
-50.0,50,1153.619556,0.0
-50.0,50,1154.572608,0.0
-50.0,50,1157.929646,0.0
-50.0,50,1158.884233,0.0
-50.0,50,1159.812167,0.0
-50.0,50,1160.783376,0.0
-50.0,50,1161.87288,0.0
-50.0,50,1162.819776,0.0
-50.0,50,1163.760386,0.0
-50.0,50,1164.713369,0.0
-50.0,50,1165.633847,0.0
-50.0,50,1166.684042,0.0
-50.0,50,1170.029924,0.0
-50.0,50,1171.889207,0.0
-50.0,50,1172.822306,0.0
-50.0,50,1173.724419,0.0
-50.0,50,1174.654482,0.0
-50.0,50,1175.590687,0.0
-50.0,50,1176.561585,0.0
-50.0,50,1177.42468,0.0
-50.0,50,1178.374641,0.0
-50.0,50,1179.363247,0.0
-50.0,50,1182.650821,0.0
-50.0,50,1183.57275,0.0
-50.0,50,1184.467162,0.0
-50.0,50,1185.368399,0.0
-50.0,50,1186.347852,0.0
-50.0,50,1187.339867,0.0
-50.0,50,1188.279167,0.0
-50.0,50,1189.179547,0.0
-50.0,50,1190.163604,0.0
-50.0,50,1191.217651,0.0
-50.0,50,1192.153347,0.0
-50.0,50,1195.553687,0.0
-50.0,50,1196.498514,0.0
-50.0,50,1197.405086,0.0
-50.0,50,1198.36283,0.0
-50.0,50,1199.300462,0.0
-50.0,50,1201.143051,0.0
-50.0,50,1202.079063,0.0
-50.0,50,1202.963987,0.0
-50.0,50,1203.951823,0.0
-50.0,50,1204.959349,0.0
-50.0,50,1211.751992,0.0
-50.0,50,1212.671236,0.0
-50.0,50,1213.657647,0.0
-50.0,50,1214.655535,0.0
-50.0,50,1215.555947,0.0
-50.0,50,1216.480689,0.0
-50.0,50,1217.468815,0.0
-50.0,50,1218.468745,0.0
-50.0,50,1219.426078,0.0
-50.0,50,1220.412583,0.0
-50.0,50,1227.093918,0.0
-50.0,50,1228.00563,0.0
-50.0,50,1228.992498,0.0
-50.0,50,1229.902056,0.0
-50.0,50,1231.004876,0.0
-50.0,50,1232.010054,0.0
-50.0,50,1232.941381,0.0
-50.0,50,1233.837456,0.0
-50.0,50,1234.761316,0.0
-50.0,50,1235.813394,0.0
-50.0,50,1243.456707,0.0
-50.0,50,1244.35249,0.0
-50.0,50,1245.263199,0.0
-50.0,50,1246.218377,0.0
-50.0,50,1247.18738,0.0
-50.0,50,1248.107961,0.0
-50.0,50,1249.060266,0.0
-50.0,50,1250.02358,0.0
-50.0,50,1250.934399,0.0
-50.0,50,1251.837344,0.0
-50.0,50,1258.541922,0.0
-50.0,50,1259.467192,0.0
-50.0,50,1260.383447,0.0
-50.0,50,1261.298063,0.0
-50.0,50,1262.225763,0.0
-50.0,50,1263.179578,0.0
-50.0,50,1264.18547,0.0
-50.0,50,1265.11291,0.0
-50.0,50,1266.062241,0.0
-50.0,50,1266.975422,0.0
-50.0,50,1267.921247,0.0
-50.0,50,1274.748927,0.0
-50.0,50,1275.661573,0.0
-50.0,50,1276.639883,0.0
-50.0,50,1277.827498,0.0
-50.0,50,1279.630231,0.0
-50.0,50,1280.557419,0.0
-50.0,50,1281.513617,0.0
-50.0,50,1282.501161,0.0
-50.0,50,1283.437483,0.0
-50.0,50,1284.479859,0.0
-50.0,50,1287.808593,0.0
-50.0,50,1288.778931,0.0
-50.0,50,1289.697956,0.0
-50.0,50,1290.623118,0.0
-50.0,50,1291.558838,0.0
-50.0,50,1292.459016,0.0
-50.0,50,1293.432992,0.0
-50.0,50,1294.370512,0.0
-50.0,50,1295.334713,0.0
-50.0,50,1296.277384,0.0
-50.0,50,1299.57279,0.0
-50.0,50,1300.503571,0.0
-50.0,50,1301.481492,0.0
-50.0,50,1302.400779,0.0
-50.0,50,1303.341431,0.0
-50.0,50,1304.254121,0.0
-50.0,50,1305.267692,0.0
-50.0,50,1306.187762,0.0
-50.0,50,1307.095524,0.0
-50.0,50,1308.839472,0.0
-50.0,50,1313.71008,0.0
-50.0,50,1314.814162,0.0
-50.0,50,1315.728683,0.0
-50.0,50,1316.68169,0.0
-50.0,50,1317.583749,0.0
-50.0,50,1318.489432,0.0
-50.0,50,1319.415813,0.0
-50.0,50,1320.353066,0.0
-50.0,50,1321.284468,0.0
-50.0,50,1322.230319,0.0
-50.0,50,1323.17749,0.0
-50.0,50,1329.916453,0.0
-50.0,50,1330.861378,0.0
-50.0,50,1331.795853,0.0
-50.0,50,1332.751171,0.0
-50.0,50,1333.704206,0.0
-50.0,50,1334.766833,0.0
-50.0,50,1335.688779,0.0
-50.0,50,1336.691067,0.0
-50.0,50,1337.633794,0.0
-50.0,50,1338.546851,0.0
-50.0,50,1345.226564,0.0
-50.0,50,1346.148377,0.0
-50.0,50,1347.060579,0.0
-50.0,50,1348.892638,0.0
-50.0,50,1349.827465,0.0
-50.0,50,1350.750174,0.0
-50.0,50,1351.649276,0.0
-50.0,50,1352.579217,0.0
-50.0,50,1353.630026,0.0
-50.0,50,1354.579875,0.0
-50.0,50,1361.349176,0.0
-50.0,50,1362.345727,0.0
-50.0,50,1363.281004,0.0
-50.0,50,1364.240342,0.0
-50.0,50,1365.153505,0.0
-50.0,50,1366.127193,0.0
-50.0,50,1367.099949,0.0
-50.0,50,1368.032515,0.0
-50.0,50,1368.962865,0.0
-50.0,50,1369.955218,0.0
-50.0,50,1376.749242,0.0
-50.0,50,1377.718375,0.0
-50.0,50,1378.655646,0.0
-50.0,50,1379.616947,0.0
-50.0,50,1380.559496,0.0
-50.0,50,1381.502041,0.0
-50.0,50,1382.51116,0.0
-50.0,50,1383.453384,0.0
-50.0,50,1385.339562,0.0
-50.0,50,1386.308255,0.0
-50.0,50,1387.230052,0.0
-50.0,50,1393.974759,0.0
-50.0,50,1394.976805,0.0
-50.0,50,1395.925551,0.0
-50.0,50,1396.968059,0.0
-50.0,50,1397.895816,0.0
-50.0,50,1398.90383,0.0
-50.0,50,1399.905828,0.0
-50.0,50,1400.825094,0.0
-50.0,50,1401.731719,0.0
-50.0,50,1402.68046,0.0
-50.0,50,1409.529855,0.0
-50.0,50,1410.514618,0.0
-50.0,50,1411.477018,0.0
-50.0,50,1412.384272,0.0
-50.0,50,1413.305632,0.0
-50.0,50,1414.256341,0.0
-50.0,50,1415.252213,0.0
-50.0,50,1416.256618,0.0
-50.0,50,1417.184381,0.0
-50.0,50,1418.14804,0.0
-50.0,50,1424.890809,0.0
-50.0,50,1425.828229,0.0
-50.0,50,1427.720726,0.0
-50.0,50,1428.691984,0.0
-50.0,50,1429.735534,0.0
-50.0,50,1430.710556,0.0
-50.0,50,1431.736384,0.0
-50.0,50,1432.665,0.0
-50.0,50,1433.595731,0.0
-50.0,50,1434.540576,0.0
-50.0,50,1441.346329,0.0
-50.0,50,1442.286872,0.0
-50.0,50,1443.26851,0.0
-50.0,50,1444.20694,0.0
-50.0,50,1445.145054,0.0
-50.0,50,1446.075944,0.0
-50.0,50,1447.009315,0.0
-50.0,50,1447.978652,0.0
-50.0,50,1448.883386,0.0
-50.0,50,1449.840062,0.0
-50.0,50,1450.774577,0.0
-50.0,50,1457.528412,0.0
-50.0,50,1458.420031,0.0
-50.0,50,1459.321546,0.0
-50.0,50,1460.251053,0.0
-50.0,50,1461.184578,0.0
-50.0,50,1462.10857,0.0
-50.0,50,1463.956259,0.0
-50.0,50,1464.912683,0.0
-50.0,50,1465.885583,0.0
-50.0,50,1466.846187,0.0
-50.0,50,1473.541759,0.0
-50.0,50,1474.473074,0.0
-50.0,50,1475.42439,0.0
-50.0,50,1476.391229,0.0
-50.0,50,1477.308699,0.0
-50.0,50,1478.23985,0.0
-50.0,50,1479.187873,0.0
-50.0,50,1480.20085,0.0
-50.0,50,1481.140858,0.0
-50.0,50,1482.091177,0.0
-50.0,50,1488.794161,0.0
-50.0,50,1489.723711,0.0
-50.0,50,1490.617985,0.0
-50.0,50,1491.553262,0.0
-50.0,50,1492.471485,0.0
-50.0,50,1493.431269,0.0
-50.0,50,1494.356361,0.0
-50.0,50,1495.33203,0.0
-50.0,50,1496.235642,0.0
-50.0,50,1497.139194,0.0
-50.0,50,1503.926816,0.0
-50.0,50,1505.78525,0.0
-50.0,50,1506.763717,0.0
-50.0,50,1507.715371,0.0
-50.0,50,1508.696843,0.0
-50.0,50,1509.720454,0.0
-50.0,50,1510.664416,0.0
-50.0,50,1511.57181,0.0
-50.0,50,1512.491168,0.0
-50.0,50,1513.462216,0.0
-50.0,50,1514.391251,0.0
-50.0,50,1521.182099,0.0
-50.0,50,1522.092302,0.0
-50.0,50,1523.003494,0.0
-50.0,50,1523.935203,0.0
-50.0,50,1524.871383,0.0
-50.0,50,1525.862396,0.0
-50.0,50,1526.801903,0.0
-50.0,50,1527.726243,0.0
-50.0,50,1528.661593,0.0
-50.0,50,1529.6882,0.0
-50.0,50,1536.416409,0.0
-50.0,50,1537.385892,0.0
-50.0,50,1538.378685,0.0
-50.0,50,1539.288329,0.0
-50.0,50,1540.179385,0.0
-50.0,50,1542.011478,0.0
-50.0,50,1542.971749,0.0
-50.0,50,1543.90657,0.0
-50.0,50,1544.82184,0.0
-50.0,50,1545.780497,0.0
-50.0,50,1552.486046,0.0
-50.0,50,1553.414798,0.0
-50.0,50,1554.342817,0.0
-50.0,50,1555.298518,0.0
-50.0,50,1556.27274,0.0
-50.0,50,1557.18955,0.0
-50.0,50,1558.115174,0.0
-50.0,50,1559.017974,0.0
-50.0,50,1560.057727,0.0
-50.0,50,1561.011872,0.0
-50.0,50,1567.766723,0.0
-50.0,50,1568.732744,0.0
-50.0,50,1569.693549,0.0
-50.0,50,1570.592956,0.0
-50.0,50,1571.539504,0.0
-50.0,50,1572.477897,0.0
-50.0,50,1573.441806,0.0
-50.0,50,1574.401037,0.0
-50.0,50,1575.34611,0.0
-50.0,50,1576.254068,0.0
-50.0,50,1578.251412,0.0
-50.0,50,1585.02293,0.0
-50.0,50,1585.984439,0.0
-50.0,50,1586.892654,0.0
-50.0,50,1587.834319,0.0
-50.0,50,1588.783382,0.0
-50.0,50,1589.757522,0.0
-50.0,50,1590.689302,0.0
-50.0,50,1591.612803,0.0
-50.0,50,1592.652354,0.0
-50.0,50,1593.85524,0.0
-50.0,50,1600.594558,0.0
-50.0,50,1601.556288,0.0
-50.0,50,1602.477897,0.0
-50.0,50,1603.475979,0.0
-50.0,50,1604.444092,0.0
-50.0,50,1605.499803,0.0
-50.0,50,1606.422586,0.0
-50.0,50,1607.64268,0.0
-50.0,50,1608.553665,0.0
-50.0,50,1609.474019,0.0
-50.0,50,1616.287467,0.0
-50.0,50,1617.227078,0.0
-50.0,50,1618.176374,0.0
-50.0,50,1619.145508,0.0
-50.0,50,1620.884853,0.0
-50.0,50,1621.777084,0.0
-50.0,50,1622.767821,0.0
-50.0,50,1623.94513,0.0
-50.0,50,1624.869303,0.0
-50.0,50,1625.79179,0.0
-50.0,50,1632.5477,0.0
-50.0,50,1633.494694,0.0
-50.0,50,1634.469546,0.0
-50.0,50,1635.388965,0.0
-50.0,50,1636.344411,0.0
-50.0,50,1637.384466,0.0
-50.0,50,1638.34622,0.0
-50.0,50,1639.323376,0.0
-50.0,50,1640.318768,0.0
-50.0,50,1641.301163,0.0
-50.0,50,1648.077185,0.0
-50.0,50,1649.016152,0.0
-50.0,50,1649.946045,0.0
-50.0,50,1650.871593,0.0
-50.0,50,1651.789635,0.0
-50.0,50,1652.726195,0.0
-50.0,50,1653.721689,0.0
-50.0,50,1654.641778,0.0
-50.0,50,1655.561156,0.0
-50.0,50,1657.330451,0.0
-50.0,50,1658.313788,0.0
-50.0,50,1665.070936,0.0
-50.0,50,1665.981539,0.0
-50.0,50,1666.991771,0.0
-50.0,50,1667.886891,0.0
-50.0,50,1668.838435,0.0
-50.0,50,1669.804968,0.0
-50.0,50,1670.776204,0.0
-50.0,50,1671.689733,0.0
-50.0,50,1672.611699,0.0
-50.0,50,1673.518864,0.0
-50.0,50,1680.306922,0.0
-50.0,50,1681.283745,0.0
-50.0,50,1682.26931,0.0
-50.0,50,1683.235305,0.0
-50.0,50,1684.19606,0.0
-50.0,50,1685.20898,0.0
-50.0,50,1686.155317,0.0
-50.0,50,1687.131106,0.0
-50.0,50,1688.051459,0.0
-50.0,50,1689.034208,0.0
-50.0,50,1695.876488,0.0
-50.0,50,1696.860244,0.0
-50.0,50,1697.853509,0.0
-50.0,50,1699.712889,0.0
-50.0,50,1700.652033,0.0
-50.0,50,1701.56567,0.0
-50.0,50,1702.506049,0.0
-50.0,50,1703.442188,0.0
-50.0,50,1704.385653,0.0
-50.0,50,1705.338206,0.0
-50.0,50,1712.135886,0.0
-50.0,50,1713.163878,0.0
-50.0,50,1714.184797,0.0
-50.0,50,1715.208599,0.0
-50.0,50,1716.172969,0.0
-50.0,50,1717.131219,0.0
-50.0,50,1718.115695,0.0
-50.0,50,1719.137878,0.0
-50.0,50,1720.112726,0.0
-50.0,50,1721.036419,0.0
-50.0,50,1721.949154,0.0
-50.0,50,1728.749885,0.0
-50.0,50,1729.698094,0.0
-50.0,50,1730.617451,0.0
-50.0,50,1731.557126,0.0
-50.0,50,1732.51209,0.0
-50.0,50,1733.430994,0.0
-50.0,50,1734.409665,0.0
-50.0,50,1736.342354,0.0
-50.0,50,1737.349964,0.0
-50.0,50,1738.304757,0.0
-50.0,50,1745.027772,0.0
-50.0,50,1746.000839,0.0
-50.0,50,1746.985721,0.0
-50.0,50,1747.963564,0.0
-50.0,50,1748.901471,0.0
-50.0,50,1749.841214,0.0
-50.0,50,1750.778365,0.0
-50.0,50,1751.723666,0.0
-50.0,50,1752.643972,0.0
-50.0,50,1753.571919,0.0
-50.0,50,1760.290064,0.0
-50.0,50,1761.231769,0.0
-50.0,50,1762.22718,0.0
-50.0,50,1763.164537,0.0
-50.0,50,1764.106673,0.0
-50.0,50,1765.046381,0.0
-50.0,50,1766.020287,0.0
-50.0,50,1767.101335,0.0
-50.0,50,1768.039828,0.0
-50.0,50,1769.00709,0.0
-50.0,50,1775.716662,0.0
-50.0,50,1776.653937,0.0
-50.0,50,1778.779711,0.0
-50.0,50,1779.717329,0.0
-50.0,50,1780.670828,0.0
-50.0,50,1781.67453,0.0
-50.0,50,1782.636326,0.0
-50.0,50,1783.582331,0.0
-50.0,50,1784.5399,0.0
-50.0,50,1785.467448,0.0
-50.0,50,1786.4422,0.0
-50.0,50,1793.18769,0.0
-50.0,50,1794.117036,0.0
-50.0,50,1795.068015,0.0
-50.0,50,1796.010512,0.0
-50.0,50,1796.88904,0.0
-50.0,50,1797.829659,0.0
-50.0,50,1798.777255,0.0
-50.0,50,1799.821405,0.0
-50.0,50,1800.803036,0.0
-50.0,50,1801.784403,0.0
-50.0,50,1808.513429,0.0
-50.0,50,1809.434928,0.0
-50.0,50,1810.367702,0.0
-50.0,50,1811.317147,0.0
-50.0,50,1812.239688,0.0
-50.0,50,1813.167997,0.0
-50.0,50,1815.15606,0.0
-50.0,50,1816.110327,0.0
-50.0,50,1817.069152,0.0
-50.0,50,1817.990397,0.0
-50.0,50,1824.735942,0.0
-50.0,50,1825.686468,0.0
-50.0,50,1826.592808,0.0
-50.0,50,1827.511247,0.0
-50.0,50,1828.486981,0.0
-50.0,50,1829.435812,0.0
-50.0,50,1830.368761,0.0
-50.0,50,1831.281349,0.0
-50.0,50,1832.216146,0.0
-50.0,50,1833.104603,0.0
-50.0,50,1840.004913,0.0
-50.0,50,1841.026125,0.0
-50.0,50,1841.987078,0.0
-50.0,50,1842.934087,0.0
-50.0,50,1843.873234,0.0
-50.0,50,1844.9414,0.0
-50.0,50,1845.884254,0.0
-50.0,50,1846.870311,0.0
-50.0,50,1847.797959,0.0
-50.0,50,1848.762496,0.0
-50.0,50,1849.771608,0.0
-50.0,50,1857.404125,0.0
-50.0,50,1858.34933,0.0
-50.0,50,1859.266774,0.0
-50.0,50,1860.232881,0.0
-50.0,50,1861.17469,0.0
-50.0,50,1862.140347,0.0
-50.0,50,1863.090494,0.0
-50.0,50,1863.973196,0.0
-50.0,50,1864.86495,0.0
-50.0,50,1865.822924,0.0
-50.0,50,1872.540209,0.0
-50.0,50,1873.511358,0.0
-50.0,50,1874.409133,0.0
-50.0,50,1875.300814,0.0
-50.0,50,1876.233075,0.0
-50.0,50,1877.162668,0.0
-50.0,50,1878.124066,0.0
-50.0,50,1879.133849,0.0
-50.0,50,1880.052057,0.0
-50.0,50,1880.996096,0.0
-50.0,50,1887.712064,0.0
-50.0,50,1888.709712,0.0
-50.0,50,1889.607163,0.0
-50.0,50,1890.54488,0.0
-50.0,50,1891.465962,0.0
-50.0,50,1893.287181,0.0
-50.0,50,1894.256736,0.0
-50.0,50,1895.254422,0.0
-50.0,50,1896.244647,0.0
-50.0,50,1897.211895,0.0
-50.0,50,1903.901392,0.0
-50.0,50,1904.839499,0.0
-50.0,50,1905.743404,0.0
-50.0,50,1906.688611,0.0
-50.0,50,1907.647822,0.0
-50.0,50,1908.566837,0.0
-50.0,50,1909.482324,0.0
-50.0,50,1910.439215,0.0
-50.0,50,1911.388378,0.0
-50.0,50,1912.288502,0.0
-50.0,50,1913.258973,0.0
-50.0,50,1920.035749,0.0
-50.0,50,1920.964566,0.0
-50.0,50,1921.901396,0.0
-50.0,50,1922.866296,0.0
-50.0,50,1923.82967,0.0
-50.0,50,1924.745421,0.0
-50.0,50,1925.704256,0.0
-50.0,50,1926.636871,0.0
-50.0,50,1927.597998,0.0
-50.0,50,1929.375637,0.0
-50.0,50,1936.059393,0.0
-50.0,50,1937.002528,0.0
-50.0,50,1937.95563,0.0
-50.0,50,1938.903383,0.0
-50.0,50,1939.895543,0.0
-50.0,50,1940.894693,0.0
-50.0,50,1941.859109,0.0
-50.0,50,1942.767416,0.0
-50.0,50,1943.690276,0.0
-50.0,50,1944.666991,0.0
-50.0,50,1951.410661,0.0
-50.0,50,1952.537237,0.0
-50.0,50,1953.50377,0.0
-50.0,50,1954.451623,0.0
-50.0,50,1955.426064,0.0
-50.0,50,1956.375614,0.0
-50.0,50,1957.317142,0.0
-50.0,50,1958.355793,0.0
-50.0,50,1959.322603,0.0
-50.0,50,1960.277089,0.0
-50.0,50,1967.032324,0.0
-50.0,50,1967.970694,0.0
-50.0,50,1968.869388,0.0
-50.0,50,1969.818483,0.0
-50.0,50,1971.606216,0.0
-50.0,50,1972.531635,0.0
-50.0,50,1973.474259,0.0
-50.0,50,1974.452778,0.0
-50.0,50,1975.41819,0.0
-50.0,50,1976.41107,0.0
-50.0,50,1977.412283,0.0
-50.0,50,1984.165816,0.0
-50.0,50,1985.073377,0.0
-50.0,50,1986.034204,0.0
-50.0,50,1986.972688,0.0
-50.0,50,1987.946985,0.0
-50.0,50,1988.897568,0.0
-50.0,50,1989.899873,0.0
-50.0,50,1990.846281,0.0
-50.0,50,1991.800089,0.0
-50.0,50,1992.761742,0.0
-50.0,50,1999.571527,0.0
-50.0,50,2000.557911,0.0
-50.0,50,2001.508905,0.0
-50.0,50,2002.40873,0.0
-50.0,50,2003.33732,0.0
-50.0,50,2004.310478,0.0
-50.0,50,2005.251705,0.0
-50.0,50,2006.184286,0.0
-50.0,50,2008.222789,0.0
-50.0,50,2009.305263,0.0
-50.0,50,2016.178918,0.0
-50.0,50,2017.119733,0.0
-50.0,50,2018.056029,0.0
-50.0,50,2019.009097,0.0
-50.0,50,2020.107973,0.0
-50.0,50,2021.018234,0.0
-50.0,50,2021.936422,0.0
-50.0,50,2022.890041,0.0
-50.0,50,2023.871284,0.0
-50.0,50,2024.814874,0.0
-50.0,50,2031.540313,0.0
-50.0,50,2032.541099,0.0
-50.0,50,2033.659,0.0
-50.0,50,2034.694397,0.0
-50.0,50,2035.718756,0.0
-50.0,50,2036.628805,0.0
-50.0,50,2037.564168,0.0
-50.0,50,2038.547103,0.0
-50.0,50,2039.509809,0.0
-50.0,50,2040.499062,0.0
-50.0,50,2047.197924,0.0
-50.0,50,2048.123703,0.0
-50.0,50,2049.115016,0.0
-50.0,50,2051.009634,0.0
-50.0,50,2051.979906,0.0
-50.0,50,2052.987819,0.0
-50.0,50,2053.946873,0.0
-50.0,50,2054.907457,0.0
-50.0,50,2055.818215,0.0
-50.0,50,2056.73605,0.0
-50.0,50,2057.724813,0.0
-50.0,50,2064.534079,0.0
-50.0,50,2065.550112,0.0
-50.0,50,2066.515522,0.0
-50.0,50,2067.477836,0.0
-50.0,50,2068.505622,0.0
-50.0,50,2069.410826,0.0
-50.0,50,2070.35579,0.0
-50.0,50,2071.286757,0.0
-50.0,50,2072.203744,0.0
-50.0,50,2073.163062,0.0
-50.0,50,2079.966325,0.0
-50.0,50,2080.946002,0.0
-50.0,50,2081.924019,0.0
-50.0,50,2082.893113,0.0
-50.0,50,2083.878118,0.0
-50.0,50,2084.803698,0.0
-50.0,50,2085.757528,0.0
-50.0,50,2087.596344,0.0
-50.0,50,2088.534024,0.0
-50.0,50,2089.44528,0.0
-50.0,50,2096.259189,0.0
-50.0,50,2097.213912,0.0
-50.0,50,2098.139122,0.0
-50.0,50,2099.0552,0.0
-50.0,50,2100.012463,0.0
-50.0,50,2101.025157,0.0
-50.0,50,2101.963584,0.0
-50.0,50,2102.91986,0.0
-50.0,50,2103.825264,0.0
-50.0,50,2104.787505,0.0
-50.0,50,2111.664664,0.0
-50.0,50,2112.690723,0.0
-50.0,50,2113.684099,0.0
-50.0,50,2114.621104,0.0
-50.0,50,2115.603545,0.0
-50.0,50,2116.517885,0.0
-50.0,50,2117.474109,0.0
-50.0,50,2118.408236,0.0
-50.0,50,2119.336862,0.0
-50.0,50,2120.267712,0.0
-50.0,50,2121.2051,0.0
-50.0,50,2127.923609,0.0
-50.0,50,2129.701813,0.0
-50.0,50,2130.622077,0.0
-50.0,50,2131.573088,0.0
-50.0,50,2132.505666,0.0
-50.0,50,2133.422735,0.0
-50.0,50,2134.410337,0.0
-50.0,50,2135.438233,0.0
-50.0,50,2136.387697,0.0
-50.0,50,2137.347798,0.0
-50.0,50,2144.331573,0.0
-50.0,50,2145.339454,0.0
-50.0,50,2146.295429,0.0
-50.0,50,2147.352813,0.0
-50.0,50,2148.349474,0.0
-50.0,50,2149.430916,0.0
-50.0,50,2150.364374,0.0
-50.0,50,2151.271273,0.0
-50.0,50,2152.190382,0.0
-50.0,50,2153.108103,0.0
-50.0,50,2160.034955,0.0
-50.0,50,2161.125732,0.0
-50.0,50,2162.077456,0.0
-50.0,50,2163.007958,0.0
-50.0,50,2163.976205,0.0
-50.0,50,2165.021053,0.0
-50.0,50,2166.830592,0.0
-50.0,50,2167.771391,0.0
-50.0,50,2168.69258,0.0
-50.0,50,2169.626146,0.0
-50.0,50,2176.420715,0.0
-50.0,50,2177.40632,0.0
-50.0,50,2178.39407,0.0
-50.0,50,2179.372705,0.0
-50.0,50,2180.328555,0.0
-50.0,50,2181.342341,0.0
-50.0,50,2182.309116,0.0
-50.0,50,2183.235961,0.0
-50.0,50,2184.207462,0.0
-50.0,50,2185.195013,0.0
-50.0,50,2186.152109,0.0
-50.0,50,2192.950646,0.0
-50.0,50,2193.890481,0.0
-50.0,50,2194.828108,0.0
-50.0,50,2195.758393,0.0
-50.0,50,2196.714662,0.0
-50.0,50,2197.687177,0.0
-50.0,50,2198.628816,0.0
-50.0,50,2199.533249,0.0
-50.0,50,2200.525289,0.0
-50.0,50,2201.56455,0.0
-50.0,50,2209.455687,0.0
-50.0,50,2210.383626,0.0
-50.0,50,2211.349848,0.0
-50.0,50,2212.246849,0.0
-50.0,50,2213.213162,0.0
-50.0,50,2214.184892,0.0
-50.0,50,2215.19389,0.0
-50.0,50,2216.192654,0.0
-50.0,50,2217.139951,0.0
-50.0,50,2218.060604,0.0
-50.0,50,2224.862173,0.0
-50.0,50,2225.836308,0.0
-50.0,50,2226.75876,0.0
-50.0,50,2227.706421,0.0
-50.0,50,2228.628627,0.0
-50.0,50,2229.639138,0.0
-50.0,50,2230.634845,0.0
-50.0,50,2231.564059,0.0
-50.0,50,2232.503507,0.0
-50.0,50,2233.394495,0.0
-50.0,50,2240.101813,0.0
-50.0,50,2241.01533,0.0
-50.0,50,2241.969153,0.0
-50.0,50,2242.952286,0.0
-50.0,50,2244.02511,0.0
-50.0,50,2245.937691,0.0
-50.0,50,2246.939497,0.0
-50.0,50,2247.86014,0.0
-50.0,50,2248.931631,0.0
-50.0,50,2249.921021,0.0
-50.0,50,2250.878642,0.0
-50.0,50,2257.619757,0.0
-50.0,50,2258.617258,0.0
-50.0,50,2259.584629,0.0
-50.0,50,2260.526993,0.0
-50.0,50,2261.480116,0.0
-50.0,50,2262.403462,0.0
-50.0,50,2263.418585,0.0
-50.0,50,2264.334054,0.0
-50.0,50,2265.309109,0.0
-50.0,50,2266.377203,0.0
-50.0,50,2273.231301,0.0
-50.0,50,2274.321651,0.0
-50.0,50,2275.238873,0.0
-50.0,50,2276.285612,0.0
-50.0,50,2277.20747,0.0
-50.0,50,2278.130395,0.0
-50.0,50,2279.049628,0.0
-50.0,50,2280.008043,0.0
-50.0,50,2280.93192,0.0
-50.0,50,2282.785337,0.0
-50.0,50,2289.509986,0.0
-50.0,50,2290.480814,0.0
-50.0,50,2291.405956,0.0
-50.0,50,2292.327816,0.0
-50.0,50,2293.254324,0.0
-50.0,50,2294.184453,0.0
-50.0,50,2295.156648,0.0
-50.0,50,2296.256427,0.0
-50.0,50,2297.222127,0.0
-50.0,50,2298.154596,0.0
-50.0,50,2304.939312,0.0
-50.0,50,2305.940571,0.0
-50.0,50,2306.958584,0.0
-50.0,50,2307.877567,0.0
-50.0,50,2308.886525,0.0
-50.0,50,2309.86258,0.0
-50.0,50,2310.858049,0.0
-50.0,50,2311.7711,0.0
-50.0,50,2312.712756,0.0
-50.0,50,2313.727961,0.0
-50.0,50,2314.758064,0.0
-50.0,50,2321.490754,0.0
-50.0,50,2322.464019,0.0
-50.0,50,2323.467755,0.0
-50.0,50,2325.635112,0.0
-50.0,50,2326.569007,0.0
-50.0,50,2327.500994,0.0
-50.0,50,2328.541386,0.0
-50.0,50,2329.508267,0.0
-50.0,50,2330.600611,0.0
-50.0,50,2331.559218,0.0
-50.0,50,2338.375289,0.0
-50.0,50,2339.315218,0.0
-50.0,50,2340.295431,0.0
-50.0,50,2341.19585,0.0
-50.0,50,2342.161149,0.0
-50.0,50,2343.162827,0.0
-50.0,50,2344.111501,0.0
-50.0,50,2345.066501,0.0
-50.0,50,2346.081909,0.0
-50.0,50,2347.049116,0.0
-50.0,50,2353.75061,0.0
-50.0,50,2354.706696,0.0
-50.0,50,2355.627908,0.0
-50.0,50,2356.576777,0.0
-50.0,50,2357.655383,0.0
-50.0,50,2358.65281,0.0
-50.0,50,2359.680569,0.0
-50.0,50,2360.61963,0.0
-50.0,50,2362.357471,0.0
-50.0,50,2363.334872,0.0
-50.0,50,2370.037838,0.0
-50.0,50,2370.974273,0.0
-50.0,50,2371.901037,0.0
-50.0,50,2372.846422,0.0
-50.0,50,2373.849637,0.0
-50.0,50,2374.770425,0.0
-50.0,50,2375.740131,0.0
-50.0,50,2376.764123,0.0
-50.0,50,2377.757401,0.0
-50.0,50,2378.685794,0.0
-50.0,50,2379.696654,0.0
-50.0,50,2386.530634,0.0
-50.0,50,2387.457603,0.0
-50.0,50,2388.37845,0.0
-50.0,50,2389.314445,0.0
-50.0,50,2390.239955,0.0
-50.0,50,2391.1923,0.0
-50.0,50,2392.104189,0.0
-50.0,50,2393.156834,0.0
-50.0,50,2394.120586,0.0
-50.0,50,2395.083758,0.0
-50.0,50,2401.721752,0.0
-50.0,50,2402.674247,0.0
-50.0,50,2404.470471,0.0
-50.0,50,2405.407603,0.0
-50.0,50,2406.333918,0.0
-50.0,50,2407.249599,0.0
-50.0,50,2408.288022,0.0
-50.0,50,2409.288445,0.0
-50.0,50,2410.228012,0.0
-50.0,50,2411.251369,0.0
-50.0,50,2418.163621,0.0
-50.0,50,2419.080174,0.0
-50.0,50,2420.016732,0.0
-50.0,50,2421.022476,0.0
-50.0,50,2421.935158,0.0
-50.0,50,2422.852732,0.0
-50.0,50,2423.780321,0.0
-50.0,50,2424.717039,0.0
-50.0,50,2425.678303,0.0
-50.0,50,2426.639035,0.0
-50.0,50,2433.506783,0.0
-50.0,50,2434.441089,0.0
-50.0,50,2435.374194,0.0
-50.0,50,2436.290423,0.0
-50.0,50,2437.236966,0.0
-50.0,50,2438.142127,0.0
-50.0,50,2439.097828,0.0
-50.0,50,2440.932091,0.0
-50.0,50,2441.852241,0.0
-50.0,50,2442.790519,0.0
-50.0,50,2449.602482,0.0
-50.0,50,2450.621003,0.0
-50.0,50,2451.599587,0.0
-50.0,50,2452.647347,0.0
-50.0,50,2453.589997,0.0
-50.0,50,2454.543706,0.0
-50.0,50,2455.474007,0.0
-50.0,50,2456.405867,0.0
-50.0,50,2457.382982,0.0
-50.0,50,2458.418789,0.0
-50.0,50,2459.371333,0.0
-50.0,50,2466.090929,0.0
-50.0,50,2467.052229,0.0
-50.0,50,2468.018961,0.0
-50.0,50,2469.003828,0.0
-50.0,50,2470.08082,0.0
-50.0,50,2471.036032,0.0
-50.0,50,2471.9628,0.0
-50.0,50,2472.921902,0.0
-50.0,50,2473.847301,0.0
-50.0,50,2474.809277,0.0
-50.0,50,2481.550503,0.0
-50.0,50,2483.450637,0.0
-50.0,50,2484.408344,0.0
-50.0,50,2485.339736,0.0
-50.0,50,2486.382211,0.0
-50.0,50,2487.501251,0.0
-50.0,50,2488.417768,0.0
-50.0,50,2489.355261,0.0
-50.0,50,2490.285109,0.0
-50.0,50,2491.210871,0.0
-50.0,50,2497.948895,0.0
-50.0,50,2498.8924,0.0
-50.0,50,2499.854793,0.0
-50.0,50,2500.845355,0.0
-50.0,50,2501.78318,0.0
-50.0,50,2502.708348,0.0
-50.0,50,2503.635099,0.0
-50.0,50,2504.560424,0.0
-50.0,50,2505.535551,0.0
-50.0,50,2506.462317,0.0
-50.0,50,2513.118201,0.0
-50.0,50,2514.06904,0.0
-50.0,50,2515.009927,0.0
-50.0,50,2515.957961,0.0
-50.0,50,2516.894155,0.0
-50.0,50,2517.841515,0.0
-50.0,50,2519.731639,0.0
-50.0,50,2520.724164,0.0
-50.0,50,2521.670188,0.0
-50.0,50,2522.633243,0.0
-50.0,50,2523.553498,0.0
-50.0,50,2530.264158,0.0
-50.0,50,2531.208884,0.0
-50.0,50,2532.456853,0.0
-50.0,50,2533.369803,0.0
-50.0,50,2534.330402,0.0
-50.0,50,2535.307958,0.0
-50.0,50,2536.271716,0.0
-50.0,50,2537.17877,0.0
-50.0,50,2538.089379,0.0
-50.0,50,2539.03969,0.0
-50.0,50,2545.808641,0.0
-50.0,50,2546.742017,0.0
-50.0,50,2547.854437,0.0
-50.0,50,2548.941812,0.0
-50.0,50,2549.93325,0.0
-50.0,50,2550.903218,0.0
-50.0,50,2551.820433,0.0
-50.0,50,2552.779141,0.0
-50.0,50,2553.677418,0.0
-50.0,50,2554.697221,0.0
-50.0,50,2562.369424,0.0
-50.0,50,2563.305722,0.0
-50.0,50,2564.251652,0.0
-50.0,50,2565.175045,0.0
-50.0,50,2566.160097,0.0
-50.0,50,2567.155466,0.0
-50.0,50,2568.108895,0.0
-50.0,50,2569.10947,0.0
-50.0,50,2570.049367,0.0
-50.0,50,2571.088087,0.0
-50.0,50,2577.868811,0.0
-50.0,50,2578.904818,0.0
-50.0,50,2579.891935,0.0
-50.0,50,2580.838487,0.0
-50.0,50,2581.875119,0.0
-50.0,50,2582.853952,0.0
-50.0,50,2583.815631,0.0
-50.0,50,2584.807328,0.0
-50.0,50,2585.782985,0.0
-50.0,50,2586.872377,0.0
-50.0,50,2587.791938,0.0
-50.0,50,2594.599908,0.0
-50.0,50,2595.588923,0.0
-50.0,50,2596.570597,0.0
-50.0,50,2597.519014,0.0
-50.0,50,2599.393159,0.0
-50.0,50,2600.420127,0.0
-50.0,50,2601.459698,0.0
-50.0,50,2602.405286,0.0
-50.0,50,2603.393473,0.0
-50.0,50,2604.295589,0.0
-50.0,50,2611.007648,0.0
-50.0,50,2612.011211,0.0
-50.0,50,2612.96535,0.0
-50.0,50,2613.93907,0.0
-50.0,50,2614.90986,0.0
-50.0,50,2615.85105,0.0
-50.0,50,2616.793345,0.0
-50.0,50,2617.755742,0.0
-50.0,50,2618.741303,0.0
-50.0,50,2619.707736,0.0
-50.0,50,2626.461441,0.0
-50.0,50,2627.438015,0.0
-50.0,50,2628.415559,0.0
-50.0,50,2629.437637,0.0
-50.0,50,2630.39994,0.0
-50.0,50,2631.352817,0.0
-50.0,50,2632.322295,0.0
-50.0,50,2633.294767,0.0
-50.0,50,2634.273659,0.0
-50.0,50,2636.116612,0.0
-50.0,50,2642.87833,0.0
-50.0,50,2643.851216,0.0
-50.0,50,2645.006356,0.0
-50.0,50,2645.999644,0.0
-50.0,50,2646.97081,0.0
-50.0,50,2648.007751,0.0
-50.0,50,2648.904519,0.0
-50.0,50,2649.962146,0.0
-50.0,50,2650.947505,0.0
-50.0,50,2651.920531,0.0
-50.0,50,2652.850654,0.0
-50.0,50,2659.620953,0.0
-50.0,50,2660.562,0.0
-50.0,50,2661.558093,0.0
-50.0,50,2662.545548,0.0
-50.0,50,2663.490218,0.0
-50.0,50,2664.480735,0.0
-50.0,50,2665.468998,0.0
-50.0,50,2666.421617,0.0
-50.0,50,2667.432388,0.0
-50.0,50,2668.447826,0.0
-50.0,50,2675.241001,0.0
-50.0,50,2676.194944,0.0
-50.0,50,2677.127479,0.0
-50.0,50,2678.950987,0.0
-50.0,50,2679.894237,0.0
-50.0,50,2680.858828,0.0
-50.0,50,2681.918514,0.0
-50.0,50,2682.852001,0.0
-50.0,50,2683.777002,0.0
-50.0,50,2684.742255,0.0
-50.0,50,2691.481359,0.0
-50.0,50,2692.431191,0.0
-50.0,50,2693.358662,0.0
-50.0,50,2694.326412,0.0
-50.0,50,2695.38734,0.0
-50.0,50,2696.372039,0.0
-50.0,50,2697.3548,0.0
-50.0,50,2698.30489,0.0
-50.0,50,2699.235276,0.0
-50.0,50,2700.185307,0.0
-50.0,50,2707.009472,0.0
-50.0,50,2708.00487,0.0
-50.0,50,2708.948859,0.0
-50.0,50,2709.96618,0.0
-50.0,50,2710.967071,0.0
-50.0,50,2711.935418,0.0
-50.0,50,2712.88871,0.0
-50.0,50,2713.838035,0.0
-50.0,50,2715.72525,0.0
-50.0,50,2716.673936,0.0
-50.0,50,2717.638428,0.0
-50.0,50,2724.395355,0.0
-50.0,50,2725.381731,0.0
-50.0,50,2726.298664,0.0
-50.0,50,2727.219229,0.0
-50.0,50,2728.151488,0.0
-50.0,50,2729.130619,0.0
-50.0,50,2730.061935,0.0
-50.0,50,2730.996361,0.0
-50.0,50,2731.928577,0.0
-50.0,50,2732.865481,0.0
-50.0,50,2739.518272,0.0
-50.0,50,2740.438208,0.0
-50.0,50,2741.386211,0.0
-50.0,50,2742.332123,0.0
-50.0,50,2743.26348,0.0
-50.0,50,2744.232223,0.0
-50.0,50,2745.160651,0.0
-50.0,50,2746.084134,0.0
-50.0,50,2747.012105,0.0
-50.0,50,2747.96729,0.0
-50.0,50,2754.750355,0.0
-50.0,50,2755.742183,0.0
-50.0,50,2757.727107,0.0
-50.0,50,2758.670369,0.0
-50.0,50,2759.591705,0.0
-50.0,50,2760.5523,0.0
-50.0,50,2761.502327,0.0
-50.0,50,2762.454683,0.0
-50.0,50,2763.48759,0.0
-50.0,50,2764.503168,0.0
-50.0,50,2771.2563,0.0
-50.0,50,2772.271957,0.0
-50.0,50,2773.234369,0.0
-50.0,50,2774.181132,0.0
-50.0,50,2775.133457,0.0
-50.0,50,2776.072113,0.0
-50.0,50,2777.080439,0.0
-50.0,50,2778.045828,0.0
-50.0,50,2779.026131,0.0
-50.0,50,2780.011562,0.0
-50.0,50,2781.018219,0.0
-50.0,50,2787.788703,0.0
-50.0,50,2788.738044,0.0
-50.0,50,2789.708106,0.0
-50.0,50,2790.625603,0.0
-50.0,50,2791.555718,0.0
-50.0,50,2792.535018,0.0
-50.0,50,2794.36528,0.0
-50.0,50,2795.300846,0.0
-50.0,50,2796.274318,0.0
-50.0,50,2797.266686,0.0
-50.0,50,2803.993129,0.0
-50.0,50,2804.936473,0.0
-50.0,50,2805.881228,0.0
-50.0,50,2806.794183,0.0
-50.0,50,2807.739595,0.0
-50.0,50,2808.721426,0.0
-50.0,50,2809.701844,0.0
-50.0,50,2810.661475,0.0
-50.0,50,2811.60227,0.0
-50.0,50,2812.524821,0.0
-50.0,50,2819.319266,0.0
-50.0,50,2820.229144,0.0
-50.0,50,2821.233994,0.0
-50.0,50,2822.259124,0.0
-50.0,50,2823.178536,0.0
-50.0,50,2824.220394,0.0
-50.0,50,2825.260075,0.0
-50.0,50,2826.211501,0.0
-50.0,50,2827.161737,0.0
-50.0,50,2828.126562,0.0
-50.0,50,2834.915877,0.0
-50.0,50,2836.68805,0.0
-50.0,50,2837.607046,0.0
-50.0,50,2838.572264,0.0
-50.0,50,2839.532454,0.0
-50.0,50,2840.505204,0.0
-50.0,50,2841.507841,0.0
-50.0,50,2842.457725,0.0
-50.0,50,2843.468296,0.0
-50.0,50,2844.551162,0.0
-50.0,50,2851.392873,0.0
-50.0,50,2852.372763,0.0
-50.0,50,2853.322486,0.0
-50.0,50,2854.292866,0.0
-50.0,50,2855.406054,0.0
-50.0,50,2856.470037,0.0
-50.0,50,2857.391249,0.0
-50.0,50,2858.358514,0.0
-50.0,50,2859.33592,0.0
-50.0,50,2860.318288,0.0
-50.0,50,2861.256517,0.0
-50.0,50,2867.992756,0.0
-50.0,50,2868.92837,0.0
-50.0,50,2869.866116,0.0
-50.0,50,2870.811891,0.0
-50.0,50,2871.82873,0.0
-50.0,50,2873.648915,0.0
-50.0,50,2874.567035,0.0
-50.0,50,2875.544057,0.0
-50.0,50,2876.566398,0.0
-50.0,50,2877.509531,0.0
-50.0,50,2884.270202,0.0
-50.0,50,2885.388531,0.0
-50.0,50,2886.607859,0.0
-50.0,50,2887.587039,0.0
-50.0,50,2888.595022,0.0
-50.0,50,2889.593581,0.0
-50.0,50,2890.613842,0.0
-50.0,50,2891.589701,0.0
-50.0,50,2892.506786,0.0
0.0,1,2892.526952,1.0
-50.0,50,2893.608647,0.0
-50.0,50,2900.424227,0.0
-50.0,50,2901.375663,0.0
-50.0,50,2902.29039,0.0
-50.0,50,2903.196845,0.0
-50.0,50,2904.147218,0.0
-50.0,50,2905.15043,0.0
-50.0,50,2906.073796,0.0
-50.0,50,2907.005962,0.0
-50.0,50,2908.029261,0.0
-50.0,50,2909.139755,0.0
-50.0,50,2916.802598,0.0
-50.0,50,2917.745845,0.0
-50.0,50,2918.687674,0.0
-50.0,50,2919.701824,0.0
-50.0,50,2920.667791,0.0
-50.0,50,2921.65988,0.0
-50.0,50,2922.5849,0.0
-50.0,50,2923.554001,0.0
-50.0,50,2924.643438,0.0
-50.0,50,2925.6534,0.0
-50.0,50,2926.69908,0.0
-50.0,50,2933.806286,0.0
-50.0,50,2934.814387,0.0
-50.0,50,2935.790688,0.0
-50.0,50,2936.725702,0.0
-50.0,50,2937.66225,0.0
-50.0,50,2938.613706,0.0
-50.0,50,2939.539206,0.0
-50.0,50,2940.513291,0.0
-50.0,50,2941.461399,0.0
-50.0,50,2942.508795,0.0
-50.0,50,2949.369544,0.0
-50.0,50,2950.342053,0.0
-50.0,50,2951.296907,0.0
-50.0,50,2952.254224,0.0
-50.0,50,2954.117376,0.0
-50.0,50,2955.076286,0.0
-50.0,50,2956.001116,0.0
-50.0,50,2956.912851,0.0
-50.0,50,2957.831392,0.0
-50.0,50,2958.792438,0.0
-50.0,50,2965.494852,0.0
-50.0,50,2966.447315,0.0
-50.0,50,2967.513608,0.0
-50.0,50,2968.574455,0.0
-50.0,50,2969.521387,0.0
-50.0,50,2970.538574,0.0
-50.0,50,2971.537661,0.0
-50.0,50,2972.521675,0.0
-50.0,50,2973.506995,0.0
-50.0,50,2974.465916,0.0
-50.0,50,2981.230011,0.0
-50.0,50,2982.154221,0.0
-50.0,50,2983.070457,0.0
-50.0,50,2984.016866,0.0
-50.0,50,2984.98586,0.0
-50.0,50,2985.950781,0.0
-50.0,50,2986.940802,0.0
-50.0,50,2987.912158,0.0
-50.0,50,2988.864369,0.0
-50.0,50,2990.677008,0.0
-50.0,50,2991.631475,0.0
-50.0,50,2998.423873,0.0
-50.0,50,2999.548584,0.0
-50.0,50,3000.509173,0.0
-50.0,50,3001.647669,0.0
-50.0,50,3002.622642,0.0
-50.0,50,3003.56327,0.0
-50.0,50,3004.583446,0.0
-50.0,50,3005.53453,0.0
-50.0,50,3006.446446,0.0
-50.0,50,3007.41137,0.0
-50.0,50,3014.300684,0.0
-50.0,50,3015.228292,0.0
-50.0,50,3016.196114,0.0
-50.0,50,3017.173871,0.0
-50.0,50,3018.269549,0.0
-50.0,50,3019.213256,0.0
-50.0,50,3020.155842,0.0
-50.0,50,3021.082688,0.0
-50.0,50,3022.083701,0.0
-50.0,50,3023.151117,0.0
-50.0,50,3029.875589,0.0
-50.0,50,3030.839146,0.0
-50.0,50,3031.814113,0.0
-50.0,50,3033.876196,0.0
-50.0,50,3034.82699,0.0
-50.0,50,3035.738954,0.0
-50.0,50,3036.724412,0.0
-50.0,50,3037.709933,0.0
-50.0,50,3038.641664,0.0
-50.0,50,3039.584192,0.0
-50.0,50,3046.375373,0.0
-50.0,50,3047.424601,0.0
-50.0,50,3048.455101,0.0
-50.0,50,3049.409122,0.0
-50.0,50,3050.338655,0.0
-50.0,50,3051.248492,0.0
-50.0,50,3052.195137,0.0
-50.0,50,3053.259162,0.0
-50.0,50,3054.195454,0.0
-50.0,50,3055.207835,0.0
-50.0,50,3056.142798,0.0
-50.0,50,3062.849929,0.0
-50.0,50,3063.790665,0.0
-50.0,50,3064.768752,0.0
-50.0,50,3065.716705,0.0
-50.0,50,3066.661736,0.0
-50.0,50,3067.64029,0.0
-50.0,50,3068.583475,0.0
-50.0,50,3070.347482,0.0
-50.0,50,3071.292014,0.0
-50.0,50,3072.227916,0.0
-50.0,50,3079.020837,0.0
-50.0,50,3079.960867,0.0
-50.0,50,3080.941572,0.0
-50.0,50,3081.924266,0.0
-50.0,50,3083.153482,0.0
-50.0,50,3084.125978,0.0
-50.0,50,3085.077369,0.0
-50.0,50,3086.003326,0.0
-50.0,50,3086.942725,0.0
-50.0,50,3087.890618,0.0
-50.0,50,3094.639618,0.0
-50.0,50,3095.581455,0.0
-50.0,50,3096.499353,0.0
-50.0,50,3097.421531,0.0
-50.0,50,3098.465025,0.0
-50.0,50,3099.400957,0.0
-50.0,50,3100.316901,0.0
-50.0,50,3101.267954,0.0
-50.0,50,3102.203078,0.0
-50.0,50,3103.158174,0.0
-50.0,50,3109.875266,0.0
-50.0,50,3110.842265,0.0
-50.0,50,3112.663553,0.0
-50.0,50,3113.635367,0.0
-50.0,50,3114.572707,0.0
-50.0,50,3115.511746,0.0
-50.0,50,3116.444957,0.0
-50.0,50,3117.380142,0.0
-50.0,50,3118.383716,0.0
-50.0,50,3119.348375,0.0
-50.0,50,3120.282409,0.0
-50.0,50,3127.089697,0.0
-50.0,50,3128.041235,0.0
-50.0,50,3129.200527,0.0
-50.0,50,3130.125257,0.0
-50.0,50,3131.078916,0.0
-50.0,50,3131.999075,0.0
-50.0,50,3132.954671,0.0
-50.0,50,3133.915406,0.0
-50.0,50,3134.902603,0.0
-50.0,50,3135.856391,0.0
-50.0,50,3142.615185,0.0
-50.0,50,3143.555834,0.0
-50.0,50,3144.501416,0.0
-50.0,50,3145.440085,0.0
-50.0,50,3146.378818,0.0
-50.0,50,3147.340348,0.0
-50.0,50,3149.161678,0.0
-50.0,50,3150.100563,0.0
-50.0,50,3151.112383,0.0
-50.0,50,3152.11773,0.0
-50.0,50,3158.803992,0.0
-50.0,50,3159.731236,0.0
-50.0,50,3160.653802,0.0
-50.0,50,3161.566338,0.0
-50.0,50,3162.494429,0.0
-50.0,50,3163.417185,0.0
-50.0,50,3164.342094,0.0
-50.0,50,3165.301501,0.0
-50.0,50,3166.222571,0.0
-50.0,50,3167.147297,0.0
-50.0,50,3173.877028,0.0
-50.0,50,3174.799973,0.0
-50.0,50,3175.780193,0.0
-50.0,50,3176.743338,0.0
-50.0,50,3177.675076,0.0
-50.0,50,3178.603292,0.0
-50.0,50,3179.551046,0.0
-50.0,50,3180.515147,0.0
-50.0,50,3181.428476,0.0
-50.0,50,3182.350052,0.0
-50.0,50,3183.287805,0.0
-50.0,50,3190.870928,0.0
-50.0,50,3191.829381,0.0
-50.0,50,3192.797067,0.0
-50.0,50,3193.835632,0.0
-50.0,50,3194.94167,0.0
-50.0,50,3195.865384,0.0
-50.0,50,3196.823653,0.0
-50.0,50,3197.828611,0.0
-50.0,50,3198.814026,0.0
-50.0,50,3199.879619,0.0
-50.0,50,3206.677174,0.0
-50.0,50,3207.618001,0.0
-50.0,50,3208.745395,0.0
-50.0,50,3209.65855,0.0
-50.0,50,3210.699452,0.0
-50.0,50,3211.610531,0.0
-50.0,50,3212.562201,0.0
-50.0,50,3213.508016,0.0
-50.0,50,3214.446155,0.0
-50.0,50,3215.428268,0.0
-50.0,50,3222.011191,0.0
-50.0,50,3223.086526,0.0
-50.0,50,3224.125538,0.0
-50.0,50,3225.101268,0.0
-50.0,50,3226.037297,0.0
-50.0,50,3227.982646,0.0
-50.0,50,3228.905719,0.0
-50.0,50,3229.892417,0.0
-50.0,50,3230.818318,0.0
-50.0,50,3231.886439,0.0
-50.0,50,3235.28956,0.0
-50.0,50,3236.222577,0.0
-50.0,50,3237.188715,0.0
-50.0,50,3238.156637,0.0
-50.0,50,3239.159909,0.0
-50.0,50,3240.119661,0.0
-50.0,50,3241.062068,0.0
-50.0,50,3242.072722,0.0
-50.0,50,3242.996966,0.0
-50.0,50,3243.97797,0.0
-50.0,50,3250.20996,0.0
-50.0,50,3251.220176,0.0
-50.0,50,3252.230062,0.0
-50.0,50,3253.164409,0.0
-50.0,50,3254.143586,0.0
-50.0,50,3255.119259,0.0
-50.0,50,3256.115584,0.0
-50.0,50,3257.017547,0.0
-50.0,50,3257.995504,0.0
-50.0,50,3258.97687,0.0
-50.0,50,3260.879483,0.0
-50.0,50,3267.664638,0.0
-50.0,50,3268.588714,0.0
-50.0,50,3269.52895,0.0
-50.0,50,3270.534726,0.0
-50.0,50,3271.452875,0.0
-50.0,50,3272.385871,0.0
-50.0,50,3273.32422,0.0
-50.0,50,3274.252551,0.0
-50.0,50,3275.209441,0.0
-50.0,50,3276.145395,0.0
-50.0,50,3282.846282,0.0
-50.0,50,3283.776626,0.0
-50.0,50,3284.723148,0.0
-50.0,50,3285.679897,0.0
-50.0,50,3286.6374,0.0
-50.0,50,3287.695494,0.0
-50.0,50,3288.639727,0.0
-50.0,50,3289.571162,0.0
-50.0,50,3290.511064,0.0
-50.0,50,3291.445735,0.0
-50.0,50,3298.167412,0.0
-50.0,50,3299.111911,0.0
-50.0,50,3300.070922,0.0
-50.0,50,3301.047559,0.0
-50.0,50,3302.829522,0.0
-50.0,50,3303.783101,0.0
-50.0,50,3304.712779,0.0
-50.0,50,3305.680787,0.0
-50.0,50,3306.697428,0.0
-50.0,50,3307.637847,0.0
-50.0,50,3314.484737,0.0
-50.0,50,3315.558301,0.0
-50.0,50,3316.507428,0.0
-50.0,50,3317.433837,0.0
-50.0,50,3318.395586,0.0
-50.0,50,3319.375802,0.0
-50.0,50,3320.353859,0.0
-50.0,50,3321.364292,0.0
-50.0,50,3322.338338,0.0
-50.0,50,3323.269259,0.0
-50.0,50,3324.241418,0.0
-50.0,50,3331.049915,0.0
-50.0,50,3331.952823,0.0
-50.0,50,3332.912779,0.0
-50.0,50,3333.890406,0.0
-50.0,50,3334.862885,0.0
-50.0,50,3335.807836,0.0
-50.0,50,3336.761921,0.0
-50.0,50,3337.780514,0.0
-50.0,50,3339.765496,0.0
-50.0,50,3340.72162,0.0
-50.0,50,3347.470442,0.0
-50.0,50,3348.373901,0.0
-50.0,50,3349.300093,0.0
-50.0,50,3350.302472,0.0
-50.0,50,3351.235168,0.0
-50.0,50,3352.182603,0.0
-50.0,50,3353.096094,0.0
-50.0,50,3354.044711,0.0
-50.0,50,3355.040175,0.0
-50.0,50,3356.242465,0.0
-50.0,50,3363.055054,0.0
-50.0,50,3364.007644,0.0
-50.0,50,3364.967235,0.0
-50.0,50,3365.954827,0.0
-50.0,50,3366.877811,0.0
-50.0,50,3367.850186,0.0
-50.0,50,3368.806971,0.0
-50.0,50,3369.745406,0.0
-50.0,50,3370.682531,0.0
-50.0,50,3371.644801,0.0
-50.0,50,3378.438207,0.0
-50.0,50,3379.384749,0.0
-50.0,50,3380.491817,0.0
-50.0,50,3382.389103,0.0
-50.0,50,3383.419769,0.0
-50.0,50,3384.371636,0.0
-50.0,50,3385.319708,0.0
-50.0,50,3386.219649,0.0
-50.0,50,3387.178785,0.0
-50.0,50,3388.151117,0.0
-50.0,50,3389.08507,0.0
-50.0,50,3395.852768,0.0
-50.0,50,3396.75632,0.0
-50.0,50,3397.689063,0.0
-50.0,50,3398.639685,0.0
-50.0,50,3399.581792,0.0
-50.0,50,3400.586839,0.0
-50.0,50,3401.660195,0.0
-50.0,50,3402.598443,0.0
-50.0,50,3403.59497,0.0
-50.0,50,3404.628642,0.0
-50.0,50,3411.439782,0.0
-50.0,50,3412.501129,0.0
-50.0,50,3413.495234,0.0
-50.0,50,3414.522133,0.0
-50.0,50,3415.465202,0.0
-50.0,50,3416.523561,0.0
-50.0,50,3417.500062,0.0
-50.0,50,3419.303222,0.0
-50.0,50,3420.24882,0.0
-50.0,50,3421.253744,0.0
-50.0,50,3428.0009,0.0
-50.0,50,3429.026802,0.0
-50.0,50,3430.017195,0.0
-50.0,50,3431.010023,0.0
-50.0,50,3431.942366,0.0
-50.0,50,3432.884731,0.0
-50.0,50,3433.803966,0.0
-50.0,50,3434.718467,0.0
-50.0,50,3435.696415,0.0
-50.0,50,3436.608534,0.0
-50.0,50,3443.405385,0.0
-50.0,50,3444.336789,0.0
-50.0,50,3445.298959,0.0
-50.0,50,3446.23828,0.0
-50.0,50,3447.31099,0.0
-50.0,50,3448.274048,0.0
-50.0,50,3449.237462,0.0
-50.0,50,3450.174938,0.0
-50.0,50,3451.1198,0.0
-50.0,50,3452.064318,0.0
-50.0,50,3453.06102,0.0
-50.0,50,3459.837699,0.0
-50.0,50,3461.670895,0.0
-50.0,50,3462.602601,0.0
-50.0,50,3463.532881,0.0
-50.0,50,3464.482149,0.0
-50.0,50,3465.43568,0.0
-50.0,50,3466.342831,0.0
-50.0,50,3467.297914,0.0
-50.0,50,3468.242247,0.0
-50.0,50,3469.228309,0.0
-50.0,50,3475.987627,0.0
-50.0,50,3476.929393,0.0
-50.0,50,3477.877009,0.0
-50.0,50,3478.893994,0.0
-50.0,50,3479.823426,0.0
-50.0,50,3480.765473,0.0
-50.0,50,3481.725672,0.0
-50.0,50,3482.664269,0.0
-50.0,50,3483.605184,0.0
-50.0,50,3484.571979,0.0
-50.0,50,3491.35465,0.0
-50.0,50,3492.282382,0.0
-50.0,50,3493.224015,0.0
-50.0,50,3494.188838,0.0
-50.0,50,3495.165495,0.0
-50.0,50,3496.114137,0.0
-50.0,50,3497.90179,0.0
-50.0,50,3498.833698,0.0
-50.0,50,3499.8166,0.0
-50.0,50,3500.849837,0.0
-50.0,50,3507.671985,0.0
-50.0,50,3508.625936,0.0
-50.0,50,3509.654323,0.0
-50.0,50,3510.626846,0.0
-50.0,50,3511.611153,0.0
-50.0,50,3512.618427,0.0
-50.0,50,3513.646802,0.0
-50.0,50,3514.604831,0.0
-50.0,50,3515.557572,0.0
-50.0,50,3516.48009,0.0
-50.0,50,3517.462024,0.0
-50.0,50,3524.25928,0.0
-50.0,50,3525.359713,0.0
-50.0,50,3526.281588,0.0
-50.0,50,3527.23939,0.0
-50.0,50,3528.158548,0.0
-50.0,50,3529.179065,0.0
-50.0,50,3530.284886,0.0
-50.0,50,3531.276004,0.0
-50.0,50,3532.419181,0.0
-50.0,50,3533.441359,0.0
-50.0,50,3541.066983,0.0
-50.0,50,3542.00278,0.0
-50.0,50,3542.958488,0.0
-50.0,50,3543.925279,0.0
-50.0,50,3544.855834,0.0
-50.0,50,3545.908979,0.0
-50.0,50,3546.97694,0.0
-50.0,50,3547.94257,0.0
-50.0,50,3548.897175,0.0
-50.0,50,3549.886192,0.0
-50.0,50,3556.686154,0.0
-50.0,50,3557.680989,0.0
-50.0,50,3558.621747,0.0
-50.0,50,3559.547891,0.0
-50.0,50,3560.59955,0.0
-50.0,50,3561.577445,0.0
-50.0,50,3562.568694,0.0
-50.0,50,3563.521379,0.0
-50.0,50,3564.449369,0.0
-50.0,50,3565.362422,0.0
-50.0,50,3572.175972,0.0
-50.0,50,3573.135809,0.0
-50.0,50,3574.122152,0.0
-50.0,50,3575.11046,0.0
-50.0,50,3576.163632,0.0
-50.0,50,3578.229599,0.0
-50.0,50,3579.19859,0.0
-50.0,50,3580.141661,0.0
-50.0,50,3581.129442,0.0
-50.0,50,3582.072874,0.0
-50.0,50,3582.999132,0.0
-50.0,50,3589.725462,0.0
-50.0,50,3590.689516,0.0
-50.0,50,3591.640088,0.0
-50.0,50,3592.565656,0.0
-50.0,50,3593.525014,0.0
-50.0,50,3594.505324,0.0
-50.0,50,3595.444686,0.0
-50.0,50,3596.41212,0.0
-50.0,50,3597.364916,0.0
-50.0,50,3598.320901,0.0
-50.0,50,3605.085841,0.0
-50.0,50,3606.118325,0.0
-50.0,50,3607.06114,0.0
-50.0,50,3607.97823,0.0
-50.0,50,3608.915121,0.0
-50.0,50,3609.885282,0.0
-50.0,50,3610.823498,0.0
-50.0,50,3611.944361,0.0
-50.0,50,3612.931011,0.0
-50.0,50,3614.857057,0.0
-50.0,50,3621.577422,0.0
-50.0,50,3622.620454,0.0
-50.0,50,3623.647,0.0
-50.0,50,3624.596194,0.0
-50.0,50,3625.523273,0.0
-50.0,50,3626.47209,0.0
-50.0,50,3627.478594,0.0
-50.0,50,3628.469428,0.0
-50.0,50,3629.422461,0.0
-50.0,50,3630.373581,0.0
-50.0,50,3637.123058,0.0
-50.0,50,3638.060511,0.0
-50.0,50,3639.023491,0.0
-50.0,50,3640.016234,0.0
-50.0,50,3640.971587,0.0
-50.0,50,3641.946632,0.0
-50.0,50,3642.921935,0.0
-50.0,50,3643.856366,0.0
-50.0,50,3644.820738,0.0
-50.0,50,3645.765675,0.0
-50.0,50,3652.525241,0.0
-50.0,50,3653.445648,0.0
-50.0,50,3654.448976,0.0
-50.0,50,3655.40896,0.0
-50.0,50,3657.277787,0.0
-50.0,50,3658.223813,0.0
-50.0,50,3659.169999,0.0
-50.0,50,3660.135766,0.0
-50.0,50,3661.093096,0.0
-50.0,50,3662.041384,0.0
-50.0,50,3663.031402,0.0
-50.0,50,3669.838349,0.0
-50.0,50,3670.856548,0.0
-50.0,50,3671.783966,0.0
-50.0,50,3672.749266,0.0
-50.0,50,3673.702861,0.0
-50.0,50,3674.648567,0.0
-50.0,50,3675.555761,0.0
-50.0,50,3676.518917,0.0
-50.0,50,3677.505186,0.0
-50.0,50,3678.490455,0.0
-50.0,50,3685.249112,0.0
-50.0,50,3686.227649,0.0
-50.0,50,3687.184106,0.0
-50.0,50,3688.138513,0.0
-50.0,50,3689.070416,0.0
-50.0,50,3690.004156,0.0
-50.0,50,3690.963424,0.0
-50.0,50,3691.898688,0.0
-50.0,50,3693.887681,0.0
-50.0,50,3695.221,0.0
-50.0,50,3702.176909,0.0
-50.0,50,3703.117509,0.0
-50.0,50,3704.143188,0.0
-50.0,50,3705.122864,0.0
-50.0,50,3706.220793,0.0
-50.0,50,3707.183777,0.0
-50.0,50,3708.135515,0.0
-50.0,50,3709.123422,0.0
-50.0,50,3710.071385,0.0
-50.0,50,3711.042005,0.0
-50.0,50,3717.854424,0.0
-50.0,50,3718.787442,0.0
-50.0,50,3719.800392,0.0
-50.0,50,3720.815048,0.0
-50.0,50,3721.756118,0.0
-50.0,50,3722.719028,0.0
-50.0,50,3723.663336,0.0
-50.0,50,3724.63468,0.0
-50.0,50,3725.640355,0.0
-50.0,50,3726.641534,0.0
-50.0,50,3727.584658,0.0
-50.0,50,3734.365781,0.0
-50.0,50,3735.34661,0.0
-50.0,50,3737.135458,0.0
-50.0,50,3738.164626,0.0
-50.0,50,3739.131698,0.0
-50.0,50,3740.08939,0.0
-50.0,50,3741.080104,0.0
-50.0,50,3742.0323,0.0
-50.0,50,3742.992582,0.0
-50.0,50,3743.909888,0.0
-50.0,50,3750.817236,0.0
-50.0,50,3751.786178,0.0
-50.0,50,3752.733905,0.0
-50.0,50,3753.784149,0.0
-50.0,50,3754.743554,0.0
-50.0,50,3755.712032,0.0
-50.0,50,3756.670655,0.0
-50.0,50,3757.670984,0.0
-50.0,50,3758.685233,0.0
-50.0,50,3759.687533,0.0
-50.0,50,3766.435284,0.0
-50.0,50,3767.427822,0.0
-50.0,50,3768.476107,0.0
-50.0,50,3769.425849,0.0
-50.0,50,3770.38924,0.0
-50.0,50,3771.319965,0.0
-50.0,50,3772.254035,0.0
-50.0,50,3774.400993,0.0
-50.0,50,3775.348349,0.0
-50.0,50,3776.274101,0.0
-50.0,50,3783.118945,0.0
-50.0,50,3784.246117,0.0
-50.0,50,3785.254784,0.0
-50.0,50,3786.240499,0.0
-50.0,50,3787.180965,0.0
-50.0,50,3788.109592,0.0
-50.0,50,3789.159367,0.0
-50.0,50,3790.128786,0.0
-50.0,50,3791.121305,0.0
-50.0,50,3792.053603,0.0
-50.0,50,3792.987032,0.0
-50.0,50,3799.752948,0.0
-50.0,50,3800.724494,0.0
-50.0,50,3801.722922,0.0
-50.0,50,3802.695358,0.0
-50.0,50,3803.694499,0.0
-50.0,50,3804.706195,0.0
-50.0,50,3805.666952,0.0
-50.0,50,3806.64691,0.0
-50.0,50,3807.633448,0.0
-50.0,50,3808.611025,0.0
-50.0,50,3815.461315,0.0
-50.0,50,3817.334609,0.0
-50.0,50,3818.32342,0.0
-50.0,50,3819.233118,0.0
-50.0,50,3820.237294,0.0
-50.0,50,3821.165398,0.0
-50.0,50,3822.196953,0.0
-50.0,50,3823.171283,0.0
-50.0,50,3824.165617,0.0
-50.0,50,3825.133965,0.0
