#{"t_start": 1649976048.0870051, "env_id": "PandaReachJoints-v2"}
r,l,t,is_success
-19.472535,50,1.305567,0.0
-14.853617,50,2.14219,0.0
-27.278996,50,3.021999,0.0
-29.622857,50,3.948867,0.0
-11.317612,50,5.019158,0.0
-19.699848,50,5.898084,0.0
-21.690605,50,6.802503,0.0
-13.427049,50,7.709951,0.0
-25.002003,50,8.577939,0.0
-36.041424,50,9.46761,0.0
-16.954667,50,16.181393,0.0
-23.804275,50,17.127348,0.0
-24.53202,50,17.977576,0.0
-12.661104,50,18.891051,0.0
-10.443832,50,19.810984,0.0
-39.405301,50,20.676515,0.0
-24.422584,50,21.570794,0.0
-41.036853,50,22.487317,0.0
-28.278654,50,23.413141,0.0
-25.587982,50,24.2751,0.0
-6.125507,50,31.088042,0.0
-17.021406,50,31.943788,0.0
-22.409725,50,32.810775,0.0
-13.954948,50,33.691631,0.0
-11.923429,50,34.625461,0.0
-16.254724,50,36.353746,0.0
-11.274372,50,37.258585,0.0
-13.289199,50,38.146105,0.0
-24.326025,50,39.015118,0.0
-27.438494,50,39.892875,0.0
-9.957562,50,46.640508,0.0
-22.029937,50,47.490606,0.0
-13.475744,50,48.435682,0.0
-13.779837,50,49.352907,0.0
-14.563872,50,50.227107,0.0
-14.69774,50,51.074028,0.0
-23.687843,50,51.959789,0.0
-17.023739,50,52.948017,0.0
-26.028952,50,53.941917,0.0
-3.70537,35,54.61645,1.0
-20.038643,50,55.519091,0.0
-18.196632,50,62.168495,0.0
-21.308593,50,63.040593,0.0
-13.939499,50,63.962351,0.0
-13.419384,50,64.85487,0.0
-12.621804,50,65.724343,0.0
-19.025638,50,66.627337,0.0
-8.44663,50,67.609231,0.0
-13.903775,50,68.52651,0.0
-13.198612,50,69.464795,0.0
-20.013524,50,71.305481,0.0
-20.767124,50,78.029785,0.0
-21.487738,50,78.973373,0.0
-14.051482,50,79.884668,0.0
-26.056914,50,80.794498,0.0
-20.260446,50,81.737428,0.0
-20.008902,50,82.670732,0.0
-21.791031,50,83.571373,0.0
-24.413525,50,84.493967,0.0
-24.713516,50,85.428635,0.0
-10.195465,50,86.356307,0.0
-12.805927,50,93.062479,0.0
-11.228698,50,93.993347,0.0
-21.002064,50,94.891235,0.0
-13.783898,50,95.799436,0.0
-16.713391,50,96.778371,0.0
-5.613894,50,97.717318,0.0
-12.125687,50,98.638964,0.0
-13.748573,50,99.597555,0.0
-13.139851,50,100.525468,0.0
-3.940203,50,101.424417,0.0
-10.702185,50,108.03946,0.0
-9.777432,50,108.983813,0.0
-14.669687,50,109.919827,0.0
-13.617107,50,110.897315,0.0
-19.251301,50,112.761433,0.0
-7.837295,50,113.710365,0.0
-16.839728,50,114.670634,0.0
-20.337076,50,115.61523,0.0
-8.893991,50,116.535296,0.0
-7.17719,50,117.460766,0.0
-11.788782,50,118.422081,0.0
-19.166578,50,125.130129,0.0
-13.940606,50,126.114274,0.0
-11.992519,50,127.068999,0.0
-11.218805,50,128.016575,0.0
-14.22687,50,128.971439,0.0
-5.40355,50,130.028706,0.0
-13.001819,50,131.078624,0.0
-9.912516,50,132.096979,0.0
-16.126926,50,133.094183,0.0
-10.465372,50,134.059636,0.0
-15.520063,50,140.858412,0.0
-9.839125,50,141.798542,0.0
-13.604075,50,142.768751,0.0
-18.113882,50,143.738076,0.0
-19.524435,50,144.647516,0.0
-9.477154,50,145.57642,0.0
-15.219822,50,146.474335,0.0
-9.786448,50,147.475368,0.0
-7.159387,50,149.432328,0.0
-22.283419,50,150.402408,0.0
-14.196257,50,157.193776,0.0
-17.522632,50,158.196424,0.0
-10.196088,50,159.234978,0.0
-21.794412,50,160.202716,0.0
-5.685144,50,161.18148,0.0
-7.950408,50,162.160316,0.0
-12.261314,50,163.141247,0.0
-9.933658,50,164.106365,0.0
-8.126342,50,165.121184,0.0
-9.138054,50,166.162773,0.0
-15.077788,50,172.955932,0.0
-18.44277,50,173.93964,0.0
-14.910991,50,174.9316,0.0
-21.17156,50,175.892064,0.0
-9.473285,50,176.844008,0.0
-13.604192,50,177.762443,0.0
-9.545232,50,178.747836,0.0
-15.033806,50,179.706302,0.0
-20.862122,50,180.647204,0.0
-9.184395,50,181.606628,0.0
-16.956016,50,182.59271,0.0
-13.593424,50,189.346068,0.0
-11.476094,50,190.296701,0.0
-7.587693,50,192.327054,0.0
-4.321843,50,193.289269,0.0
-12.085595,50,194.302412,0.0
-8.17481,50,195.225692,0.0
-6.971964,50,196.177322,0.0
-14.563617,50,197.177342,0.0
-20.035708,50,198.233204,0.0
-3.826225,50,199.239185,0.0
-23.396563,50,206.018992,0.0
-14.615717,50,207.005182,0.0
-7.10748,50,207.991427,0.0
-4.949114,50,209.016654,0.0
-7.72952,50,209.920734,0.0
-10.267766,50,210.905653,0.0
-12.148116,50,211.974952,0.0
-4.360911,50,212.986936,0.0
-3.824188,50,213.974429,0.0
-7.254942,50,215.017309,0.0
-14.343237,50,221.837824,0.0
-6.986934,50,222.885274,0.0
-11.201673,50,223.929533,0.0
-4.672289,50,224.926332,0.0
-5.250835,50,225.911911,0.0
-8.135161,50,226.877903,0.0
-12.439416,50,227.900397,0.0
-9.270366,50,229.875421,0.0
-7.831583,50,230.880388,0.0
-19.198452,50,231.85795,0.0
-12.182828,50,238.664192,0.0
-10.031121,50,239.660021,0.0
-14.313036,50,240.674021,0.0
-18.403188,50,241.668834,0.0
-13.316215,50,242.653917,0.0
-16.680068,50,243.558842,0.0
-15.121785,50,244.492128,0.0
-12.278882,50,245.466336,0.0
-16.054631,50,246.480506,0.0
-16.442933,50,247.519861,0.0
-9.850056,50,248.524377,0.0
-7.512331,50,255.388249,0.0
-7.832032,50,256.429242,0.0
-9.764109,50,257.533598,0.0
-11.549009,50,258.55148,0.0
-8.685385,50,259.575844,0.0
-7.192016,50,260.608145,0.0
-15.47366,50,261.591647,0.0
-11.164053,50,262.674002,0.0
-19.11383,50,263.641081,0.0
-5.307717,50,264.602777,0.0
-6.218121,50,271.401821,0.0
-9.097361,50,273.448773,0.0
-9.345001,50,274.541436,0.0
-11.077002,50,275.566911,0.0
-11.956324,50,276.563378,0.0
-10.06369,50,277.585536,0.0
-17.441053,50,278.575706,0.0
-7.517615,50,279.568741,0.0
-13.746014,50,280.533367,0.0
-4.664347,50,281.557812,0.0
-9.71406,50,288.37025,0.0
-8.711565,50,289.399544,0.0
-8.55877,50,290.494795,0.0
-15.969677,50,291.537618,0.0
-11.410411,50,292.64431,0.0
-4.212967,15,292.968467,1.0
-12.737896,50,294.057417,0.0
-7.506503,50,295.160217,0.0
-6.382038,50,296.205271,0.0
-9.556046,50,297.193758,0.0
-12.226789,50,298.21136,0.0
-5.739757,50,305.089964,0.0
-4.439599,50,306.09962,0.0
-11.10389,50,307.139746,0.0
-13.526863,50,308.151993,0.0
-6.772869,50,309.227326,0.0
-6.386961,50,310.277828,0.0
-11.594069,50,312.176884,0.0
-6.165143,50,313.240989,0.0
-15.339515,50,314.299745,0.0
-6.340942,50,315.307937,0.0
-10.403463,50,322.146619,0.0
-5.096649,50,323.09479,0.0
-7.212704,50,324.074533,0.0
-4.521483,50,325.039325,0.0
-6.58695,50,326.010404,0.0
-9.721205,50,326.991403,0.0
-5.204621,50,328.014054,0.0
-7.304493,50,329.142568,0.0
-3.553161,41,329.967421,1.0
-9.466292,50,331.022613,0.0
-7.424537,50,332.05846,0.0
-3.038685,50,339.029899,0.0
-3.740315,50,340.058208,0.0
-7.449302,50,341.075693,0.0
-12.818252,50,342.037261,0.0
-4.802545,50,343.096695,0.0
-7.826424,50,344.129678,0.0
-8.361495,50,345.166314,0.0
-13.202399,50,346.172201,0.0
-3.685103,50,347.110699,0.0
-7.876767,50,348.116496,0.0
-11.9805,50,356.010235,0.0
-7.624212,50,357.034394,0.0
-8.07802,50,358.081928,0.0
-8.022139,50,359.153904,0.0
-10.409695,50,360.250123,0.0
-23.584922,50,361.23648,0.0
-4.60701,50,362.242801,0.0
-4.432783,50,363.269265,0.0
-5.200598,50,364.292144,0.0
-6.839596,50,365.273604,0.0
-5.489364,50,372.142923,0.0
-12.459067,50,373.239902,0.0
-2.948578,50,374.341471,0.0
-12.610275,50,375.41092,0.0
-14.972148,50,376.402091,0.0
-4.907023,50,377.396838,0.0
-7.841781,50,378.400247,0.0
-12.8804,50,379.456477,0.0
-13.797139,50,380.445174,0.0
-7.384336,50,381.475394,0.0
-6.055528,50,388.254573,0.0
-6.963227,50,389.254887,0.0
-10.698335,50,390.22334,0.0
-9.26456,50,391.258188,0.0
-8.514509,50,392.191813,0.0
-7.094436,50,394.172529,0.0
-6.648143,50,395.284183,0.0
-9.163232,50,396.268005,0.0
-22.647664,50,397.270946,0.0
-8.845137,50,398.267585,0.0
-9.855248,50,399.287596,0.0
-6.972826,50,406.083523,0.0
-6.423691,50,407.123862,0.0
-8.508017,50,408.184363,0.0
-7.372938,50,409.30167,0.0
-7.70237,50,410.314586,0.0
-9.250951,50,411.370778,0.0
-10.650294,50,412.474158,0.0
-6.631652,50,413.518223,0.0
-9.802181,50,414.597909,0.0
-4.482688,50,415.640851,0.0
-2.385718,38,422.315952,1.0
-10.157754,50,423.405776,0.0
-5.743726,50,424.492582,0.0
-16.167716,50,425.533332,0.0
-4.645543,50,426.587176,0.0
-11.557824,50,427.66413,0.0
-10.425016,50,428.637949,0.0
-10.530238,50,429.677612,0.0
-5.478761,50,430.699051,0.0
-8.903074,50,432.762571,0.0
-6.439494,50,439.5531,0.0
-8.158587,50,440.518412,0.0
-11.995356,50,441.510408,0.0
-7.856763,50,442.5607,0.0
-10.62272,50,443.59011,0.0
-9.657997,50,444.652897,0.0
-3.585772,50,445.600664,0.0
-6.853053,50,446.659749,0.0
-8.472123,50,447.708421,0.0
-6.320586,50,448.701787,0.0
-11.244191,50,449.675972,0.0
-6.770785,50,456.435081,0.0
-2.904862,22,456.868253,1.0
-2.450834,50,457.959091,0.0
-6.52069,50,458.953142,0.0
-8.384051,50,459.990706,0.0
-6.78314,50,461.071417,0.0
-4.694052,50,462.157891,0.0
-13.357124,50,463.312171,0.0
-7.954717,50,464.334696,0.0
-6.815161,50,465.384754,0.0
-7.583666,50,472.323317,0.0
-16.189758,50,473.324607,0.0
-12.541569,50,474.5725,0.0
-12.816536,50,476.863181,0.0
-4.747133,50,477.893057,0.0
-8.39679,50,478.91398,0.0
-5.806061,50,479.923655,0.0
-6.220469,50,480.941227,0.0
-7.922069,50,481.981797,0.0
-7.432963,50,483.115891,0.0
-3.847558,50,484.191759,0.0
-23.612415,50,490.918424,0.0
-11.323018,50,491.963399,0.0
-9.785572,50,493.012924,0.0
-13.839389,50,494.122273,0.0
-8.320409,50,495.145106,0.0
-4.240709,50,496.178764,0.0
-5.651444,50,497.275447,0.0
-9.38138,50,498.41074,0.0
-3.419759,50,499.447447,0.0
-5.880656,50,500.535282,0.0
-23.538109,50,507.361579,0.0
-7.549763,50,508.379639,0.0
-6.608584,50,509.423075,0.0
-6.904764,50,510.494503,0.0
-5.423057,50,511.592176,0.0
-5.567891,50,512.668473,0.0
-4.232075,35,513.368327,1.0
-6.564114,50,514.397574,0.0
-6.984966,50,516.424454,0.0
-8.116469,50,517.485672,0.0
-5.055968,50,524.410954,0.0
-5.778237,50,525.44055,0.0
-11.057182,50,526.599982,0.0
-7.708643,50,527.601114,0.0
-4.580026,50,528.74661,0.0
-5.267166,50,529.772382,0.0
-8.865995,50,530.810692,0.0
-4.641681,50,531.854708,0.0
-4.313434,50,532.958996,0.0
-8.352517,50,534.0222,0.0
-3.541107,50,535.032137,0.0
-11.360393,50,541.888864,0.0
-6.651999,50,542.860364,0.0
-7.094938,50,543.878067,0.0
-8.198391,50,544.865781,0.0
-3.110286,50,545.94113,0.0
-5.615927,50,546.95372,0.0
-3.5316,50,547.950795,0.0
-6.383079,50,548.978292,0.0
-3.528447,50,550.03427,0.0
-11.373506,50,551.0377,0.0
-12.979576,50,558.024355,0.0
-9.098132,50,559.159263,0.0
-8.374216,50,561.268273,0.0
-18.105032,50,562.385711,0.0
-6.604584,50,563.465794,0.0
-3.386286,50,564.418264,0.0
-11.117213,50,565.380151,0.0
-7.192338,50,566.31434,0.0
-5.425907,50,567.250972,0.0
-5.524629,50,568.279939,0.0
-2.840545,50,575.120928,0.0
-5.902811,50,576.106016,0.0
-3.619922,50,577.09369,0.0
-4.897151,50,578.106605,0.0
-2.712289,26,578.624316,1.0
-3.528574,50,579.640655,0.0
-7.417521,50,580.748434,0.0
-5.713824,50,581.788759,0.0
-8.091919,50,582.892013,0.0
-4.504521,50,583.872427,0.0
-4.943419,50,584.81854,0.0
-1.228926,17,585.141382,1.0
-5.296674,50,592.003094,0.0
-2.209898,50,593.136208,0.0
-6.243177,50,594.210333,0.0
-4.346905,50,595.284526,0.0
-6.21309,50,596.274315,0.0
-4.428995,50,597.359778,0.0
-3.614492,25,598.92324,1.0
-3.27622,50,599.947829,0.0
-12.251372,50,601.080976,0.0
-7.712065,50,602.163096,0.0
-6.488967,50,609.051899,0.0
-4.861893,50,610.087658,0.0
-5.31179,50,611.193322,0.0
-8.628212,50,612.21466,0.0
-5.779598,50,613.244414,0.0
-1.208085,29,613.880956,1.0
-5.351343,50,614.950347,0.0
-3.272214,50,616.003611,0.0
-5.457284,50,617.002649,0.0
-2.761308,27,617.544995,1.0
-7.464105,50,618.600381,0.0
-6.649273,50,625.568036,0.0
-4.388888,50,626.510735,0.0
-7.910069,50,627.563775,0.0
-12.945485,50,628.641724,0.0
-3.610822,50,629.685354,0.0
-7.179473,50,630.712385,0.0
-9.155678,50,631.789008,0.0
-13.015468,50,632.840862,0.0
-4.168935,50,634.064403,0.0
-3.657012,50,635.178167,0.0
-4.455507,50,636.2242,0.0
-8.330923,50,644.115317,0.0
-4.84528,50,645.261305,0.0
-7.594659,50,646.324213,0.0
-8.857606,50,647.358787,0.0
-8.041984,50,648.43897,0.0
-7.823881,50,649.482675,0.0
-10.753735,50,650.460932,0.0
-3.609338,50,651.537457,0.0
-4.951253,50,652.559894,0.0
-12.455603,50,653.57451,0.0
-10.544509,50,660.460217,0.0
-6.411634,50,661.395753,0.0
-2.89311,50,662.367485,0.0
-4.493182,50,663.415287,0.0
-4.443669,50,664.439054,0.0
-3.070623,50,665.436926,0.0
-2.164769,8,665.587467,1.0
-3.314009,50,666.608171,0.0
-5.083802,50,667.542981,0.0
-3.842006,50,668.591955,0.0
-11.416864,50,669.696158,0.0
-11.569229,50,676.680815,0.0
-2.233903,22,677.130395,1.0
-3.194075,50,678.232072,0.0
-5.69302,50,679.264061,0.0
-1.126634,15,679.595953,1.0
-2.507167,31,680.25484,1.0
-12.677619,50,681.352941,0.0
-5.980537,50,683.430081,0.0
-3.503735,50,684.489112,0.0
-3.18681,50,685.493069,0.0
-4.853893,50,686.527511,0.0
-4.697536,50,687.555942,0.0
-6.83716,33,694.142439,1.0
-5.763104,50,695.148009,0.0
-3.83251,50,696.19426,0.0
-4.449766,50,697.19708,0.0
-10.360542,50,698.246207,0.0
-0.538076,7,698.386869,1.0
-6.909667,50,699.448215,0.0
-4.011283,50,700.471228,0.0
-3.328611,50,701.4703,0.0
-17.632343,50,702.526503,0.0
-4.652063,50,703.643722,0.0
-6.314508,50,710.598279,0.0
-5.824347,50,711.669309,0.0
-3.543847,27,712.213709,1.0
-5.378776,50,713.301934,0.0
-4.057218,50,714.482474,0.0
-6.045252,50,715.589089,0.0
-9.288534,50,716.686187,0.0
-7.977432,50,717.675766,0.0
-13.197667,50,718.767828,0.0
-15.59228,50,719.766722,0.0
-8.328672,50,721.710445,0.0
-5.624357,50,728.61751,0.0
-11.080658,50,729.663523,0.0
-5.230266,50,730.726842,0.0
-3.231575,50,731.749288,0.0
-5.800954,50,732.838737,0.0
-7.462848,50,733.85405,0.0
-7.086006,50,734.895811,0.0
-3.155173,44,735.698247,1.0
-8.849564,50,736.742047,0.0
-5.520675,50,737.731146,0.0
-6.681327,50,744.503613,0.0
-6.196804,50,745.50321,0.0
-3.399333,50,746.570401,0.0
-7.276088,50,747.650659,0.0
-3.895599,50,748.659769,0.0
-9.796476,50,749.662218,0.0
-3.92232,50,750.678704,0.0
-4.536588,50,751.764166,0.0
-5.48115,50,752.84138,0.0
-3.66837,50,753.83681,0.0
-7.987381,50,755.000411,0.0
-4.015165,50,761.975085,0.0
-3.559808,50,763.121839,0.0
-1.773643,29,763.730657,1.0
-7.943106,50,764.755751,0.0
-4.474262,50,766.909179,0.0
-12.817423,50,767.943912,0.0
-8.383212,50,768.980931,0.0
-6.252512,50,770.162231,0.0
-11.841317,50,771.225508,0.0
-2.772244,29,771.847781,1.0
-4.770536,50,772.779313,0.0
-4.799202,50,779.627023,0.0
-4.251446,23,780.122881,1.0
-14.441761,50,781.224665,0.0
-3.601232,28,781.77716,1.0
-4.261119,50,782.810606,0.0
-5.46854,50,783.963743,0.0
-4.27298,47,784.935109,1.0
-6.145883,50,785.976559,0.0
-2.663289,32,786.638114,1.0
-4.362994,50,787.755293,0.0
-9.101152,50,788.946749,0.0
-3.681576,50,795.93589,0.0
-8.671884,50,797.081359,0.0
-6.584774,50,798.142033,0.0
-3.955429,50,799.224047,0.0
-2.270437,26,799.766999,1.0
-3.033632,50,800.79421,0.0
-8.523874,50,801.808807,0.0
-2.491323,50,802.836125,0.0
-3.333717,50,803.923027,0.0
-11.488988,50,805.932159,0.0
-3.868269,34,806.608376,1.0
-4.720104,47,813.351712,1.0
-3.773005,50,814.417202,0.0
-18.698339,50,815.502238,0.0
-4.157232,50,816.548258,0.0
-3.434022,50,817.661154,0.0
-10.945237,50,818.666202,0.0
-2.728741,50,819.672304,0.0
-1.997718,28,820.276773,1.0
-2.883028,50,821.331088,0.0
-4.930319,50,822.380221,0.0
-2.354472,50,823.388019,0.0
-8.056814,50,830.206158,0.0
-5.636448,50,831.192335,0.0
-9.411978,50,832.296911,0.0
-8.896086,50,833.453774,0.0
-3.355117,47,834.425591,1.0
-11.349512,50,835.518053,0.0
-7.112372,50,836.482406,0.0
-4.064074,50,837.430899,0.0
-10.252758,50,838.502868,0.0
-2.764277,50,839.557828,0.0
-4.808886,50,846.67537,0.0
-4.629725,50,847.690348,0.0
-5.583029,50,848.661178,0.0
-4.452515,40,850.486978,1.0
-4.561636,50,851.593185,0.0
-2.614304,21,852.050767,1.0
-4.984964,50,853.088547,0.0
-5.288556,50,854.128865,0.0
-1.956963,50,855.175745,0.0
-6.246322,50,856.226464,0.0
-8.709652,50,857.231003,0.0
-2.273354,38,857.996732,1.0
-3.206136,14,864.083428,1.0
-11.094494,50,865.422816,0.0
-16.427592,50,866.489769,0.0
-3.310558,25,867.018797,1.0
-2.659499,50,868.024284,0.0
-5.178966,50,869.134976,0.0
-5.399136,50,870.150002,0.0
-11.306724,50,871.214447,0.0
-3.891397,50,872.239265,0.0
-4.418367,50,873.239763,0.0
-6.49021,50,874.31581,0.0
-2.761635,50,881.225756,0.0
-6.19754,50,882.287318,0.0
-4.64116,50,883.349358,0.0
-4.302079,50,884.355492,0.0
-11.049879,50,885.43732,0.0
-8.071856,50,886.525606,0.0
-3.503051,50,887.58533,0.0
-12.856965,50,889.819013,0.0
-7.501046,50,890.875147,0.0
-4.771359,50,891.913047,0.0
-4.552934,50,898.769056,0.0
-5.535077,50,899.75275,0.0
-4.34407,50,900.78151,0.0
-3.909886,50,901.917773,0.0
-4.137393,50,902.904718,0.0
-1.450844,9,903.081188,1.0
-4.380949,25,903.605379,1.0
-3.616209,50,904.663755,0.0
-6.181132,41,905.499197,1.0
-5.383395,48,906.501906,1.0
-4.719799,50,907.537014,0.0
-10.947536,50,908.61938,0.0
-3.739033,50,915.427407,0.0
-3.432363,50,916.416379,0.0
-2.453819,31,917.022784,1.0
-2.179905,27,917.595183,1.0
-2.506274,50,918.697292,0.0
-5.844183,50,919.721847,0.0
-4.802899,50,920.750744,0.0
-3.740787,50,921.831866,0.0
-5.442464,50,922.887308,0.0
-9.887176,50,924.016347,0.0
-3.260281,21,924.49004,1.0
-7.548381,50,925.551434,0.0
-3.609067,50,932.440001,0.0
-11.258431,50,934.479129,0.0
-4.285259,50,935.462717,0.0
-3.780428,50,936.533373,0.0
-9.000646,50,937.686677,0.0
-3.632559,50,938.726254,0.0
-4.771785,39,939.583039,1.0
-26.20234,50,940.590043,0.0
-6.893217,50,941.630773,0.0
-3.568032,50,942.684676,0.0
-8.93373,50,949.536582,0.0
-2.777474,50,950.567729,0.0
-7.634436,50,951.610525,0.0
-11.087666,50,952.799287,0.0
-11.245879,50,953.907555,0.0
-3.788318,50,954.898898,0.0
-10.73864,50,955.879236,0.0
-5.442015,50,956.897176,0.0
-4.902523,50,957.925565,0.0
-9.87284,50,959.032001,0.0
-14.574157,50,960.174547,0.0
-10.335183,50,967.136631,0.0
-6.447318,50,968.26557,0.0
-11.163979,50,969.369772,0.0
-3.025783,50,970.341128,0.0
-8.230031,50,971.363475,0.0
-5.093615,50,972.462085,0.0
-8.821096,50,974.346537,0.0
-9.149281,50,975.303974,0.0
-2.652703,50,976.316391,0.0
-5.620238,50,977.328686,0.0
-7.520682,50,984.333306,0.0
-11.751386,50,985.492026,0.0
-3.408721,21,985.952305,1.0
-9.497502,50,986.972018,0.0
-3.802934,50,988.038498,0.0
-6.818965,50,989.080159,0.0
-2.465508,21,989.531612,1.0
-6.619751,50,990.594445,0.0
-11.236903,50,991.819749,0.0
-9.113188,50,992.883953,0.0
-2.750158,50,993.85103,0.0
-2.905157,24,994.314263,1.0
-5.605712,50,1001.116867,0.0
-6.344834,36,1001.884243,1.0
-3.886389,50,1002.906218,0.0
-0.806306,17,1003.25467,1.0
-3.992114,50,1004.34447,0.0
-13.766971,50,1005.470471,0.0
-6.115344,50,1006.589447,0.0
-2.378657,24,1007.075175,1.0
-3.500918,50,1008.088284,0.0
-5.839974,50,1009.120772,0.0
-2.954845,15,1009.396335,1.0
-4.605223,50,1010.465673,0.0
-11.771412,50,1018.316127,0.0
-3.395838,50,1019.346123,0.0
-5.982419,50,1020.544334,0.0
-5.069063,50,1021.574503,0.0
-9.671058,50,1022.686692,0.0
-11.201904,50,1023.68988,0.0
-7.124313,50,1024.674244,0.0
-5.278811,50,1025.681677,0.0
-10.641648,50,1026.75717,0.0
-8.26173,50,1027.901434,0.0
-26.260729,50,1034.783903,0.0
-9.17968,50,1035.828992,0.0
-3.869066,50,1036.8411,0.0
-6.168792,50,1037.86417,0.0
-13.793282,50,1038.945013,0.0
-4.967639,29,1039.547863,1.0
-4.509416,27,1040.09516,1.0
-4.669336,50,1041.168779,0.0
-9.410652,50,1042.141322,0.0
-2.707393,25,1042.664959,1.0
-3.777728,28,1043.20471,1.0
-9.910572,50,1044.33147,0.0
-5.698516,50,1051.213452,0.0
-3.122765,50,1052.339792,0.0
-11.564629,50,1053.473624,0.0
-12.41702,50,1054.598446,0.0
-7.58256,50,1055.620094,0.0
-9.450838,50,1057.70333,0.0
-4.01668,35,1058.386799,1.0
-5.215448,50,1059.401687,0.0
-2.429803,50,1060.36918,0.0
-10.686801,50,1061.460895,0.0
-3.292487,50,1062.496391,0.0
-6.123031,50,1069.321842,0.0
-2.692027,50,1070.326716,0.0
-7.35606,50,1071.39939,0.0
-2.919122,50,1072.526208,0.0
-6.501211,50,1073.45231,0.0
-5.531001,50,1074.421017,0.0
-5.932683,31,1075.104359,1.0
-4.893811,50,1076.258883,0.0
-3.273077,50,1077.345902,0.0
-5.345366,50,1078.395812,0.0
-5.426311,50,1079.425065,0.0
-3.15751,50,1086.287169,0.0
-9.448621,50,1087.247891,0.0
-9.852091,50,1088.345649,0.0
-3.072789,19,1088.717914,1.0
-1.903568,46,1089.640035,1.0
-10.06584,50,1090.726245,0.0
-9.717054,50,1091.780859,0.0
-1.953384,49,1092.854281,1.0
-2.632066,28,1093.425825,1.0
-3.661083,50,1094.47853,0.0
-3.830583,50,1096.071329,0.0
-5.54767,50,1102.971243,0.0
-13.693407,50,1104.03124,0.0
-8.052253,50,1105.050553,0.0
-4.912366,50,1106.053324,0.0
-5.724599,50,1107.096272,0.0
-5.468299,50,1108.107483,0.0
-2.086915,34,1108.789037,1.0
-2.720282,50,1109.852903,0.0
-2.057864,14,1110.127693,1.0
-10.998817,50,1111.164222,0.0
-5.541552,35,1111.857521,1.0
-5.122515,50,1112.952148,0.0
-4.452818,23,1119.214455,1.0
-40.788007,50,1120.135961,0.0
-1.768797,44,1121.017458,1.0
-4.156686,50,1122.0578,0.0
-6.768228,50,1123.121778,0.0
-12.442116,50,1124.110948,0.0
-2.357987,50,1125.125497,0.0
-7.771633,50,1126.225044,0.0
-3.350094,50,1127.174182,0.0
-8.997653,50,1128.172626,0.0
-10.91936,50,1135.068403,0.0
-7.03865,50,1136.227631,0.0
-3.279547,50,1137.237875,0.0
-6.265823,50,1138.259303,0.0
-40.637171,50,1140.304665,0.0
-4.330746,50,1141.331264,0.0
-2.23333,22,1141.931503,1.0
-4.931889,50,1143.030121,0.0
-2.579348,50,1144.044534,0.0
-2.808491,50,1145.062783,0.0
-2.860132,10,1145.262706,1.0
-6.072552,41,1146.047098,1.0
-4.181208,50,1152.797475,0.0
-1.205164,18,1153.176889,1.0
-7.377897,50,1154.192787,0.0
-3.430044,50,1155.293672,0.0
-3.874093,50,1156.295138,0.0
-6.791635,35,1157.006245,1.0
-5.5589,50,1158.061856,0.0
-4.517093,36,1158.789911,1.0
-1.954,22,1159.262019,1.0
-7.864908,50,1160.308875,0.0
-6.231751,50,1161.322018,0.0
-1.246875,30,1161.954062,1.0
-3.260609,50,1163.003106,0.0
-8.812105,50,1169.859105,0.0
-4.844806,50,1170.875595,0.0
-4.824194,50,1171.920886,0.0
-5.963933,50,1172.962495,0.0
-4.855561,50,1173.991739,0.0
-4.129881,50,1175.011843,0.0
-2.879411,41,1175.879265,1.0
-7.714387,50,1177.056893,0.0
-1.656346,27,1178.590385,1.0
-2.768439,50,1179.768718,0.0
-7.952103,50,1186.669463,0.0
-9.464426,50,1187.680537,0.0
-8.452588,50,1188.731732,0.0
-3.261723,50,1189.790621,0.0
-3.125566,50,1190.850704,0.0
-6.477378,50,1191.763259,0.0
-10.936473,50,1192.806137,0.0
-5.081924,50,1193.798053,0.0
-7.990649,50,1194.886433,0.0
-3.41361,27,1195.413694,1.0
-5.571108,50,1196.439357,0.0
-1.913972,50,1203.300388,0.0
-4.713947,50,1204.280482,0.0
-2.744173,43,1205.129262,1.0
-10.494417,50,1206.283116,0.0
-4.142349,50,1207.438051,0.0
-5.822614,50,1208.528994,0.0
-0.566735,11,1208.736526,1.0
-6.695186,50,1209.735685,0.0
-8.110109,50,1210.784121,0.0
-6.530204,46,1211.693516,1.0
-2.499238,50,1212.750304,0.0
-6.912866,50,1219.687441,0.0
-6.77194,50,1220.77483,0.0
-9.661063,50,1221.878764,0.0
-9.648313,50,1223.768604,0.0
-3.019229,50,1224.778919,0.0
-7.425034,50,1225.773512,0.0
-11.492721,50,1226.777897,0.0
-10.255302,50,1228.000687,0.0
-3.945282,32,1228.671221,1.0
-0.930438,29,1229.317638,1.0
-5.561271,50,1230.409797,0.0
-5.135166,50,1237.309203,0.0
-1.857728,23,1237.766019,1.0
-2.858474,50,1238.789557,0.0
-5.757465,50,1239.827631,0.0
-3.801803,50,1240.801548,0.0
-3.660569,22,1241.258825,1.0
-14.511452,50,1242.40506,0.0
-1.116098,13,1242.683701,1.0
-5.785251,50,1243.744665,0.0
-2.404973,50,1244.800391,0.0
-3.281643,21,1245.204319,1.0
-4.793305,50,1246.264829,0.0
-4.075513,50,1247.273182,0.0
-4.85269,50,1254.204702,0.0
-6.078313,23,1254.673797,1.0
-8.602978,50,1255.641193,0.0
-5.533286,50,1256.717739,1.0
-4.279511,50,1257.730417,0.0
-10.2344,50,1258.734758,0.0
-5.876569,50,1259.711907,0.0
-6.623956,50,1260.718235,0.0
-5.50978,43,1262.374581,1.0
-11.623949,50,1263.360132,0.0
-11.472279,50,1264.488588,0.0
-11.325453,50,1271.37496,0.0
-3.356798,33,1271.981853,1.0
-19.500728,50,1272.998481,0.0
-2.625553,44,1273.920732,1.0
-4.796301,50,1274.958102,0.0
-3.042487,22,1275.407714,1.0
-4.339444,50,1276.424917,0.0
-3.890436,50,1277.515206,0.0
-3.905611,50,1278.482387,0.0
-11.361019,50,1279.569197,0.0
-0.452596,8,1279.754215,1.0
-3.447261,50,1280.758105,0.0
-14.421051,50,1287.640506,0.0
-3.802462,20,1288.046072,1.0
-9.820004,50,1289.060331,0.0
-3.890568,50,1290.108206,0.0
-5.99191,38,1290.921327,1.0
-4.818786,50,1291.99797,1.0
-4.026857,50,1293.057139,0.0
-9.100987,50,1294.109847,0.0
-12.604267,50,1295.191999,0.0
-6.722036,50,1296.245093,0.0
-2.985395,50,1297.331324,0.0
-2.647642,50,1304.183205,0.0
-2.955369,50,1306.136732,0.0
-4.603926,37,1306.91992,1.0
-4.212191,33,1307.599549,1.0
-5.428248,50,1308.646919,0.0
-4.140951,25,1309.11261,1.0
-1.574609,24,1309.557284,1.0
-3.965986,50,1310.53373,0.0
-2.854521,20,1310.961214,1.0
-2.337573,20,1311.367115,1.0
-5.013962,50,1312.374946,0.0
-2.335691,50,1313.409378,0.0
-12.332379,50,1314.461162,0.0
-2.330194,50,1321.366412,0.0
-11.078279,50,1322.389684,0.0
-27.803541,50,1323.411542,0.0
-11.575112,50,1324.643915,0.0
-3.741276,50,1325.609795,0.0
-3.416555,50,1326.719011,0.0
-4.320893,50,1327.755394,1.0
-8.58306,50,1328.810387,0.0
-9.670251,50,1329.797649,0.0
-11.596922,50,1330.895922,0.0
-1.512272,11,1331.152449,1.0
-1.943408,50,1338.116424,0.0
-3.265812,50,1339.068244,0.0
-2.535148,34,1339.723856,1.0
-1.843058,35,1340.478334,1.0
-8.00166,50,1341.537331,0.0
-5.545862,50,1342.6161,0.0
-4.228364,46,1343.619343,1.0
-2.474293,50,1345.456276,0.0
-5.611806,50,1346.494631,0.0
-11.023663,50,1347.537256,0.0
-4.090997,50,1348.557822,0.0
-2.816309,12,1348.815554,1.0
-6.513874,50,1355.758377,0.0
-4.991124,50,1356.765252,0.0
-8.531641,50,1357.857719,0.0
-7.766289,50,1358.939604,0.0
-1.841949,28,1359.503481,1.0
-2.364686,30,1360.125752,1.0
-8.837649,50,1361.234671,0.0
-3.656219,37,1361.98311,1.0
-11.72296,50,1363.046756,0.0
-3.703184,21,1363.463139,1.0
-3.614705,50,1364.627165,0.0
-8.75352,50,1365.701305,0.0
-3.359303,50,1372.614232,0.0
-2.938735,50,1373.59218,0.0
-0.960992,8,1373.746647,1.0
-12.501694,50,1374.724948,0.0
-6.569846,50,1375.755011,0.0
-6.788609,50,1376.833036,0.0
-4.030249,50,1377.942147,0.0
-3.703097,50,1378.979708,0.0
-2.614357,29,1379.543159,1.0
-1.72525,39,1380.303832,1.0
-2.795665,50,1381.387765,0.0
-4.364823,50,1382.404311,0.0
-14.655988,50,1389.906583,0.0
-2.829803,50,1390.965991,0.0
-2.699749,36,1391.737691,1.0
-6.169948,50,1392.724838,0.0
-7.734335,50,1393.668968,0.0
-3.02181,50,1394.714014,0.0
-3.653064,50,1395.760795,0.0
-4.70237,50,1396.821284,0.0
-2.143071,50,1397.757707,0.0
-9.113641,50,1398.804704,0.0
-5.139167,21,1399.184187,1.0
-2.015358,46,1405.900896,1.0
-0.879074,19,1406.26105,1.0
-4.59579,50,1407.204398,0.0
-4.779441,50,1408.160212,0.0
-9.641179,50,1409.225106,0.0
-5.20194,50,1410.197042,0.0
-5.881337,47,1411.181398,1.0
-1.93833,22,1411.643131,1.0
-10.084967,50,1412.744482,0.0
-3.491499,50,1413.759774,0.0
-2.752685,39,1414.567007,1.0
-4.456656,50,1415.730545,0.0
-2.606979,50,1422.589622,1.0
-3.921065,20,1423.010289,1.0
-9.521601,50,1424.04408,0.0
-7.544147,50,1425.020056,0.0
-9.242726,50,1426.005642,0.0
-3.250741,27,1427.192289,1.0
-2.691511,50,1428.165136,0.0
-3.041638,50,1429.084833,0.0
-3.172554,50,1430.051461,0.0
-9.049181,50,1431.174089,0.0
-3.874743,50,1432.277556,0.0
-11.891501,50,1439.233239,0.0
-18.020655,50,1440.315156,0.0
-3.502238,41,1441.146858,1.0
-3.13761,50,1442.20301,0.0
-3.876725,50,1443.209921,0.0
-5.943538,50,1444.194863,0.0
-3.979591,50,1445.302037,0.0
-8.661728,50,1446.366928,0.0
-1.648663,43,1447.212053,1.0
-6.427745,50,1448.221407,0.0
-2.39367,50,1455.066823,0.0
-2.970588,16,1455.37973,1.0
-3.214827,50,1456.497563,0.0
-4.213765,30,1457.228664,1.0
-1.818056,38,1457.940673,1.0
-3.269313,50,1458.899429,0.0
-2.252927,50,1459.909238,0.0
-1.174544,20,1460.324698,1.0
-2.693752,50,1461.37496,0.0
-5.04122,50,1462.43224,0.0
-2.220686,33,1463.116531,1.0
-2.513638,28,1463.671445,1.0
-5.305577,50,1465.455366,0.0
-7.092328,50,1472.263423,0.0
-3.844248,50,1473.197814,0.0
-1.069116,14,1473.468608,1.0
-6.852662,50,1474.549896,0.0
-1.988749,27,1475.111693,1.0
-2.814683,50,1476.222109,0.0
-4.224682,50,1477.33774,0.0
-6.10465,41,1478.239944,1.0
-11.078759,50,1479.366384,0.0
-3.856614,50,1480.420641,0.0
-8.240841,50,1481.434359,0.0
-0.951751,12,1481.673031,1.0
-1.623501,50,1482.65467,0.0
-2.307261,50,1489.416978,0.0
-11.185843,50,1490.47767,0.0
-10.934299,50,1491.614269,0.0
-2.529956,13,1491.880529,1.0
-1.587108,32,1492.593573,1.0
-12.41139,50,1493.669282,0.0
-5.914826,50,1494.682249,0.0
-2.418008,22,1495.109278,1.0
-6.933202,50,1496.226892,0.0
-19.270997,50,1497.389972,0.0
-0.752807,21,1497.823727,1.0
-4.387005,50,1498.77323,0.0
-8.914023,50,1505.652313,0.0
-12.254685,50,1506.641604,0.0
-3.345215,50,1507.576442,0.0
-3.516095,38,1508.392699,1.0
-11.061362,50,1510.473623,0.0
-3.35352,50,1511.486624,0.0
-3.095369,28,1512.05694,1.0
-13.521328,50,1513.160113,0.0
-6.894059,50,1514.138166,0.0
-1.491431,41,1515.01092,1.0
-11.214728,50,1516.120293,0.0
-6.371166,33,1516.80754,1.0
-3.797882,50,1523.696882,0.0
-5.66194,50,1524.758778,0.0
-6.662309,41,1525.586019,1.0
-0.849927,18,1526.018232,1.0
-6.028423,50,1527.069514,0.0
-10.616144,50,1528.185769,0.0
-2.198816,39,1529.056789,1.0
-1.764131,32,1529.69749,1.0
-3.111344,50,1530.701604,0.0
-0.989918,19,1531.117832,1.0
-2.34736,20,1531.604892,1.0
-2.011561,50,1532.658454,0.0
-3.657538,50,1539.639912,0.0
-11.623994,50,1540.727054,0.0
-2.339976,50,1541.657453,0.0
-9.942557,48,1542.736494,1.0
-7.439927,50,1543.803102,0.0
-1.428846,32,1544.512668,1.0
-2.012138,50,1545.58434,0.0
-4.295775,50,1546.613425,0.0
-7.561279,50,1547.669183,0.0
-3.82275,43,1549.598477,1.0
-7.351346,50,1550.599157,0.0
-6.6209,30,1551.216765,1.0
-13.258273,50,1558.149537,0.0
-1.579315,29,1558.757871,1.0
-5.537148,50,1559.816488,0.0
-4.297587,43,1560.618615,1.0
-8.103656,50,1561.572235,0.0
-3.264836,50,1562.606877,0.0
-6.159495,50,1563.726209,0.0
-5.931999,48,1564.795659,1.0
-10.801723,50,1565.829274,0.0
-1.43198,34,1566.516855,1.0
-6.210347,50,1567.629951,0.0
-2.169521,50,1574.380414,0.0
-4.479641,41,1575.227766,1.0
-3.624473,50,1576.29061,0.0
-5.884204,50,1577.306349,0.0
-14.9336,50,1578.31443,0.0
-3.608869,33,1578.970009,1.0
-9.706586,50,1580.021811,0.0
-5.074643,49,1581.002232,1.0
-11.279584,50,1582.014011,0.0
-5.162341,46,1582.96542,1.0
-2.159083,50,1583.985758,0.0
-10.860253,50,1590.884548,0.0
-11.493187,50,1592.08977,0.0
-9.648588,50,1593.968254,0.0
-2.757126,37,1594.727912,1.0
-3.39995,27,1595.300606,1.0
-8.409622,50,1596.400853,0.0
-2.51158,50,1597.474845,0.0
-9.71408,50,1598.524086,0.0
-1.102505,24,1599.046647,1.0
-20.623871,50,1600.03893,0.0
-3.143392,50,1601.139825,0.0
-3.60804,30,1601.785817,1.0
-1.764884,50,1608.668717,0.0
-5.857483,50,1609.647087,0.0
-2.487269,19,1610.010859,1.0
-5.509608,50,1610.985641,0.0
-6.975986,50,1612.034033,0.0
-10.662217,50,1613.118493,0.0
-7.885243,50,1614.178165,0.0
-1.775926,17,1614.477993,1.0
-3.10406,50,1615.443753,0.0
-6.859836,50,1616.515338,0.0
-2.272958,20,1616.935421,1.0
-12.840809,50,1617.907457,0.0
-4.283384,50,1624.697135,0.0
-4.18156,50,1625.681119,0.0
-4.83508,50,1626.669324,0.0
-2.000014,36,1627.432432,1.0
-1.090083,17,1627.812975,1.0
-2.281974,26,1628.366549,1.0
-2.544104,30,1628.992561,1.0
-5.693302,50,1630.008296,0.0
-3.247498,50,1631.833927,0.0
-7.095887,50,1632.961912,0.0
-3.673802,50,1634.110413,0.0
-2.060806,20,1634.571553,1.0
-8.525823,50,1641.432222,0.0
-2.017658,50,1642.41646,0.0
-3.75367,50,1643.484075,0.0
-14.005961,50,1644.498899,0.0
-7.209339,50,1645.446877,0.0
-13.486385,50,1646.512339,0.0
-2.119196,30,1647.086498,1.0
-2.848233,30,1647.730688,1.0
-5.029425,50,1648.768118,0.0
-5.742357,50,1649.760627,0.0
-4.817567,50,1650.741059,0.0
-5.734571,50,1655.693975,0.0
-10.184545,50,1656.849496,0.0
-6.498468,50,1657.923975,0.0
-12.078987,50,1658.87096,0.0
-5.328159,50,1659.844567,0.0
-9.41647,50,1660.939029,0.0
-2.524707,16,1661.245024,1.0
-14.601433,50,1662.438036,0.0
-9.995846,50,1663.419392,0.0
-3.116282,50,1664.438057,0.0
-6.912948,50,1665.49359,0.0
-2.399493,19,1665.888733,1.0
-4.20746,50,1669.341804,0.0
-4.579106,50,1671.26773,0.0
-4.256455,50,1672.323736,0.0
-2.395143,16,1672.700281,1.0
-8.741906,50,1673.881314,0.0
-1.092358,23,1674.338481,1.0
-3.877206,50,1675.432286,0.0
-2.947917,50,1676.531061,0.0
-11.989337,50,1677.60921,0.0
-11.876016,50,1678.745806,0.0
-12.254332,50,1679.962425,0.0
-4.325503,50,1683.446607,0.0
-2.99684,43,1684.32916,1.0
-15.059789,50,1685.395532,0.0
-3.551743,50,1686.446655,0.0
-4.400515,50,1687.479348,0.0
-12.928606,50,1688.556822,0.0
-2.820875,50,1689.529172,0.0
-3.959652,50,1690.656301,0.0
-4.306524,50,1691.693768,0.0
-3.676864,46,1692.607201,1.0
-5.710113,35,1693.298522,1.0
-2.39572,37,1696.490999,1.0
-1.660998,10,1696.702715,1.0
-1.609576,26,1697.199178,1.0
-6.899062,50,1698.207557,0.0
-3.016088,50,1699.204066,0.0
-6.652531,50,1700.206804,0.0
-0.243963,4,1700.284193,1.0
-2.481214,50,1701.372158,0.0
-4.163038,41,1703.227295,1.0
-1.452578,25,1703.75639,1.0
-3.138886,20,1704.169774,1.0
-5.631629,50,1705.182118,0.0
-8.40075,50,1706.28448,0.0
-2.709068,41,1707.23962,1.0
-3.786223,50,1710.84996,0.0
-3.215099,50,1711.920607,0.0
-4.550265,50,1712.900712,0.0
-4.711192,30,1713.498327,1.0
-2.824965,22,1713.928315,1.0
-5.566836,49,1714.872182,1.0
-3.272305,11,1715.064655,1.0
-5.17591,50,1716.099638,0.0
-0.849794,10,1716.312809,1.0
-4.257939,50,1717.349839,0.0
-6.128507,50,1718.426649,0.0
-3.407332,24,1718.921337,1.0
-2.68393,50,1719.977601,0.0
-7.051441,50,1721.083301,0.0
-1.674595,50,1724.746341,0.0
-2.798258,50,1725.741698,0.0
-5.942987,34,1726.38444,1.0
-9.179589,50,1727.31515,0.0
-10.659595,32,1728.006648,1.0
-5.633843,26,1728.518714,1.0
-6.306753,50,1729.628542,0.0
-12.073177,50,1730.706362,0.0
-0.690577,8,1730.862409,1.0
-5.386694,50,1731.903578,0.0
-2.173894,28,1732.495438,1.0
-3.792758,50,1733.549391,0.0
-5.417271,50,1737.865145,0.0
-5.700219,50,1738.919729,0.0
-1.882043,22,1739.373177,1.0
-2.155658,50,1740.374791,0.0
-1.034105,16,1740.699491,1.0
-3.326785,50,1741.681271,0.0
-1.116925,27,1742.195235,1.0
-7.494427,50,1743.151365,0.0
-0.663423,12,1743.382662,1.0
-3.490584,50,1744.387058,0.0
-6.704758,50,1745.378733,0.0
-2.067718,30,1745.956591,1.0
-3.256225,31,1746.551372,1.0
-8.092703,50,1747.506531,0.0
-1.484862,30,1750.531491,1.0
-8.260541,50,1751.64406,0.0
-12.102884,50,1752.723489,0.0
-3.022456,50,1753.792045,0.0
-6.975117,50,1754.899344,0.0
-2.075663,50,1756.062413,0.0
-6.01885,28,1756.672469,1.0
-4.79543,50,1757.766151,0.0
-4.7314,24,1758.278585,1.0
-3.897403,38,1759.090487,1.0
-5.582146,50,1760.115954,0.0
-0.537311,6,1760.234841,1.0
-5.418443,30,1760.830068,1.0
-2.901381,50,1764.254364,0.0
-3.584769,21,1764.671413,1.0
-4.100752,50,1765.694679,0.0
-4.96996,50,1766.788647,0.0
-5.495251,50,1767.851417,0.0
-2.117785,27,1769.423246,1.0
-8.077435,40,1770.216317,1.0
-11.001839,50,1771.239465,0.0
-2.366112,50,1772.181166,0.0
-13.303611,50,1773.266842,0.0
-6.007295,50,1774.360317,0.0
-2.589557,47,1777.78363,1.0
-2.118049,13,1778.061044,1.0
-5.62789,50,1779.23141,0.0
-2.822328,19,1779.656435,1.0
-3.094857,29,1780.278445,1.0
-5.653749,50,1781.324686,0.0
-5.966839,50,1782.347647,0.0
-2.438001,17,1782.707579,1.0
-6.576752,50,1783.75105,0.0
-5.439143,16,1784.087864,1.0
-6.599133,45,1785.052005,1.0
-5.596827,50,1786.109773,0.0
-3.600701,23,1786.552353,1.0
-3.470044,50,1787.553982,0.0
-6.429654,24,1788.04445,1.0
-4.735853,50,1791.55834,0.0
-9.480812,50,1792.678009,0.0
-5.876105,43,1793.507012,1.0
-4.328773,50,1794.477886,0.0
-5.385701,50,1795.485019,0.0
-2.893605,50,1796.462914,0.0
-3.089147,50,1797.530452,0.0
-2.410742,12,1797.773454,1.0
-3.352181,50,1798.805275,0.0
-7.759097,50,1799.847391,0.0
-10.642406,50,1801.806873,0.0
-8.900764,50,1805.325778,0.0
-5.696882,50,1806.32187,0.0
-9.559314,50,1807.30812,0.0
-5.796553,50,1808.359078,0.0
-13.901639,50,1809.454584,0.0
-6.012458,50,1810.455859,0.0
-2.065041,8,1810.603276,1.0
-1.863672,13,1810.842047,1.0
-3.745757,50,1811.808944,0.0
-1.304475,11,1812.013176,1.0
-2.954898,50,1813.050382,0.0
-2.457248,50,1814.105992,0.0
-7.406882,50,1815.104011,0.0
-5.957098,50,1818.631287,0.0
-5.162985,50,1819.74763,0.0
-2.831366,25,1820.24246,1.0
-3.679084,50,1821.27826,0.0
-11.078335,50,1822.308854,0.0
-6.084423,50,1823.327503,0.0
-12.227464,50,1824.398419,0.0
-2.032998,19,1824.818476,1.0
-5.813847,50,1825.904573,0.0
-2.54895,44,1826.776871,1.0
-4.202081,40,1827.52617,1.0
-1.090549,21,1827.96472,1.0
-2.773698,38,1831.194758,1.0
-3.72304,50,1832.314381,0.0
-6.359456,50,1833.292302,0.0
-3.464951,43,1835.08953,1.0
-4.494303,27,1835.6523,1.0
-1.543701,21,1836.074084,1.0
-0.221182,7,1836.207027,1.0
-3.599899,50,1837.253475,0.0
-5.545384,50,1838.353201,1.0
-0.573148,11,1838.580627,1.0
-4.861668,47,1839.448804,1.0
-9.522466,50,1840.480293,0.0
-3.497507,27,1841.013187,1.0
-9.886228,50,1842.027647,0.0
-7.846451,50,1845.393731,0.0
-3.56803,50,1846.372114,0.0
-4.287065,50,1847.400167,0.0
-4.457564,50,1848.461895,0.0
-2.502584,50,1849.46316,0.0
-1.417916,16,1849.772714,1.0
-8.785187,50,1850.806089,0.0
-11.148801,50,1851.824379,0.0
-2.739094,33,1852.489159,1.0
-3.167027,50,1853.428268,0.0
-3.233471,33,1854.061653,1.0
-4.951325,28,1854.660333,1.0
-10.405321,50,1858.105866,0.0
-9.39285,50,1859.247064,0.0
-2.614738,21,1859.715553,1.0
-1.211815,25,1860.253122,1.0
-2.594255,50,1861.287979,0.0
-12.667591,50,1862.384618,0.0
-3.433618,50,1863.417979,0.0
-2.577687,50,1864.441823,0.0
-9.215708,50,1865.426357,0.0
-3.187992,50,1867.441599,0.0
-1.797758,39,1868.195684,1.0
-6.575883,50,1871.827307,0.0
-6.089312,32,1872.535822,1.0
-9.041285,50,1873.512454,0.0
-3.399322,38,1874.269408,1.0
-7.553583,50,1875.345146,0.0
-4.917575,50,1876.459451,0.0
-5.700874,50,1877.447981,0.0
-2.430038,50,1878.632428,1.0
-4.608507,50,1879.716914,0.0
-4.492914,50,1880.716007,0.0
-1.250595,15,1881.021586,1.0
-2.555526,20,1881.407117,1.0
-3.298258,20,1881.779198,1.0
-15.291952,50,1885.278413,0.0
-3.020025,17,1885.625869,1.0
-10.205955,50,1886.655545,0.0
-5.457153,50,1887.862468,0.0
-5.644875,50,1888.864977,0.0
-1.762187,21,1889.293289,1.0
-2.765874,41,1890.085359,1.0
-3.881134,32,1890.758871,1.0
-2.942711,23,1891.235673,1.0
-7.97919,50,1892.234789,0.0
-2.775373,50,1893.259635,0.0
-4.300165,50,1894.239509,0.0
-7.996189,50,1895.337677,0.0
-4.650281,50,1898.828822,0.0
-10.756132,50,1899.837083,0.0
-5.339411,50,1901.798144,0.0
-11.151386,50,1902.817696,0.0
-1.956938,50,1903.95738,0.0
-12.245391,50,1905.169623,0.0
-3.328208,28,1905.765463,1.0
-6.655399,44,1906.826443,1.0
-1.4156,21,1907.351233,1.0
-10.893663,50,1908.478182,0.0
-3.867985,50,1909.499956,0.0
-1.146837,8,1909.674692,1.0
-3.597563,34,1912.801042,1.0
-0.799849,13,1913.109352,1.0
-2.085948,21,1913.586595,1.0
-2.299803,46,1914.557535,1.0
-2.347405,33,1915.24076,1.0
-2.263454,19,1915.647089,1.0
-2.00093,50,1916.656189,0.0
-2.625767,34,1917.391548,1.0
-6.380309,50,1918.63631,0.0
-3.366312,50,1919.633184,0.0
-9.139674,50,1920.672978,0.0
-5.500802,50,1921.733459,0.0
-2.79999,50,1922.74305,0.0
-3.796775,50,1926.161531,0.0
-0.808856,9,1926.327367,1.0
-1.094531,9,1926.494628,1.0
-3.533759,50,1927.538945,0.0
-10.443586,50,1928.671493,0.0
-1.509177,13,1928.983286,1.0
-2.677288,32,1929.621081,1.0
-2.533396,23,1930.034252,1.0
-5.934596,44,1930.870386,1.0
-3.883916,40,1931.720981,1.0
-5.101957,50,1933.855281,0.0
-0.782127,11,1934.102698,1.0
-5.26338,50,1935.206806,0.0
-6.181583,50,1936.280105,0.0
-10.224574,50,1937.389356,0.0
-6.907403,50,1940.940474,0.0
-2.936416,50,1941.989967,0.0
-10.612548,50,1943.024491,0.0
-6.046101,50,1944.159008,0.0
-3.203541,21,1944.619339,1.0
-2.245085,34,1945.248793,1.0
-7.242519,50,1946.162122,0.0
-2.642718,34,1946.924896,1.0
-6.587636,50,1948.011106,0.0
-4.922713,50,1949.027971,0.0
-5.729173,48,1950.153502,1.0
-5.343104,50,1953.649058,0.0
-3.947437,50,1954.732691,0.0
-3.520349,33,1955.390148,1.0
-10.282886,50,1956.465226,0.0
-4.701011,50,1957.626842,0.0
-11.453064,50,1958.711656,0.0
-10.724403,50,1959.781705,0.0
-5.476895,50,1960.808837,0.0
-6.43666,50,1961.846462,0.0
-4.467243,15,1962.210465,1.0
-2.818858,36,1963.035935,1.0
-1.321844,32,1963.633259,1.0
-3.092946,28,1964.188806,1.0
-0.853595,21,1967.050686,1.0
-10.759931,50,1968.937748,0.0
-4.350671,50,1969.954856,0.0
-9.585792,50,1971.046471,0.0
-2.721978,25,1971.568267,1.0
-6.875284,50,1972.60937,0.0
-11.166096,50,1973.772558,0.0
-3.946572,50,1974.934273,0.0
-3.758863,34,1975.638801,1.0
-10.343048,50,1976.69321,0.0
-8.179349,50,1977.69642,0.0
-1.733533,35,1978.461378,1.0
-3.308822,50,1982.007344,0.0
-4.381884,43,1982.866646,1.0
-5.564971,50,1983.999753,0.0
-6.395009,50,1985.042559,0.0
-2.583412,19,1985.397536,1.0
-0.845496,16,1985.713036,1.0
-4.501259,50,1986.655351,0.0
-3.583305,45,1987.539195,1.0
-19.195589,50,1988.514919,0.0
-0.681692,16,1988.81323,1.0
-5.090979,21,1989.201739,1.0
-1.920321,50,1990.206624,0.0
-8.162223,41,1991.054274,1.0
-1.073406,12,1993.725561,1.0
-4.879923,50,1994.654573,0.0
-0.795311,19,1994.993288,1.0
-2.316982,20,1995.374395,1.0
-4.367207,50,1996.539977,0.0
-2.541239,50,1997.652848,0.0
-11.988192,50,1998.741602,0.0
-0.984379,26,1999.977378,1.0
-1.610852,37,2000.753615,1.0
-7.953605,50,2001.850902,0.0
-6.020809,50,2002.921904,0.0
-5.37387,39,2003.699038,1.0
-5.760302,50,2004.743178,0.0
-2.698054,38,2007.905134,1.0
-1.392729,30,2008.429968,1.0
-1.874595,16,2008.708311,1.0
-5.069695,50,2009.772962,0.0
-8.040453,40,2010.57742,1.0
-4.127944,49,2011.549092,1.0
-2.527253,29,2012.159803,1.0
-19.983345,50,2013.165082,0.0
-6.504096,48,2014.140948,1.0
-12.01902,50,2015.288366,0.0
-6.167706,39,2016.128441,1.0
-2.016789,23,2016.635686,1.0
-4.07297,48,2017.599091,1.0
-2.969864,10,2017.814855,1.0
-5.833832,50,2023.154051,0.0
-6.487123,26,2023.698692,1.0
-2.368499,18,2024.073411,1.0
-2.915654,50,2025.00234,0.0
-11.382858,50,2026.115233,0.0
-2.214032,38,2026.910549,1.0
-3.047977,50,2027.960028,1.0
-2.65666,32,2028.629432,1.0
-2.14633,17,2028.996992,1.0
-10.990043,50,2030.117254,0.0
-5.091572,45,2031.097322,1.0
-6.44556,50,2032.289693,0.0
-11.852617,50,2040.147885,0.0
-4.059531,50,2041.277049,0.0
-6.322652,50,2042.335759,0.0
-2.168862,23,2042.819981,1.0
-6.262587,50,2043.880952,0.0
-6.679756,50,2044.861899,0.0
-5.106055,50,2045.988282,0.0
-3.23905,40,2046.806837,1.0
-2.230516,17,2047.181402,1.0
-5.687625,50,2048.253181,0.0
-4.450712,19,2048.647046,1.0
-2.089747,40,2049.469851,1.0
-9.401764,50,2050.54511,0.0
-3.277043,50,2057.261977,0.0
-10.08727,50,2058.314344,0.0
-2.013473,31,2058.957585,1.0
-10.362413,50,2060.019267,0.0
-2.071872,40,2060.856501,1.0
-1.493681,41,2061.682146,1.0
-0.383644,7,2061.805733,1.0
-1.782467,35,2062.565965,1.0
-0.709267,10,2062.779114,1.0
-4.942271,50,2063.884177,0.0
-0.637502,13,2064.171993,1.0
-2.295338,50,2065.162956,0.0
-10.667768,50,2066.220403,0.0
-3.708875,25,2066.735422,1.0
-11.170516,50,2073.647419,0.0
-0.724232,10,2073.847048,1.0
-1.397452,15,2074.133314,1.0
-2.802859,17,2074.477242,1.0
-6.529365,50,2075.551304,0.0
-11.643382,50,2076.643242,0.0
-6.082746,50,2078.740289,0.0
-2.783847,22,2079.214998,1.0
-3.099236,22,2079.650868,1.0
-20.084525,50,2080.624097,0.0
-2.250306,50,2081.71418,0.0
-0.565958,8,2081.850674,1.0
-1.589713,29,2082.419836,1.0
-12.757465,50,2083.51978,0.0
-0.839107,8,2083.700627,1.0
-1.91055,45,2084.63939,1.0
-1.465417,29,2090.959016,1.0
-2.171767,46,2092.019707,1.0
-1.603359,11,2092.280416,1.0
-3.336454,42,2093.18777,1.0
-2.115443,22,2093.650109,1.0
-2.586712,19,2094.044073,1.0
-5.520534,50,2095.013226,0.0
-6.127325,50,2096.086284,0.0
-2.237509,14,2096.342783,1.0
-6.416962,50,2097.423579,0.0
-9.261026,50,2098.624587,0.0
-1.610971,29,2099.229542,1.0
-10.982914,50,2100.161049,0.0
-4.52921,50,2101.164991,0.0
-3.855591,39,2107.697549,1.0
-7.817093,50,2108.734234,0.0
-6.37313,24,2109.195654,1.0
-9.757105,50,2110.183333,0.0
-2.474002,39,2110.993963,1.0
-1.26989,27,2111.558045,1.0
-2.314234,28,2112.123311,1.0
-10.151528,50,2113.190728,0.0
-9.073097,50,2114.283167,0.0
-1.485569,37,2114.996772,1.0
-2.621405,26,2115.517713,1.0
-2.833963,31,2116.900086,1.0
-1.336788,30,2117.475302,1.0
-4.02824,50,2124.364956,0.0
-7.460176,50,2125.43581,0.0
-13.906044,50,2126.451173,0.0
-1.850869,24,2126.892804,1.0
-12.33948,50,2127.910186,0.0
-3.872042,50,2129.022182,0.0
-3.288862,50,2130.127858,0.0
-11.146217,50,2131.217394,0.0
-1.502764,8,2131.376221,1.0
-8.441598,50,2132.366172,0.0
-1.772814,17,2132.703904,1.0
-1.324547,31,2133.386745,1.0
-1.376651,24,2133.982453,1.0
-3.31154,39,2134.760018,1.0
-2.241651,31,2141.216716,1.0
-0.46995,10,2141.443248,1.0
-11.915468,50,2142.519583,0.0
-6.226528,38,2143.377596,1.0
-2.100558,42,2144.261293,1.0
-2.651681,34,2144.994236,1.0
-5.447695,50,2146.023537,0.0
-3.474209,18,2146.347534,1.0
-6.345464,50,2147.440948,0.0
-9.753953,50,2148.476686,0.0
-3.888696,41,2149.294521,1.0
-2.322167,19,2149.689022,1.0
-2.375082,17,2150.0316,1.0
-8.317359,50,2151.08181,0.0
-1.671101,33,2157.609115,1.0
-1.911753,50,2158.749457,0.0
-4.489245,27,2159.283726,1.0
-2.765574,27,2159.789124,1.0
-2.428,41,2161.593843,1.0
-11.727371,50,2162.606263,0.0
-5.64592,50,2163.648653,0.0
-2.105017,25,2164.266866,1.0
-1.93269,28,2164.948279,1.0
-10.692475,50,2165.983638,0.0
-1.209328,22,2166.408943,1.0
-1.465593,26,2166.921661,1.0
-1.398171,47,2167.919839,1.0
-8.808207,50,2168.938293,0.0
-3.033072,24,2175.252718,1.0
-1.462401,16,2175.599025,1.0
-4.067558,29,2176.214324,1.0
-3.029569,50,2177.226869,0.0
-9.449576,50,2178.271969,0.0
-2.516245,25,2178.761963,1.0
-5.810071,50,2179.852712,0.0
-3.758411,26,2180.346671,1.0
-4.896949,50,2181.503973,0.0
-5.091788,39,2182.433959,1.0
-4.270996,50,2183.531511,0.0
-5.487802,50,2184.54083,0.0
-2.701017,34,2185.318418,1.0
-1.878197,22,2185.796055,1.0
-11.002153,50,2192.643462,0.0
-1.200492,28,2193.190819,1.0
-2.817002,50,2194.194604,0.0
-4.589348,50,2195.180869,0.0
-9.444393,50,2196.27083,0.0
-3.833289,42,2197.083502,1.0
-6.772753,50,2198.214394,0.0
-3.131855,50,2199.219537,0.0
-6.381263,50,2200.937565,0.0
-0.990092,11,2201.162907,1.0
-7.284715,50,2202.167336,0.0
-2.34913,26,2202.69032,1.0
-11.042306,50,2209.524659,0.0
-11.236157,50,2210.577874,0.0
-7.154506,50,2211.792078,0.0
-3.360314,17,2212.102997,1.0
-6.642905,38,2212.861663,1.0
-3.638841,50,2213.906631,0.0
-10.671282,50,2215.020592,0.0
-11.621151,50,2216.103208,0.0
-2.727645,50,2217.265424,0.0
-10.432475,50,2218.318789,0.0
-5.565898,50,2219.339586,0.0
-2.469405,36,2225.813298,1.0
-4.869865,50,2226.815007,0.0
-5.168536,33,2227.443358,1.0
-3.953586,50,2228.50933,0.0
-4.632227,50,2229.61685,0.0
-5.147409,50,2230.68021,0.0
-6.172687,50,2231.70964,0.0
-5.467845,22,2232.150258,1.0
-2.237868,44,2233.09745,1.0
-9.115897,50,2234.072839,0.0
-2.696879,29,2234.645235,1.0
-7.904719,40,2235.425152,1.0
-5.241327,26,2235.91738,1.0
-2.465343,34,2242.377881,1.0
-5.466853,25,2242.882948,1.0
-9.625868,50,2244.486083,0.0
-3.155683,50,2245.429156,0.0
-6.165366,50,2246.489429,0.0
-7.861719,50,2247.471753,0.0
-4.350012,50,2248.602622,0.0
-1.484837,19,2249.019408,1.0
-3.003594,46,2250.074128,1.0
-2.965898,50,2251.084925,0.0
-5.008795,50,2252.053451,0.0
-7.346232,50,2258.931925,0.0
-4.3381,24,2259.432327,1.0
-4.116337,28,2260.008802,1.0
-3.839403,48,2261.031236,1.0
-4.066661,50,2262.106001,0.0
-2.409231,16,2262.400595,1.0
-0.768249,16,2262.688649,1.0
-2.094369,35,2263.31415,1.0
-8.485337,50,2264.290081,0.0
-1.192356,17,2264.632555,1.0
-11.544715,50,2265.70617,0.0
-1.961646,20,2266.104904,1.0
-8.401426,50,2267.05624,0.0
-5.332463,50,2268.173254,0.0
-4.145165,50,2269.208896,0.0
-11.430315,50,2276.107601,0.0
-19.808102,50,2277.239531,0.0
-4.763055,50,2278.509534,0.0
-3.668671,50,2279.532214,0.0
-11.276781,50,2280.594188,0.0
-2.847128,17,2280.950392,1.0
-3.668354,50,2282.941635,0.0
-2.767825,50,2284.005261,0.0
-6.616779,50,2285.007023,1.0
-1.459347,14,2285.291612,1.0
-4.789238,50,2286.426554,0.0
-7.785528,50,2293.200147,0.0
-0.786285,8,2293.357701,1.0
-2.475119,18,2293.726108,1.0
-4.728901,50,2294.805673,0.0
-6.190201,50,2295.878828,0.0
-6.509173,50,2297.022526,0.0
-6.920365,50,2298.032052,0.0
-7.689893,50,2299.087515,0.0
-2.801474,30,2299.709558,1.0
-11.080072,50,2300.921618,0.0
-10.192253,50,2301.980489,0.0
-8.302887,50,2302.961812,0.0
-2.737882,20,2303.363281,1.0
-13.409176,50,2310.294392,0.0
-6.107726,50,2311.476507,0.0
-13.867928,50,2312.625453,0.0
-2.779608,49,2313.612978,1.0
-5.584534,50,2314.658535,0.0
-7.326771,50,2315.628181,0.0
-3.657738,28,2316.106334,1.0
-0.985673,12,2316.319672,1.0
-6.640101,50,2317.344677,0.0
-2.45333,50,2318.315962,0.0
-5.918783,33,2319.066557,1.0
-5.092198,38,2319.847426,1.0
-10.649701,50,2327.369148,0.0
-8.534745,50,2328.452295,0.0
-2.645781,38,2329.233092,1.0
-2.912277,50,2330.194964,0.0
-0.586926,10,2330.375361,1.0
-10.120542,50,2331.444069,0.0
-4.608045,50,2332.47445,0.0
-1.608718,29,2333.064375,1.0
-9.231958,50,2334.081261,0.0
-5.641446,48,2335.075783,1.0
-5.795753,50,2336.206764,0.0
-4.359714,42,2337.04602,1.0
-4.240002,50,2343.932168,0.0
-11.573825,50,2345.008508,0.0
-2.894109,35,2345.743345,1.0
-1.289684,39,2346.536574,1.0
-5.94521,50,2347.576707,0.0
-4.82663,50,2348.704978,0.0
-2.646125,50,2349.773635,0.0
-23.117393,50,2350.820064,0.0
-5.372828,50,2351.907542,0.0
-8.008994,50,2352.984973,0.0
-12.342803,50,2354.082175,0.0
-6.808715,29,2360.52809,1.0
-3.871174,30,2361.105933,1.0
-1.145528,22,2361.499782,1.0
-2.542724,27,2362.000353,1.0
-3.985149,50,2362.999125,0.0
-2.442231,50,2363.931409,0.0
-2.688317,29,2364.518624,1.0
-9.44919,50,2366.254525,0.0
-55.098041,50,2367.228526,0.0
-2.642191,15,2367.511468,1.0
-1.446971,22,2367.919592,1.0
-7.276886,50,2368.960113,0.0
-3.653771,50,2370.057291,0.0
-4.722054,50,2376.882322,0.0
-9.050913,50,2377.888292,0.0
-6.967453,50,2379.021532,0.0
-0.811454,8,2379.188753,1.0
-2.434277,50,2380.240165,0.0
-4.891109,50,2381.240438,0.0
-4.199997,50,2382.231359,0.0
-3.729084,27,2382.808689,1.0
-19.020213,50,2383.785949,0.0
-10.489556,50,2384.879601,0.0
-4.432725,28,2385.429663,1.0
-6.597747,50,2386.478822,0.0
-4.977862,24,2386.990651,1.0
-6.697954,34,2393.473094,1.0
-1.074242,28,2394.061108,1.0
-7.642593,50,2395.03997,0.0
-3.71209,45,2395.914919,1.0
-8.326205,50,2396.965136,0.0
-0.219558,5,2397.077756,1.0
-53.606132,50,2398.129583,0.0
-7.391596,50,2399.153425,0.0
-1.722924,15,2399.47162,1.0
-9.318142,50,2400.604364,0.0
-4.312723,38,2401.347322,1.0
-8.61668,50,2402.378828,0.0
-5.424376,38,2403.861678,1.0
-3.776577,50,2410.714613,0.0
-10.633417,50,2411.683956,0.0
-11.100168,50,2412.840443,0.0
-1.125089,21,2413.277408,1.0
-3.4304,23,2413.723,1.0
-1.958077,50,2414.683537,0.0
-2.913386,20,2415.098238,1.0
-4.988835,36,2415.816207,1.0
-1.89982,16,2416.15596,1.0
-2.429513,36,2416.885442,1.0
-3.090042,36,2417.705168,1.0
-2.443531,24,2418.203617,1.0
-2.670239,43,2419.101182,1.0
-3.077188,20,2419.4907,1.0
-4.266708,23,2419.976503,1.0
-0.108314,4,2420.063519,1.0
-3.499981,27,2420.658978,1.0
-0.75051,22,2426.906475,1.0
-8.696811,50,2428.009391,0.0
-10.54483,50,2429.063987,0.0
-4.061388,50,2430.168982,0.0
-10.240888,50,2431.189433,0.0
-2.672709,22,2431.625297,1.0
-4.48254,50,2432.785542,0.0
-6.452289,31,2433.406926,1.0
-10.729822,50,2434.404548,0.0
-3.745314,50,2435.634928,0.0
-4.389382,20,2436.056184,1.0
-6.563584,50,2437.085008,0.0
-1.710572,50,2443.869563,0.0
-4.467465,50,2445.009161,0.0
-2.606732,28,2445.610405,1.0
-1.798916,31,2446.236771,1.0
-2.036638,24,2446.747411,1.0
-5.11322,50,2448.67974,0.0
-7.685902,40,2449.477576,1.0
-1.419885,17,2449.841698,1.0
-3.438626,26,2450.37482,1.0
-1.751761,50,2451.382358,0.0
-4.795241,35,2452.061685,1.0
-3.737286,50,2453.204069,0.0
-1.719435,50,2454.203153,0.0
-4.497661,31,2454.886232,1.0
-1.345097,17,2461.020473,1.0
-0.910437,18,2461.369359,1.0
-2.242452,38,2462.150927,1.0
-4.982656,50,2463.22316,0.0
-1.61551,14,2463.559461,1.0
-5.343527,50,2464.640379,0.0
-1.436501,20,2465.017221,1.0
-3.251247,50,2466.016361,0.0
-7.571405,50,2467.161497,0.0
-3.570578,27,2467.684376,1.0
-1.286213,15,2467.978329,1.0
-10.31055,50,2468.950751,0.0
-12.299905,50,2469.943715,0.0
-3.796338,50,2470.998019,0.0
-1.657383,21,2477.214815,1.0
-1.991818,19,2477.573883,1.0
-4.891514,50,2478.71203,0.0
-3.411294,50,2479.770681,0.0
-2.723485,35,2480.508464,1.0
-2.841937,29,2481.099486,1.0
-5.547694,50,2482.141805,0.0
-7.652126,50,2483.259486,0.0
-0.26709,11,2483.488478,1.0
-3.28966,35,2484.210995,1.0
-66.601238,50,2485.197167,0.0
-1.724605,24,2485.720453,1.0
-1.759367,21,2486.967809,1.0
-3.329607,50,2488.079055,0.0
-5.575156,50,2495.015052,0.0
-9.718348,36,2495.747622,1.0
-1.937076,50,2496.752123,0.0
-2.71997,50,2497.81713,0.0
-3.240216,26,2498.456853,1.0
-1.962631,25,2499.050492,1.0
-0.275339,4,2499.130619,1.0
-1.658212,44,2500.060918,1.0
-1.906146,23,2500.519955,1.0
-4.396831,50,2501.560799,0.0
-6.308194,30,2502.139335,1.0
-3.157329,50,2503.218315,0.0
-7.692073,50,2504.155275,0.0
-2.618,50,2505.276284,0.0
-2.705521,26,2511.626957,1.0
-2.354573,50,2512.637403,0.0
-2.309804,50,2513.73069,0.0
-11.230846,50,2514.856663,0.0
-6.539625,50,2515.866051,0.0
-2.559124,20,2516.306924,1.0
-2.542562,29,2517.007318,1.0
-1.830518,20,2517.449815,1.0
-4.486531,50,2518.58358,0.0
-1.2632,23,2519.114355,1.0
-0.80177,24,2519.706608,1.0
-3.59768,25,2520.264706,1.0
-2.605983,17,2520.611229,1.0
-1.242042,22,2521.048024,1.0
-2.639203,50,2522.011243,0.0
-3.11818,50,2528.937332,0.0
-6.134287,39,2529.676506,1.0
-17.661632,50,2530.706892,0.0
-3.004269,50,2532.725465,0.0
-4.937691,50,2533.791881,0.0
-1.070076,18,2534.145249,1.0
-10.632589,37,2534.888003,1.0
-1.040763,23,2535.346896,1.0
-6.650609,50,2536.444272,0.0
-11.531277,50,2537.543738,0.0
-10.674816,50,2538.580522,0.0
-3.107335,49,2539.522301,1.0
-16.084622,50,2546.363999,0.0
-3.445848,44,2547.317019,1.0
-3.408303,50,2548.405715,0.0
-1.409852,21,2548.863346,1.0
-4.839888,50,2549.892982,0.0
-4.191234,23,2550.427279,1.0
-2.881707,20,2550.856733,1.0
-1.451545,38,2551.627959,1.0
-1.711985,11,2551.855624,1.0
-3.615137,50,2552.952581,0.0
-5.820374,50,2554.021693,0.0
-3.782429,50,2555.024769,0.0
-9.597883,50,2556.116307,0.0
-5.115256,50,2562.866806,0.0
-4.2124,28,2563.513785,1.0
-1.970426,14,2563.830793,1.0
-5.414916,42,2564.721325,1.0
-20.733458,50,2565.781862,0.0
-5.94856,43,2566.623568,1.0
-6.991045,50,2567.632891,0.0
-20.790243,50,2568.69942,0.0
-8.150069,50,2570.447793,0.0
-3.156222,50,2571.507248,0.0
-4.589993,24,2571.999406,1.0
-21.259917,50,2573.060861,0.0
-4.26168,50,2579.892689,0.0
-0.737538,19,2580.261439,1.0
-3.483893,50,2581.356422,0.0
-9.852486,50,2582.443344,0.0
-2.545349,26,2582.976638,1.0
-5.641556,50,2584.137595,0.0
-3.724431,50,2585.169257,0.0
-11.641008,50,2586.271542,0.0
-8.694515,50,2587.46358,0.0
-2.693413,16,2587.796343,1.0
-1.544686,15,2588.114304,1.0
-1.681828,33,2588.810718,1.0
-3.647825,50,2589.962954,0.0
-2.514971,50,2596.894684,0.0
-5.882385,50,2597.922811,0.0
-5.095364,50,2598.91487,0.0
-3.995053,50,2599.984526,1.0
-10.678979,50,2601.04773,0.0
-3.520565,50,2602.143466,0.0
-8.983728,50,2603.267316,0.0
-3.991585,34,2604.02798,1.0
-2.381843,25,2604.564377,1.0
-8.819351,49,2605.57284,1.0
-9.490987,50,2606.530556,0.0
-23.462488,50,2613.332637,0.0
-7.884845,50,2614.437647,0.0
-1.576723,50,2616.281821,1.0
-5.522259,50,2617.353027,0.0
-10.547765,50,2618.366214,0.0
-1.796057,9,2618.554006,1.0
-1.527347,14,2618.84358,1.0
-1.155866,18,2619.195627,1.0
-13.042664,50,2620.16913,0.0
-11.82172,50,2621.241354,0.0
-1.428721,46,2622.195945,1.0
-2.336539,25,2622.70538,1.0
-6.627892,50,2623.812328,0.0
-2.384801,50,2630.620123,0.0
-4.437936,50,2631.771023,0.0
-5.748661,50,2632.845851,0.0
-11.471451,50,2633.852275,0.0
-3.599923,25,2634.380717,1.0
-3.07994,30,2634.964043,1.0
-0.732405,14,2635.231824,1.0
-2.270505,16,2635.532396,1.0
-11.593095,50,2636.535408,0.0
-1.526633,21,2636.945542,1.0
-4.53147,50,2637.981241,0.0
-0.960402,26,2638.483701,1.0
-4.828946,50,2639.485976,0.0
-0.955763,16,2639.817579,1.0
-1.98585,50,2646.684388,0.0
-2.900541,24,2647.154375,1.0
-2.794382,25,2647.703676,1.0
-2.14105,50,2648.731941,0.0
-3.938529,50,2649.811137,0.0
-6.98679,50,2650.935209,0.0
-5.155654,50,2651.967058,0.0
-2.689174,19,2652.316783,1.0
-2.695805,17,2652.641204,1.0
-5.432416,35,2654.130583,1.0
-1.471534,25,2654.633453,1.0
-4.700012,50,2655.634954,0.0
-2.828099,40,2656.444111,1.0
-1.302128,10,2656.627706,1.0
-2.100187,50,2657.664425,0.0
-2.539213,31,2664.121808,1.0
-1.020681,23,2664.531545,1.0
-1.813466,22,2664.931397,1.0
-2.244307,44,2665.821048,1.0
-4.221208,28,2666.416688,1.0
-5.006729,19,2666.814646,1.0
-2.694251,50,2667.861255,0.0
-4.087179,20,2668.288456,1.0
-4.109006,50,2669.379302,0.0
-1.893569,36,2670.225268,1.0
-4.560013,50,2671.18821,0.0
-3.898111,50,2672.220055,0.0
-2.614003,31,2672.88463,1.0
-4.085256,50,2673.938755,0.0
-4.842152,50,2680.852483,0.0
-13.150432,50,2682.016439,0.0
-6.675188,50,2683.098099,0.0
-1.575555,44,2683.931211,1.0
-0.828418,14,2684.231933,1.0
-6.981743,44,2685.117594,1.0
-4.762597,31,2685.707524,1.0
-3.093749,50,2686.67885,0.0
-7.846028,50,2687.597927,0.0
-1.374783,24,2688.059228,1.0
-2.097005,36,2688.797881,1.0
-5.011168,50,2689.838049,0.0
-10.181859,50,2696.687343,0.0
-3.388938,32,2698.246791,1.0
-5.269288,50,2699.264265,0.0
-0.795175,13,2699.544019,1.0
-2.005062,27,2700.071439,1.0
-4.756194,50,2701.046238,0.0
-8.472949,50,2702.098511,0.0
-2.159835,18,2702.428461,1.0
-1.694931,27,2702.951377,1.0
-2.192216,21,2703.404844,1.0
-2.871429,20,2703.844451,1.0
-5.031742,50,2704.856148,0.0
-4.405012,50,2705.823983,0.0
-0.610921,12,2706.069699,1.0
-5.026808,50,2707.035362,0.0
-2.258444,10,2707.252635,1.0
-1.248162,20,2707.654088,1.0
-2.402903,50,2714.427193,0.0
-4.289821,19,2714.771019,1.0
-4.258622,50,2715.766671,0.0
-7.209758,50,2716.816172,0.0
-7.568619,50,2717.869768,0.0
-8.382249,50,2718.921803,0.0
-1.40427,17,2719.264703,1.0
-2.473807,23,2719.722306,1.0
-3.839796,46,2720.584785,1.0
-9.925258,50,2721.601709,0.0
-12.477409,50,2722.643369,0.0
-1.951719,30,2723.322767,1.0
-4.678723,13,2723.590053,1.0
-6.325061,50,2730.427215,0.0
-9.398936,50,2731.518976,0.0
-0.702226,8,2731.673869,1.0
-2.537042,19,2732.070937,1.0
-4.643823,50,2733.198399,0.0
-1.471775,20,2733.685599,1.0
-0.735004,17,2734.093102,1.0
-4.06197,48,2735.513622,1.0
-1.384121,46,2736.422976,1.0
-3.348499,35,2737.136984,1.0
-2.046645,37,2737.921029,1.0
-2.563451,33,2738.635938,1.0
-2.335396,24,2739.136816,1.0
-7.11866,50,2740.128345,0.0
-4.006465,50,2747.00738,0.0
-2.922881,42,2747.915068,1.0
-15.847902,50,2748.93975,0.0
-1.620016,27,2749.577677,1.0
-2.009151,33,2750.353035,1.0
-2.731192,50,2751.381999,0.0
-20.39395,50,2752.428502,0.0
-4.172182,38,2753.287884,1.0
-13.223292,50,2754.45392,0.0
-15.573921,50,2755.602537,0.0
-6.233482,35,2756.338171,1.0
-3.21157,36,2757.133889,1.0
-2.358074,50,2764.004638,0.0
-2.55856,16,2764.294809,1.0
-11.996527,50,2765.310764,0.0
-12.010121,50,2766.377241,0.0
-6.597869,50,2767.491284,0.0
-3.662152,40,2768.311624,1.0
-3.291038,17,2768.651138,1.0
-11.400741,50,2769.701154,0.0
-8.256229,50,2770.840064,0.0
-5.870667,47,2771.788404,1.0
-11.641179,50,2772.838176,0.0
-1.566976,40,2774.296829,1.0
-4.529023,42,2775.154783,1.0
-10.5595,50,2781.989844,0.0
-13.320749,50,2783.107101,0.0
-1.68319,34,2783.774134,1.0
-3.901954,27,2784.314922,1.0
-3.21508,50,2785.35721,0.0
-5.920908,50,2786.594663,0.0
-3.855755,50,2787.564286,0.0
-20.194144,50,2788.551135,0.0
-3.717659,29,2789.17405,1.0
-4.943233,50,2790.273962,0.0
-18.515346,50,2791.415475,0.0
-8.77256,39,2798.020742,1.0
-3.957555,50,2799.180878,0.0
-0.856728,12,2799.422334,1.0
-9.158868,50,2800.515328,0.0
-8.095895,50,2801.523267,0.0
-2.119315,32,2802.224504,1.0
-4.350423,50,2803.367368,0.0
-4.803834,50,2804.427006,0.0
-3.062458,50,2805.521971,0.0
-11.770482,50,2806.620343,0.0
-5.890113,50,2807.622246,0.0
-2.926379,42,2808.509916,1.0
-11.290154,50,2815.532739,0.0
-19.091497,50,2816.592538,0.0
-2.260843,50,2817.62301,0.0
-2.6216,18,2818.037453,1.0
-2.430533,50,2819.914934,0.0
-1.239246,40,2820.704186,1.0
-11.49384,50,2821.839502,0.0
-2.807019,50,2822.901039,0.0
-5.547867,50,2823.958827,0.0
-4.800589,36,2824.70562,1.0
-8.54232,50,2825.78431,0.0
-4.017659,50,2832.63731,0.0
-9.413449,50,2833.71923,0.0
-4.090933,50,2834.759817,0.0
-4.40187,50,2835.775053,0.0
-6.156203,50,2836.808625,0.0
-1.841179,18,2837.17564,1.0
-4.751008,34,2837.84834,1.0
-11.501394,50,2838.911612,0.0
-5.271478,50,2839.95235,0.0
-9.329877,50,2841.040298,0.0
-7.492455,50,2842.125371,0.0
-2.191693,22,2842.560527,1.0
-0.324056,8,2842.723623,1.0
-1.401584,21,2848.993418,1.0
-0.911203,31,2849.674439,1.0
-7.798419,50,2850.737592,0.0
-9.934672,50,2851.798245,0.0
-6.67812,48,2852.833469,1.0
-5.623767,32,2853.457618,1.0
-5.336725,50,2854.485542,0.0
-6.144865,50,2855.551391,0.0
-0.871238,17,2855.935645,1.0
-6.912485,50,2856.992701,0.0
-4.671453,36,2858.462983,1.0
-0.423307,14,2858.801062,1.0
-5.896283,50,2859.908416,0.0
-8.250587,50,2866.728669,0.0
-1.387296,19,2867.116357,1.0
-1.245249,19,2867.4815,1.0
-5.723842,50,2868.423243,0.0
-0.662722,13,2868.701699,1.0
-3.449509,14,2869.048086,1.0
-3.717125,37,2869.925569,1.0
-1.599943,21,2870.345126,1.0
-3.972388,50,2871.367538,0.0
-5.259935,30,2871.975551,1.0
-1.889303,11,2872.184181,1.0
-5.759293,50,2873.282741,0.0
-2.600624,30,2873.924404,1.0
-4.642028,50,2875.03709,0.0
-7.201646,50,2876.097147,0.0
-5.503731,50,2882.881808,0.0
-3.572362,50,2883.864399,0.0
-10.989854,50,2884.96325,0.0
-1.168919,11,2885.191869,1.0
-3.747437,49,2886.165008,1.0
-0.631207,11,2886.38606,1.0
-2.16811,28,2886.911918,1.0
-2.646724,50,2887.920559,0.0
-19.967453,50,2889.02393,0.0
-2.262971,50,2890.116669,0.0
-2.487836,35,2890.811892,1.0
-5.85066,50,2891.767346,0.0
-1.818454,38,2892.547583,1.0
-7.045855,50,2899.491493,0.0
-3.328108,31,2900.14925,1.0
-3.298436,33,2900.830264,1.0
-0.768989,12,2901.051992,1.0
-1.809729,35,2902.458287,1.0
-3.004918,32,2903.099728,1.0
-48.20566,50,2904.081289,0.0
-4.044821,21,2904.528543,1.0
-3.616088,31,2905.158364,1.0
-1.28497,28,2905.70229,1.0
-1.776733,26,2906.208754,1.0
-5.423893,29,2906.752528,1.0
-4.334751,50,2907.78339,0.0
-4.400273,50,2908.826595,0.0
-3.798691,27,2909.389766,1.0
-4.382474,33,2910.136532,1.0
-1.186473,26,2916.512083,1.0
-11.908983,50,2917.688876,0.0
-1.574882,23,2918.143286,1.0
-3.079406,29,2918.709809,1.0
-2.599994,27,2919.224571,1.0
-5.523132,50,2920.224281,0.0
-3.489986,26,2920.743936,1.0
-4.470011,50,2921.832284,0.0
-27.767732,50,2922.905092,0.0
-2.635106,50,2923.949089,0.0
-3.888022,50,2925.058085,0.0
-13.77671,50,2926.260028,0.0
-2.842899,47,2933.046865,1.0
-3.366159,26,2933.585009,1.0
-3.877972,42,2934.415852,1.0
-4.162475,46,2935.346016,1.0
-4.42308,30,2935.983703,1.0
-3.119507,38,2936.765693,1.0
-12.044011,50,2937.818483,0.0
-4.196777,50,2938.904577,0.0
-13.039952,50,2940.825129,0.0
-5.205673,33,2941.508642,1.0
-4.673064,49,2942.453848,1.0
-7.968215,50,2943.472794,0.0
-3.5428,18,2943.883404,1.0
-3.624238,26,2950.158874,1.0
-1.356585,27,2950.721572,1.0
-0.740976,19,2951.152306,1.0
-3.105257,31,2951.834112,1.0
-10.290246,50,2952.982885,0.0
-2.386232,25,2953.499778,1.0
-7.510902,50,2954.552732,0.0
-2.997359,45,2955.517514,1.0
-2.547522,50,2956.457022,1.0
-3.041133,35,2957.244148,1.0
-1.899278,36,2957.924189,1.0
-0.969755,31,2958.644158,1.0
-3.317523,20,2959.068044,1.0
-2.859505,50,2960.037192,0.0
-19.41688,50,2966.846776,0.0
-2.612842,21,2967.250544,1.0
-11.210895,50,2968.350679,0.0
-1.745663,16,2968.702336,1.0
-2.83029,34,2969.437481,1.0
-2.332213,24,2969.918194,1.0
-8.370381,30,2970.492656,1.0
-5.570816,50,2971.544145,0.0
-1.27387,24,2972.085297,1.0
-0.128955,5,2972.19699,1.0
-10.704974,50,2973.261406,0.0
-6.533393,50,2974.325372,0.0
-2.090837,34,2975.034598,1.0
-5.285813,33,2975.731338,1.0
-3.741299,50,2976.752295,0.0
-10.859471,50,2983.594266,0.0
-6.329746,39,2985.377349,1.0
-3.020569,49,2986.387081,1.0
-3.984893,27,2986.95277,1.0
-1.971724,19,2987.34111,1.0
-3.336854,32,2987.941385,1.0
-4.04736,35,2988.58543,1.0
-10.436246,50,2989.636032,0.0
-13.355336,50,2990.7331,0.0
-4.374949,41,2991.63361,1.0
-8.177595,50,2992.729452,0.0
-4.237309,36,2993.50822,1.0
-6.924527,50,2994.594877,0.0
-9.284132,50,3001.634919,0.0
-10.846961,50,3002.792671,0.0
-4.971236,40,3003.619328,1.0
-5.121668,50,3004.721196,0.0
-13.887709,50,3005.876701,0.0
-2.208735,32,3006.529115,1.0
-10.721067,50,3007.663803,0.0
-16.746331,50,3008.82809,0.0
-2.472484,17,3009.194027,1.0
-2.678599,18,3009.539963,1.0
-5.676159,21,3009.962041,1.0
-5.220011,50,3010.994944,0.0
-2.185055,27,3011.564701,1.0
-8.634443,50,3018.521238,0.0
-1.355213,30,3019.186058,1.0
-6.020143,50,3020.354324,0.0
-12.009279,50,3021.338028,0.0
-1.612031,44,3022.249065,1.0
-10.061349,50,3023.310334,0.0
-3.172688,20,3023.761751,1.0
-2.200491,21,3024.769055,1.0
-11.984179,50,3025.867617,0.0
-2.028759,50,3026.854939,0.0
-4.191857,27,3027.367491,1.0
-6.372811,50,3028.405013,0.0
-1.413317,50,3035.27901,0.0
-5.126952,28,3035.892818,1.0
-4.892922,36,3036.691531,1.0
-2.476104,30,3037.263533,1.0
-3.214881,21,3037.689566,1.0
-6.687449,50,3038.709782,0.0
-8.403257,50,3039.716561,0.0
-2.92864,17,3040.041978,1.0
-1.080258,16,3040.357099,1.0
-8.208298,50,3041.50406,0.0
-1.459937,20,3041.950155,1.0
-1.044318,19,3042.377902,1.0
-4.050599,50,3043.428642,0.0
-3.007242,23,3043.870652,1.0
-5.476648,50,3044.945887,0.0
-8.228771,50,3051.821916,0.0
-2.382919,28,3052.374161,1.0
-8.410828,50,3053.355213,0.0
-1.811878,28,3053.891195,1.0
-10.524279,50,3054.90558,0.0
-3.179044,48,3055.985213,1.0
-4.27924,50,3057.068868,0.0
-1.873828,31,3057.703939,1.0
-4.058704,49,3058.710075,1.0
-2.76169,40,3059.558728,1.0
-3.35675,50,3060.591415,0.0
-2.061713,50,3061.537971,0.0
-7.209209,50,3069.022179,0.0
-4.370304,50,3070.078306,0.0
-8.332398,50,3071.158499,0.0
-1.29701,28,3071.778196,1.0
-8.669599,50,3072.876224,0.0
-1.464179,17,3073.235843,1.0
-2.861108,15,3073.563543,1.0
-3.85854,29,3074.217887,1.0
-12.203538,50,3075.264527,0.0
-4.580589,41,3076.171272,1.0
-2.982569,24,3076.682061,1.0
-2.175513,19,3077.062762,1.0
-6.037393,26,3077.646859,1.0
-5.448256,50,3078.74781,0.0
-0.422151,12,3078.976087,1.0
-1.278062,27,3079.558561,1.0
-1.341197,23,3085.863811,1.0
-3.793541,50,3086.926229,0.0
-3.310546,22,3087.415091,1.0
-2.072441,36,3088.107455,1.0
-0.686069,6,3088.227422,1.0
-2.947567,14,3088.485844,1.0
-2.781112,50,3089.446925,1.0
-2.965522,50,3090.57091,0.0
-2.022363,46,3091.505644,1.0
-3.308422,30,3092.108696,1.0
-7.153717,50,3093.160032,0.0
-9.026806,50,3094.217054,0.0
-2.51301,27,3094.754342,1.0
-5.48797,41,3095.520373,1.0
-2.659212,50,3102.36197,0.0
-0.40105,8,3102.51787,1.0
-4.887009,50,3103.524551,0.0
-6.55965,50,3104.581029,0.0
-6.463457,32,3105.188235,1.0
-0.594672,16,3105.507626,1.0
-1.814345,38,3107.187118,1.0
-1.665609,19,3107.573651,1.0
-6.051289,50,3108.695888,0.0
-1.939209,50,3109.73808,0.0
-3.512329,25,3110.223074,1.0
-11.25788,50,3111.218527,0.0
-3.632787,30,3111.798388,1.0
-12.736434,50,3112.771564,0.0
-2.503449,23,3119.045046,1.0
-9.026666,50,3120.171586,0.0
-9.179464,50,3121.246652,0.0
-11.649195,50,3122.390032,0.0
-5.147767,24,3122.920539,1.0
-7.650066,50,3124.02274,0.0
-3.101487,50,3125.189108,0.0
-1.875959,42,3126.038806,1.0
-7.086942,28,3126.593502,1.0
-3.021692,20,3127.020208,1.0
-4.932392,46,3128.152806,1.0
-7.235776,50,3129.233588,0.0
-0.673743,19,3129.633968,1.0
-5.060456,41,3136.364904,1.0
-4.30689,50,3137.376643,0.0
-4.622358,50,3138.312833,0.0
-8.472708,50,3139.354617,0.0
-5.325156,50,3140.416557,0.0
-1.63451,10,3140.618093,1.0
-2.610602,47,3141.580738,1.0
-1.915336,50,3142.579253,0.0
-5.322262,50,3143.582345,0.0
-0.880804,16,3143.92442,1.0
-0.925373,25,3144.448384,1.0
-5.043827,50,3146.286742,0.0
-2.191889,27,3146.832563,1.0
-2.016495,21,3147.311088,1.0
-2.558977,31,3153.765068,1.0
-4.413546,22,3154.196211,1.0
-4.976364,50,3155.236289,0.0
-4.426101,50,3156.329618,0.0
-5.649849,44,3157.241955,1.0
-3.589171,50,3158.32254,0.0
-8.031433,50,3159.464278,0.0
-2.54757,11,3159.66723,1.0
-5.372541,41,3160.454974,1.0
-2.134305,33,3161.234098,1.0
-10.723298,50,3162.352829,0.0
-1.757754,19,3162.745098,1.0
-2.834294,37,3163.543587,1.0
-3.640481,49,3170.430283,1.0
-22.931582,50,3171.475185,0.0
-4.204741,33,3172.208588,1.0
-2.641772,13,3172.483578,1.0
-0.836118,17,3172.824685,1.0
-1.208336,28,3173.38811,1.0
-6.365455,50,3174.64482,0.0
-6.300312,21,3175.098677,1.0
-2.915747,50,3176.222653,0.0
-2.602858,22,3176.68058,1.0
-0.762901,9,3176.871335,1.0
-5.314788,50,3177.972542,0.0
-2.64524,50,3179.133566,0.0
-4.290662,30,3179.704726,1.0
-2.438491,36,3180.42162,1.0
-4.72512,50,3187.279506,0.0
-12.437611,50,3188.492337,0.0
-10.295506,50,3189.640019,0.0
-4.871535,50,3191.57584,0.0
-14.792001,50,3192.79682,0.0
-3.326023,50,3193.92985,0.0
-10.298131,50,3194.959823,0.0
-2.30969,50,3196.015347,0.0
-3.554894,50,3197.037396,0.0
-1.382597,13,3197.335685,1.0
-1.393167,17,3197.70274,1.0
-5.06389,50,3198.755243,0.0
-2.062391,15,3204.86062,1.0
-9.165604,50,3205.869199,0.0
-3.942792,33,3206.540948,1.0
-1.08099,26,3207.075564,1.0
-3.80138,19,3207.456215,1.0
-2.137853,29,3208.075363,1.0
-11.444745,50,3209.109261,0.0
-7.247447,50,3210.303894,0.0
-6.666525,33,3210.97319,1.0
-3.482642,14,3211.2574,1.0
-2.414945,26,3211.790725,1.0
-4.263802,41,3212.75274,1.0
-3.114548,50,3213.74762,0.0
-1.873306,18,3214.079396,1.0
-4.098398,29,3214.630723,1.0
-2.579764,50,3221.475387,0.0
-4.252427,50,3222.532162,0.0
-4.519886,50,3223.569975,0.0
-3.30965,35,3224.30582,1.0
-7.474226,50,3225.329844,0.0
-2.863223,50,3226.348867,0.0
-11.310672,50,3227.404646,0.0
-1.007821,25,3227.933328,1.0
-1.37626,50,3228.933891,0.0
-3.783582,25,3230.137353,1.0
-11.330124,50,3231.135821,0.0
-4.614999,50,3232.188017,0.0
-6.364879,42,3238.859456,1.0
-3.514028,30,3239.482053,1.0
-10.61094,50,3240.527748,0.0
-12.061548,50,3241.676721,0.0
-3.396023,50,3242.773324,0.0
-1.17318,18,3243.11253,1.0
-9.775208,50,3244.245522,0.0
-1.919636,32,3244.853397,1.0
-2.786892,50,3245.831996,0.0
-1.7463,15,3246.125868,1.0
-6.485418,50,3247.187507,0.0
-1.269666,16,3247.495013,1.0
-1.338956,28,3248.036129,1.0
-1.613265,40,3248.832236,1.0
-1.598255,30,3255.283828,1.0
-2.908026,44,3256.203755,1.0
-1.975395,40,3256.973531,1.0
-1.875982,50,3257.959063,0.0
-2.831886,50,3259.033216,0.0
-2.718749,43,3260.00201,1.0
-9.200999,50,3261.122027,0.0
-5.216546,50,3262.230911,0.0
-1.071539,36,3263.031421,1.0
-7.138178,50,3264.014326,0.0
-0.677775,20,3264.395605,1.0
-2.691174,48,3265.345885,1.0
-8.990591,50,3272.212701,0.0
-2.740204,50,3273.18769,0.0
-1.956531,20,3274.093108,1.0
-2.717284,28,3274.683462,1.0
-3.986844,17,3275.059703,1.0
-10.611463,50,3276.197392,0.0
-14.024393,50,3277.322683,0.0
-4.470316,50,3278.286903,0.0
-14.570547,50,3279.304003,0.0
-4.798799,50,3280.328431,0.0
-8.377042,50,3281.559695,0.0
-6.528439,50,3282.726435,0.0
-3.829605,40,3289.302939,1.0
-1.464456,25,3289.831321,1.0
-2.184679,24,3290.332001,1.0
-2.831781,31,3291.004975,1.0
-5.888357,50,3292.083435,0.0
-0.838165,15,3292.370558,1.0
-3.442683,49,3293.427909,1.0
-5.55803,50,3294.550017,0.0
-2.070933,25,3295.128519,1.0
-1.72384,16,3295.463084,1.0
-12.401414,50,3296.492347,0.0
-1.024948,22,3296.897568,1.0
-4.93163,50,3297.925709,0.0
-3.002657,34,3298.542243,1.0
-2.289119,23,3299.01637,1.0
-1.517623,25,3305.328191,1.0
-18.948747,50,3306.424978,0.0
-3.931478,50,3307.533896,0.0
-5.963572,50,3308.592883,0.0
-5.080671,50,3309.639288,0.0
-3.483147,50,3310.714044,0.0
-1.510653,23,3311.205748,1.0
-3.155614,50,3313.156845,0.0
-4.19056,48,3314.06707,1.0
-8.831755,27,3314.639676,1.0
-1.771734,33,3315.340067,1.0
-13.878849,50,3316.385811,0.0
-2.836747,37,3322.893588,1.0
-1.272177,7,3323.022314,1.0
-1.563203,45,3324.026869,1.0
-3.448821,30,3324.709424,1.0
-10.556221,50,3325.84796,0.0
-3.808354,50,3326.922234,0.0
-5.221699,50,3328.062976,0.0
-6.218909,50,3329.324978,0.0
-12.258388,50,3330.429139,0.0
-0.745998,16,3330.76734,1.0
-1.730643,37,3331.523576,1.0
-0.680031,14,3331.788699,1.0
-6.000369,39,3332.579062,1.0
-2.146189,29,3333.214607,1.0
-2.677039,43,3339.937723,1.0
-1.383131,9,3340.143625,1.0
-10.225209,50,3341.195081,0.0
-3.546248,29,3341.804816,1.0
-2.613075,30,3342.44047,1.0
-4.81417,50,3343.431763,0.0
-3.040974,50,3344.547238,0.0
-12.458456,50,3345.667173,0.0
-5.426327,22,3346.119987,1.0
-3.356205,28,3346.725417,1.0
-2.249609,50,3347.778758,0.0
-4.821081,50,3348.830219,0.0
-1.33139,10,3349.028995,1.0
-14.254918,50,3350.105328,0.0
-2.217068,50,3356.953807,0.0
-5.255412,50,3358.521427,0.0
-1.518259,23,3358.992351,1.0
-5.247467,25,3359.597624,1.0
-1.5542,50,3360.731213,0.0
-3.558556,50,3361.843422,1.0
-10.628448,50,3362.893595,0.0
-3.535048,33,3363.554448,1.0
-4.275904,40,3364.427182,1.0
-4.737032,50,3365.428605,0.0
-2.908709,23,3365.926332,1.0
-1.726473,18,3366.36953,1.0
-3.058193,26,3367.004228,1.0
-2.190542,18,3367.403227,1.0
-19.034363,50,3374.251432,0.0
-6.659814,44,3375.245874,1.0
-3.992332,50,3376.298126,0.0
-3.835918,20,3376.751351,1.0
-6.924288,31,3377.426611,1.0
-2.529165,50,3378.398052,0.0
-3.400531,50,3379.422137,0.0
-3.209088,22,3379.908153,1.0
-3.40582,50,3380.964389,0.0
-8.656398,50,3382.10032,0.0
-0.487542,10,3382.330204,1.0
-4.440118,50,3383.349129,0.0
-3.410987,37,3384.133422,1.0
-2.181817,14,3384.424608,1.0
-10.941691,50,3391.280387,0.0
-6.579018,39,3392.125034,1.0
-3.585059,19,3392.5863,1.0
-4.798065,49,3393.65147,1.0
-4.363395,50,3394.627437,0.0
-9.861007,50,3395.637801,0.0
-4.826433,50,3397.522412,0.0
-0.810525,8,3397.720215,1.0
-1.530202,50,3398.819115,0.0
-3.859247,50,3399.849353,0.0
-2.15998,17,3400.191568,1.0
-0.590631,20,3400.638859,1.0
-3.181225,50,3401.692019,0.0
-2.232782,28,3407.961924,1.0
-5.445425,50,3409.155648,0.0
-10.886676,50,3410.249536,0.0
-2.985857,30,3410.90644,1.0
-1.946392,50,3412.011321,0.0
-12.249387,50,3413.135926,0.0
-4.742328,33,3413.818648,1.0
-5.348769,50,3414.863147,0.0
-15.414089,50,3416.059774,0.0
-0.846227,24,3416.59057,1.0
-4.133957,50,3417.604797,0.0
-2.56571,22,3418.074202,1.0
-0.278076,10,3418.284526,1.0
-4.065286,50,3425.087567,0.0
-8.17771,50,3426.126256,0.0
-9.093735,50,3427.248593,0.0
-10.869739,50,3428.415573,0.0
-10.400918,50,3429.620508,0.0
-10.543839,50,3430.645399,0.0
-3.722804,24,3431.085429,1.0
-2.349947,42,3431.875401,1.0
-12.050327,50,3433.039119,0.0
-6.262351,50,3434.122196,0.0
-0.816111,21,3434.600195,1.0
-2.243028,33,3435.350253,1.0
-2.900269,41,3442.975997,1.0
-2.343376,50,3444.09941,0.0
-2.828653,50,3445.114863,0.0
-5.892015,50,3446.095102,0.0
-9.986264,50,3447.074351,0.0
-3.235588,50,3448.104731,0.0
-3.621963,50,3449.014747,0.0
-13.189775,50,3450.054838,0.0
-6.054353,50,3451.154258,0.0
-4.484106,50,3452.107221,0.0
-10.446997,50,3458.897837,0.0
-2.504787,50,3459.922676,0.0
-3.08836,50,3460.888604,0.0
-5.937175,50,3461.840039,0.0
-10.108602,50,3462.849242,0.0
-12.087944,50,3463.959834,0.0
-0.354141,6,3464.085644,1.0
-2.344678,14,3464.374706,1.0
-7.261733,50,3465.367562,0.0
-9.559586,50,3466.283654,0.0
-5.150134,50,3467.384885,0.0
-7.837846,50,3468.564485,0.0
-6.244091,23,3469.015065,1.0
-3.918729,45,3475.736959,1.0
-2.522263,22,3476.175827,1.0
-5.389796,50,3477.280846,0.0
-2.753786,40,3478.051907,1.0
-12.315685,50,3479.084753,0.0
-3.731674,43,3480.65405,1.0
-0.854289,13,3480.908815,1.0
-10.343882,50,3482.002892,0.0
-5.545446,39,3482.847544,1.0
-1.873284,17,3483.163277,1.0
-1.48211,13,3483.3998,1.0
-3.046795,50,3484.332566,0.0
-5.081808,44,3485.183099,1.0
-1.63664,24,3485.737676,1.0
-8.411449,50,3492.785684,0.0
-1.652971,17,3493.142331,1.0
-5.699175,50,3494.15682,0.0
-9.933128,50,3495.17101,0.0
-6.757203,44,3496.117543,1.0
-0.965692,12,3496.386709,1.0
-4.59657,45,3497.345656,1.0
-0.832331,14,3497.654641,1.0
-2.755769,41,3498.551284,1.0
-12.788933,50,3499.579458,0.0
-1.833064,28,3500.197277,1.0
-1.987712,19,3500.632598,1.0
-1.712359,28,3501.239497,1.0
-9.152964,50,3502.32533,0.0
-11.145521,50,3509.240654,0.0
-3.72848,32,3509.883185,1.0
-1.740498,47,3510.864091,1.0
-10.611138,50,3511.984186,0.0
-8.013209,50,3513.030529,0.0
-1.075159,20,3513.407948,1.0
-6.577559,50,3514.405473,0.0
-7.389018,50,3515.535684,0.0
-6.461995,42,3516.400158,1.0
-1.373503,9,3516.585806,1.0
-1.168703,22,3517.043409,1.0
-16.77071,50,3518.12631,0.0
-4.17813,32,3519.345205,1.0
-8.455294,50,3526.221102,0.0
-2.128759,32,3526.85911,1.0
-5.703037,50,3527.926239,0.0
-3.833242,24,3528.439542,1.0
-1.088845,27,3529.020319,1.0
-3.821862,50,3530.054361,0.0
-10.701039,50,3531.108036,0.0
-18.036722,50,3532.112928,0.0
-1.707315,19,3532.487912,1.0
-2.451944,50,3533.488237,0.0
-1.277149,11,3533.696103,1.0
-13.672903,50,3534.723693,0.0
-2.124701,44,3535.593944,1.0
-0.905852,20,3535.990952,1.0
-8.456143,35,3542.465351,1.0
-2.569503,18,3542.850097,1.0
-2.560931,27,3543.420587,1.0
-3.719906,50,3544.354547,0.0
-1.454837,27,3544.906443,1.0
-3.84325,50,3546.28385,0.0
-2.509909,49,3547.372104,1.0
-2.191735,17,3547.769009,1.0
-2.109774,37,3548.599511,1.0
-4.675605,50,3549.698933,0.0
-1.324396,27,3550.223092,1.0
-0.05892,3,3550.283201,1.0
-1.808471,50,3551.242469,0.0
-4.86071,50,3552.415942,0.0
-3.547455,50,3553.465008,0.0
-2.338841,19,3559.681494,1.0
-3.241226,27,3560.189967,1.0
-0.904139,12,3560.426807,1.0
-3.91396,50,3561.49176,0.0
-7.150685,50,3563.263218,0.0
-4.350172,50,3564.328977,0.0
-3.226994,20,3564.745442,1.0
-8.467576,50,3565.759989,0.0
-1.111828,13,3566.047058,1.0
-5.77566,50,3567.06812,0.0
-1.392616,40,3567.925337,1.0
-0.920642,25,3568.555432,1.0
-2.924565,50,3569.542107,0.0
-7.334821,50,3570.620877,0.0
-0.317301,13,3576.696318,1.0
-10.864312,50,3577.733885,0.0
-3.133422,50,3578.752039,0.0
-2.522641,16,3579.082988,1.0
-3.650391,50,3580.11318,0.0
-6.605374,35,3580.890557,1.0
-9.213576,50,3581.946951,0.0
-2.892091,50,3582.97289,0.0
-11.148952,50,3584.128832,0.0
-2.934524,15,3584.409578,1.0
-8.05231,50,3585.426486,0.0
-0.731797,10,3585.606312,1.0
-1.491887,18,3585.938221,1.0
-3.244836,50,3587.073338,0.0
-2.725373,28,3593.420363,1.0
-6.180479,50,3594.459495,0.0
-18.70895,50,3595.451627,0.0
-8.536789,50,3596.473025,0.0
-3.450424,14,3596.738498,1.0
-2.828643,50,3597.82491,0.0
-1.495327,15,3598.125692,1.0
-1.884943,50,3599.183313,0.0
-4.48256,50,3600.284603,0.0
-2.000482,26,3600.858884,1.0
-7.482562,50,3602.675339,0.0
-1.752766,37,3603.379035,1.0
-2.506798,19,3603.740655,1.0
-9.585216,50,3610.595331,0.0
-4.29776,21,3611.008965,1.0
-1.594464,29,3611.573131,1.0
-0.904793,11,3611.791353,1.0
-1.884141,18,3612.152984,1.0
-3.426167,16,3612.500063,1.0
-6.073475,29,3613.11781,1.0
-5.524519,34,3613.841707,1.0
-8.764097,50,3614.921272,0.0
-10.592304,50,3616.055483,0.0
-3.365806,50,3617.089695,0.0
-3.889164,50,3618.138297,0.0
-0.908405,10,3618.325409,1.0
-1.771992,11,3618.530365,1.0
-3.74497,21,3618.957628,1.0
-4.437627,50,3620.032524,0.0
-1.263215,17,3620.389827,1.0
-2.170703,48,3627.194825,1.0
-0.154517,8,3627.361695,1.0
-3.479832,36,3628.154658,1.0
-0.667292,21,3628.624955,1.0
-1.905654,18,3629.057298,1.0
-2.629572,50,3630.172668,0.0
-4.004302,50,3631.246209,0.0
-1.395799,41,3632.070982,1.0
-14.330748,50,3633.142909,0.0
-1.675635,50,3634.23004,0.0
-0.715177,26,3634.717834,1.0
-6.6019,50,3635.741599,0.0
-1.641575,31,3636.379618,1.0
-1.516989,29,3636.996162,1.0
-1.542591,28,3637.564357,1.0
-8.313884,50,3644.592906,0.0
-12.08657,50,3646.624679,0.0
-2.681602,20,3647.026619,1.0
-2.664441,32,3647.694998,1.0
-5.713803,50,3648.809294,0.0
-1.541369,15,3649.102915,1.0
-12.836349,50,3650.121011,0.0
-4.461759,28,3650.672617,1.0
-28.314316,50,3651.656291,0.0
-6.944335,50,3652.731688,0.0
-5.598766,50,3653.877899,0.0
-2.610668,22,3654.388535,1.0
-5.429171,50,3655.523269,0.0
-4.24139,50,3662.358218,0.0
-5.009839,50,3663.412418,0.0
-2.697357,50,3664.544937,0.0
-2.600631,19,3664.951723,1.0
-2.740379,36,3665.72249,1.0
-5.818486,50,3666.911121,0.0
-2.76523,33,3667.712845,1.0
-4.050244,37,3668.555227,1.0
-6.643815,50,3669.593365,0.0
-16.799541,50,3670.599548,0.0
-1.417416,22,3671.040574,1.0
-3.308473,20,3671.429556,1.0
-2.443843,16,3671.754556,1.0
-10.519486,50,3678.589009,0.0
-10.48894,50,3679.689155,0.0
-3.819188,23,3680.176863,1.0
-2.849456,50,3681.261864,0.0
-4.383411,39,3681.985184,1.0
-8.992023,50,3683.111056,0.0
-3.103871,30,3683.75456,1.0
-8.27797,33,3684.487641,1.0
-8.986561,50,3686.209154,0.0
-3.289585,24,3686.70598,1.0
-2.784902,25,3687.233042,1.0
-5.304106,50,3688.323279,0.0
-4.398571,33,3688.987037,1.0
-2.68786,50,3695.78746,1.0
-2.059242,32,3696.478749,1.0
-1.277812,14,3696.769993,1.0
-13.392025,50,3697.822565,0.0
-3.726771,30,3698.534249,1.0
-10.200735,42,3699.440155,1.0
-10.641948,50,3700.417322,0.0
-1.242407,15,3700.71723,1.0
-3.853706,50,3701.778341,0.0
-4.540972,50,3702.905261,0.0
-10.38007,50,3704.0611,0.0
-15.322957,50,3705.215022,0.0
-1.897544,23,3705.754446,1.0
-3.000401,25,3706.294873,1.0
-6.512073,34,3712.756331,1.0
-3.921649,50,3713.784377,0.0
-13.893499,50,3714.786593,0.0
-1.866904,50,3715.78999,0.0
-7.832496,32,3716.524032,1.0
-3.839799,50,3717.653334,0.0
-4.641966,35,3718.371666,1.0
-4.776411,23,3718.899019,1.0
-1.430104,13,3719.196516,1.0
-3.130859,17,3719.549097,1.0
-1.242231,35,3720.294072,1.0
-0.95906,11,3720.52238,1.0
-1.760403,26,3721.062088,1.0
-3.063623,45,3721.927068,1.0
-1.983598,18,3722.279198,1.0
-2.129158,33,3722.974226,1.0
-9.883948,50,3730.504343,0.0
-4.790217,28,3731.093114,1.0
-5.474881,50,3732.127795,0.0
-2.84506,31,3732.800954,1.0
-4.923164,24,3733.295143,1.0
-6.093686,32,3733.91953,1.0
-0.671905,17,3734.255319,1.0
-3.127204,50,3735.302187,0.0
-4.9294,47,3736.269019,1.0
-2.891334,41,3737.155904,1.0
-7.013758,50,3738.212368,0.0
-3.365732,46,3739.155745,1.0
-6.900005,50,3740.218179,0.0
-2.332408,15,3746.352294,1.0
-1.072538,8,3746.520028,1.0
-3.720341,18,3746.865832,1.0
-2.272413,50,3747.852929,0.0
-2.220897,19,3748.238784,1.0
-5.72015,50,3749.229666,0.0
-2.021328,35,3749.978322,1.0
-0.574142,19,3750.349034,1.0
-6.315689,50,3751.39981,0.0
-3.884017,50,3752.449791,0.0
-5.266206,41,3753.388504,1.0
-1.880182,18,3753.752113,1.0
-4.859863,50,3754.778979,0.0
-1.728776,27,3755.285303,1.0
-4.011916,19,3755.648332,1.0
-3.775506,44,3756.644359,1.0
-5.342844,28,3763.039815,1.0
-1.106063,31,3763.689424,1.0
-1.753498,20,3764.129521,1.0
-2.329563,29,3764.803828,1.0
-5.782929,40,3765.568758,1.0
-6.786365,50,3766.572086,0.0
-3.101704,50,3767.675242,0.0
-3.761371,48,3769.79574,1.0
-10.373232,50,3770.824028,0.0
-8.982723,50,3771.890551,0.0
-8.358504,50,3772.932679,0.0
-2.456378,15,3773.237581,1.0
-1.505446,33,3773.919614,1.0
-2.683022,21,3774.301803,1.0
-3.504929,50,3781.055114,0.0
-2.049063,29,3781.653413,1.0
-3.175845,44,3782.638303,1.0
-5.755128,50,3783.699284,0.0
-2.482315,38,3784.454099,1.0
-3.48582,19,3784.848561,1.0
-3.329246,22,3785.299048,1.0
-14.33693,50,3786.392456,0.0
-1.39688,20,3786.818592,1.0
-6.626086,39,3787.648828,1.0
-17.387033,50,3788.72657,0.0
-6.088086,50,3789.768367,0.0
-7.162222,50,3790.736567,0.0
-4.877047,26,3797.071711,1.0
-3.429211,25,3797.638948,1.0
-1.251903,13,3797.912815,1.0
-11.176396,50,3798.977346,0.0
-4.359744,50,3799.953023,0.0
-11.636215,50,3801.090485,0.0
-0.083144,4,3801.165809,1.0
-4.079662,33,3801.837687,1.0
-4.81035,23,3802.298873,1.0
-1.343522,30,3802.889159,1.0
-0.916037,12,3803.11146,1.0
-12.86746,50,3804.164603,0.0
-3.204563,20,3804.567772,1.0
-3.173009,50,3805.645747,0.0
-14.884772,50,3807.501283,0.0
-3.659986,50,3814.310918,0.0
-7.010845,37,3815.047135,1.0
-4.055382,25,3815.559414,1.0
-3.492389,43,3816.441768,1.0
-6.602226,50,3817.506263,0.0
-2.821685,20,3817.971855,1.0
-9.931143,50,3819.011162,0.0
-4.641255,50,3820.109894,0.0
-3.174411,42,3820.948407,1.0
-4.156267,50,3821.98363,0.0
-1.584151,16,3822.324431,1.0
-2.06729,19,3822.708925,1.0
-1.457058,13,3822.974094,1.0
-2.359596,21,3823.409589,1.0
-3.404386,50,3824.549314,0.0
-3.127911,22,3830.925992,1.0
-3.004936,29,3831.542409,1.0
-4.106116,33,3832.199048,1.0
-1.641088,18,3832.572569,1.0
-2.261266,28,3833.229038,1.0
-2.522841,22,3833.777915,1.0
-3.841319,34,3834.530205,1.0
-4.73712,50,3835.63308,0.0
-4.985084,50,3836.644979,0.0
-4.918409,50,3837.879509,0.0
-2.620147,50,3838.960576,0.0
-4.164228,40,3839.790824,1.0
-2.763636,37,3840.636906,1.0
-1.688517,18,3841.015653,1.0
-2.325603,50,3847.862285,0.0
-4.788067,21,3848.353477,1.0
-2.656323,50,3849.398537,0.0
-5.752981,50,3850.467732,0.0
-8.940231,50,3851.472722,0.0
-3.992245,49,3853.229898,1.0
-1.096429,9,3853.423694,1.0
-3.957722,13,3853.674186,1.0
-4.53273,18,3854.054233,1.0
-1.469992,14,3854.344992,1.0
-0.335883,10,3854.529135,1.0
-6.662047,50,3855.47762,0.0
-2.602135,25,3855.983349,1.0
-2.474798,17,3856.355666,1.0
-2.517551,17,3856.688257,1.0
-13.971171,50,3857.651864,0.0
-4.310238,50,3858.832402,0.0
-0.9359,12,3864.952194,1.0
-7.613856,50,3866.105989,0.0
-6.080571,50,3867.196647,0.0
-5.327896,50,3868.258219,0.0
-7.588154,50,3869.354874,0.0
-7.501294,50,3870.413774,0.0
-11.373299,50,3871.48935,0.0
-17.521955,50,3872.457058,0.0
-1.122325,14,3872.778232,1.0
-9.534643,50,3874.0053,0.0
-4.584242,33,3874.693938,1.0
-7.626116,50,3875.616657,0.0
-5.589312,27,3882.048332,1.0
-2.889927,28,3882.698248,1.0
-8.59889,50,3883.81181,0.0
-1.075926,11,3884.054315,1.0
-0.736231,13,3884.323591,1.0
-7.350798,50,3885.383273,0.0
-7.717492,50,3886.461293,0.0
-4.231201,50,3887.461482,0.0
-1.217483,30,3888.04254,1.0
-1.69838,50,3888.962306,0.0
-1.533543,39,3889.712774,1.0
-0.555724,15,3890.004404,1.0
-6.819444,50,3891.631509,0.0
-6.661548,50,3892.722728,0.0
-3.395689,50,3899.598507,1.0
-2.913815,50,3900.703434,0.0
-5.665612,50,3901.834675,0.0
-1.179737,20,3902.279397,1.0
-4.291748,47,3903.242369,1.0
-2.209123,21,3903.659313,1.0
-3.162712,22,3904.135513,1.0
-4.461425,41,3904.955597,1.0
-1.66465,12,3905.205729,1.0
-5.94504,50,3906.425997,0.0
-3.360679,27,3907.009681,1.0
-4.872307,50,3908.044368,0.0
-12.797971,50,3909.095973,0.0
-11.248756,50,3916.079818,0.0
-2.698712,17,3916.444885,1.0
-4.529652,44,3917.271748,1.0
-7.635658,50,3918.366381,0.0
-3.476385,13,3918.634214,1.0
-0.953988,12,3918.860468,1.0
-2.14808,13,3919.09821,1.0
-2.117837,16,3919.431393,1.0
-6.490263,50,3920.594773,0.0
-3.427032,50,3921.610834,0.0
-2.643417,50,3922.608706,0.0
-6.878015,50,3923.729912,0.0
-9.110734,50,3924.845935,0.0
-10.399104,50,3925.900465,0.0
-10.874181,50,3932.838483,0.0
-3.242546,23,3933.314917,1.0
-5.641553,50,3934.331306,0.0
-5.36412,50,3935.900498,0.0
-1.834176,17,3936.241601,1.0
-2.463546,30,3936.856586,1.0
-12.82891,50,3937.851103,0.0
-8.994,43,3938.719131,1.0
-1.598187,16,3939.042759,1.0
-7.36716,50,3940.097158,0.0
-3.289045,12,3940.327511,1.0
-4.509257,50,3941.34232,0.0
-7.079298,50,3942.341318,0.0
-3.970865,50,3949.115431,0.0
-1.822216,36,3949.864228,1.0
-9.428746,50,3950.901716,0.0
-1.676329,50,3951.784331,0.0
-9.687496,50,3952.837479,0.0
-1.676248,49,3953.881212,1.0
-13.353788,50,3954.936338,0.0
-2.51121,18,3955.331646,1.0
-3.199283,30,3955.973974,1.0
-0.873881,20,3956.420924,1.0
-1.671,14,3956.711004,1.0
-2.971862,41,3957.633063,1.0
-10.2351,50,3958.680749,0.0
-14.686305,50,3959.778035,0.0
-6.365447,50,3966.581857,0.0
-5.503633,42,3967.509919,1.0
-1.534321,50,3968.663155,0.0
-16.386797,50,3969.745344,0.0
-4.520886,24,3970.266321,1.0
-3.721495,37,3971.0641,1.0
-1.498171,17,3971.427857,1.0
-2.391272,16,3971.738559,1.0
-6.088228,50,3972.731799,0.0
-3.14439,39,3974.304541,1.0
-2.457125,22,3974.821178,1.0
-1.785305,25,3975.374824,1.0
-2.061778,25,3975.926831,1.0
-3.943741,50,3976.980226,0.0
-14.839394,50,3983.897202,0.0
-4.942965,23,3984.336426,1.0
-3.245305,24,3984.820759,1.0
-1.691371,27,3985.424333,1.0
-3.714221,16,3985.734407,1.0
-9.327877,50,3986.825313,0.0
-4.531608,24,3987.322727,1.0
-3.543928,44,3988.290469,1.0
-5.101847,50,3989.404675,0.0
-3.072942,24,3989.898386,1.0
-10.465549,50,3991.018593,0.0
-3.685163,31,3991.653096,1.0
-2.190656,18,3992.073438,1.0
-2.030481,16,3992.450277,1.0
-2.366078,19,3992.863643,1.0
-2.640349,44,3993.674107,1.0
-1.341055,20,3999.893961,1.0
-3.418817,26,4000.486363,1.0
-3.271759,22,4000.906532,1.0
-8.056253,50,4001.915298,0.0
-1.926414,23,4002.452138,1.0
-0.644093,11,4002.720364,1.0
-0.817919,12,4003.00221,1.0
-5.217151,25,4003.52811,1.0
-9.183208,50,4004.623814,0.0
-0.820833,14,4004.893404,1.0
-4.019878,32,4005.580085,1.0
-4.059749,50,4006.633507,0.0
-15.434013,50,4007.61346,0.0
-5.555323,40,4008.467559,1.0
-1.683804,20,4008.908497,1.0
-4.632424,50,4009.938657,0.0
-5.020687,40,4016.571941,1.0
-1.456232,18,4016.959829,1.0
-2.177178,50,4017.976861,0.0
-2.567842,23,4019.141995,1.0
-7.466422,50,4020.147203,0.0
-2.128801,26,4020.675484,1.0
-0.71481,14,4020.924234,1.0
-6.161952,50,4021.945863,0.0
-7.937134,47,4022.873686,1.0
-2.195243,50,4023.92249,0.0
-5.913359,50,4024.974802,0.0
-0.892914,25,4025.586767,1.0
-5.962224,30,4026.31576,1.0
-2.859901,16,4026.660438,1.0
-11.441212,49,4027.685298,1.0
