#{"t_start": 1650895452.058684, "env_id": "PandaReachJoints-v2"}
r,l,t,is_success
-50.0,50,0.951782,0.0
-50.0,50,1.74604,0.0
-50.0,50,2.552348,0.0
-50.0,50,3.367224,0.0
-50.0,50,4.162927,0.0
-50.0,50,4.969318,0.0
-50.0,50,5.76029,0.0
-50.0,50,6.560393,0.0
-50.0,50,7.351927,0.0
-50.0,50,8.163686,0.0
-50.0,50,14.749085,0.0
-50.0,50,15.548912,0.0
-50.0,50,16.350076,0.0
-50.0,50,17.160737,0.0
-50.0,50,17.960306,0.0
-50.0,50,18.759932,0.0
-50.0,50,19.570376,0.0
-50.0,50,20.388448,0.0
-50.0,50,21.200742,0.0
-50.0,50,21.995807,0.0
-50.0,50,28.597273,0.0
-50.0,50,29.404312,0.0
-50.0,50,30.212328,0.0
-50.0,50,31.020547,0.0
-50.0,50,31.837893,0.0
-50.0,50,33.507035,0.0
-50.0,50,34.328928,0.0
-50.0,50,35.13648,0.0
-50.0,50,35.941926,0.0
-50.0,50,36.761609,0.0
-50.0,50,43.333827,0.0
-50.0,50,44.14072,0.0
-50.0,50,44.950539,0.0
-50.0,50,45.78696,0.0
-50.0,50,46.599854,0.0
-50.0,50,47.41126,0.0
-50.0,50,48.224295,0.0
-50.0,50,49.041578,0.0
-50.0,50,49.858023,0.0
-50.0,50,50.672113,0.0
-50.0,50,57.335024,0.0
-50.0,50,58.14544,0.0
-50.0,50,58.947896,0.0
-50.0,50,59.768109,0.0
-50.0,50,60.579118,0.0
-50.0,50,61.401656,0.0
-50.0,50,62.21028,0.0
-50.0,50,63.023745,0.0
-50.0,50,63.834649,0.0
-50.0,50,64.655037,0.0
-50.0,50,66.326528,0.0
-50.0,50,72.949593,0.0
-50.0,50,73.762649,0.0
-50.0,50,74.586035,0.0
-50.0,50,75.397306,0.0
-50.0,50,76.212833,0.0
-50.0,50,77.027858,0.0
-50.0,50,77.844301,0.0
-50.0,50,78.683454,0.0
-50.0,50,79.493027,0.0
-50.0,50,80.297382,0.0
-50.0,50,86.863559,0.0
-50.0,50,87.707283,0.0
-50.0,50,88.51674,0.0
-50.0,50,89.337804,0.0
-50.0,50,90.160842,0.0
-50.0,50,90.949266,0.0
-50.0,50,91.754508,0.0
-50.0,50,92.57104,0.0
-50.0,50,93.381855,0.0
-50.0,50,94.204636,0.0
-50.0,50,100.794447,0.0
-50.0,50,101.607746,0.0
-50.0,50,102.428779,0.0
-50.0,50,103.231092,0.0
-50.0,50,104.901926,0.0
-50.0,50,105.720909,0.0
-50.0,50,106.527944,0.0
-50.0,50,107.397713,0.0
-50.0,50,108.327135,0.0
-50.0,50,109.159768,0.0
-50.0,50,115.792858,0.0
-50.0,50,116.615598,0.0
-50.0,50,117.447228,0.0
-50.0,50,118.267735,0.0
-50.0,50,119.090331,0.0
-50.0,50,119.904282,0.0
-50.0,50,120.727422,0.0
-50.0,50,121.545395,0.0
-50.0,50,122.356031,0.0
-50.0,50,123.184124,0.0
-50.0,50,124.009978,0.0
-50.0,50,130.57924,0.0
-50.0,50,131.398217,0.0
-50.0,50,132.222139,0.0
-50.0,50,133.047488,0.0
-50.0,50,133.930225,0.0
-50.0,50,134.76799,0.0
-50.0,50,135.578977,0.0
-50.0,50,136.408612,0.0
-50.0,50,138.07396,0.0
-50.0,50,138.895622,0.0
-50.0,50,145.446631,0.0
-50.0,50,146.259771,0.0
-50.0,50,147.075954,0.0
-50.0,50,147.887688,0.0
-50.0,50,148.724058,0.0
-50.0,50,149.537221,0.0
-50.0,50,150.348162,0.0
-50.0,50,151.161765,0.0
-50.0,50,151.968648,0.0
-50.0,50,152.79542,0.0
-50.0,50,159.39656,0.0
-50.0,50,160.2191,0.0
-50.0,50,161.06184,0.0
-50.0,50,161.882576,0.0
-50.0,50,162.694895,0.0
-50.0,50,163.505376,0.0
-50.0,50,164.322593,0.0
-50.0,50,165.128093,0.0
-50.0,50,165.922812,0.0
-50.0,50,166.739526,0.0
-50.0,50,173.354749,0.0
-50.0,50,174.183712,0.0
-50.0,50,175.025673,0.0
-50.0,50,176.618643,0.0
-50.0,50,177.469908,0.0
-50.0,50,178.302105,0.0
-50.0,50,179.123008,0.0
-50.0,50,179.938533,0.0
-50.0,50,180.752708,0.0
-50.0,50,181.56925,0.0
-50.0,50,182.380751,0.0
-50.0,50,189.044039,0.0
-50.0,50,189.874313,0.0
-50.0,50,190.685227,0.0
-50.0,50,191.488092,0.0
-50.0,50,192.295429,0.0
-50.0,50,193.095889,0.0
-50.0,50,193.91038,0.0
-50.0,50,194.733844,0.0
-50.0,50,195.536108,0.0
-50.0,50,196.35016,0.0
-50.0,50,202.942748,0.0
-50.0,50,203.792538,0.0
-50.0,50,204.617491,0.0
-50.0,50,205.443708,0.0
-50.0,50,206.249404,0.0
-50.0,50,207.058727,0.0
-50.0,50,207.855617,0.0
-50.0,50,209.497455,0.0
-50.0,50,210.305396,0.0
-50.0,50,211.106523,0.0
-50.0,50,217.726048,0.0
-50.0,50,218.541307,0.0
-50.0,50,219.374581,0.0
-50.0,50,220.197259,0.0
-50.0,50,221.006005,0.0
-50.0,50,221.80249,0.0
-50.0,50,222.613874,0.0
-50.0,50,223.425657,0.0
-50.0,50,224.230517,0.0
-50.0,50,225.032975,0.0
-50.0,50,231.622218,0.0
-50.0,50,232.424968,0.0
-50.0,50,233.227442,0.0
-50.0,50,234.045107,0.0
-50.0,50,234.839293,0.0
-50.0,50,235.649201,0.0
-50.0,50,236.458692,0.0
-50.0,50,237.26762,0.0
-50.0,50,238.06417,0.0
-50.0,50,238.876427,0.0
-50.0,50,239.691211,0.0
-50.0,50,246.315682,0.0
-50.0,50,247.985936,0.0
-50.0,50,248.800895,0.0
-50.0,50,249.627213,0.0
-50.0,50,250.455372,0.0
-50.0,50,251.251175,0.0
-50.0,50,252.065212,0.0
-50.0,50,252.865262,0.0
-50.0,50,253.682635,0.0
-50.0,50,254.495294,0.0
-50.0,50,261.092185,0.0
-50.0,50,261.912703,0.0
-50.0,50,262.732043,0.0
-50.0,50,263.577014,0.0
-50.0,50,264.371311,0.0
-50.0,50,265.185264,0.0
-50.0,50,265.988362,0.0
-50.0,50,266.824219,0.0
-50.0,50,267.689064,0.0
-50.0,50,268.485969,0.0
-50.0,50,275.088421,0.0
-50.0,50,275.904489,0.0
-50.0,50,276.73896,0.0
-50.0,50,277.550122,0.0
-50.0,50,278.382137,0.0
-50.0,50,279.210257,0.0
-50.0,50,280.898063,0.0
-50.0,50,281.699373,0.0
-50.0,50,282.517751,0.0
-50.0,50,283.332745,0.0
-50.0,50,289.949318,0.0
-50.0,50,290.784601,0.0
-50.0,50,291.601231,0.0
-50.0,50,292.419604,0.0
-50.0,50,293.253105,0.0
-50.0,50,294.090339,0.0
-50.0,50,294.905194,0.0
-50.0,50,295.738608,0.0
-50.0,50,296.550142,0.0
-50.0,50,297.383857,0.0
-50.0,50,298.193193,0.0
-50.0,50,304.874285,0.0
-50.0,50,305.708887,0.0
-50.0,50,306.553047,0.0
-50.0,50,307.380873,0.0
-50.0,50,308.207178,0.0
-50.0,50,309.021868,0.0
-50.0,50,309.854777,0.0
-50.0,50,310.683495,0.0
-50.0,50,311.51318,0.0
-50.0,50,312.328731,0.0
-50.0,50,319.755651,0.0
-50.0,50,320.601998,0.0
-50.0,50,321.434943,0.0
-50.0,50,322.253657,0.0
-50.0,50,323.095767,0.0
-50.0,50,323.908907,0.0
-50.0,50,324.721329,0.0
-50.0,50,325.522604,0.0
-50.0,50,326.336729,0.0
-50.0,50,327.150048,0.0
-50.0,50,333.760211,0.0
-50.0,50,334.568898,0.0
-50.0,50,335.372097,0.0
-50.0,50,336.20933,0.0
-50.0,50,337.04411,0.0
-50.0,50,337.858804,0.0
-50.0,50,338.661122,0.0
-50.0,50,339.508375,0.0
-50.0,50,340.332191,0.0
-50.0,50,341.1315,0.0
-50.0,50,347.726739,0.0
-50.0,50,348.545111,0.0
-50.0,50,349.372096,0.0
-50.0,50,350.216632,0.0
-50.0,50,351.05587,0.0
-50.0,50,352.75552,0.0
-50.0,50,353.593046,0.0
-50.0,50,354.435026,0.0
-50.0,50,355.235307,0.0
-50.0,50,356.035655,0.0
-50.0,50,356.84446,0.0
-50.0,50,363.424993,0.0
-50.0,50,364.249759,0.0
-50.0,50,365.08523,0.0
-50.0,50,365.882577,0.0
-50.0,50,366.703085,0.0
-50.0,50,367.521472,0.0
-50.0,50,368.335823,0.0
-50.0,50,369.148788,0.0
-50.0,50,369.963828,0.0
-50.0,50,370.774416,0.0
-50.0,50,377.413133,0.0
-50.0,50,378.24042,0.0
-50.0,50,379.052941,0.0
-50.0,50,379.898929,0.0
-50.0,50,380.742485,0.0
-50.0,50,381.547841,0.0
-50.0,50,382.371988,0.0
-50.0,50,383.175681,0.0
-50.0,50,384.024148,0.0
-50.0,50,385.6885,0.0
-50.0,50,392.22353,0.0
-50.0,50,393.045614,0.0
-50.0,50,393.851959,0.0
-50.0,50,394.668347,0.0
-50.0,50,395.484757,0.0
-50.0,50,396.305525,0.0
-50.0,50,397.117553,0.0
-50.0,50,397.909182,0.0
-50.0,50,398.73052,0.0
-50.0,50,399.564005,0.0
-50.0,50,406.153248,0.0
-50.0,50,406.97771,0.0
-50.0,50,407.801632,0.0
-50.0,50,408.608195,0.0
-50.0,50,409.43228,0.0
-50.0,50,410.246305,0.0
-50.0,50,411.05711,0.0
-50.0,50,411.878808,0.0
-50.0,50,412.694691,0.0
-50.0,50,413.545275,0.0
-50.0,50,420.106386,0.0
-50.0,50,420.927518,0.0
-50.0,50,421.734935,0.0
-50.0,50,422.550386,0.0
-50.0,50,424.209117,0.0
-50.0,50,425.023752,0.0
-50.0,50,425.833967,0.0
-50.0,50,426.652469,0.0
-50.0,50,427.476795,0.0
-50.0,50,428.291095,0.0
-50.0,50,429.11952,0.0
-50.0,50,435.705006,0.0
-50.0,50,436.518776,0.0
-50.0,50,437.330838,0.0
-50.0,50,438.161925,0.0
-50.0,50,438.986249,0.0
-50.0,50,439.802909,0.0
-50.0,50,440.640054,0.0
-50.0,50,441.452278,0.0
-50.0,50,442.291524,0.0
-50.0,50,443.110291,0.0
-50.0,50,449.734668,0.0
-50.0,50,450.532407,0.0
-50.0,50,451.334597,0.0
-50.0,50,452.152122,0.0
-50.0,50,452.965653,0.0
-50.0,50,453.767012,0.0
-50.0,50,454.563713,0.0
-50.0,50,455.371938,0.0
-50.0,50,457.011792,0.0
-50.0,50,457.807337,0.0
-50.0,50,464.387764,0.0
-50.0,50,465.220622,0.0
-50.0,50,466.045572,0.0
-50.0,50,466.856433,0.0
-50.0,50,467.684486,0.0
-50.0,50,468.494807,0.0
-50.0,50,469.288164,0.0
-50.0,50,470.114145,0.0
-50.0,50,470.937789,0.0
-50.0,50,471.75672,0.0
-50.0,50,478.34057,0.0
-50.0,50,479.144143,0.0
-50.0,50,479.947456,0.0
-50.0,50,480.767428,0.0
-50.0,50,481.591732,0.0
-50.0,50,482.389005,0.0
-50.0,50,483.207535,0.0
-50.0,50,483.999728,0.0
-50.0,50,484.821586,0.0
-50.0,50,485.630253,0.0
-50.0,50,486.442785,0.0
-50.0,50,493.048808,0.0
-50.0,50,493.857387,0.0
-50.0,50,495.536525,0.0
-50.0,50,496.353924,0.0
-50.0,50,497.159296,0.0
-50.0,50,497.986342,0.0
-50.0,50,498.791801,0.0
-50.0,50,499.594735,0.0
-50.0,50,500.380943,0.0
-50.0,50,501.182944,0.0
-50.0,50,507.763642,0.0
-50.0,50,508.57102,0.0
-50.0,50,509.379252,0.0
-50.0,50,510.182564,0.0
-50.0,50,510.980788,0.0
-50.0,50,511.789354,0.0
-50.0,50,512.638279,0.0
-50.0,50,513.446003,0.0
-50.0,50,514.247031,0.0
-50.0,50,515.041282,0.0
-50.0,50,521.614583,0.0
-50.0,50,522.409618,0.0
-50.0,50,523.219136,0.0
-50.0,50,524.026919,0.0
-50.0,50,524.832201,0.0
-50.0,50,525.633295,0.0
-50.0,50,526.436943,0.0
-50.0,50,528.077965,0.0
-50.0,50,528.890255,0.0
-50.0,50,529.700207,0.0
-50.0,50,536.306094,0.0
-50.0,50,537.123614,0.0
-50.0,50,537.922905,0.0
-50.0,50,538.736039,0.0
-50.0,50,539.539249,0.0
-50.0,50,540.339274,0.0
-50.0,50,541.148722,0.0
-50.0,50,541.949939,0.0
-50.0,50,542.752861,0.0
-50.0,50,543.572615,0.0
-50.0,50,544.383261,0.0
-50.0,50,550.94647,0.0
-50.0,50,551.763135,0.0
-50.0,50,552.581122,0.0
-50.0,50,553.38676,0.0
-50.0,50,554.184257,0.0
-50.0,50,554.981385,0.0
-50.0,50,555.774758,0.0
-50.0,50,556.57529,0.0
-50.0,50,557.392542,0.0
-50.0,50,558.208686,0.0
-50.0,50,564.770388,0.0
-50.0,50,566.407042,0.0
-50.0,50,567.209097,0.0
-50.0,50,568.039777,0.0
-50.0,50,568.840011,0.0
-50.0,50,569.638817,0.0
-50.0,50,570.445794,0.0
-50.0,50,571.251142,0.0
-50.0,50,572.052034,0.0
-50.0,50,572.863036,0.0
-50.0,50,579.416522,0.0
-50.0,50,580.227396,0.0
-50.0,50,581.025228,0.0
-50.0,50,581.830434,0.0
-50.0,50,582.630579,0.0
-50.0,50,583.455517,0.0
-50.0,50,584.276348,0.0
-50.0,50,585.096749,0.0
-50.0,50,585.924515,0.0
-50.0,50,586.727515,0.0
-50.0,50,593.344739,0.0
-50.0,50,594.178286,0.0
-50.0,50,595.000528,0.0
-50.0,50,595.828148,0.0
-50.0,50,596.626953,0.0
-50.0,50,597.441321,0.0
-50.0,50,599.092428,0.0
-50.0,50,599.906603,0.0
-50.0,50,600.744561,0.0
-50.0,50,601.554016,0.0
-50.0,50,602.387733,0.0
-50.0,50,609.032728,0.0
-50.0,50,609.835785,0.0
-50.0,50,610.656078,0.0
-50.0,50,611.494612,0.0
-50.0,50,612.33226,0.0
-50.0,50,613.169488,0.0
-50.0,50,614.001244,0.0
-50.0,50,614.856244,0.0
-50.0,50,615.663214,0.0
-50.0,50,616.478956,0.0
-50.0,50,623.042711,0.0
-50.0,50,623.849643,0.0
-50.0,50,624.673671,0.0
-50.0,50,625.479652,0.0
-50.0,50,626.296955,0.0
-50.0,50,627.127236,0.0
-50.0,50,627.948645,0.0
-50.0,50,628.760017,0.0
-50.0,50,629.594053,0.0
-50.0,50,630.409894,0.0
-50.0,50,637.811696,0.0
-50.0,50,638.648209,0.0
-50.0,50,639.487424,0.0
-50.0,50,640.32917,0.0
-50.0,50,641.173061,0.0
-50.0,50,642.000697,0.0
-50.0,50,642.828288,0.0
-50.0,50,643.657345,0.0
-50.0,50,644.479664,0.0
-50.0,50,645.303792,0.0
-50.0,50,651.906803,0.0
-50.0,50,652.728525,0.0
-50.0,50,653.535163,0.0
-50.0,50,654.353641,0.0
-50.0,50,655.165542,0.0
-50.0,50,655.981761,0.0
-50.0,50,656.789365,0.0
-50.0,50,657.59752,0.0
-50.0,50,658.407124,0.0
-50.0,50,659.214782,0.0
-50.0,50,660.027969,0.0
-50.0,50,666.46136,0.0
-50.0,50,667.284686,0.0
-50.0,50,668.098333,0.0
-50.0,50,668.925475,0.0
-50.0,50,670.600294,0.0
-50.0,50,671.417496,0.0
-50.0,50,672.234785,0.0
-50.0,50,673.064515,0.0
-50.0,50,673.87544,0.0
-50.0,50,674.678223,0.0
-50.0,50,681.252503,0.0
-50.0,50,682.055568,0.0
-50.0,50,682.849468,0.0
-50.0,50,683.694236,0.0
-50.0,50,684.517929,0.0
-50.0,50,685.351328,0.0
-50.0,50,686.186602,0.0
-50.0,50,686.982843,0.0
-50.0,50,687.79926,0.0
-50.0,50,688.608853,0.0
-50.0,50,695.098382,0.0
-50.0,50,695.91788,0.0
-50.0,50,696.729344,0.0
-50.0,50,697.544522,0.0
-50.0,50,698.35737,0.0
-50.0,50,699.187815,0.0
-50.0,50,699.991369,0.0
-50.0,50,700.806664,0.0
-50.0,50,701.599066,0.0
-50.0,50,703.256883,0.0
-50.0,50,709.831626,0.0
-50.0,50,710.6336,0.0
-50.0,50,711.440755,0.0
-50.0,50,712.249549,0.0
-50.0,50,713.048369,0.0
-50.0,50,713.86544,0.0
-50.0,50,714.706892,0.0
-50.0,50,715.51255,0.0
-50.0,50,716.347562,0.0
-50.0,50,717.138875,0.0
-50.0,50,717.939271,0.0
-50.0,50,724.506269,0.0
-50.0,50,725.306696,0.0
-50.0,50,726.119576,0.0
-50.0,50,726.923027,0.0
-50.0,50,727.737171,0.0
-50.0,50,728.54517,0.0
-50.0,50,729.352456,0.0
-50.0,50,730.165665,0.0
-50.0,50,730.983305,0.0
-50.0,50,731.805515,0.0
-50.0,50,738.379371,0.0
-50.0,50,739.179476,0.0
-50.0,50,740.007551,0.0
-50.0,50,741.651787,0.0
-50.0,50,742.456705,0.0
-50.0,50,743.243544,0.0
-50.0,50,744.059717,0.0
-50.0,50,744.856463,0.0
-50.0,50,745.669449,0.0
-50.0,50,746.471667,0.0
-50.0,50,753.049803,0.0
-50.0,50,753.85274,0.0
-50.0,50,754.662324,0.0
-50.0,50,755.48332,0.0
-50.0,50,756.284182,0.0
-50.0,50,757.093016,0.0
-50.0,50,757.901609,0.0
-50.0,50,758.732755,0.0
-50.0,50,759.564876,0.0
-50.0,50,760.397006,0.0
-50.0,50,767.031094,0.0
-50.0,50,767.842599,0.0
-50.0,50,768.66849,0.0
-50.0,50,769.496612,0.0
-50.0,50,770.338846,0.0
-50.0,50,771.168161,0.0
-50.0,50,772.007178,0.0
-50.0,50,772.824323,0.0
-50.0,50,774.452957,0.0
-50.0,50,775.245048,0.0
-50.0,50,781.805444,0.0
-50.0,50,782.620269,0.0
-50.0,50,783.461973,0.0
-50.0,50,784.266016,0.0
-50.0,50,785.101993,0.0
-50.0,50,785.931847,0.0
-50.0,50,786.748455,0.0
-50.0,50,787.572572,0.0
-50.0,50,788.371453,0.0
-50.0,50,789.17805,0.0
-50.0,50,789.999728,0.0
-50.0,50,796.59085,0.0
-50.0,50,797.403133,0.0
-50.0,50,798.222637,0.0
-50.0,50,799.047711,0.0
-50.0,50,799.862737,0.0
-50.0,50,800.690707,0.0
-50.0,50,801.50042,0.0
-50.0,50,802.315517,0.0
-50.0,50,803.106351,0.0
-50.0,50,803.948276,0.0
-50.0,50,810.524538,0.0
-50.0,50,811.321624,0.0
-50.0,50,812.937459,0.0
-50.0,50,813.754138,0.0
-50.0,50,814.568126,0.0
-50.0,50,815.366521,0.0
-50.0,50,816.179148,0.0
-50.0,50,817.004211,0.0
-50.0,50,817.811986,0.0
-50.0,50,818.629847,0.0
-50.0,50,825.238223,0.0
-50.0,50,826.058718,0.0
-50.0,50,826.88575,0.0
-50.0,50,827.739185,0.0
-50.0,50,828.569083,0.0
-50.0,50,829.402355,0.0
-50.0,50,830.233155,0.0
-50.0,50,831.050537,0.0
-50.0,50,831.860271,0.0
-50.0,50,832.69055,0.0
-50.0,50,839.275399,0.0
-50.0,50,840.089164,0.0
-50.0,50,840.91027,0.0
-50.0,50,841.725262,0.0
-50.0,50,842.544758,0.0
-50.0,50,843.383821,0.0
-50.0,50,844.20167,0.0
-50.0,50,845.809262,0.0
-50.0,50,846.622542,0.0
-50.0,50,847.444905,0.0
-50.0,50,848.289849,0.0
-50.0,50,854.867028,0.0
-50.0,50,855.678773,0.0
-50.0,50,856.500971,0.0
-50.0,50,857.306011,0.0
-50.0,50,858.112082,0.0
-50.0,50,858.921749,0.0
-50.0,50,859.735771,0.0
-50.0,50,860.552951,0.0
-50.0,50,861.372437,0.0
-50.0,50,862.184031,0.0
-50.0,50,868.801316,0.0
-50.0,50,869.625737,0.0
-50.0,50,870.441156,0.0
-50.0,50,871.249386,0.0
-50.0,50,872.057616,0.0
-50.0,50,872.871998,0.0
-50.0,50,873.682391,0.0
-50.0,50,874.491813,0.0
-50.0,50,875.314913,0.0
-50.0,50,876.132991,0.0
-50.0,50,882.74911,0.0
-50.0,50,884.395162,0.0
-50.0,50,885.203275,0.0
-50.0,50,886.014326,0.0
-50.0,50,886.841363,0.0
-50.0,50,887.645376,0.0
-50.0,50,888.445183,0.0
-50.0,50,889.261317,0.0
-50.0,50,890.069795,0.0
-50.0,50,890.907158,0.0
-50.0,50,894.515886,0.0
-50.0,50,895.329957,0.0
-50.0,50,896.141376,0.0
-50.0,50,896.955248,0.0
-50.0,50,897.790429,0.0
-50.0,50,898.616911,0.0
-50.0,50,899.444051,0.0
-50.0,50,900.256271,0.0
-50.0,50,901.081122,0.0
-50.0,50,901.905937,0.0
-50.0,50,902.723033,0.0
-50.0,50,905.939905,0.0
-50.0,50,906.763669,0.0
-50.0,50,907.585041,0.0
-50.0,50,908.408696,0.0
-50.0,50,909.239986,0.0
-50.0,50,910.850984,0.0
-50.0,50,911.66032,0.0
-50.0,50,912.470163,0.0
-50.0,50,913.270559,0.0
-50.0,50,914.080798,0.0
-50.0,50,917.276092,0.0
-50.0,50,918.090926,0.0
-50.0,50,918.914907,0.0
-50.0,50,919.73843,0.0
-50.0,50,920.576815,0.0
-50.0,50,921.398307,0.0
-50.0,50,922.204248,0.0
-50.0,50,923.003568,0.0
-50.0,50,923.832875,0.0
-50.0,50,924.661528,0.0
-50.0,50,927.91418,0.0
-50.0,50,928.736452,0.0
-50.0,50,929.574333,0.0
-50.0,50,930.388124,0.0
-50.0,50,931.206545,0.0
-50.0,50,932.021579,0.0
-50.0,50,932.838423,0.0
-50.0,50,933.66172,0.0
-50.0,50,934.478264,0.0
-50.0,50,935.291125,0.0
-50.0,50,941.94501,0.0
-50.0,50,942.751899,0.0
-50.0,50,943.565182,0.0
-50.0,50,944.372532,0.0
-50.0,50,945.197623,0.0
-50.0,50,946.00213,0.0
-50.0,50,946.828388,0.0
-50.0,50,947.636919,0.0
-50.0,50,948.45156,0.0
-50.0,50,949.263788,0.0
-50.0,50,950.076519,0.0
-50.0,50,956.703845,0.0
-50.0,50,957.513861,0.0
-50.0,50,958.329847,0.0
-50.0,50,959.137442,0.0
-50.0,50,959.930856,0.0
-50.0,50,960.751085,0.0
-50.0,50,961.540252,0.0
-50.0,50,962.348068,0.0
-50.0,50,963.169997,0.0
-50.0,50,963.964126,0.0
-50.0,50,970.561858,0.0
-50.0,50,971.36674,0.0
-50.0,50,972.18008,0.0
-50.0,50,972.99976,0.0
-50.0,50,974.600406,0.0
-50.0,50,975.411205,0.0
-50.0,50,976.212277,0.0
-50.0,50,977.015575,0.0
-50.0,50,977.841988,0.0
-50.0,50,978.671574,0.0
-50.0,50,985.264592,0.0
-50.0,50,986.077145,0.0
-50.0,50,986.890512,0.0
-50.0,50,987.699881,0.0
-50.0,50,988.500036,0.0
-50.0,50,989.304459,0.0
-50.0,50,990.119112,0.0
-50.0,50,990.938522,0.0
-50.0,50,991.74919,0.0
-50.0,50,992.55785,0.0
-50.0,50,999.174919,0.0
-50.0,50,999.975265,0.0
-50.0,50,1000.780808,0.0
-50.0,50,1001.585492,0.0
-50.0,50,1002.382093,0.0
-50.0,50,1003.192964,0.0
-50.0,50,1003.99695,0.0
-50.0,50,1004.805498,0.0
-50.0,50,1005.602612,0.0
-50.0,50,1007.21847,0.0
-50.0,50,1008.02673,0.0
-50.0,50,1014.618833,0.0
-50.0,50,1015.424683,0.0
-50.0,50,1016.216283,0.0
-50.0,50,1017.012213,0.0
-50.0,50,1017.819998,0.0
-50.0,50,1018.636244,0.0
-50.0,50,1019.448074,0.0
-50.0,50,1020.255071,0.0
-50.0,50,1021.056506,0.0
-50.0,50,1021.869318,0.0
-50.0,50,1028.43337,0.0
-50.0,50,1029.237218,0.0
-50.0,50,1030.038187,0.0
-50.0,50,1030.834422,0.0
-50.0,50,1031.636055,0.0
-50.0,50,1032.445565,0.0
-50.0,50,1033.255794,0.0
-50.0,50,1034.063324,0.0
-50.0,50,1034.866337,0.0
-50.0,50,1035.668188,0.0
-50.0,50,1042.279951,0.0
-50.0,50,1043.088969,0.0
-50.0,50,1043.9054,0.0
-50.0,50,1045.546318,0.0
-50.0,50,1046.343116,0.0
-50.0,50,1047.124571,0.0
-50.0,50,1047.924703,0.0
-50.0,50,1048.720254,0.0
-50.0,50,1049.531383,0.0
-50.0,50,1050.331983,0.0
-50.0,50,1056.913716,0.0
-50.0,50,1057.702561,0.0
-50.0,50,1058.50115,0.0
-50.0,50,1059.285821,0.0
-50.0,50,1060.078385,0.0
-50.0,50,1060.87913,0.0
-50.0,50,1061.678232,0.0
-50.0,50,1062.465052,0.0
-50.0,50,1063.25229,0.0
-50.0,50,1064.043289,0.0
-50.0,50,1064.833319,0.0
-50.0,50,1071.435268,0.0
-50.0,50,1072.222265,0.0
-50.0,50,1073.022017,0.0
-50.0,50,1073.830313,0.0
-50.0,50,1074.635314,0.0
-50.0,50,1075.451135,0.0
-50.0,50,1076.246613,0.0
-50.0,50,1077.870531,0.0
-50.0,50,1078.667884,0.0
-50.0,50,1079.458391,0.0
-50.0,50,1086.042047,0.0
-50.0,50,1086.844506,0.0
-50.0,50,1087.640151,0.0
-50.0,50,1088.450675,0.0
-50.0,50,1089.250254,0.0
-50.0,50,1090.068878,0.0
-50.0,50,1090.867944,0.0
-50.0,50,1091.669867,0.0
-50.0,50,1092.462653,0.0
-50.0,50,1093.281137,0.0
-50.0,50,1099.892394,0.0
-50.0,50,1100.700937,0.0
-50.0,50,1101.494938,0.0
-50.0,50,1102.304684,0.0
-50.0,50,1103.102424,0.0
-50.0,50,1103.892302,0.0
-50.0,50,1104.691328,0.0
-50.0,50,1105.4955,0.0
-50.0,50,1106.314507,0.0
-50.0,50,1107.10194,0.0
-50.0,50,1113.657888,0.0
-50.0,50,1114.450205,0.0
-50.0,50,1116.028638,0.0
-50.0,50,1116.825302,0.0
-50.0,50,1117.62156,0.0
-50.0,50,1118.432574,0.0
-50.0,50,1119.244151,0.0
-50.0,50,1120.051841,0.0
-50.0,50,1120.860754,0.0
-50.0,50,1121.655132,0.0
-50.0,50,1128.196932,0.0
-50.0,50,1128.983256,0.0
-50.0,50,1129.773198,0.0
-50.0,50,1130.583738,0.0
-50.0,50,1131.398481,0.0
-50.0,50,1132.210865,0.0
-50.0,50,1133.008082,0.0
-50.0,50,1133.797757,0.0
-50.0,50,1134.595323,0.0
-50.0,50,1135.396416,0.0
-50.0,50,1136.192125,0.0
-50.0,50,1142.775692,0.0
-50.0,50,1143.577406,0.0
-50.0,50,1144.37468,0.0
-50.0,50,1145.173345,0.0
-50.0,50,1145.990499,0.0
-50.0,50,1146.795867,0.0
-50.0,50,1148.359413,0.0
-50.0,50,1149.147799,0.0
-50.0,50,1149.933952,0.0
-50.0,50,1150.723508,0.0
-50.0,50,1157.283391,0.0
-50.0,50,1158.089917,0.0
-50.0,50,1158.887131,0.0
-50.0,50,1159.678159,0.0
-50.0,50,1160.487927,0.0
-50.0,50,1161.272501,0.0
-50.0,50,1162.065705,0.0
-50.0,50,1162.84811,0.0
-50.0,50,1163.661299,0.0
-50.0,50,1164.466413,0.0
-50.0,50,1171.06099,0.0
-50.0,50,1171.856479,0.0
-50.0,50,1172.650902,0.0
-50.0,50,1173.444083,0.0
-50.0,50,1174.238111,0.0
-50.0,50,1175.023932,0.0
-50.0,50,1175.82003,0.0
-50.0,50,1176.609476,0.0
-50.0,50,1177.422004,0.0
-50.0,50,1178.219662,0.0
-50.0,50,1184.829394,0.0
-50.0,50,1186.418027,0.0
-50.0,50,1187.231697,0.0
-50.0,50,1188.089133,0.0
-50.0,50,1188.894259,0.0
-50.0,50,1189.690951,0.0
-50.0,50,1190.479116,0.0
-50.0,50,1191.263415,0.0
-50.0,50,1192.051363,0.0
-50.0,50,1192.844021,0.0
-50.0,50,1193.647177,0.0
-50.0,50,1200.240981,0.0
-50.0,50,1201.026108,0.0
-50.0,50,1201.81134,0.0
-50.0,50,1202.606317,0.0
-50.0,50,1203.391547,0.0
-50.0,50,1204.177067,0.0
-50.0,50,1204.971993,0.0
-50.0,50,1205.760646,0.0
-50.0,50,1206.54787,0.0
-50.0,50,1207.343062,0.0
-50.0,50,1213.915774,0.0
-50.0,50,1214.717069,0.0
-50.0,50,1215.504284,0.0
-50.0,50,1216.30014,0.0
-50.0,50,1217.081665,0.0
-50.0,50,1218.67774,0.0
-50.0,50,1219.466225,0.0
-50.0,50,1220.255474,0.0
-50.0,50,1221.057155,0.0
-50.0,50,1221.856158,0.0
-50.0,50,1228.424536,0.0
-50.0,50,1229.211373,0.0
-50.0,50,1230.001836,0.0
-50.0,50,1230.773845,0.0
-50.0,50,1231.56014,0.0
-50.0,50,1232.345661,0.0
-50.0,50,1233.131988,0.0
-50.0,50,1233.924258,0.0
-50.0,50,1234.720941,0.0
-50.0,50,1235.503072,0.0
-50.0,50,1242.090484,0.0
-50.0,50,1242.881698,0.0
-50.0,50,1243.6753,0.0
-50.0,50,1244.487493,0.0
-50.0,50,1245.285942,0.0
-50.0,50,1246.066803,0.0
-50.0,50,1246.837592,0.0
-50.0,50,1247.628128,0.0
-50.0,50,1248.441362,0.0
-50.0,50,1249.244014,0.0
-50.0,50,1250.817708,0.0
-50.0,50,1257.448386,0.0
-50.0,50,1258.237466,0.0
-50.0,50,1259.021255,0.0
-50.0,50,1259.823585,0.0
-50.0,50,1260.606762,0.0
-50.0,50,1261.403369,0.0
-50.0,50,1262.192714,0.0
-50.0,50,1262.982443,0.0
-50.0,50,1263.787566,0.0
-50.0,50,1264.57712,0.0
-50.0,50,1271.176413,0.0
-50.0,50,1271.967997,0.0
-50.0,50,1272.756237,0.0
-50.0,50,1273.571548,0.0
-50.0,50,1274.386668,0.0
-50.0,50,1275.191916,0.0
-50.0,50,1276.001749,0.0
-50.0,50,1276.801133,0.0
-50.0,50,1277.596516,0.0
-50.0,50,1278.386858,0.0
-50.0,50,1284.928086,0.0
-50.0,50,1285.736683,0.0
-50.0,50,1286.532555,0.0
-50.0,50,1287.318522,0.0
-50.0,50,1288.91725,0.0
-50.0,50,1289.708325,0.0
-50.0,50,1290.497506,0.0
-50.0,50,1291.288858,0.0
-50.0,50,1292.077319,0.0
-50.0,50,1292.8721,0.0
-50.0,50,1299.445333,0.0
-50.0,50,1300.234167,0.0
-50.0,50,1301.02957,0.0
-50.0,50,1301.830345,0.0
-50.0,50,1302.626951,0.0
-50.0,50,1303.426729,0.0
-50.0,50,1304.223154,0.0
-50.0,50,1305.015874,0.0
-50.0,50,1305.809055,0.0
-50.0,50,1306.607147,0.0
-50.0,50,1307.422184,0.0
-50.0,50,1314.024483,0.0
-50.0,50,1314.821263,0.0
-50.0,50,1315.623814,0.0
-50.0,50,1316.411672,0.0
-50.0,50,1317.22814,0.0
-50.0,50,1318.032582,0.0
-50.0,50,1318.834191,0.0
-50.0,50,1319.625537,0.0
-50.0,50,1321.202491,0.0
-50.0,50,1322.013187,0.0
-50.0,50,1328.598908,0.0
-50.0,50,1329.398274,0.0
-50.0,50,1330.189057,0.0
-50.0,50,1330.983924,0.0
-50.0,50,1331.78356,0.0
-50.0,50,1332.584715,0.0
-50.0,50,1333.382386,0.0
-50.0,50,1334.185335,0.0
-50.0,50,1335.006688,0.0
-50.0,50,1335.807793,0.0
-50.0,50,1342.292139,0.0
-50.0,50,1343.10532,0.0
-50.0,50,1343.894471,0.0
-50.0,50,1344.682505,0.0
-50.0,50,1345.481614,0.0
-50.0,50,1346.277207,0.0
-50.0,50,1347.090337,0.0
-50.0,50,1347.89507,0.0
-50.0,50,1348.709211,0.0
-50.0,50,1349.522619,0.0
-50.0,50,1356.11984,0.0
-50.0,50,1356.929252,0.0
-50.0,50,1357.739091,0.0
-50.0,50,1359.333402,0.0
-50.0,50,1360.140221,0.0
-50.0,50,1360.96088,0.0
-50.0,50,1361.765247,0.0
-50.0,50,1362.578744,0.0
-50.0,50,1363.37635,0.0
-50.0,50,1364.18278,0.0
-50.0,50,1364.988063,0.0
-50.0,50,1371.59921,0.0
-50.0,50,1372.420969,0.0
-50.0,50,1373.245487,0.0
-50.0,50,1374.08274,0.0
-50.0,50,1374.915298,0.0
-50.0,50,1375.749145,0.0
-50.0,50,1376.570648,0.0
-50.0,50,1377.401221,0.0
-50.0,50,1378.270515,0.0
-50.0,50,1379.14786,0.0
-50.0,50,1385.788976,0.0
-50.0,50,1386.58858,0.0
-50.0,50,1387.390114,0.0
-50.0,50,1388.204734,0.0
-50.0,50,1389.020365,0.0
-50.0,50,1389.831548,0.0
-50.0,50,1390.643266,0.0
-50.0,50,1392.223927,0.0
-50.0,50,1393.048108,0.0
-50.0,50,1393.873099,0.0
-50.0,50,1400.446521,0.0
-50.0,50,1401.259333,0.0
-50.0,50,1402.081058,0.0
-50.0,50,1402.909572,0.0
-50.0,50,1403.767033,0.0
-50.0,50,1404.58485,0.0
-50.0,50,1405.405758,0.0
-50.0,50,1406.22006,0.0
-50.0,50,1407.032883,0.0
-50.0,50,1407.846411,0.0
-50.0,50,1414.441443,0.0
-50.0,50,1415.245682,0.0
-50.0,50,1416.052979,0.0
-50.0,50,1416.864725,0.0
-50.0,50,1417.67494,0.0
-50.0,50,1418.49175,0.0
-50.0,50,1419.312865,0.0
-50.0,50,1420.125821,0.0
-50.0,50,1420.952691,0.0
-50.0,50,1421.766878,0.0
-50.0,50,1422.574224,0.0
-50.0,50,1429.148311,0.0
-50.0,50,1430.746237,0.0
-50.0,50,1431.545955,0.0
-50.0,50,1432.368473,0.0
-50.0,50,1433.186034,0.0
-50.0,50,1434.002741,0.0
-50.0,50,1434.843891,0.0
-50.0,50,1435.653924,0.0
-50.0,50,1436.476951,0.0
-50.0,50,1437.286719,0.0
-50.0,50,1443.926019,0.0
-50.0,50,1444.734481,0.0
-50.0,50,1445.54163,0.0
-50.0,50,1446.351819,0.0
-50.0,50,1447.152623,0.0
-50.0,50,1447.978997,0.0
-50.0,50,1448.788142,0.0
-50.0,50,1449.596713,0.0
-50.0,50,1450.406914,0.0
-50.0,50,1451.212422,0.0
-50.0,50,1457.854411,0.0
-50.0,50,1458.664843,0.0
-50.0,50,1459.492895,0.0
-50.0,50,1460.374217,0.0
-50.0,50,1461.206272,0.0
-50.0,50,1462.013025,0.0
-50.0,50,1463.60038,0.0
-50.0,50,1464.405884,0.0
-50.0,50,1465.214679,0.0
-50.0,50,1466.024541,0.0
-50.0,50,1472.632318,0.0
-50.0,50,1473.426581,0.0
-50.0,50,1474.253979,0.0
-50.0,50,1475.068057,0.0
-50.0,50,1475.87563,0.0
-50.0,50,1476.682036,0.0
-50.0,50,1477.480531,0.0
-50.0,50,1478.305948,0.0
-50.0,50,1479.145538,0.0
-50.0,50,1479.979001,0.0
-50.0,50,1486.609215,0.0
-50.0,50,1487.410226,0.0
-50.0,50,1488.223815,0.0
-50.0,50,1489.05712,0.0
-50.0,50,1489.866976,0.0
-50.0,50,1490.665339,0.0
-50.0,50,1491.472427,0.0
-50.0,50,1492.292831,0.0
-50.0,50,1493.100611,0.0
-50.0,50,1493.917525,0.0
-50.0,50,1494.72323,0.0
-50.0,50,1502.115169,0.0
-50.0,50,1502.915676,0.0
-50.0,50,1503.720993,0.0
-50.0,50,1504.533549,0.0
-50.0,50,1505.355014,0.0
-50.0,50,1506.177251,0.0
-50.0,50,1506.98999,0.0
-50.0,50,1507.807782,0.0
-50.0,50,1508.620079,0.0
-50.0,50,1509.442829,0.0
-50.0,50,1516.023044,0.0
-50.0,50,1516.843045,0.0
-50.0,50,1517.649639,0.0
-50.0,50,1518.467861,0.0
-50.0,50,1519.285748,0.0
-50.0,50,1520.086027,0.0
-50.0,50,1520.895962,0.0
-50.0,50,1521.703213,0.0
-50.0,50,1522.516706,0.0
-50.0,50,1523.325347,0.0
-50.0,50,1529.953861,0.0
-50.0,50,1530.764574,0.0
-50.0,50,1531.569957,0.0
-50.0,50,1532.37758,0.0
-50.0,50,1533.177699,0.0
-50.0,50,1534.770291,0.0
-50.0,50,1535.581465,0.0
-50.0,50,1536.405632,0.0
-50.0,50,1537.229469,0.0
-50.0,50,1538.03393,0.0
-50.0,50,1544.610229,0.0
-50.0,50,1545.407249,0.0
-50.0,50,1546.21315,0.0
-50.0,50,1547.018406,0.0
-50.0,50,1547.832891,0.0
-50.0,50,1548.62856,0.0
-50.0,50,1549.43452,0.0
-50.0,50,1550.247091,0.0
-50.0,50,1551.067401,0.0
-50.0,50,1551.860945,0.0
-50.0,50,1552.67415,0.0
-50.0,50,1559.208016,0.0
-50.0,50,1560.018695,0.0
-50.0,50,1560.843359,0.0
-50.0,50,1561.639885,0.0
-50.0,50,1562.432277,0.0
-50.0,50,1563.231782,0.0
-50.0,50,1564.033574,0.0
-50.0,50,1564.84264,0.0
-50.0,50,1565.648937,0.0
-50.0,50,1567.227406,0.0
-50.0,50,1573.795917,0.0
-50.0,50,1574.609174,0.0
-50.0,50,1575.419061,0.0
-50.0,50,1576.2313,0.0
-50.0,50,1577.042863,0.0
-50.0,50,1577.857935,0.0
-50.0,50,1578.657903,0.0
-50.0,50,1579.461017,0.0
-50.0,50,1580.312763,0.0
-50.0,50,1581.125295,0.0
-50.0,50,1587.724764,0.0
-50.0,50,1588.529745,0.0
-50.0,50,1589.344913,0.0
-50.0,50,1590.169216,0.0
-50.0,50,1590.983199,0.0
-50.0,50,1591.796096,0.0
-50.0,50,1592.612792,0.0
-50.0,50,1593.43598,0.0
-50.0,50,1594.234118,0.0
-50.0,50,1595.045707,0.0
-50.0,50,1601.614791,0.0
-50.0,50,1602.434148,0.0
-50.0,50,1603.249839,0.0
-50.0,50,1604.05884,0.0
-50.0,50,1605.646531,0.0
-50.0,50,1606.443807,0.0
-50.0,50,1607.247252,0.0
-50.0,50,1608.061277,0.0
-50.0,50,1608.864302,0.0
-50.0,50,1609.675959,0.0
-50.0,50,1610.483014,0.0
-50.0,50,1617.132941,0.0
-50.0,50,1617.94587,0.0
-50.0,50,1618.762878,0.0
-50.0,50,1619.572473,0.0
-50.0,50,1620.386431,0.0
-50.0,50,1621.207492,0.0
-50.0,50,1622.01056,0.0
-50.0,50,1622.818149,0.0
-50.0,50,1623.659158,0.0
-50.0,50,1624.466248,0.0
-50.0,50,1631.052726,0.0
-50.0,50,1631.883409,0.0
-50.0,50,1632.691196,0.0
-50.0,50,1633.503203,0.0
-50.0,50,1634.321045,0.0
-50.0,50,1635.130558,0.0
-50.0,50,1635.943269,0.0
-50.0,50,1636.759458,0.0
-50.0,50,1638.353603,0.0
-50.0,50,1639.163028,0.0
-50.0,50,1645.746667,0.0
-50.0,50,1646.553189,0.0
-50.0,50,1647.364259,0.0
-50.0,50,1648.18646,0.0
-50.0,50,1648.991591,0.0
-50.0,50,1649.797922,0.0
-50.0,50,1650.604097,0.0
-50.0,50,1651.407805,0.0
-50.0,50,1652.213224,0.0
-50.0,50,1653.022385,0.0
-50.0,50,1659.622953,0.0
-50.0,50,1660.422707,0.0
-50.0,50,1661.252467,0.0
-50.0,50,1662.058941,0.0
-50.0,50,1662.869907,0.0
-50.0,50,1663.708354,0.0
-50.0,50,1664.62283,0.0
-50.0,50,1665.484142,0.0
-50.0,50,1666.309362,0.0
-50.0,50,1667.118215,0.0
-50.0,50,1667.933052,0.0
-50.0,50,1674.515873,0.0
-50.0,50,1675.334993,0.0
-50.0,50,1676.921898,0.0
-50.0,50,1677.740633,0.0
-50.0,50,1678.566285,0.0
-50.0,50,1679.39907,0.0
-50.0,50,1680.211943,0.0
-50.0,50,1681.028346,0.0
-50.0,50,1681.850429,0.0
-50.0,50,1682.674449,0.0
-50.0,50,1689.261204,0.0
-50.0,50,1690.071583,0.0
-50.0,50,1690.893198,0.0
-50.0,50,1691.707619,0.0
-50.0,50,1692.531099,0.0
-50.0,50,1693.349105,0.0
-50.0,50,1694.160479,0.0
-50.0,50,1695.014034,0.0
-50.0,50,1695.821722,0.0
-50.0,50,1696.632773,0.0
-50.0,50,1703.194838,0.0
-50.0,50,1704.022543,0.0
-50.0,50,1704.837652,0.0
-50.0,50,1705.662274,0.0
-50.0,50,1706.478426,0.0
-50.0,50,1707.278167,0.0
-50.0,50,1708.092651,0.0
-50.0,50,1709.70263,0.0
-50.0,50,1710.517429,0.0
-50.0,50,1711.340726,0.0
-50.0,50,1717.914012,0.0
-50.0,50,1718.743407,0.0
-50.0,50,1719.55156,0.0
-50.0,50,1720.365334,0.0
-50.0,50,1721.192247,0.0
-50.0,50,1722.007587,0.0
-50.0,50,1722.840536,0.0
-50.0,50,1723.650649,0.0
-50.0,50,1724.454245,0.0
-50.0,50,1725.258415,0.0
-50.0,50,1726.079525,0.0
-50.0,50,1732.686159,0.0
-50.0,50,1733.521832,0.0
-50.0,50,1734.339367,0.0
-50.0,50,1735.164544,0.0
-50.0,50,1736.002762,0.0
-50.0,50,1736.843602,0.0
-50.0,50,1737.670658,0.0
-50.0,50,1738.488137,0.0
-50.0,50,1739.33326,0.0
-50.0,50,1740.162944,0.0
-50.0,50,1746.731837,0.0
-50.0,50,1748.385862,0.0
-50.0,50,1749.206555,0.0
-50.0,50,1750.03675,0.0
-50.0,50,1750.866675,0.0
-50.0,50,1751.683382,0.0
-50.0,50,1752.503628,0.0
-50.0,50,1753.31893,0.0
-50.0,50,1754.150401,0.0
-50.0,50,1754.953511,0.0
-50.0,50,1761.575583,0.0
-50.0,50,1762.406546,0.0
-50.0,50,1763.224181,0.0
-50.0,50,1764.071681,0.0
-50.0,50,1764.908087,0.0
-50.0,50,1765.737671,0.0
-50.0,50,1766.599311,0.0
-50.0,50,1767.445385,0.0
-50.0,50,1768.277522,0.0
-50.0,50,1769.090132,0.0
-50.0,50,1775.653111,0.0
-50.0,50,1776.468348,0.0
-50.0,50,1777.292801,0.0
-50.0,50,1778.115808,0.0
-50.0,50,1778.933778,0.0
-50.0,50,1779.75748,0.0
-50.0,50,1781.379846,0.0
-50.0,50,1782.188446,0.0
-50.0,50,1783.020227,0.0
-50.0,50,1783.879676,0.0
-50.0,50,1784.717861,0.0
-50.0,50,1791.325923,0.0
-50.0,50,1792.140913,0.0
-50.0,50,1792.969043,0.0
-50.0,50,1793.805447,0.0
-50.0,50,1794.641559,0.0
-50.0,50,1795.454365,0.0
-50.0,50,1796.268256,0.0
-50.0,50,1797.096407,0.0
-50.0,50,1797.90635,0.0
-50.0,50,1798.733483,0.0
-50.0,50,1805.317908,0.0
-50.0,50,1806.135523,0.0
-50.0,50,1806.948363,0.0
-50.0,50,1807.765587,0.0
-50.0,50,1808.597249,0.0
-50.0,50,1809.41245,0.0
-50.0,50,1810.218268,0.0
-50.0,50,1811.031896,0.0
-50.0,50,1811.860851,0.0
-50.0,50,1812.663934,0.0
-50.0,50,1820.131949,0.0
-50.0,50,1820.943075,0.0
-50.0,50,1821.762813,0.0
-50.0,50,1822.574883,0.0
-50.0,50,1823.392281,0.0
-50.0,50,1824.206031,0.0
-50.0,50,1825.028779,0.0
-50.0,50,1825.844377,0.0
-50.0,50,1826.658644,0.0
-50.0,50,1827.478719,0.0
-50.0,50,1834.080878,0.0
-50.0,50,1834.879813,0.0
-50.0,50,1835.705604,0.0
-50.0,50,1836.534769,0.0
-50.0,50,1837.370459,0.0
-50.0,50,1838.190042,0.0
-50.0,50,1839.019587,0.0
-50.0,50,1839.855812,0.0
-50.0,50,1840.678306,0.0
-50.0,50,1841.491856,0.0
-50.0,50,1848.107979,0.0
-50.0,50,1848.942162,0.0
-50.0,50,1849.7631,0.0
-50.0,50,1850.59655,0.0
-50.0,50,1851.418297,0.0
-50.0,50,1853.031157,0.0
-50.0,50,1853.849006,0.0
-50.0,50,1854.668638,0.0
-50.0,50,1855.492121,0.0
-50.0,50,1856.314124,0.0
-50.0,50,1857.124965,0.0
-50.0,50,1863.764147,0.0
-50.0,50,1864.58153,0.0
-50.0,50,1865.417097,0.0
-50.0,50,1866.233943,0.0
-50.0,50,1867.047619,0.0
-50.0,50,1867.879465,0.0
-50.0,50,1868.710093,0.0
-50.0,50,1869.533559,0.0
-50.0,50,1870.353056,0.0
-50.0,50,1871.18326,0.0
-50.0,50,1877.798411,0.0
-50.0,50,1878.615093,0.0
-50.0,50,1879.430062,0.0
-50.0,50,1880.242243,0.0
-50.0,50,1881.058161,0.0
-50.0,50,1881.890693,0.0
-50.0,50,1882.710779,0.0
-50.0,50,1883.537908,0.0
-50.0,50,1884.377991,0.0
-50.0,50,1885.974833,0.0
-50.0,50,1892.584161,0.0
-50.0,50,1893.415704,0.0
-50.0,50,1894.231105,0.0
-50.0,50,1895.050237,0.0
-50.0,50,1895.87477,0.0
-50.0,50,1896.700982,0.0
-50.0,50,1897.52042,0.0
-50.0,50,1898.347482,0.0
-50.0,50,1899.17183,0.0
-50.0,50,1900.001461,0.0
-50.0,50,1906.608204,0.0
-50.0,50,1907.458702,0.0
-50.0,50,1908.302518,0.0
-50.0,50,1909.124592,0.0
-50.0,50,1909.977178,0.0
-50.0,50,1910.806728,0.0
-50.0,50,1911.618794,0.0
-50.0,50,1912.454327,0.0
-50.0,50,1913.287014,0.0
-50.0,50,1914.126991,0.0
-50.0,50,1914.957304,0.0
-50.0,50,1921.580882,0.0
-50.0,50,1922.406273,0.0
-50.0,50,1923.214923,0.0
-50.0,50,1924.827853,0.0
-50.0,50,1925.637459,0.0
-50.0,50,1926.448124,0.0
-50.0,50,1927.279121,0.0
-50.0,50,1928.098384,0.0
-50.0,50,1928.91669,0.0
-50.0,50,1929.73157,0.0
-50.0,50,1936.344427,0.0
-50.0,50,1937.172185,0.0
-50.0,50,1937.998098,0.0
-50.0,50,1938.824312,0.0
-50.0,50,1939.640801,0.0
-50.0,50,1940.486872,0.0
-50.0,50,1941.312903,0.0
-50.0,50,1942.13764,0.0
-50.0,50,1942.956749,0.0
-50.0,50,1943.782909,0.0
-50.0,50,1950.389915,0.0
-50.0,50,1951.228986,0.0
-50.0,50,1952.05359,0.0
-50.0,50,1952.893824,0.0
-50.0,50,1953.718489,0.0
-50.0,50,1954.540033,0.0
-50.0,50,1955.37125,0.0
-50.0,50,1956.19622,0.0
-50.0,50,1957.824573,0.0
-50.0,50,1958.650347,0.0
-50.0,50,1965.271553,0.0
-50.0,50,1966.090466,0.0
-50.0,50,1966.925538,0.0
-50.0,50,1967.772109,0.0
-50.0,50,1968.615037,0.0
-50.0,50,1969.441299,0.0
-50.0,50,1970.283935,0.0
-50.0,50,1971.134728,0.0
-50.0,50,1971.964243,0.0
-50.0,50,1972.796562,0.0
-50.0,50,1973.63765,0.0
-50.0,50,1980.263392,0.0
-50.0,50,1981.09267,0.0
-50.0,50,1981.935524,0.0
-50.0,50,1982.768039,0.0
-50.0,50,1983.612034,0.0
-50.0,50,1984.455247,0.0
-50.0,50,1985.290297,0.0
-50.0,50,1986.109524,0.0
-50.0,50,1986.921787,0.0
-50.0,50,1987.738454,0.0
-50.0,50,1994.408456,0.0
-50.0,50,1995.234221,0.0
-50.0,50,1996.856771,0.0
-50.0,50,1997.687156,0.0
-50.0,50,1998.540225,0.0
-50.0,50,1999.361007,0.0
-50.0,50,2000.192596,0.0
-50.0,50,2001.031762,0.0
-50.0,50,2001.887483,0.0
-50.0,50,2002.717722,0.0
-50.0,50,2009.297989,0.0
-50.0,50,2010.139481,0.0
-50.0,50,2010.972334,0.0
-50.0,50,2011.801625,0.0
-50.0,50,2012.636763,0.0
-50.0,50,2013.452125,0.0
-50.0,50,2014.296621,0.0
-50.0,50,2015.122809,0.0
-50.0,50,2015.948453,0.0
-50.0,50,2016.765431,0.0
-50.0,50,2023.353621,0.0
-50.0,50,2024.174955,0.0
-50.0,50,2024.999386,0.0
-50.0,50,2025.833308,0.0
-50.0,50,2026.660083,0.0
-50.0,50,2027.527849,0.0
-50.0,50,2028.377072,0.0
-50.0,50,2029.966067,0.0
-50.0,50,2030.792541,0.0
-50.0,50,2031.630152,0.0
-50.0,50,2032.467382,0.0
-50.0,50,2039.062996,0.0
-50.0,50,2039.8873,0.0
-50.0,50,2040.722597,0.0
-50.0,50,2041.544206,0.0
-50.0,50,2042.378219,0.0
-50.0,50,2043.213698,0.0
-50.0,50,2044.054168,0.0
-50.0,50,2044.881653,0.0
-50.0,50,2045.715191,0.0
-50.0,50,2046.542788,0.0
-50.0,50,2053.169171,0.0
-50.0,50,2053.969906,0.0
-50.0,50,2054.779568,0.0
-50.0,50,2055.599015,0.0
-50.0,50,2056.426762,0.0
-50.0,50,2057.247199,0.0
-50.0,50,2058.076177,0.0
-50.0,50,2058.919261,0.0
-50.0,50,2059.761834,0.0
-50.0,50,2060.59366,0.0
-50.0,50,2067.216965,0.0
-50.0,50,2068.840875,0.0
-50.0,50,2069.671657,0.0
-50.0,50,2070.507088,0.0
-50.0,50,2071.336455,0.0
-50.0,50,2072.159525,0.0
-50.0,50,2072.967375,0.0
-50.0,50,2073.788494,0.0
-50.0,50,2074.617126,0.0
-50.0,50,2075.438812,0.0
-50.0,50,2082.055333,0.0
-50.0,50,2082.883085,0.0
-50.0,50,2083.718353,0.0
-50.0,50,2084.533959,0.0
-50.0,50,2085.352214,0.0
-50.0,50,2086.187891,0.0
-50.0,50,2087.018219,0.0
-50.0,50,2087.839731,0.0
-50.0,50,2088.660973,0.0
-50.0,50,2089.47647,0.0
-50.0,50,2090.299468,0.0
-50.0,50,2096.925395,0.0
-50.0,50,2097.754602,0.0
-50.0,50,2098.570593,0.0
-50.0,50,2099.387171,0.0
-50.0,50,2100.221842,0.0
-50.0,50,2101.85366,0.0
-50.0,50,2102.67744,0.0
-50.0,50,2103.522111,0.0
-50.0,50,2104.350587,0.0
-50.0,50,2105.19008,0.0
-50.0,50,2111.829899,0.0
-50.0,50,2112.651586,0.0
-50.0,50,2113.466068,0.0
-50.0,50,2114.292129,0.0
-50.0,50,2115.119506,0.0
-50.0,50,2115.95569,0.0
-50.0,50,2116.770081,0.0
-50.0,50,2117.60239,0.0
-50.0,50,2118.446105,0.0
-50.0,50,2119.272252,0.0
-50.0,50,2125.899438,0.0
-50.0,50,2126.73055,0.0
-50.0,50,2127.560334,0.0
-50.0,50,2128.383649,0.0
-50.0,50,2129.222919,0.0
-50.0,50,2130.044381,0.0
-50.0,50,2130.859035,0.0
-50.0,50,2131.681379,0.0
-50.0,50,2132.500958,0.0
-50.0,50,2133.333163,0.0
-50.0,50,2140.720813,0.0
-50.0,50,2141.543313,0.0
-50.0,50,2142.368505,0.0
-50.0,50,2143.190458,0.0
-50.0,50,2144.036957,0.0
-50.0,50,2144.861465,0.0
-50.0,50,2145.692647,0.0
-50.0,50,2146.519103,0.0
-50.0,50,2147.3717,0.0
-50.0,50,2148.299965,0.0
-50.0,50,2149.122815,0.0
-50.0,50,2155.729791,0.0
-50.0,50,2156.551769,0.0
-50.0,50,2157.391634,0.0
-50.0,50,2158.216298,0.0
-50.0,50,2159.041574,0.0
-50.0,50,2159.875947,0.0
-50.0,50,2160.695077,0.0
-50.0,50,2161.518701,0.0
-50.0,50,2162.335374,0.0
-50.0,50,2163.160368,0.0
-50.0,50,2169.782658,0.0
-50.0,50,2170.616555,0.0
-50.0,50,2171.447397,0.0
-50.0,50,2172.273603,0.0
-50.0,50,2173.880874,0.0
-50.0,50,2174.727277,0.0
-50.0,50,2175.561048,0.0
-50.0,50,2176.382709,0.0
-50.0,50,2177.223734,0.0
-50.0,50,2178.053186,0.0
-50.0,50,2184.103293,0.0
-50.0,50,2184.934667,0.0
-50.0,50,2185.778643,0.0
-50.0,50,2186.616272,0.0
-50.0,50,2187.447594,0.0
-50.0,50,2188.291767,0.0
-50.0,50,2189.130781,0.0
-50.0,50,2189.946291,0.0
-50.0,50,2190.77825,0.0
-50.0,50,2191.609245,0.0
-50.0,50,2194.824259,0.0
-50.0,50,2195.675479,0.0
-50.0,50,2196.560155,0.0
-50.0,50,2197.39402,0.0
-50.0,50,2198.223142,0.0
-50.0,50,2199.067366,0.0
-50.0,50,2199.908815,0.0
-50.0,50,2200.745759,0.0
-50.0,50,2201.597173,0.0
-50.0,50,2203.231314,0.0
-50.0,50,2206.602354,0.0
-50.0,50,2207.449017,0.0
-50.0,50,2208.306149,0.0
-50.0,50,2209.120121,0.0
-50.0,50,2209.965302,0.0
-50.0,50,2210.803934,0.0
-50.0,50,2211.649487,0.0
-50.0,50,2212.479979,0.0
-50.0,50,2213.316114,0.0
-50.0,50,2214.129545,0.0
-50.0,50,2214.957682,0.0
-50.0,50,2218.159553,0.0
-50.0,50,2218.991913,0.0
-50.0,50,2219.812128,0.0
-50.0,50,2220.652835,0.0
-50.0,50,2221.478576,0.0
-50.0,50,2222.315237,0.0
-50.0,50,2223.138693,0.0
-50.0,50,2223.999637,0.0
-50.0,50,2224.842735,0.0
-50.0,50,2225.687302,0.0
-50.0,50,2228.929791,0.0
-50.0,50,2229.759772,0.0
-50.0,50,2230.582963,0.0
-50.0,50,2232.185456,0.0
-50.0,50,2233.002404,0.0
-50.0,50,2233.831738,0.0
-50.0,50,2234.659168,0.0
-50.0,50,2235.486032,0.0
-50.0,50,2236.330899,0.0
-50.0,50,2237.167069,0.0
-50.0,50,2242.961386,0.0
-50.0,50,2243.78598,0.0
-50.0,50,2244.609672,0.0
-50.0,50,2245.42731,0.0
-50.0,50,2246.263434,0.0
-50.0,50,2247.090791,0.0
-50.0,50,2247.918465,0.0
-50.0,50,2248.737042,0.0
-50.0,50,2249.571471,0.0
-50.0,50,2250.408841,0.0
-50.0,50,2257.049645,0.0
-50.0,50,2257.879648,0.0
-50.0,50,2258.708942,0.0
-50.0,50,2259.523277,0.0
-50.0,50,2260.34366,0.0
-50.0,50,2261.154421,0.0
-50.0,50,2261.977819,0.0
-50.0,50,2262.797572,0.0
-50.0,50,2264.460864,0.0
-50.0,50,2265.291336,0.0
-50.0,50,2266.109065,0.0
-50.0,50,2272.485666,0.0
-50.0,50,2273.338817,0.0
-50.0,50,2274.179947,0.0
-50.0,50,2275.019862,0.0
-50.0,50,2275.850289,0.0
-50.0,50,2276.678727,0.0
-50.0,50,2277.511043,0.0
-50.0,50,2278.338029,0.0
-50.0,50,2279.168422,0.0
-50.0,50,2279.988543,0.0
-50.0,50,2286.561912,0.0
-50.0,50,2287.401008,0.0
-50.0,50,2288.213687,0.0
-50.0,50,2289.046134,0.0
-50.0,50,2289.854822,0.0
-50.0,50,2290.685533,0.0
-50.0,50,2291.520863,0.0
-50.0,50,2292.376887,0.0
-50.0,50,2293.21941,0.0
-50.0,50,2294.054065,0.0
-50.0,50,2300.501996,0.0
-50.0,50,2301.32843,0.0
-50.0,50,2302.929973,0.0
-50.0,50,2303.754941,0.0
-50.0,50,2304.584549,0.0
-50.0,50,2305.428926,0.0
-50.0,50,2306.271546,0.0
-50.0,50,2307.078213,0.0
-50.0,50,2307.903697,0.0
-50.0,50,2308.74762,0.0
-50.0,50,2315.396604,0.0
-50.0,50,2316.236712,0.0
-50.0,50,2317.067372,0.0
-50.0,50,2317.908623,0.0
-50.0,50,2318.74319,0.0
-50.0,50,2319.585928,0.0
-50.0,50,2320.430729,0.0
-50.0,50,2321.290565,0.0
-50.0,50,2322.144662,0.0
-50.0,50,2322.994624,0.0
-50.0,50,2323.834436,0.0
-50.0,50,2330.39134,0.0
-50.0,50,2331.247385,0.0
-50.0,50,2332.091918,0.0
-50.0,50,2332.934905,0.0
-50.0,50,2333.777015,0.0
-50.0,50,2334.599279,0.0
-50.0,50,2336.199839,0.0
-50.0,50,2337.049106,0.0
-50.0,50,2337.880157,0.0
-50.0,50,2338.705684,0.0
-50.0,50,2345.358803,0.0
-50.0,50,2346.202549,0.0
-50.0,50,2347.048034,0.0
-50.0,50,2347.90061,0.0
-50.0,50,2348.740041,0.0
-50.0,50,2349.576163,0.0
-50.0,50,2350.406216,0.0
-50.0,50,2351.243426,0.0
-50.0,50,2352.068368,0.0
-50.0,50,2352.89327,0.0
-50.0,50,2359.506843,0.0
-50.0,50,2360.341047,0.0
-50.0,50,2361.181511,0.0
-50.0,50,2362.002337,0.0
-50.0,50,2362.818196,0.0
-50.0,50,2363.646247,0.0
-50.0,50,2364.479114,0.0
-50.0,50,2365.320465,0.0
-50.0,50,2366.152316,0.0
-50.0,50,2366.984263,0.0
-50.0,50,2373.575162,0.0
-50.0,50,2375.207855,0.0
-50.0,50,2376.026165,0.0
-50.0,50,2376.858287,0.0
-50.0,50,2377.673447,0.0
-50.0,50,2378.497344,0.0
-50.0,50,2379.331226,0.0
-50.0,50,2380.176562,0.0
-50.0,50,2381.007058,0.0
-50.0,50,2381.841196,0.0
-50.0,50,2382.651452,0.0
-50.0,50,2389.269014,0.0
-50.0,50,2390.086359,0.0
-50.0,50,2390.922092,0.0
-50.0,50,2391.751262,0.0
-50.0,50,2392.595755,0.0
-50.0,50,2393.430925,0.0
-50.0,50,2394.26544,0.0
-50.0,50,2395.105601,0.0
-50.0,50,2395.963553,0.0
-50.0,50,2396.80242,0.0
-50.0,50,2403.358991,0.0
-50.0,50,2404.210741,0.0
-50.0,50,2405.037172,0.0
-50.0,50,2405.862674,0.0
-50.0,50,2406.718177,0.0
-50.0,50,2408.355385,0.0
-50.0,50,2409.199893,0.0
-50.0,50,2410.020651,0.0
-50.0,50,2410.854132,0.0
-50.0,50,2411.681956,0.0
-50.0,50,2418.293212,0.0
-50.0,50,2419.116859,0.0
-50.0,50,2419.998612,0.0
-50.0,50,2420.833145,0.0
-50.0,50,2421.677769,0.0
-50.0,50,2422.518206,0.0
-50.0,50,2423.345005,0.0
-50.0,50,2424.184994,0.0
-50.0,50,2425.023287,0.0
-50.0,50,2425.862042,0.0
-50.0,50,2432.517634,0.0
-50.0,50,2433.352659,0.0
-50.0,50,2434.187894,0.0
-50.0,50,2435.0133,0.0
-50.0,50,2435.845985,0.0
-50.0,50,2436.682551,0.0
-50.0,50,2437.510343,0.0
-50.0,50,2438.345903,0.0
-50.0,50,2439.161052,0.0
-50.0,50,2439.983239,0.0
-50.0,50,2441.61355,0.0
-50.0,50,2448.223083,0.0
-50.0,50,2449.070549,0.0
-50.0,50,2449.929673,0.0
-50.0,50,2450.801749,0.0
-50.0,50,2451.641383,0.0
-50.0,50,2452.49245,0.0
-50.0,50,2453.340299,0.0
-50.0,50,2454.183702,0.0
-50.0,50,2455.003543,0.0
-50.0,50,2455.831,0.0
-50.0,50,2462.424028,0.0
-50.0,50,2463.255481,0.0
-50.0,50,2464.084952,0.0
-50.0,50,2464.917011,0.0
-50.0,50,2465.762231,0.0
-50.0,50,2466.623463,0.0
-50.0,50,2467.484927,0.0
-50.0,50,2468.317064,0.0
-50.0,50,2469.152555,0.0
-50.0,50,2469.991132,0.0
-50.0,50,2476.598098,0.0
-50.0,50,2477.429481,0.0
-50.0,50,2478.25925,0.0
-50.0,50,2479.115359,0.0
-50.0,50,2480.749374,0.0
-50.0,50,2481.578341,0.0
-50.0,50,2482.402763,0.0
-50.0,50,2483.233566,0.0
-50.0,50,2484.062589,0.0
-50.0,50,2484.88803,0.0
-50.0,50,2491.503787,0.0
-50.0,50,2492.330848,0.0
-50.0,50,2493.150207,0.0
-50.0,50,2493.981951,0.0
-50.0,50,2494.820016,0.0
-50.0,50,2495.655016,0.0
-50.0,50,2496.487098,0.0
-50.0,50,2497.314293,0.0
-50.0,50,2498.14904,0.0
-50.0,50,2498.983629,0.0
-50.0,50,2499.815754,0.0
-50.0,50,2506.427477,0.0
-50.0,50,2507.257768,0.0
-50.0,50,2508.128037,0.0
-50.0,50,2508.958566,0.0
-50.0,50,2509.780947,0.0
-50.0,50,2510.600317,0.0
-50.0,50,2511.434651,0.0
-50.0,50,2512.264668,0.0
-50.0,50,2513.875171,0.0
-50.0,50,2514.695637,0.0
-50.0,50,2521.346274,0.0
-50.0,50,2522.177733,0.0
-50.0,50,2523.005799,0.0
-50.0,50,2523.840379,0.0
-50.0,50,2524.690202,0.0
-50.0,50,2525.514013,0.0
-50.0,50,2526.328712,0.0
-50.0,50,2527.14162,0.0
-50.0,50,2527.968516,0.0
-50.0,50,2528.798766,0.0
-50.0,50,2535.405169,0.0
-50.0,50,2536.230826,0.0
-50.0,50,2537.060812,0.0
-50.0,50,2537.899198,0.0
-50.0,50,2538.740782,0.0
-50.0,50,2539.593479,0.0
-50.0,50,2540.440846,0.0
-50.0,50,2541.289041,0.0
-50.0,50,2542.12762,0.0
-50.0,50,2542.954655,0.0
-50.0,50,2549.583766,0.0
-50.0,50,2550.410306,0.0
-50.0,50,2551.242654,0.0
-50.0,50,2552.840316,0.0
-50.0,50,2553.667193,0.0
-50.0,50,2554.494901,0.0
-50.0,50,2555.318966,0.0
-50.0,50,2556.143365,0.0
-50.0,50,2556.97443,0.0
-50.0,50,2557.811296,0.0
-50.0,50,2564.428872,0.0
-50.0,50,2565.260912,0.0
-50.0,50,2566.098988,0.0
-50.0,50,2566.925125,0.0
-50.0,50,2567.743735,0.0
-50.0,50,2568.563942,0.0
-50.0,50,2569.395672,0.0
-50.0,50,2570.2238,0.0
-50.0,50,2571.053778,0.0
-50.0,50,2571.888977,0.0
-50.0,50,2572.715698,0.0
-50.0,50,2579.353378,0.0
-50.0,50,2580.194796,0.0
-50.0,50,2581.040368,0.0
-50.0,50,2581.862931,0.0
-50.0,50,2582.682019,0.0
-50.0,50,2583.529815,0.0
-50.0,50,2584.439065,0.0
-50.0,50,2586.098162,0.0
-50.0,50,2586.942058,0.0
-50.0,50,2587.791021,0.0
-50.0,50,2594.383851,0.0
-50.0,50,2595.218457,0.0
-50.0,50,2596.053749,0.0
-50.0,50,2596.89169,0.0
-50.0,50,2597.730018,0.0
-50.0,50,2598.564073,0.0
-50.0,50,2599.410884,0.0
-50.0,50,2600.255941,0.0
-50.0,50,2601.133347,0.0
-50.0,50,2601.959544,0.0
-50.0,50,2608.578117,0.0
-50.0,50,2609.417839,0.0
-50.0,50,2610.246834,0.0
-50.0,50,2611.08156,0.0
-50.0,50,2611.891546,0.0
-50.0,50,2612.713715,0.0
-50.0,50,2613.560003,0.0
-50.0,50,2614.392999,0.0
-50.0,50,2615.221045,0.0
-50.0,50,2616.051575,0.0
-50.0,50,2622.638903,0.0
-50.0,50,2623.470561,0.0
-50.0,50,2625.108116,0.0
-50.0,50,2625.9577,0.0
-50.0,50,2626.803056,0.0
-50.0,50,2627.635344,0.0
-50.0,50,2628.488145,0.0
-50.0,50,2629.335623,0.0
-50.0,50,2630.181154,0.0
-50.0,50,2631.02626,0.0
-50.0,50,2631.863235,0.0
-50.0,50,2638.486071,0.0
-50.0,50,2639.32321,0.0
-50.0,50,2640.164901,0.0
-50.0,50,2640.994417,0.0
-50.0,50,2641.831798,0.0
-50.0,50,2642.670091,0.0
-50.0,50,2643.509624,0.0
-50.0,50,2644.331507,0.0
-50.0,50,2645.159313,0.0
-50.0,50,2645.989654,0.0
-50.0,50,2652.572591,0.0
-50.0,50,2653.397362,0.0
-50.0,50,2654.234142,0.0
-50.0,50,2655.102631,0.0
-50.0,50,2655.966065,0.0
-50.0,50,2656.831228,0.0
-50.0,50,2658.486969,0.0
-50.0,50,2659.323353,0.0
-50.0,50,2660.163227,0.0
-50.0,50,2661.006731,0.0
-50.0,50,2667.529174,0.0
-50.0,50,2668.359163,0.0
-50.0,50,2669.186379,0.0
-50.0,50,2670.018326,0.0
-50.0,50,2670.831936,0.0
-50.0,50,2671.688901,0.0
-50.0,50,2672.533564,0.0
-50.0,50,2673.364827,0.0
-50.0,50,2674.215796,0.0
-50.0,50,2675.041748,0.0
-50.0,50,2681.658988,0.0
-50.0,50,2682.492023,0.0
-50.0,50,2683.329158,0.0
-50.0,50,2684.203981,0.0
-50.0,50,2685.04635,0.0
-50.0,50,2685.907836,0.0
-50.0,50,2686.757318,0.0
-50.0,50,2687.607827,0.0
-50.0,50,2688.469458,0.0
-50.0,50,2689.289056,0.0
-50.0,50,2690.114699,0.0
-50.0,50,2697.497976,0.0
-50.0,50,2698.325365,0.0
-50.0,50,2699.157844,0.0
-8.0,9,2699.310389,1.0
-50.0,50,2700.146094,0.0
-50.0,50,2700.973491,0.0
-50.0,50,2701.798617,0.0
-50.0,50,2702.632257,0.0
-50.0,50,2703.478741,0.0
-50.0,50,2704.319298,0.0
-50.0,50,2705.155107,0.0
-50.0,50,2711.774276,0.0
-50.0,50,2712.605491,0.0
-50.0,50,2713.442445,0.0
-50.0,50,2714.266361,0.0
-50.0,50,2715.100492,0.0
-50.0,50,2715.932081,0.0
-50.0,50,2716.753554,0.0
-50.0,50,2717.593402,0.0
-50.0,50,2718.446135,0.0
-50.0,50,2719.288702,0.0
-50.0,50,2725.863043,0.0
-50.0,50,2726.675356,0.0
-50.0,50,2727.495562,0.0
-50.0,50,2728.315382,0.0
-50.0,50,2729.906395,0.0
-50.0,50,2730.740173,0.0
-50.0,50,2731.562181,0.0
-50.0,50,2732.379484,0.0
-50.0,50,2733.207813,0.0
-50.0,50,2734.023003,0.0
-50.0,50,2740.511465,0.0
-50.0,50,2741.345039,0.0
-50.0,50,2742.178332,0.0
-50.0,50,2743.000817,0.0
-50.0,50,2743.822411,0.0
-50.0,50,2744.66221,0.0
-50.0,50,2745.49889,0.0
-50.0,50,2746.32534,0.0
-50.0,50,2747.161681,0.0
-50.0,50,2748.010435,0.0
-50.0,50,2754.633091,0.0
-50.0,50,2755.447227,0.0
-50.0,50,2756.261826,0.0
-50.0,50,2757.080946,0.0
-50.0,50,2757.911099,0.0
-50.0,50,2758.743402,0.0
-50.0,50,2759.574257,0.0
-50.0,50,2760.407881,0.0
-50.0,50,2761.261963,0.0
-50.0,50,2762.863502,0.0
-50.0,50,2763.672461,0.0
-50.0,50,2770.288788,0.0
-50.0,50,2771.1188,0.0
-50.0,50,2771.962633,0.0
-50.0,50,2772.803515,0.0
-50.0,50,2773.641007,0.0
-50.0,50,2774.487914,0.0
-50.0,50,2775.328755,0.0
-50.0,50,2776.165774,0.0
-50.0,50,2777.00303,0.0
-50.0,50,2777.829704,0.0
-50.0,50,2784.419208,0.0
-50.0,50,2785.282779,0.0
-50.0,50,2786.153287,0.0
-50.0,50,2786.991461,0.0
-50.0,50,2787.828381,0.0
-50.0,50,2788.686146,0.0
-50.0,50,2789.549473,0.0
-50.0,50,2790.389345,0.0
-50.0,50,2791.221193,0.0
-50.0,50,2792.050037,0.0
-50.0,50,2798.622402,0.0
-50.0,50,2799.431396,0.0
-50.0,50,2800.261609,0.0
-50.0,50,2801.866713,0.0
-50.0,50,2802.685162,0.0
-50.0,50,2803.501115,0.0
-50.0,50,2804.324682,0.0
-50.0,50,2805.133027,0.0
-50.0,50,2805.955512,0.0
-50.0,50,2806.773275,0.0
-50.0,50,2813.271099,0.0
-50.0,50,2814.091836,0.0
-50.0,50,2814.907482,0.0
-50.0,50,2815.729942,0.0
-50.0,50,2816.536895,0.0
-50.0,50,2817.351171,0.0
-50.0,50,2818.1618,0.0
-50.0,50,2818.992728,0.0
-50.0,50,2819.8136,0.0
-50.0,50,2820.62942,0.0
-50.0,50,2821.431397,0.0
-50.0,50,2827.958163,0.0
-50.0,50,2828.771187,0.0
-50.0,50,2829.587482,0.0
-50.0,50,2830.3968,0.0
-50.0,50,2831.213732,0.0
-50.0,50,2832.035285,0.0
-50.0,50,2832.857166,0.0
-50.0,50,2834.428002,0.0
-50.0,50,2835.255148,0.0
-50.0,50,2836.09227,0.0
-50.0,50,2842.669182,0.0
-50.0,50,2843.491113,0.0
-50.0,50,2844.310139,0.0
-50.0,50,2845.150721,0.0
-50.0,50,2845.987966,0.0
-50.0,50,2846.810651,0.0
-50.0,50,2847.639152,0.0
-50.0,50,2848.468361,0.0
-50.0,50,2849.28337,0.0
-50.0,50,2850.097559,0.0
-50.0,50,2856.685056,0.0
-50.0,50,2857.528553,0.0
-50.0,50,2858.349186,0.0
-50.0,50,2859.148109,0.0
-50.0,50,2859.963653,0.0
-50.0,50,2860.781803,0.0
-50.0,50,2861.61907,0.0
-50.0,50,2862.446276,0.0
-50.0,50,2863.253335,0.0
-50.0,50,2864.07822,0.0
-50.0,50,2870.650474,0.0
-50.0,50,2871.467918,0.0
-50.0,50,2873.061872,0.0
-50.0,50,2873.908861,0.0
-50.0,50,2874.738067,0.0
-50.0,50,2875.559888,0.0
-50.0,50,2876.374711,0.0
-50.0,50,2877.183539,0.0
-50.0,50,2878.001318,0.0
-50.0,50,2878.8176,0.0
-50.0,50,2879.622135,0.0
-50.0,50,2886.214693,0.0
-50.0,50,2887.042369,0.0
-50.0,50,2887.86841,0.0
-50.0,50,2888.703166,0.0
-50.0,50,2889.529679,0.0
-50.0,50,2890.357097,0.0
-50.0,50,2891.178458,0.0
-50.0,50,2892.010231,0.0
-50.0,50,2892.854561,0.0
-50.0,50,2893.661795,0.0
-50.0,50,2900.197182,0.0
-50.0,50,2901.017075,0.0
-50.0,50,2901.841947,0.0
-50.0,50,2902.654002,0.0
-50.0,50,2903.475321,0.0
-50.0,50,2904.295834,0.0
-50.0,50,2905.903883,0.0
-50.0,50,2906.720886,0.0
-50.0,50,2907.531871,0.0
-50.0,50,2908.346905,0.0
-50.0,50,2914.954374,0.0
-50.0,50,2915.780534,0.0
-50.0,50,2916.607244,0.0
-50.0,50,2917.417819,0.0
-50.0,50,2918.22477,0.0
-50.0,50,2919.040855,0.0
-50.0,50,2919.86204,0.0
-50.0,50,2920.683926,0.0
-50.0,50,2921.495118,0.0
-50.0,50,2922.289537,0.0
-50.0,50,2928.941623,0.0
-50.0,50,2929.752921,0.0
-50.0,50,2930.579002,0.0
-50.0,50,2931.407114,0.0
-50.0,50,2932.258714,0.0
-50.0,50,2933.070424,0.0
-50.0,50,2933.893374,0.0
-50.0,50,2934.714402,0.0
-50.0,50,2935.526819,0.0
-50.0,50,2936.346137,0.0
-50.0,50,2937.160579,0.0
-50.0,50,2944.550949,0.0
-50.0,50,2945.393662,0.0
-50.0,50,2946.194249,0.0
-50.0,50,2947.013721,0.0
-50.0,50,2947.846695,0.0
-50.0,50,2948.671489,0.0
-50.0,50,2949.500087,0.0
-50.0,50,2950.324578,0.0
-50.0,50,2951.139642,0.0
-50.0,50,2951.931528,0.0
-50.0,50,2958.472949,0.0
-50.0,50,2959.325066,0.0
-50.0,50,2960.217815,0.0
-50.0,50,2961.037354,0.0
-50.0,50,2961.860672,0.0
-50.0,50,2962.668004,0.0
-50.0,50,2963.480717,0.0
-50.0,50,2964.306416,0.0
-50.0,50,2965.133661,0.0
-50.0,50,2965.960383,0.0
-50.0,50,2972.579891,0.0
-50.0,50,2973.394585,0.0
-50.0,50,2974.209745,0.0
-50.0,50,2975.032493,0.0
-50.0,50,2975.857114,0.0
-50.0,50,2977.438359,0.0
-50.0,50,2978.235533,0.0
-50.0,50,2979.038179,0.0
-50.0,50,2979.846959,0.0
-50.0,50,2980.660495,0.0
-50.0,50,2987.244199,0.0
-50.0,50,2988.057669,0.0
-50.0,50,2988.885476,0.0
-50.0,50,2989.725552,0.0
-50.0,50,2990.548611,0.0
-50.0,50,2991.372589,0.0
-50.0,50,2992.182112,0.0
-50.0,50,2992.997011,0.0
-50.0,50,2993.815437,0.0
-50.0,50,2994.614293,0.0
-50.0,50,3001.211706,0.0
-50.0,50,3002.019539,0.0
-50.0,50,3002.839194,0.0
-50.0,50,3003.670853,0.0
-50.0,50,3004.480007,0.0
-50.0,50,3005.30629,0.0
-50.0,50,3006.111878,0.0
-50.0,50,3006.91221,0.0
-50.0,50,3007.727642,0.0
-50.0,50,3008.550382,0.0
-50.0,50,3010.156445,0.0
-50.0,50,3016.727493,0.0
-50.0,50,3017.545038,0.0
-50.0,50,3018.349964,0.0
-50.0,50,3019.150567,0.0
-50.0,50,3019.99062,0.0
-50.0,50,3020.814104,0.0
-50.0,50,3021.628286,0.0
-50.0,50,3022.436108,0.0
-50.0,50,3023.245727,0.0
-50.0,50,3024.045887,0.0
-50.0,50,3030.635092,0.0
-50.0,50,3031.447077,0.0
-50.0,50,3032.260342,0.0
-50.0,50,3033.066021,0.0
-50.0,50,3033.879386,0.0
-50.0,50,3034.693546,0.0
-50.0,50,3035.510557,0.0
-50.0,50,3036.343219,0.0
-50.0,50,3037.162227,0.0
-50.0,50,3037.998396,0.0
-50.0,50,3044.580777,0.0
-50.0,50,3045.403504,0.0
-50.0,50,3046.231574,0.0
-50.0,50,3047.039251,0.0
-50.0,50,3048.60001,0.0
-50.0,50,3049.413973,0.0
-50.0,50,3050.220039,0.0
-50.0,50,3051.033904,0.0
-50.0,50,3051.852839,0.0
-50.0,50,3052.666085,0.0
-50.0,50,3059.241592,0.0
-50.0,50,3060.042488,0.0
-50.0,50,3060.842136,0.0
-50.0,50,3061.641209,0.0
-50.0,50,3062.435516,0.0
-50.0,50,3063.252357,0.0
-50.0,50,3064.056253,0.0
-50.0,50,3064.866354,0.0
-50.0,50,3065.67883,0.0
-50.0,50,3066.480844,0.0
-50.0,50,3067.294789,0.0
-50.0,50,3073.895072,0.0
-50.0,50,3074.712537,0.0
-50.0,50,3075.516487,0.0
-50.0,50,3076.325222,0.0
-50.0,50,3077.142702,0.0
-50.0,50,3077.970535,0.0
-50.0,50,3078.784105,0.0
-50.0,50,3079.59427,0.0
-50.0,50,3081.155511,0.0
-50.0,50,3081.970974,0.0
-50.0,50,3088.587907,0.0
-50.0,50,3089.413131,0.0
-50.0,50,3090.224788,0.0
-50.0,50,3091.043143,0.0
-50.0,50,3091.857509,0.0
-50.0,50,3092.678212,0.0
-50.0,50,3093.500829,0.0
-50.0,50,3094.309269,0.0
-50.0,50,3095.121094,0.0
-50.0,50,3095.929993,0.0
-50.0,50,3102.514565,0.0
-50.0,50,3103.325764,0.0
-50.0,50,3104.142885,0.0
-50.0,50,3104.942233,0.0
-50.0,50,3105.75562,0.0
-50.0,50,3106.57312,0.0
-50.0,50,3107.397909,0.0
-50.0,50,3108.230929,0.0
-50.0,50,3109.064858,0.0
-50.0,50,3109.871175,0.0
-50.0,50,3116.475578,0.0
-50.0,50,3117.288342,0.0
-50.0,50,3118.088635,0.0
-50.0,50,3119.668617,0.0
-50.0,50,3120.466948,0.0
-50.0,50,3121.278051,0.0
-50.0,50,3122.076312,0.0
-50.0,50,3122.884397,0.0
-50.0,50,3123.704839,0.0
-50.0,50,3124.509881,0.0
-50.0,50,3125.316694,0.0
-50.0,50,3131.89132,0.0
-50.0,50,3132.698402,0.0
-50.0,50,3133.512789,0.0
-50.0,50,3134.341185,0.0
-50.0,50,3135.218858,0.0
-50.0,50,3136.066683,0.0
-50.0,50,3136.897921,0.0
-50.0,50,3137.706179,0.0
-50.0,50,3138.517265,0.0
-50.0,50,3139.3301,0.0
-50.0,50,3145.912232,0.0
-50.0,50,3146.733678,0.0
-50.0,50,3147.545354,0.0
-50.0,50,3148.373749,0.0
-50.0,50,3149.173146,0.0
-50.0,50,3149.99179,0.0
-50.0,50,3150.824064,0.0
-50.0,50,3152.396818,0.0
-50.0,50,3153.207743,0.0
-50.0,50,3154.020211,0.0
-50.0,50,3160.643705,0.0
-50.0,50,3161.464727,0.0
-50.0,50,3162.281509,0.0
-50.0,50,3163.110919,0.0
-50.0,50,3163.91574,0.0
-50.0,50,3164.739403,0.0
-50.0,50,3165.549681,0.0
-50.0,50,3166.371207,0.0
-50.0,50,3167.181647,0.0
-50.0,50,3167.991052,0.0
-50.0,50,3174.60773,0.0
-50.0,50,3175.425399,0.0
-50.0,50,3176.234386,0.0
-50.0,50,3177.041374,0.0
-50.0,50,3177.856727,0.0
-50.0,50,3178.668642,0.0
-50.0,50,3179.487624,0.0
-50.0,50,3180.290909,0.0
-50.0,50,3181.098048,0.0
-50.0,50,3181.904594,0.0
-50.0,50,3182.703256,0.0
-50.0,50,3189.358801,0.0
-50.0,50,3190.908324,0.0
-50.0,50,3191.70603,0.0
-50.0,50,3192.522154,0.0
-50.0,50,3193.346802,0.0
-50.0,50,3194.171916,0.0
-50.0,50,3195.022658,0.0
-50.0,50,3195.852807,0.0
-50.0,50,3196.673665,0.0
-50.0,50,3197.478554,0.0
-50.0,50,3204.104551,0.0
-50.0,50,3204.92192,0.0
-50.0,50,3205.723317,0.0
-50.0,50,3206.538101,0.0
-50.0,50,3207.341933,0.0
-50.0,50,3208.14623,0.0
-50.0,50,3208.969981,0.0
-50.0,50,3209.788453,0.0
-50.0,50,3210.592499,0.0
-50.0,50,3211.414839,0.0
-50.0,50,3218.007833,0.0
-50.0,50,3218.830455,0.0
-50.0,50,3219.661751,0.0
-50.0,50,3220.509645,0.0
-50.0,50,3221.324499,0.0
-50.0,50,3222.1505,0.0
-50.0,50,3223.726547,0.0
-50.0,50,3224.556869,0.0
-50.0,50,3225.367091,0.0
-50.0,50,3226.177824,0.0
-50.0,50,3232.762692,0.0
-50.0,50,3233.569277,0.0
-50.0,50,3234.38951,0.0
-50.0,50,3235.186183,0.0
-50.0,50,3235.99208,0.0
-50.0,50,3236.791656,0.0
-50.0,50,3237.593748,0.0
-50.0,50,3238.39943,0.0
-50.0,50,3239.211157,0.0
-50.0,50,3240.02616,0.0
-50.0,50,3240.845475,0.0
-50.0,50,3247.468927,0.0
-50.0,50,3248.300062,0.0
-50.0,50,3249.111687,0.0
-50.0,50,3249.904641,0.0
-50.0,50,3250.709265,0.0
-50.0,50,3251.532668,0.0
-50.0,50,3252.369719,0.0
-50.0,50,3253.177471,0.0
-50.0,50,3254.00359,0.0
-50.0,50,3254.836642,0.0
-50.0,50,3262.218912,0.0
-50.0,50,3263.042292,0.0
-50.0,50,3263.866251,0.0
-50.0,50,3264.695042,0.0
-50.0,50,3265.534173,0.0
-50.0,50,3266.373723,0.0
-50.0,50,3267.199303,0.0
-50.0,50,3268.026998,0.0
-50.0,50,3268.857331,0.0
-50.0,50,3269.720089,0.0
-50.0,50,3276.340559,0.0
-50.0,50,3277.154724,0.0
-50.0,50,3277.980706,0.0
-50.0,50,3278.801143,0.0
-50.0,50,3279.626282,0.0
-50.0,50,3280.45296,0.0
-50.0,50,3281.278166,0.0
-50.0,50,3282.092226,0.0
-50.0,50,3282.896415,0.0
-50.0,50,3283.708437,0.0
-50.0,50,3290.224842,0.0
-50.0,50,3291.075572,0.0
-50.0,50,3291.943333,0.0
-50.0,50,3292.776655,0.0
-50.0,50,3293.593714,0.0
-50.0,50,3295.160759,0.0
-50.0,50,3295.965399,0.0
-50.0,50,3296.774265,0.0
-50.0,50,3297.599565,0.0
-50.0,50,3298.41145,0.0
-50.0,50,3299.222048,0.0
-50.0,50,3305.854337,0.0
-50.0,50,3306.672508,0.0
-50.0,50,3307.489112,0.0
-50.0,50,3308.303192,0.0
-50.0,50,3309.124084,0.0
-50.0,50,3309.945212,0.0
-50.0,50,3310.746228,0.0
-50.0,50,3311.553484,0.0
-50.0,50,3312.362023,0.0
-50.0,50,3313.179801,0.0
-50.0,50,3319.76619,0.0
-50.0,50,3320.581044,0.0
-50.0,50,3321.404395,0.0
-50.0,50,3322.229894,0.0
-50.0,50,3323.046145,0.0
-50.0,50,3323.884246,0.0
-50.0,50,3324.703022,0.0
-50.0,50,3325.505409,0.0
-50.0,50,3326.311881,0.0
-50.0,50,3327.901963,0.0
-50.0,50,3334.547112,0.0
-50.0,50,3335.369116,0.0
-50.0,50,3336.199982,0.0
-50.0,50,3337.013688,0.0
-50.0,50,3337.855884,0.0
-50.0,50,3338.679414,0.0
-50.0,50,3339.499566,0.0
-50.0,50,3340.322519,0.0
-50.0,50,3341.124652,0.0
-50.0,50,3341.940126,0.0
-50.0,50,3348.54782,0.0
-50.0,50,3349.369246,0.0
-50.0,50,3350.174068,0.0
-50.0,50,3351.000044,0.0
-50.0,50,3351.809966,0.0
-50.0,50,3352.658062,0.0
-50.0,50,3353.507191,0.0
-50.0,50,3354.331503,0.0
-50.0,50,3355.150616,0.0
-50.0,50,3355.974772,0.0
-50.0,50,3362.602165,0.0
-50.0,50,3363.431663,0.0
-50.0,50,3364.256673,0.0
-50.0,50,3365.079623,0.0
-50.0,50,3366.644711,0.0
-50.0,50,3367.467893,0.0
-50.0,50,3368.299256,0.0
-50.0,50,3369.117286,0.0
-50.0,50,3369.950477,0.0
-50.0,50,3370.754876,0.0
-50.0,50,3371.570449,0.0
-50.0,50,3378.19344,0.0
-50.0,50,3379.00945,0.0
-50.0,50,3379.838355,0.0
-50.0,50,3380.689271,0.0
-50.0,50,3381.501355,0.0
-50.0,50,3382.317539,0.0
-50.0,50,3383.154791,0.0
-50.0,50,3383.983116,0.0
-50.0,50,3384.804655,0.0
-50.0,50,3385.635425,0.0
-50.0,50,3392.243628,0.0
-50.0,50,3393.047357,0.0
-50.0,50,3393.861756,0.0
-50.0,50,3394.66147,0.0
-50.0,50,3395.484956,0.0
-50.0,50,3396.317829,0.0
-50.0,50,3397.113795,0.0
-50.0,50,3397.924677,0.0
-50.0,50,3399.52491,0.0
-50.0,50,3400.335426,0.0
-50.0,50,3406.912088,0.0
-50.0,50,3407.722329,0.0
-50.0,50,3408.524125,0.0
-50.0,50,3409.349362,0.0
-50.0,50,3410.164176,0.0
-50.0,50,3411.005512,0.0
-50.0,50,3411.811999,0.0
-50.0,50,3412.641981,0.0
-50.0,50,3413.46596,0.0
-50.0,50,3414.296705,0.0
-50.0,50,3420.878085,0.0
-50.0,50,3421.700612,0.0
-50.0,50,3422.498773,0.0
-50.0,50,3423.335785,0.0
-50.0,50,3424.1852,0.0
-50.0,50,3425.004567,0.0
-50.0,50,3425.847765,0.0
-50.0,50,3426.675932,0.0
-50.0,50,3427.509942,0.0
-50.0,50,3428.342532,0.0
-50.0,50,3429.156117,0.0
-50.0,50,3435.740912,0.0
-50.0,50,3436.555478,0.0
-50.0,50,3438.136117,0.0
-50.0,50,3438.955203,0.0
-50.0,50,3439.780231,0.0
-50.0,50,3440.602461,0.0
-50.0,50,3441.393223,0.0
-50.0,50,3442.207114,0.0
-50.0,50,3443.026414,0.0
-50.0,50,3443.825416,0.0
-50.0,50,3450.421193,0.0
-50.0,50,3451.228704,0.0
-50.0,50,3452.0435,0.0
-50.0,50,3452.846524,0.0
-50.0,50,3453.672237,0.0
-50.0,50,3454.51025,0.0
-50.0,50,3455.347716,0.0
-50.0,50,3456.162353,0.0
-50.0,50,3456.978986,0.0
-50.0,50,3457.790769,0.0
-50.0,50,3464.384476,0.0
-50.0,50,3465.184972,0.0
-50.0,50,3466.002894,0.0
-50.0,50,3466.827591,0.0
-50.0,50,3467.648506,0.0
-50.0,50,3468.470881,0.0
-50.0,50,3469.33546,0.0
-50.0,50,3471.015113,0.0
-50.0,50,3471.850425,0.0
-50.0,50,3472.656933,0.0
-50.0,50,3479.239135,0.0
-50.0,50,3480.087381,0.0
-50.0,50,3480.9089,0.0
-50.0,50,3481.731447,0.0
-50.0,50,3482.549463,0.0
-50.0,50,3483.383723,0.0
-50.0,50,3484.199134,0.0
-50.0,50,3485.014525,0.0
-50.0,50,3485.83763,0.0
-50.0,50,3486.641167,0.0
-50.0,50,3487.458572,0.0
-50.0,50,3494.067445,0.0
-50.0,50,3494.943884,0.0
-50.0,50,3495.817019,0.0
-50.0,50,3496.667979,0.0
-50.0,50,3497.492799,0.0
-50.0,50,3498.32223,0.0
-50.0,50,3499.149953,0.0
-50.0,50,3500.003869,0.0
-50.0,50,3500.851902,0.0
-50.0,50,3501.699182,0.0
-50.0,50,3508.262582,0.0
-50.0,50,3509.900852,0.0
-50.0,50,3510.709069,0.0
-50.0,50,3511.527811,0.0
-50.0,50,3512.344771,0.0
-50.0,50,3513.163861,0.0
-50.0,50,3513.98626,0.0
-50.0,50,3514.813711,0.0
-50.0,50,3515.636332,0.0
-50.0,50,3516.453612,0.0
