#{"t_start": 1650483742.0756931, "env_id": "PandaReach-v2"}
r,l,t,is_success
-19.171574,50,1.501697,0.0
-31.85899,50,2.364181,0.0
-17.210687,50,3.253008,0.0
-16.104951,50,4.132225,0.0
-13.162536,50,4.991069,0.0
-14.574125,50,5.863838,0.0
-20.530051,50,6.739748,0.0
-13.297385,50,7.61893,0.0
-11.724334,50,8.492384,0.0
-24.188201,50,9.364977,0.0
-26.345826,50,16.0846,0.0
-10.416602,50,16.992852,0.0
-18.265969,50,17.849756,0.0
-27.673831,50,18.708785,0.0
-12.964645,50,19.583173,0.0
-9.535773,50,20.447771,0.0
-18.473596,50,21.313335,0.0
-18.388977,50,22.175864,0.0
-25.255698,50,23.077698,0.0
-14.167787,50,23.953073,0.0
-19.6472,50,30.660987,0.0
-22.067466,50,31.512791,0.0
-20.79007,50,32.388486,0.0
-10.406291,50,33.267844,0.0
-20.53128,50,34.143046,0.0
-12.825533,50,35.910672,0.0
-11.097379,50,36.769662,0.0
-22.852344,50,37.614954,0.0
-28.161354,50,38.513492,0.0
-15.217989,50,39.369034,0.0
-9.721977,50,46.070494,0.0
-22.566708,50,46.946717,0.0
-20.671931,50,47.838979,0.0
-23.710875,50,48.717897,0.0
-16.560534,50,49.610853,0.0
-19.126444,50,50.480404,0.0
-15.620169,50,51.369694,0.0
-17.616501,50,52.233332,0.0
-9.199161,50,53.100131,0.0
-13.141195,50,53.984069,0.0
-11.664273,50,60.646521,0.0
-7.432024,50,61.528422,0.0
-18.279914,50,62.43213,0.0
-12.415111,50,63.313193,0.0
-16.92495,50,64.200148,0.0
-19.504541,50,65.133453,0.0
-9.772523,50,66.022522,0.0
-7.85507,50,66.926749,0.0
-17.44429,50,67.818384,0.0
-22.504288,50,68.70715,0.0
-20.573673,50,70.654276,0.0
-16.2642,50,77.348175,0.0
-15.716387,50,78.244713,0.0
-13.566508,50,79.138242,0.0
-11.478461,50,80.036453,0.0
-14.994427,50,80.9067,0.0
-11.604143,50,81.81336,0.0
-13.639301,50,82.694425,0.0
-11.836065,50,83.598433,0.0
-14.792413,50,84.473775,0.0
-11.599151,50,85.373559,0.0
-12.762416,50,92.064205,0.0
-7.805663,50,92.950628,0.0
-14.667837,50,93.814429,0.0
-8.362248,50,94.688221,0.0
-10.929906,50,95.561642,0.0
-11.663582,50,96.42525,0.0
-7.060931,50,97.321921,0.0
-8.632312,50,98.213327,0.0
-11.369244,50,99.131428,0.0
-6.053062,50,100.034498,0.0
-16.027369,50,106.790986,0.0
-13.439228,50,107.681849,0.0
-7.699099,41,108.416274,1.0
-20.419032,50,109.291589,0.0
-8.971159,50,111.316093,0.0
-9.379476,50,112.206314,0.0
-16.180883,50,113.149757,0.0
-8.373531,50,114.0158,0.0
-6.944788,50,114.901501,0.0
-12.260343,50,115.807889,0.0
-13.57652,50,116.719843,0.0
-10.84066,50,123.448877,0.0
-6.865728,50,124.340228,0.0
-8.776786,50,125.217501,0.0
-18.216849,50,126.109516,0.0
-5.12059,50,126.999192,0.0
-7.180651,50,127.871256,0.0
-3.798818,50,128.786856,0.0
-7.000583,50,129.688112,0.0
-21.606971,50,130.577377,0.0
-7.596039,50,131.455233,0.0
-9.065646,50,138.132651,0.0
-8.625611,50,139.024655,0.0
-6.479965,50,139.962517,0.0
-12.09009,50,140.845939,0.0
-11.033284,50,141.737099,0.0
-15.170017,50,142.649687,0.0
-15.221796,50,143.514877,0.0
-7.181267,50,144.394144,0.0
-18.836224,50,146.315912,0.0
-10.305413,50,147.229656,0.0
-11.185676,50,153.913565,0.0
-8.174155,50,154.826748,0.0
-8.982923,50,155.719626,0.0
-10.327057,50,156.650787,0.0
-5.835445,50,157.534872,0.0
-5.786357,50,158.443717,0.0
-4.767303,50,159.327258,0.0
-7.826176,50,160.220015,0.0
-14.110957,50,161.163883,0.0
-7.547908,50,162.037205,0.0
-5.880807,50,168.718681,0.0
-18.806954,50,169.639433,0.0
-10.351458,50,170.518155,0.0
-10.108887,50,171.416492,0.0
-8.182644,50,172.275693,0.0
-13.801628,50,173.15213,0.0
-10.279619,50,174.047293,0.0
-7.136149,50,174.956274,0.0
-13.394831,50,175.817136,0.0
-6.463967,50,176.696961,0.0
-5.961802,50,177.589026,0.0
-14.502843,50,184.285601,0.0
-5.924338,50,185.18175,0.0
-12.796709,50,187.021838,0.0
-9.580725,50,187.897394,0.0
-9.596009,50,188.845546,0.0
-8.229428,50,189.728284,0.0
-7.835765,50,190.607373,0.0
-14.080925,50,191.562009,0.0
-8.847575,50,192.436865,0.0
-12.136861,50,193.314284,0.0
-10.769722,50,199.981131,0.0
-4.538499,50,200.884448,0.0
-2.973401,14,201.12741,1.0
-11.306372,50,202.002827,0.0
-5.740414,50,202.868987,0.0
-8.332245,50,203.737313,0.0
-14.704957,50,204.66451,0.0
-13.585136,50,205.592292,0.0
-12.340748,50,206.481339,0.0
-13.194093,50,207.342255,0.0
-5.387761,50,208.249424,0.0
-8.820777,50,214.966323,0.0
-8.626615,50,215.853653,0.0
-5.383818,50,216.756427,0.0
-8.703436,50,217.663311,0.0
-9.417189,50,218.530456,0.0
-5.590543,50,219.447771,0.0
-6.138376,50,221.279691,0.0
-10.481376,50,222.229626,0.0
-3.48945,50,223.121453,0.0
-6.362473,50,224.002653,0.0
-8.719458,50,230.741025,0.0
-11.294032,50,231.617851,0.0
-10.742619,50,232.512249,0.0
-13.735049,50,233.475359,0.0
-17.024335,50,234.356982,0.0
-12.516864,50,235.318669,0.0
-8.413311,50,236.239458,0.0
-12.713264,50,237.113002,0.0
-7.835845,50,237.989881,0.0
-10.822007,50,238.887355,0.0
-11.823208,50,245.655125,0.0
-13.090881,50,246.567801,0.0
-15.934369,50,247.491038,0.0
-4.597179,50,248.398463,0.0
-14.714332,50,249.339591,0.0
-6.5594,50,250.22603,0.0
-6.622283,50,251.112713,0.0
-3.952567,50,252.149923,0.0
-12.906532,50,253.049309,0.0
-5.373137,50,253.954723,0.0
-4.77159,50,260.709476,0.0
-4.643965,50,262.525748,0.0
-4.239007,50,263.441912,0.0
-10.397414,50,264.318437,0.0
-8.041897,50,265.202932,0.0
-10.433492,50,266.111088,0.0
-6.136638,50,266.992879,0.0
-7.923455,50,267.899218,0.0
-6.324184,50,268.819565,0.0
-3.560256,50,269.798874,0.0
-13.293525,50,270.680865,0.0
-5.66522,50,277.474261,0.0
-4.17429,50,278.375712,0.0
-13.535622,50,279.275928,0.0
-11.819791,50,280.172654,0.0
-5.10791,50,281.054587,0.0
-5.440039,50,281.912718,0.0
-6.630236,50,282.812289,0.0
-3.188745,50,283.741334,0.0
-5.846053,50,284.688595,0.0
-7.077634,50,285.587128,0.0
-6.96948,50,292.311694,0.0
-5.547856,50,293.217701,0.0
-15.082091,50,294.073948,0.0
-5.576992,50,294.999781,0.0
-5.664479,50,295.912127,0.0
-4.601146,50,297.833766,0.0
-12.609758,50,298.726982,0.0
-7.273415,50,299.622978,0.0
-14.955159,50,300.548643,0.0
-17.557904,50,301.476308,0.0
-13.244741,50,308.147711,0.0
-7.970654,50,309.096064,0.0
-7.463191,50,309.995074,0.0
-15.517402,50,310.943775,0.0
-3.210218,50,311.87487,0.0
-10.811598,50,312.804725,0.0
-6.029683,50,313.703403,0.0
-9.516763,50,314.656805,0.0
-6.20803,50,315.571393,0.0
-8.56765,50,316.452279,0.0
-15.361406,50,323.254799,0.0
-4.01173,50,324.160832,0.0
-6.072219,50,325.056362,0.0
-4.769926,50,325.948086,0.0
-14.173978,50,326.847052,0.0
-3.409333,28,327.419308,1.0
-4.492459,50,328.363351,0.0
-13.178936,50,329.259417,0.0
-4.85708,50,330.140049,0.0
-4.09994,50,331.015819,0.0
-3.872251,50,331.946949,0.0
-7.631151,50,339.695373,0.0
-3.715628,26,340.174806,1.0
-5.791999,50,341.101099,0.0
-14.561288,50,342.033046,0.0
-7.496416,43,342.823793,1.0
-13.453429,50,343.727267,0.0
-12.556236,50,344.606266,0.0
-10.509901,50,345.463609,0.0
-3.197084,50,346.353302,0.0
-5.68515,50,347.235914,0.0
-3.988091,50,348.124055,0.0
-7.196638,50,354.87156,0.0
-4.517088,50,355.73937,0.0
-4.204833,50,356.63439,0.0
-7.290017,50,357.572724,0.0
-5.843927,50,358.536708,0.0
-14.537457,50,359.442778,0.0
-4.212936,50,360.33231,0.0
-7.088694,50,361.252802,0.0
-9.621068,50,362.224302,0.0
-4.101698,50,363.120831,0.0
-10.603455,50,369.934095,0.0
-9.829458,50,370.796955,0.0
-3.812118,50,371.680745,0.0
-4.790592,50,372.588165,0.0
-3.903,50,374.502541,0.0
-3.224283,21,374.879322,1.0
-9.353051,50,375.81392,0.0
-5.886531,50,376.694289,0.0
-14.556439,50,377.579651,0.0
-3.437002,50,378.519777,0.0
-13.378226,50,379.505156,0.0
-16.352202,50,386.209362,0.0
-5.335552,50,387.144389,0.0
-3.564259,50,388.07451,0.0
-7.456109,50,388.953145,0.0
-10.616812,50,389.849524,0.0
-7.247341,50,390.775392,0.0
-13.386609,50,391.654319,0.0
-4.619662,50,392.577831,0.0
-4.628956,50,393.505101,0.0
-4.573716,50,394.379759,0.0
-4.385388,50,401.2173,0.0
-6.459702,50,402.093627,0.0
-6.417546,50,403.015378,0.0
-16.920165,50,403.916286,0.0
-7.485007,50,404.81551,0.0
-16.277821,50,405.692837,0.0
-6.977478,50,406.562752,0.0
-2.185659,15,406.840866,1.0
-4.911706,50,407.779899,0.0
-13.745213,50,408.650626,0.0
-4.561926,50,410.432629,0.0
-2.860222,50,417.131796,0.0
-2.318746,20,417.507187,1.0
-13.743236,50,418.463996,0.0
-4.731056,50,419.328764,0.0
-10.210767,50,420.237532,0.0
-18.867621,50,421.187022,0.0
-4.859174,50,422.09357,0.0
-3.648608,50,422.971694,0.0
-8.379117,50,423.891704,0.0
-2.451131,36,424.524095,1.0
-13.334978,50,425.397874,0.0
-5.188731,50,432.128582,0.0
-3.870807,50,433.052955,0.0
-3.476789,50,433.981467,0.0
-3.755618,50,434.891241,0.0
-3.308413,50,435.797577,0.0
-12.721304,50,436.706493,0.0
-13.299703,50,437.608201,0.0
-6.634785,50,438.542078,0.0
-7.513684,50,439.413282,0.0
-7.869515,50,440.339195,0.0
-15.148069,50,441.293447,0.0
-3.461037,50,448.033694,0.0
-8.20709,50,448.936647,0.0
-16.378536,50,449.918586,0.0
-2.995796,50,451.778094,0.0
-16.685887,50,452.664491,0.0
-7.880264,50,453.586103,0.0
-3.088043,13,453.827494,1.0
-14.499557,50,454.765105,0.0
-7.437558,50,455.765325,0.0
-3.548967,50,456.742942,0.0
-4.935142,50,457.682729,0.0
-6.185446,50,464.385948,0.0
-5.981988,50,465.415105,0.0
-9.734957,50,466.326876,0.0
-3.055723,50,467.226529,0.0
-14.760476,50,468.168935,0.0
-5.684652,50,469.094027,0.0
-7.414985,50,469.99365,0.0
-2.872781,50,470.931064,0.0
-4.906118,50,471.804677,0.0
-3.049444,50,472.709017,0.0
-5.350804,50,479.439628,0.0
-4.997958,50,480.333049,0.0
-3.738372,50,481.295088,0.0
-10.618742,50,482.193324,0.0
-5.744415,50,483.112861,0.0
-7.668039,50,484.024138,0.0
-14.231313,50,484.949289,0.0
-11.97655,50,486.705246,0.0
-5.691714,50,487.56874,0.0
-9.204281,50,488.477389,0.0
-12.806271,50,493.639271,0.0
-4.64738,49,494.523413,1.0
-5.273525,50,495.402172,0.0
-6.05688,50,496.431426,0.0
-5.109563,50,497.311757,0.0
-16.304156,50,498.204567,0.0
-7.582924,50,499.107756,0.0
-3.729962,36,499.759044,1.0
-11.678224,50,500.699862,0.0
-3.024666,50,501.633678,0.0
-7.756772,50,502.523467,0.0
-2.932268,50,505.823771,0.0
-16.745057,50,506.745495,0.0
-10.027125,50,507.664433,0.0
-4.359116,50,508.611517,0.0
-9.515659,50,509.540268,0.0
-8.980983,50,510.434219,0.0
-5.812042,50,511.287314,0.0
-4.068543,50,512.183275,0.0
-8.360615,50,513.168592,0.0
-10.366191,50,514.098463,0.0
-4.123539,50,517.402015,0.0
-2.732487,28,517.91273,1.0
-5.871628,50,519.662991,0.0
-13.216848,50,520.733655,0.0
-8.771545,50,521.654815,0.0
-11.393665,50,522.630466,0.0
-8.746502,50,523.616986,0.0
-4.733381,50,524.553915,0.0
-6.179075,44,525.369756,1.0
-3.756799,50,526.41399,0.0
-9.091391,50,527.344412,0.0
-6.659056,50,530.7387,0.0
-3.477194,50,531.643568,0.0
-8.684989,50,532.580155,0.0
-11.113508,50,533.527146,0.0
-2.949876,50,534.435452,0.0
-2.364407,50,535.396165,0.0
-3.118108,50,536.284973,0.0
-5.591728,50,537.383982,0.0
-2.648256,50,538.332137,0.0
-5.162771,50,539.239628,0.0
-6.477554,50,542.55785,0.0
-10.215889,50,543.489969,0.0
-7.329294,50,544.379696,0.0
-17.413916,50,545.251986,0.0
-4.624795,50,546.140829,0.0
-8.636506,50,547.085917,0.0
-5.547869,50,548.944804,0.0
-17.003442,50,549.850511,0.0
-9.508051,50,550.754411,0.0
-5.884063,50,551.677434,0.0
-3.647992,50,558.456095,0.0
-2.930746,50,559.342254,0.0
-7.292466,50,560.239263,0.0
-16.260211,50,561.206138,0.0
-11.122626,50,562.143471,0.0
-9.244276,50,563.07796,0.0
-4.040344,50,563.982091,0.0
-13.998033,50,564.875077,0.0
-6.093383,50,565.757836,0.0
-5.640329,50,566.689108,0.0
-12.565908,50,573.45452,0.0
-6.770118,50,574.367541,0.0
-5.577751,50,575.286983,0.0
-6.047042,50,576.165344,0.0
-13.543136,50,577.116714,0.0
-4.921994,50,578.030468,0.0
-6.057656,43,578.791332,1.0
-8.774171,50,579.723945,0.0
-5.202482,50,580.69329,0.0
-3.621347,50,581.599513,0.0
-4.111923,50,582.516503,0.0
-12.212578,50,590.253094,0.0
-3.443134,50,591.180178,0.0
-3.695517,50,592.091015,0.0
-3.429947,27,592.621885,1.0
-4.649385,50,593.565896,0.0
-5.245209,36,594.281048,1.0
-7.235248,50,595.229921,0.0
-11.257908,50,596.200181,0.0
-13.707757,50,597.14545,0.0
-7.19287,50,598.163854,0.0
-11.248918,50,599.073056,0.0
-6.056524,50,605.808617,0.0
-6.039336,50,606.670915,0.0
-5.468406,50,607.589961,0.0
-11.298123,50,608.466322,0.0
-5.046391,50,609.350769,0.0
-17.828889,50,610.309784,0.0
-8.4362,50,611.185914,0.0
-10.136864,50,612.075714,0.0
-4.774001,50,613.065807,0.0
-9.276145,50,613.942331,0.0
-3.124406,50,620.592629,0.0
-12.132561,50,621.597361,0.0
-1.979005,30,622.220061,1.0
-5.170376,50,623.22929,0.0
-5.542765,50,624.132151,0.0
-16.58375,50,625.04515,0.0
-13.286319,50,626.893609,0.0
-4.769971,50,627.921997,0.0
-6.363455,50,628.877072,0.0
-9.125487,50,629.746078,0.0
-2.255529,50,630.667575,0.0
-5.657005,50,637.365845,0.0
-2.499541,50,638.244834,0.0
-12.972625,50,639.164296,0.0
-3.382879,50,640.070634,0.0
-6.013711,50,640.957352,0.0
-4.295571,50,641.885188,0.0
-2.508021,50,642.797973,0.0
-11.725745,50,643.750549,0.0
-3.213514,50,644.660117,0.0
-4.719277,50,645.558917,1.0
-11.332298,50,652.344554,0.0
-11.959118,50,653.241171,0.0
-4.395016,50,654.157311,0.0
-4.505199,50,655.086545,0.0
-8.205003,50,656.04851,0.0
-9.504993,50,657.179905,0.0
-2.163892,17,657.565758,1.0
-2.107961,50,658.526391,0.0
-5.996901,47,659.374501,1.0
-2.447899,50,660.358567,0.0
-8.284673,50,662.197324,0.0
-1.681396,10,662.388752,1.0
-2.525788,50,669.137958,0.0
-5.16959,50,670.120535,0.0
-13.422638,50,671.057917,0.0
-12.314764,50,672.005425,0.0
-2.336224,17,672.300804,1.0
-6.888614,50,673.195672,0.0
-4.315362,27,673.705043,1.0
-3.280293,40,674.424985,1.0
-9.795653,50,675.289477,0.0
-13.946231,50,676.292486,0.0
-1.265518,14,676.574406,1.0
-6.526619,50,677.56946,0.0
-10.456054,50,684.269925,0.0
-4.415597,36,684.942,1.0
-11.686632,50,685.857725,0.0
-2.770286,32,686.43995,1.0
-4.372744,50,687.408377,0.0
-2.991563,37,688.14067,1.0
-2.40362,50,689.103644,0.0
-2.662421,32,689.696993,1.0
-6.697487,50,690.666991,0.0
-3.049702,15,690.933945,1.0
-1.960293,11,691.143891,1.0
-7.206995,50,692.06695,0.0
-11.154918,50,692.966914,0.0
-4.55018,50,699.734257,0.0
-5.939792,50,700.71619,0.0
-9.597364,50,701.781653,0.0
-7.498836,50,702.698149,0.0
-2.548123,46,704.35823,1.0
-5.056134,50,705.233135,0.0
-2.76761,39,705.951955,1.0
-0.929011,14,706.204425,1.0
-10.439501,50,707.072114,0.0
-3.456755,50,707.982975,0.0
-3.650841,50,708.892018,0.0
-3.186086,50,715.589142,0.0
-3.599999,37,716.286387,1.0
-9.440725,50,717.185935,0.0
-3.509602,29,717.769674,1.0
-1.922179,13,718.026951,1.0
-2.212225,50,718.929511,0.0
-11.974613,50,719.866997,0.0
-20.876343,50,720.851846,0.0
-1.728772,37,721.573902,1.0
-3.643822,50,722.545107,0.0
-16.094496,50,723.468494,0.0
-8.36284,50,724.482571,0.0
-4.443713,50,731.320282,0.0
-3.547696,50,732.232128,0.0
-4.20486,50,733.119026,0.0
-13.121799,50,734.0228,0.0
-6.12754,50,734.970363,0.0
-8.396594,50,735.977788,0.0
-15.21769,50,736.938245,0.0
-3.5508,47,737.820865,1.0
-4.092086,50,738.790618,0.0
-6.375708,50,740.635664,0.0
-2.959479,50,747.389873,0.0
-4.953365,50,748.249673,0.0
-3.911063,50,749.201645,0.0
-9.392368,50,750.165719,0.0
-16.957617,50,751.167745,0.0
-4.431151,50,752.114845,0.0
-3.57497,50,752.994359,0.0
-12.071437,50,753.912426,0.0
-3.960944,50,754.893147,0.0
-9.290994,50,755.82199,0.0
-4.228936,50,756.756288,0.0
-10.746884,50,763.493134,0.0
-10.766856,50,764.370995,0.0
-4.172585,50,765.304641,0.0
-3.380496,25,765.806162,1.0
-5.435138,50,766.74829,0.0
-4.577567,50,767.652367,0.0
-5.755271,50,768.623845,0.0
-9.65499,50,769.531336,0.0
-2.54702,50,770.460422,0.0
-4.151578,50,771.351759,0.0
-14.99133,50,778.174836,0.0
-13.067719,50,779.115277,0.0
-3.375466,50,780.002002,0.0
-13.988359,50,781.781887,0.0
-0.775634,14,782.059758,1.0
-15.181483,50,783.071696,0.0
-2.387441,50,784.155476,0.0
-8.80332,50,785.117141,0.0
-13.864594,50,786.056201,0.0
-3.08751,50,786.940777,0.0
-14.820778,50,787.942228,0.0
-6.156652,50,794.692976,0.0
-4.723005,50,795.623871,0.0
-3.592001,40,796.347229,1.0
-5.37114,50,797.287136,0.0
-6.07045,50,798.18319,0.0
-4.110147,50,799.059323,0.0
-13.118748,50,800.013232,0.0
-10.493178,50,800.927859,0.0
-2.537164,50,801.819439,0.0
-4.470024,50,802.84795,0.0
-3.385505,50,803.733303,0.0
-1.444851,26,809.990815,1.0
-8.71663,50,810.952576,0.0
-4.870136,50,811.815176,0.0
-4.84242,50,812.754,0.0
-2.282434,34,813.359009,1.0
-10.624985,50,814.298514,0.0
-2.790047,50,815.213259,0.0
-1.494837,10,815.397795,1.0
-6.936359,50,816.324886,0.0
-3.744374,50,818.144449,0.0
-7.168633,50,819.144493,0.0
-2.805491,50,820.114712,0.0
-7.053764,50,826.920537,0.0
-6.720511,50,827.87872,0.0
-9.017631,50,828.803163,0.0
-14.888581,50,829.685633,0.0
-13.424782,50,830.625708,0.0
-9.001553,50,831.621468,0.0
-7.593932,33,832.221229,1.0
-10.760107,50,833.11771,0.0
-2.33206,29,833.760811,1.0
-3.670779,50,834.692219,0.0
-13.730874,50,835.586315,0.0
-6.941704,39,842.115737,1.0
-4.434232,50,843.101498,0.0
-3.951251,50,844.043968,0.0
-10.106571,50,844.923115,0.0
-6.711604,50,845.803881,0.0
-3.521849,50,846.773787,0.0
-10.012126,50,847.680342,0.0
-13.943069,50,848.592755,0.0
-2.2526,24,849.04959,1.0
-1.969726,23,849.458713,1.0
-2.431148,15,849.725296,1.0
-1.461415,21,850.093863,1.0
-8.853753,50,856.850435,0.0
-9.486599,42,857.689753,1.0
-4.975376,50,859.484972,0.0
-6.920718,50,860.360273,0.0
-13.318606,50,861.285618,0.0
-10.111991,50,862.302193,0.0
-4.979588,34,862.943227,1.0
-2.105012,25,863.429876,1.0
-8.122954,50,864.323282,0.0
-1.101304,28,864.809983,1.0
-2.888902,33,865.394998,1.0
-9.31428,50,866.267482,0.0
-3.604953,50,872.993753,0.0
-11.895454,50,873.93815,0.0
-11.42066,50,874.889699,0.0
-3.616462,50,875.875634,0.0
-3.487369,50,876.804543,0.0
-3.347991,50,877.696554,0.0
-3.097687,19,878.068102,1.0
-8.274074,50,879.008434,0.0
-7.982618,50,879.963371,0.0
-9.587932,50,880.893833,0.0
-10.383524,50,881.850461,0.0
-7.073861,50,888.556093,0.0
-10.479831,50,889.425224,0.0
-2.886818,50,890.306479,0.0
-10.723889,50,891.261587,0.0
-3.172728,50,892.149279,0.0
-7.800507,50,893.105574,0.0
-0.463653,10,893.295275,1.0
-9.594777,50,895.145667,0.0
-9.883355,50,896.046165,0.0
-14.236008,50,896.930348,0.0
-5.480575,50,897.850095,0.0
-12.699744,50,904.451623,0.0
-18.805532,50,905.441743,0.0
-2.655378,50,906.416503,0.0
-9.885191,50,907.321924,0.0
-8.936505,50,908.208707,0.0
-1.189568,12,908.430345,1.0
-3.640897,50,909.430767,0.0
-0.930355,8,909.576962,1.0
-4.644168,50,910.590678,0.0
-5.015423,50,911.552721,0.0
-16.201504,50,912.4851,0.0
-1.547866,37,913.202173,1.0
-3.268725,46,919.716312,1.0
-1.224329,26,920.206018,1.0
-5.069971,50,921.240375,0.0
-8.69786,50,922.202848,0.0
-3.941459,34,922.839451,1.0
-5.343465,50,923.761211,0.0
-3.586846,41,924.541232,1.0
-11.229789,50,925.494724,0.0
-5.578734,50,926.452745,0.0
-2.364593,32,927.024669,1.0
-6.838443,50,927.918437,0.0
-8.262807,50,928.864883,0.0
-16.429725,50,936.458957,0.0
-3.2031,50,937.390282,0.0
-1.232918,14,937.657474,1.0
-0.753019,12,937.884389,1.0
-14.027607,50,938.817076,0.0
-11.87298,50,939.807481,0.0
-11.612005,50,940.754776,0.0
-5.214313,50,941.70137,0.0
-6.090747,50,942.599322,0.0
-2.54578,49,943.556586,1.0
-14.453081,50,944.555509,0.0
-3.705873,39,945.414549,1.0
-9.641666,50,952.298424,0.0
-14.17117,50,953.377718,0.0
-5.676226,50,954.285476,0.0
-9.769149,50,955.169546,0.0
-4.772323,50,956.046852,0.0
-13.94882,50,956.933846,0.0
-9.764825,50,957.813069,0.0
-15.44782,50,958.753885,0.0
-8.805215,50,959.736769,0.0
-1.42981,11,959.930946,1.0
-2.502431,14,960.18019,1.0
-3.438295,29,960.707921,1.0
-2.919309,48,967.427254,1.0
-12.860527,50,968.347903,0.0
-15.209157,50,969.253387,0.0
-3.84037,50,970.20772,0.0
-16.613682,50,971.133682,0.0
-4.668416,37,972.649609,1.0
-12.56012,50,973.556427,0.0
-11.265852,50,974.445256,0.0
-14.408391,50,975.400815,0.0
-5.747419,50,976.347048,0.0
-18.02659,50,977.316303,0.0
-3.557057,50,984.202325,0.0
-5.940469,50,985.16165,0.0
-7.874548,50,986.181127,0.0
-11.771071,50,987.084182,0.0
-2.455291,27,987.592684,1.0
-8.18992,50,988.489226,0.0
-3.634795,50,989.416949,0.0
-10.47099,50,990.355979,0.0
-6.173603,50,991.222143,0.0
-6.124572,50,992.101663,0.0
-9.127344,50,998.848645,0.0
-4.885357,50,999.784147,0.0
-6.617959,50,1000.767651,0.0
-2.210465,31,1001.364546,1.0
-3.332689,50,1002.287518,0.0
-5.975926,50,1003.174289,0.0
-1.225088,21,1003.583672,1.0
-5.880869,50,1004.550078,0.0
-5.503387,50,1005.439725,0.0
-13.637642,50,1006.345543,0.0
-7.758461,50,1007.313398,0.0
-3.386458,50,1009.407011,0.0
-2.718964,50,1016.130173,0.0
-0.841299,19,1016.478072,1.0
-12.446579,50,1017.432347,0.0
-4.536487,50,1018.311012,0.0
-9.66859,50,1019.244423,0.0
-2.191089,50,1020.114028,0.0
-1.646235,10,1020.29167,1.0
-14.676417,50,1021.24694,0.0
-14.567076,50,1022.17383,0.0
-9.751409,50,1023.103347,0.0
-1.054238,23,1023.547038,1.0
-2.756339,50,1024.529793,0.0
-14.954619,50,1031.336774,0.0
-6.748725,50,1032.256151,0.0
-2.294684,26,1032.746711,1.0
-3.510794,50,1033.687718,0.0
-3.328451,50,1034.604286,0.0
-3.643647,50,1035.572582,0.0
-3.230048,50,1036.563825,0.0
-2.098114,50,1037.584514,0.0
-4.053501,50,1038.647605,0.0
-1.025594,13,1038.893856,1.0
-6.007999,50,1039.900866,0.0
-11.093389,50,1046.774053,0.0
-13.639882,50,1047.736259,0.0
-14.311264,50,1048.678921,0.0
-1.185394,10,1048.85604,1.0
-3.726244,50,1049.806792,0.0
-4.596136,50,1051.930734,0.0
-6.66729,50,1052.812568,0.0
-5.732495,50,1053.702336,0.0
-8.31872,50,1054.700907,0.0
-10.939694,50,1055.71332,0.0
-11.855619,50,1056.767052,0.0
-12.209062,50,1063.556724,0.0
-12.474518,50,1064.458841,0.0
-2.639756,34,1065.084452,1.0
-8.137961,50,1066.153185,0.0
-1.730121,30,1066.795295,1.0
-3.129057,50,1067.818147,0.0
-9.736088,50,1068.776577,0.0
-3.775212,50,1069.748691,0.0
-12.582246,50,1070.637467,0.0
-13.970875,50,1071.603255,0.0
-4.557351,50,1072.545122,0.0
-1.731197,21,1072.91105,1.0
-3.407998,50,1079.729231,0.0
-5.444864,50,1080.724977,0.0
-2.682412,50,1081.719031,0.0
-5.64701,50,1082.726992,0.0
-1.240195,16,1083.076039,1.0
-4.036149,50,1084.201096,0.0
-9.57359,50,1085.099827,0.0
-1.929356,10,1085.270132,1.0
-8.419696,50,1086.435181,0.0
-8.499574,50,1088.235472,0.0
-6.921177,50,1089.171525,0.0
-6.461415,50,1090.082984,0.0
-11.29258,50,1096.900476,0.0
-5.475897,50,1097.807949,0.0
-7.516433,50,1098.776536,0.0
-1.292505,12,1099.00344,1.0
-2.387954,34,1099.624356,1.0
-3.988832,50,1100.583815,0.0
-4.097979,50,1101.541593,0.0
-8.326022,50,1102.506539,0.0
-3.365266,50,1103.456786,0.0
-15.161386,50,1104.387391,0.0
-6.542988,50,1105.378759,0.0
-4.68402,50,1112.172716,0.0
-1.347064,11,1112.367407,1.0
-10.269047,50,1113.304003,0.0
-15.858145,50,1114.230486,0.0
-7.162011,50,1115.159463,0.0
-8.511863,50,1116.093754,0.0
-10.01507,50,1117.176012,0.0
-17.049959,50,1118.174676,0.0
-2.407537,34,1118.798165,1.0
-6.152568,50,1119.701215,0.0
-3.414635,50,1120.610832,0.0
-7.916983,50,1127.386606,0.0
-13.353975,50,1128.287297,0.0
-17.498025,50,1129.250216,0.0
-6.026946,50,1131.248411,0.0
-3.723615,50,1132.240526,0.0
-4.226828,50,1133.321288,0.0
-7.015337,50,1134.26858,0.0
-3.076448,50,1135.147782,0.0
-9.509663,50,1136.14102,0.0
-12.708306,50,1137.075982,0.0
-4.107268,50,1143.909512,0.0
-2.163414,50,1144.827579,0.0
-4.417747,50,1145.822799,0.0
-1.971665,50,1146.736458,0.0
-18.278439,50,1147.633536,0.0
-5.393574,50,1148.554754,0.0
-5.00407,50,1149.594648,0.0
-10.489456,50,1150.639335,0.0
-3.606538,50,1151.584075,0.0
-3.957321,50,1152.576276,0.0
-9.882363,50,1153.504955,0.0
-3.457952,32,1159.948923,1.0
-4.847845,50,1160.847099,0.0
-3.76572,26,1161.351759,1.0
-10.110113,50,1162.231637,0.0
-11.190604,50,1163.181723,0.0
-8.940414,50,1164.186804,0.0
-1.990412,34,1164.813709,1.0
-5.773963,50,1165.805438,0.0
-4.415681,50,1167.344412,0.0
-10.352469,50,1168.267799,0.0
-3.541758,50,1169.137835,0.0
-3.713965,12,1169.346339,1.0
-2.034372,50,1176.175211,0.0
-10.970772,50,1177.107845,0.0
-11.637053,50,1178.029314,0.0
-5.474848,50,1178.98471,0.0
-2.756491,50,1180.048842,0.0
-4.500462,50,1181.077949,0.0
-5.746951,50,1182.02853,0.0
-1.688641,24,1182.471878,1.0
-7.503744,50,1183.335953,0.0
-3.687072,24,1183.794367,1.0
-8.473817,50,1184.706514,0.0
-8.945271,50,1191.522717,0.0
-0.995201,20,1191.877289,1.0
-1.588306,12,1192.108835,1.0
-2.764544,41,1192.912619,1.0
-5.210229,50,1193.810418,0.0
-2.430408,30,1194.369552,1.0
-7.156952,50,1195.341886,0.0
-1.334064,13,1195.614241,1.0
-4.611776,50,1196.677444,0.0
-2.882987,20,1197.039747,1.0
-2.947509,50,1198.02897,0.0
-14.864638,50,1198.940057,0.0
-15.921275,50,1199.870057,0.0
-8.264862,50,1200.898503,0.0
-16.576282,50,1207.71805,0.0
-11.263243,50,1209.493613,0.0
-10.345197,50,1210.435079,0.0
-12.206683,50,1211.337639,0.0
-10.73898,50,1212.244632,0.0
-2.512911,34,1212.863907,1.0
-11.739057,50,1213.777218,0.0
-5.267288,50,1214.878733,0.0
-0.927517,8,1215.015908,1.0
-7.514555,50,1215.918133,0.0
-8.689522,50,1216.826779,0.0
-1.023895,16,1217.113139,1.0
-16.532354,50,1223.936033,0.0
-4.146736,50,1224.931832,0.0
-12.480785,50,1225.838652,0.0
-6.048143,50,1226.751509,0.0
-9.774798,50,1227.665384,0.0
-10.716585,50,1228.579276,0.0
-0.623987,16,1228.87853,1.0
-6.202006,24,1229.319336,1.0
-5.351123,50,1230.254439,0.0
-10.981059,50,1231.169708,0.0
-2.941887,50,1232.150743,0.0
-9.083372,50,1239.04173,0.0
-5.527311,50,1239.981091,0.0
-3.270219,50,1240.952241,0.0
-8.379449,50,1241.973449,0.0
-3.952472,50,1242.916654,0.0
-2.240646,50,1243.820883,0.0
-5.891946,50,1245.696615,0.0
-4.029515,50,1246.708443,0.0
-17.407303,50,1247.597791,0.0
-1.860784,24,1248.069128,1.0
-8.149207,50,1249.029142,0.0
-5.163284,50,1255.678163,0.0
-3.739609,50,1256.64792,0.0
-1.347816,15,1256.920203,1.0
-15.415934,50,1257.879653,0.0
-3.057896,50,1258.814747,0.0
-8.625386,50,1259.787408,0.0
-2.458402,50,1260.768745,0.0
-8.076291,50,1261.713666,0.0
-4.462941,50,1262.741942,0.0
-12.128632,50,1263.640803,0.0
-2.301751,16,1263.933843,1.0
-5.827475,50,1264.934816,0.0
-13.033702,50,1271.657205,0.0
-5.854709,50,1272.546797,0.0
-1.128133,15,1272.84121,1.0
-1.375049,14,1273.127897,1.0
-12.938701,50,1274.178073,0.0
-4.054997,32,1274.799114,1.0
-3.719666,50,1275.765914,0.0
-3.702111,50,1276.651027,0.0
-6.558715,50,1277.525035,0.0
-8.089988,50,1278.480201,0.0
-4.37154,47,1279.399161,1.0
-9.043022,50,1280.40271,0.0
-2.238808,39,1287.776299,1.0
-3.363712,18,1288.137317,1.0
-0.951987,15,1288.440188,1.0
-7.234488,50,1289.408466,0.0
-7.759276,50,1290.318961,0.0
-2.392692,50,1291.234019,0.0
-3.302726,40,1291.967043,1.0
-10.76623,50,1292.92067,0.0
-3.265464,50,1293.888322,0.0
-3.931526,49,1294.769199,1.0
-9.400889,50,1295.659499,0.0
-4.988478,50,1296.610536,0.0
-4.203191,38,1303.163594,1.0
-2.794332,50,1304.075301,0.0
-2.902005,50,1304.993546,0.0
-1.585531,28,1305.512274,1.0
-7.780316,50,1306.509167,0.0
-8.173476,50,1307.358494,0.0
-15.462201,50,1308.280953,0.0
-2.903557,50,1309.174129,0.0
-9.171971,50,1310.115471,0.0
-15.164314,50,1311.108523,0.0
-14.923767,50,1311.9831,0.0
-10.100038,50,1318.702051,0.0
-1.532858,33,1319.307167,1.0
-3.362392,50,1320.222814,0.0
-9.790426,50,1321.100223,0.0
-1.926548,19,1321.465249,1.0
-4.859691,50,1323.35053,0.0
-2.283686,50,1324.28264,0.0
-16.887392,50,1325.245101,0.0
-15.938832,50,1326.19204,0.0
-3.041257,50,1327.129522,0.0
-9.046457,50,1328.009931,0.0
-3.713505,16,1334.053875,1.0
-3.524002,50,1334.958009,0.0
-12.669191,50,1335.863194,0.0
-8.854769,50,1336.773347,0.0
-2.91507,50,1337.636566,0.0
-2.856307,46,1338.462533,1.0
-6.158464,50,1339.370964,0.0
-3.161193,41,1340.096859,1.0
-4.798947,50,1341.038334,0.0
-11.005852,50,1341.98626,0.0
-11.995164,50,1342.916776,0.0
-1.742268,34,1349.460989,1.0
-2.418122,50,1350.469838,0.0
-3.594593,48,1351.319957,1.0
-11.381377,50,1352.213322,0.0
-6.23605,50,1353.093918,0.0
-15.169289,50,1354.032341,0.0
-6.596787,50,1355.041782,0.0
-4.161311,50,1355.903128,0.0
-9.149075,50,1356.830392,0.0
-5.322161,50,1358.778768,0.0
-10.248253,50,1359.732774,0.0
-10.822876,50,1366.475962,0.0
-3.720112,50,1367.35304,0.0
-9.50723,50,1368.249369,0.0
-3.071328,38,1369.001241,1.0
-18.210177,50,1369.947174,0.0
-15.864507,50,1370.847409,0.0
-12.339539,50,1372.045703,0.0
-11.900882,50,1373.025908,0.0
-5.842996,31,1373.644718,1.0
-7.409199,50,1374.636533,0.0
-7.697888,50,1381.355964,0.0
-3.425264,50,1382.339535,0.0
-16.879637,50,1383.291274,0.0
-3.250387,50,1384.390551,0.0
-4.011552,29,1384.923275,1.0
-3.462734,50,1385.818997,0.0
-2.525126,50,1386.75029,0.0
-3.976173,50,1387.699856,0.0
-6.863979,50,1388.561801,0.0
-7.992772,50,1389.584713,0.0
-10.661817,50,1390.519194,0.0
-5.839671,50,1397.429312,0.0
-5.579276,50,1398.382954,0.0
-13.818357,50,1399.307794,0.0
-4.063239,50,1400.916054,1.0
-2.001986,45,1401.748213,1.0
-14.862147,50,1402.715803,0.0
-6.687186,50,1403.643135,0.0
-15.509964,50,1404.534151,0.0
-10.387228,50,1405.73039,0.0
-12.854621,50,1406.642304,0.0
-4.435128,37,1407.363929,1.0
-3.863373,50,1414.053641,0.0
-15.325023,50,1414.948029,0.0
-9.630107,50,1415.876152,0.0
-2.679337,19,1416.239515,1.0
-3.921674,50,1417.191313,0.0
-12.782122,50,1418.110848,0.0
-9.846577,50,1419.124942,0.0
-10.433818,50,1420.106726,0.0
-5.042488,50,1421.089458,0.0
-4.672576,50,1422.035275,0.0
-11.199343,50,1423.051973,0.0
-4.052792,50,1429.829469,0.0
-10.448082,50,1430.74979,0.0
-8.241771,50,1431.737447,0.0
-6.793651,50,1432.741348,0.0
-8.07759,50,1433.642823,0.0
-4.080869,50,1434.655683,0.0
-10.579653,50,1435.54518,0.0
-3.390075,50,1437.251775,0.0
-3.089492,50,1438.176457,0.0
-1.956724,16,1438.480793,1.0
-12.969544,50,1445.149494,0.0
-11.447308,50,1446.097521,0.0
-3.467929,50,1447.001719,0.0
-3.25675,50,1447.909338,0.0
-2.975321,50,1448.796101,0.0
-6.858163,50,1449.712998,0.0
-5.822747,50,1450.67274,0.0
-4.706956,50,1451.627844,0.0
-2.902967,50,1452.588618,0.0
-5.321503,50,1453.459657,0.0
-0.844721,16,1453.738909,1.0
-14.04442,50,1460.450846,0.0
-9.049142,50,1461.411597,0.0
-7.259339,50,1462.293853,0.0
-6.503137,50,1463.196106,0.0
-11.668981,50,1464.107468,0.0
-2.484953,29,1464.695155,1.0
-3.074739,50,1465.742754,0.0
-2.682669,50,1466.651084,0.0
-4.254304,50,1467.603297,0.0
-3.565209,49,1468.509039,1.0
-16.770035,50,1469.45114,0.0
-3.18752,38,1476.050875,1.0
-4.583192,49,1476.963972,1.0
-6.115523,50,1478.514185,0.0
-14.968802,50,1479.432671,0.0
-8.739166,50,1480.343678,0.0
-3.923823,50,1481.222755,0.0
-3.712463,50,1482.132257,0.0
-2.956634,34,1482.77447,1.0
-1.077183,8,1482.933152,1.0
-16.833019,50,1483.905229,0.0
-14.229535,50,1484.792961,0.0
-13.31222,50,1485.709579,0.0
-3.071335,50,1492.428902,0.0
-3.776007,50,1493.423525,0.0
-2.078974,14,1493.683827,1.0
-3.03481,49,1494.573717,1.0
-3.139148,50,1495.472394,0.0
-3.778297,50,1496.500345,0.0
-7.182367,50,1497.484707,0.0
-1.091021,18,1497.824909,1.0
-2.243232,41,1498.580317,1.0
-4.67192,50,1499.483479,0.0
-1.70668,24,1499.913277,1.0
-6.30234,50,1500.81321,0.0
-8.883438,50,1507.560721,0.0
-13.263745,50,1508.440358,0.0
-1.956472,16,1508.748055,1.0
-3.51162,46,1509.621688,1.0
-4.289092,50,1510.760016,0.0
-3.018306,42,1511.560936,1.0
-2.975908,24,1512.087085,1.0
-4.269255,50,1513.045337,0.0
-2.768268,50,1514.839424,0.0
-2.074669,50,1515.794679,0.0
-9.787686,50,1516.726393,0.0
-4.662531,27,1517.257853,1.0
-2.56126,44,1523.93818,1.0
-14.912444,50,1524.905788,0.0
-1.286407,19,1525.299556,1.0
-12.091045,50,1526.237938,0.0
-3.11217,50,1527.135,0.0
-2.840694,45,1527.935624,1.0
-13.015543,50,1528.880156,0.0
-14.664689,50,1529.921953,0.0
-7.725247,50,1530.894483,0.0
-15.843755,50,1531.894194,0.0
-1.005462,7,1532.02319,1.0
-2.797716,32,1532.584847,1.0
-8.204553,50,1539.316774,0.0
-11.784054,50,1540.311072,0.0
-4.732546,50,1541.268757,0.0
-1.480895,25,1541.758206,1.0
-3.767869,40,1542.539111,1.0
-2.193085,50,1543.587116,0.0
-20.025839,50,1544.688882,0.0
-4.753333,50,1545.591641,0.0
-6.41374,50,1546.516221,0.0
-6.937885,50,1547.484417,0.0
-15.294818,50,1548.451767,0.0
-2.422436,15,1548.743792,1.0
-2.849876,50,1555.519328,0.0
-2.405236,34,1557.088354,1.0
-1.849646,35,1557.767097,1.0
-1.641432,15,1558.059121,1.0
-2.138158,16,1558.355591,1.0
-5.107648,50,1559.320073,0.0
-10.181933,50,1560.178296,0.0
-8.19132,50,1561.171877,0.0
-5.069632,50,1562.188495,0.0
-5.662484,50,1563.164364,0.0
-2.95945,50,1564.095326,0.0
-11.244844,50,1565.065892,0.0
-2.5784,22,1565.475183,1.0
-7.477899,50,1572.275249,0.0
-3.830219,50,1573.198246,0.0
-5.440239,50,1574.093929,0.0
-4.667362,32,1574.704834,1.0
-1.900843,30,1575.269638,1.0
-2.518053,23,1575.700415,1.0
-15.797033,50,1576.725868,0.0
-3.001947,30,1577.309311,1.0
-6.192474,50,1578.37793,0.0
-8.524238,50,1579.295968,0.0
-18.53986,50,1580.281297,0.0
-9.332172,50,1581.294159,0.0
-1.775238,35,1587.740862,1.0
-12.493842,50,1588.646126,0.0
-2.969078,26,1589.120477,1.0
-6.134403,50,1590.137808,0.0
-1.525188,21,1590.600285,1.0
-5.900691,43,1591.438234,1.0
-4.157931,31,1591.986133,1.0
-2.277175,31,1592.546715,1.0
-2.297245,50,1594.252521,0.0
-2.180305,44,1595.067186,1.0
-8.676861,50,1595.96249,0.0
-10.44769,50,1596.884814,0.0
-5.478494,50,1603.629382,0.0
-10.696342,50,1604.581411,0.0
-6.964724,50,1605.552364,0.0
-3.202239,50,1606.437561,0.0
-13.659112,50,1607.34424,0.0
-2.643078,50,1608.351671,0.0
-2.650947,50,1609.259066,0.0
-2.532058,26,1609.735116,1.0
-3.697549,41,1610.565398,1.0
-2.532284,50,1611.594795,0.0
-15.056671,50,1612.627473,0.0
-5.668157,48,1619.377168,1.0
-1.923366,34,1620.011214,1.0
-1.966093,44,1620.848912,1.0
-8.258666,50,1621.811033,0.0
-4.574701,39,1622.634885,1.0
-4.641576,27,1623.176977,1.0
-1.232482,12,1623.426571,1.0
-2.760845,28,1623.961325,1.0
-7.194411,50,1625.034631,0.0
-3.7684,50,1625.9467,0.0
-15.700056,50,1626.888975,0.0
-5.149558,50,1627.763179,0.0
-8.759034,50,1628.710643,0.0
-3.719083,50,1636.320517,0.0
-3.414446,50,1637.248708,0.0
-4.270581,50,1638.25197,0.0
-2.737715,25,1638.708334,1.0
-14.848957,50,1639.586366,0.0
-11.43212,50,1640.5327,0.0
-3.587342,50,1641.490977,0.0
-5.481273,50,1642.442531,0.0
-3.184103,15,1642.741407,1.0
-2.743058,45,1643.595477,1.0
-9.090954,50,1644.482033,0.0
-9.829337,50,1651.243561,0.0
-14.641027,50,1652.141299,0.0
-15.196201,50,1653.201662,0.0
-11.575084,50,1654.245347,0.0
-17.295664,50,1655.262026,0.0
-3.77156,34,1655.930857,1.0
-6.868495,27,1656.425803,1.0
-2.559865,16,1656.733464,1.0
-5.056686,50,1657.650419,0.0
-7.892504,50,1658.567653,0.0
-3.837971,50,1659.522132,0.0
-4.674099,50,1660.489606,0.0
-10.511282,50,1667.210278,0.0
-6.501083,50,1668.156289,0.0
-3.999414,12,1668.386042,1.0
-14.960291,50,1669.295718,0.0
-2.587022,35,1669.932819,1.0
-13.193505,50,1670.908314,0.0
-3.912315,18,1672.099813,1.0
-11.489903,50,1673.075201,0.0
-10.368956,50,1673.99474,0.0
-2.660453,13,1674.24498,1.0
-4.669357,50,1675.192111,0.0
-5.46607,50,1676.082179,0.0
-13.027602,50,1677.114417,0.0
-2.237192,50,1684.179224,0.0
-1.748558,27,1684.798563,1.0
-2.891919,25,1685.321364,1.0
-5.599219,47,1686.169988,1.0
-2.329563,23,1686.605711,1.0
-10.270047,50,1687.612992,0.0
-2.23792,20,1687.995308,1.0
-9.498166,50,1688.916739,0.0
-6.302975,50,1689.800268,0.0
-10.931838,50,1690.767924,0.0
-3.445849,50,1691.695199,0.0
-2.397254,41,1692.448808,1.0
-2.735697,20,1692.865027,1.0
-0.921505,18,1693.275992,1.0
-3.949353,50,1700.060493,0.0
-0.915879,25,1700.566851,1.0
-12.241366,50,1701.47971,0.0
-3.295183,50,1702.547073,0.0
-1.091491,18,1702.866521,1.0
-11.599554,50,1703.787503,0.0
-3.22224,50,1704.833901,0.0
-3.949141,50,1705.758258,0.0
-0.73433,14,1706.013479,1.0
-2.479388,50,1707.008599,0.0
-5.429803,50,1708.603766,0.0
-1.464397,27,1709.115041,1.0
-0.529174,9,1709.288883,1.0
-1.893696,22,1709.696145,1.0
-4.897843,50,1716.481346,0.0
-3.306515,50,1717.468962,0.0
-11.957006,50,1718.379755,0.0
-2.605198,36,1719.077988,1.0
-5.336984,50,1720.008207,0.0
-2.164193,50,1720.933883,0.0
-1.335301,9,1721.093026,1.0
-2.610555,50,1722.035187,0.0
-7.529308,50,1723.002642,0.0
-6.285561,50,1723.988755,0.0
-0.975172,13,1724.215176,1.0
-2.292175,50,1725.13123,0.0
-3.496557,50,1731.932586,0.0
-2.055794,15,1732.241082,1.0
-2.979867,50,1733.19442,0.0
-2.916646,44,1734.017668,1.0
-7.265373,50,1734.937651,0.0
-3.245499,50,1735.863086,0.0
-6.764917,50,1736.758573,0.0
-2.143436,17,1737.07234,1.0
-13.059556,50,1738.028633,0.0
-4.813884,50,1738.993804,0.0
-1.373072,14,1739.250334,1.0
-13.169584,50,1740.148821,0.0
-6.947229,50,1746.920949,0.0
-2.025921,11,1747.144974,1.0
-1.990197,22,1747.560323,1.0
-2.639876,17,1747.877789,1.0
-12.298479,50,1748.74541,0.0
-14.882836,50,1750.335691,0.0
-10.427843,50,1751.235368,0.0
-0.857971,16,1751.530382,1.0
-2.293715,49,1752.42751,1.0
-6.834013,50,1753.349999,0.0
-13.733299,50,1754.286172,0.0
-2.28283,50,1755.1594,0.0
-2.074231,48,1756.032467,1.0
-17.837492,50,1762.894268,0.0
-2.327549,46,1763.714491,1.0
-13.245507,50,1764.60779,0.0
-12.040624,50,1765.557871,0.0
-15.676694,50,1766.484246,0.0
-0.442031,9,1766.666112,1.0
-0.760141,8,1766.832512,1.0
-2.522371,18,1767.221552,1.0
-2.096108,50,1768.180762,0.0
-1.609572,23,1768.617326,1.0
-0.910603,19,1768.971349,1.0
-17.440483,50,1769.869668,0.0
-8.967582,50,1770.78837,0.0
-5.065311,50,1771.687196,0.0
-0.804895,9,1771.854136,1.0
-1.286003,8,1771.998055,1.0
-3.959469,50,1778.752076,0.0
-12.754529,50,1779.731692,0.0
-4.858476,46,1780.607409,1.0
-9.070093,50,1781.613329,0.0
-2.580668,50,1782.532983,0.0
-1.010298,25,1783.013152,1.0
-1.132342,15,1783.289353,1.0
-8.936939,50,1784.28991,0.0
-15.264627,50,1786.155769,0.0
-3.729309,50,1787.133635,0.0
-4.209266,24,1787.563127,1.0
-1.866523,27,1788.044368,1.0
-3.55131,50,1794.853006,0.0
-8.835967,50,1795.825181,0.0
-2.154717,14,1796.085873,1.0
-12.770677,50,1797.123526,0.0
-2.341998,44,1797.905178,1.0
-5.338428,50,1798.84128,0.0
-16.09225,50,1799.786966,0.0
-16.325808,50,1800.755733,0.0
-2.918543,50,1801.693069,0.0
-8.145705,50,1802.597698,0.0
-6.04367,50,1803.583241,0.0
-3.702671,50,1810.420367,0.0
-13.07994,50,1811.432821,0.0
-0.9897,11,1811.628614,1.0
-1.130127,9,1811.783539,1.0
-1.967827,50,1812.78886,0.0
-7.726954,50,1813.86439,0.0
-13.986088,50,1814.831039,0.0
-6.110955,50,1815.737056,0.0
-5.92849,50,1816.637614,0.0
-11.10058,50,1817.572082,0.0
-11.238341,50,1818.50548,0.0
-5.926886,50,1819.435081,0.0
-4.226166,50,1826.102672,0.0
-14.255559,50,1827.064239,0.0
-2.964179,50,1828.961509,0.0
-8.590599,50,1829.861792,0.0
-4.678139,40,1830.584511,1.0
-9.224427,50,1831.496712,0.0
-5.038253,50,1832.451504,0.0
-0.858895,18,1832.809588,1.0
-7.04312,50,1833.795055,0.0
-8.727279,50,1834.76381,0.0
-2.4434,31,1835.31987,1.0
-11.593449,50,1838.674323,0.0
-3.664417,50,1839.688115,0.0
-3.00234,37,1840.425721,1.0
-2.352788,26,1840.902705,1.0
-2.152566,50,1841.871452,0.0
-13.47707,50,1842.765095,0.0
-11.382017,50,1843.74772,0.0
-4.220947,50,1844.635447,1.0
-6.388317,50,1845.658897,0.0
-6.230462,50,1846.595084,0.0
-7.922247,50,1847.474432,0.0
-3.2303,32,1848.056784,1.0
-14.098885,50,1851.357735,0.0
-7.433717,50,1852.264978,0.0
-5.154579,50,1853.248676,0.0
-3.156976,50,1854.103979,0.0
-7.981169,50,1854.992161,0.0
-3.869314,39,1855.907339,1.0
-2.216583,50,1857.695608,0.0
-10.579147,50,1858.742004,0.0
-5.565157,50,1859.670502,0.0
-1.75617,9,1859.827634,1.0
-1.993612,38,1860.509721,1.0
-3.351634,21,1860.904197,1.0
-5.508197,50,1866.392735,0.0
-7.843685,50,1867.454481,0.0
-10.369688,50,1868.395941,0.0
-0.392247,11,1868.605477,1.0
-4.82267,50,1869.665429,0.0
-3.936823,50,1870.669246,0.0
-4.734847,50,1871.578277,0.0
-4.689765,50,1872.474365,0.0
-10.091868,50,1873.401293,0.0
-9.87502,50,1874.300351,0.0
-9.336917,50,1875.185958,0.0
-14.529754,50,1881.921775,0.0
-3.853906,50,1882.81143,0.0
-8.872921,50,1883.72693,0.0
-1.819055,41,1884.466964,1.0
-0.816517,12,1884.691689,1.0
-13.206761,50,1885.616011,0.0
-14.839839,50,1886.628179,0.0
-5.832633,50,1887.579304,0.0
-7.621315,50,1888.636248,0.0
-5.068972,50,1889.506671,0.0
-13.562909,50,1890.448236,0.0
-2.719383,50,1897.171611,0.0
-7.300638,50,1898.82155,0.0
-10.10511,50,1899.732803,0.0
-11.229215,50,1900.635958,0.0
-2.293993,50,1901.603499,0.0
-14.010213,50,1902.564727,0.0
-9.177855,50,1903.537544,0.0
-3.776688,50,1904.54523,0.0
-8.93967,50,1905.523358,0.0
-21.730583,50,1906.505518,0.0
-3.367905,50,1913.242883,0.0
-10.294309,50,1914.11547,0.0
-5.328636,50,1915.011106,0.0
-9.621481,50,1916.043339,0.0
-5.756836,50,1916.991321,0.0
-3.460441,50,1917.96269,0.0
-7.520624,50,1918.875522,0.0
-4.465543,50,1919.826381,0.0
-3.748999,50,1920.749711,0.0
-13.858566,50,1921.71999,0.0
-8.753549,50,1922.677899,0.0
-3.807623,50,1929.470672,0.0
-1.858671,17,1929.777297,1.0
-2.734753,50,1930.699591,0.0
-11.559875,50,1931.649982,0.0
-8.932149,50,1932.630206,0.0
-3.518875,49,1934.345589,1.0
-5.923639,50,1935.301385,0.0
-1.527296,21,1935.684731,1.0
-3.391729,38,1936.554335,1.0
-1.609089,27,1937.056293,1.0
-12.820324,50,1937.956411,0.0
-19.058287,50,1938.858308,0.0
-7.466505,50,1945.645451,0.0
-2.82202,49,1946.584363,1.0
-9.945271,50,1947.500705,0.0
-11.487499,50,1948.401549,0.0
-9.539438,50,1949.336852,0.0
-6.308897,50,1950.288591,0.0
-7.135906,50,1951.15718,0.0
-4.459063,50,1952.042846,0.0
-11.731304,50,1953.035364,0.0
-3.409274,50,1953.974415,0.0
-11.068404,50,1960.832659,0.0
-2.112478,31,1961.392953,1.0
-17.777971,50,1962.309218,0.0
-9.055975,50,1963.214528,0.0
-19.321858,50,1964.170831,0.0
-4.304316,19,1964.505872,1.0
-10.819783,50,1965.422944,0.0
-13.618716,50,1966.399789,0.0
-5.898681,50,1967.377394,0.0
-3.732225,50,1968.300156,0.0
-1.19287,10,1968.507604,1.0
-9.22378,50,1969.51898,0.0
-8.376392,50,1977.358363,0.0
-15.684007,50,1978.340488,0.0
-3.789372,50,1979.233085,0.0
-10.147102,50,1980.170371,0.0
-15.6018,50,1981.212394,0.0
-10.837073,50,1982.184005,0.0
-2.637288,50,1983.19338,0.0
-2.752027,46,1984.102684,1.0
-0.781669,14,1984.384646,1.0
-15.563624,50,1985.318217,0.0
-2.467152,50,1986.25054,0.0
-8.997819,50,1992.931748,0.0
-13.497409,50,1993.884269,0.0
-3.980261,50,1994.752638,0.0
-3.260001,50,1995.664242,0.0
-4.503929,50,1996.675733,0.0
-1.556486,50,1997.632337,0.0
-9.140537,50,1998.528983,0.0
-3.853486,50,1999.602218,0.0
-8.347861,50,2000.689418,0.0
-10.289374,50,2001.639043,0.0
-10.476338,50,2008.397604,0.0
-5.253661,50,2009.340529,0.0
-8.863003,50,2010.422192,0.0
-1.399786,19,2010.793693,1.0
-14.287341,50,2011.831038,0.0
-5.263815,50,2013.231779,0.0
-2.222833,30,2013.792417,1.0
-2.568962,38,2014.522344,1.0
-1.518297,46,2015.366218,1.0
-3.465873,33,2015.939204,1.0
-4.151946,15,2016.207048,1.0
-9.809566,50,2017.107893,0.0
-13.193453,50,2017.987826,0.0
-5.309459,50,2024.691617,0.0
-7.452984,50,2025.702822,0.0
-2.053245,16,2026.028058,1.0
-13.461682,50,2027.050227,0.0
-2.362318,38,2027.763481,1.0
-5.621928,39,2028.478832,1.0
-4.11411,50,2029.560589,0.0
-2.442218,50,2030.522275,0.0
-1.338063,20,2030.891411,1.0
-7.658285,50,2031.820143,0.0
-10.747836,50,2032.813827,0.0
-3.594465,28,2033.371667,1.0
-9.098672,50,2040.126573,0.0
-10.381608,50,2041.02626,0.0
-4.402318,50,2041.896277,0.0
-6.127462,48,2042.814398,1.0
-13.498616,50,2043.771996,0.0
-5.795037,50,2044.763907,0.0
-0.65989,13,2045.07478,1.0
-3.520164,31,2045.679793,1.0
-4.023843,50,2046.700125,0.0
-1.556325,13,2046.950744,1.0
-11.741839,50,2047.912639,0.0
-7.768788,50,2049.648979,0.0
-6.440141,50,2050.56348,0.0
-0.62691,7,2056.482358,1.0
-9.815776,50,2057.487419,0.0
-0.805092,10,2057.661832,1.0
-1.185793,10,2057.836718,1.0
-4.150286,50,2058.743618,0.0
-5.726964,50,2059.676365,0.0
-1.494973,35,2060.443595,1.0
-11.582875,50,2061.39103,0.0
-2.174454,50,2062.336486,0.0
-7.296615,50,2063.276917,0.0
-13.664294,50,2064.272622,0.0
-4.056423,27,2064.802385,1.0
-0.278301,6,2064.914212,1.0
-10.782945,50,2065.872047,0.0
-5.97658,50,2072.579496,0.0
-18.78312,50,2073.55152,0.0
-17.107912,50,2074.46044,0.0
-4.465007,22,2074.870459,1.0
-2.536767,37,2075.600201,1.0
-16.400023,50,2076.495085,0.0
-12.908892,50,2077.382201,0.0
-5.188582,50,2078.321972,0.0
-6.748968,50,2079.335848,0.0
-10.898231,50,2080.283974,0.0
-1.399911,21,2080.651461,1.0
-9.364554,50,2081.570456,0.0
-3.012377,21,2087.836353,1.0
-3.511791,50,2088.836983,0.0
-2.274967,22,2089.337886,1.0
-8.934577,50,2091.128424,0.0
-2.727932,50,2092.114846,0.0
-14.065786,50,2093.03859,0.0
-17.560774,50,2094.08014,0.0
-3.446509,50,2095.116003,0.0
-1.851984,32,2095.748166,1.0
-20.798955,50,2096.726881,0.0
-7.926851,50,2097.75606,0.0
-13.980842,50,2104.399382,0.0
-16.604948,50,2105.350208,0.0
-13.629741,50,2106.264594,0.0
-2.103836,29,2106.780653,1.0
-10.460575,50,2107.790095,0.0
-5.681509,50,2108.673917,0.0
-2.756696,46,2109.568573,1.0
-10.176017,50,2110.485447,0.0
-7.120617,50,2111.393009,0.0
-0.446928,11,2111.61847,1.0
-6.077763,50,2112.520647,0.0
-7.06747,50,2113.457735,0.0
-1.022024,26,2119.788426,1.0
-8.684169,50,2120.768721,0.0
-10.290187,50,2121.736768,0.0
-12.214498,50,2122.680154,0.0
-6.136071,50,2123.64196,0.0
-10.319314,50,2124.542058,0.0
-3.807455,50,2125.64933,0.0
-11.601999,50,2126.580775,0.0
-2.775147,20,2127.772605,1.0
-1.766833,42,2128.531873,1.0
-4.612936,50,2129.478537,0.0
-10.884984,50,2136.401564,0.0
-14.177479,50,2137.320793,0.0
-2.01115,50,2138.222818,0.0
-3.585571,30,2138.757577,1.0
-12.08551,50,2139.653023,0.0
-11.386823,50,2140.619111,0.0
-1.344102,12,2140.85252,1.0
-3.994693,23,2141.293066,1.0
-7.985371,50,2142.188846,0.0
-5.656104,50,2143.113453,0.0
-12.508467,50,2144.09493,0.0
-9.254222,50,2145.095821,0.0
-2.190886,50,2151.864486,0.0
-1.80235,27,2152.39261,1.0
-3.527413,50,2153.335267,0.0
-4.540532,50,2154.390621,0.0
-2.415751,12,2154.604914,1.0
-3.294093,28,2155.122764,1.0
-4.573083,50,2156.039622,0.0
-12.676021,50,2156.985573,0.0
-4.015101,50,2157.861757,0.0
-0.846766,9,2158.020132,1.0
-1.20107,25,2158.45119,1.0
-4.902762,50,2159.387871,0.0
-12.370783,50,2160.295553,0.0
-1.12516,8,2160.446904,1.0
-13.87932,50,2167.186948,0.0
-9.46932,50,2168.115422,0.0
-8.095177,50,2169.822373,0.0
-1.529361,28,2170.339615,1.0
-3.238468,50,2171.459113,0.0
-6.484496,50,2172.391378,0.0
-5.61435,50,2173.379582,0.0
-4.579864,50,2174.378473,0.0
-3.972462,50,2175.311189,0.0
-11.596065,50,2176.225281,0.0
-4.364112,50,2177.319125,0.0
-5.651342,16,2177.589244,1.0
-4.746942,50,2184.303622,0.0
-1.079622,13,2184.535578,1.0
-3.271323,50,2185.446512,0.0
-9.178008,50,2186.34213,0.0
-1.670005,41,2187.087857,1.0
-8.69145,50,2187.968412,0.0
-3.42728,50,2188.899541,0.0
-5.530833,50,2189.89863,0.0
-5.172528,50,2190.961612,0.0
-3.622214,50,2192.010104,0.0
-16.028469,50,2192.932467,0.0
-14.303427,50,2199.666992,0.0
-13.625477,50,2200.582545,0.0
-2.592501,50,2201.543007,0.0
-13.629419,50,2202.477854,0.0
-17.711828,50,2203.442864,0.0
-2.496753,37,2204.122157,1.0
-9.571122,50,2205.860753,0.0
-8.561099,48,2206.817805,1.0
-9.867081,50,2207.724191,0.0
-6.831061,50,2208.613684,0.0
-5.248024,36,2209.354928,1.0
-4.317275,50,2216.134208,0.0
-9.230576,50,2217.177739,0.0
-2.447591,34,2217.790075,1.0
-1.395344,19,2218.122362,1.0
-4.634669,50,2219.063927,0.0
-4.00972,30,2219.592839,1.0
-17.451204,50,2220.546392,0.0
-3.834206,50,2221.572095,0.0
-3.242827,50,2222.462697,0.0
-5.145308,35,2223.106658,1.0
-2.009974,38,2223.807532,1.0
-2.073953,18,2224.155131,1.0
-3.861509,50,2230.882532,0.0
-2.063569,50,2231.737452,0.0
-9.65375,50,2232.643751,0.0
-1.647312,11,2232.839516,1.0
-12.100843,50,2233.743747,0.0
-2.584845,50,2234.878731,0.0
-10.535869,50,2235.814358,0.0
-7.910388,50,2236.720745,0.0
-11.423958,50,2237.628647,0.0
-2.714238,19,2237.961001,1.0
-3.756595,50,2238.943577,0.0
-1.490077,23,2239.376509,1.0
-8.801218,50,2240.33739,0.0
-2.722237,50,2247.843713,0.0
-2.314305,34,2248.438705,1.0
-4.930967,50,2249.384897,0.0
-11.148692,48,2250.295869,1.0
-3.799705,50,2251.220431,0.0
-11.557213,50,2252.207037,0.0
-13.882814,50,2253.150531,0.0
-1.851933,20,2253.500398,1.0
-3.013989,31,2254.104207,1.0
-0.601927,12,2254.36269,1.0
-14.021037,50,2255.329099,0.0
-5.786851,50,2256.238873,0.0
-1.957951,50,2263.047457,0.0
-3.014302,24,2263.551107,1.0
-2.581514,45,2264.422557,1.0
-15.40947,50,2265.331939,0.0
-5.767969,50,2266.254294,0.0
-5.806238,50,2267.214361,0.0
-2.530458,50,2268.197677,0.0
-9.19646,50,2269.093176,0.0
-14.274813,50,2269.978831,0.0
-0.907649,12,2270.213142,1.0
-5.104335,50,2271.217494,0.0
-1.564599,18,2271.587555,1.0
-13.792869,50,2278.422119,0.0
-12.599751,50,2279.406044,0.0
-2.30888,25,2279.876037,1.0
-2.763651,36,2280.517002,1.0
-2.337377,11,2280.71587,1.0
-5.430335,50,2281.697163,0.0
-3.462303,50,2282.680706,0.0
-1.217854,30,2284.034896,1.0
-3.370858,47,2284.994955,1.0
-10.020164,50,2285.957153,0.0
-16.415694,50,2286.895714,0.0
-4.669319,50,2287.833725,0.0
-3.63274,25,2288.322915,1.0
-0.952664,23,2294.622634,1.0
-11.576159,50,2295.548311,0.0
-10.284541,50,2296.580669,0.0
-11.279825,50,2297.545202,0.0
-4.302488,36,2298.182286,1.0
-11.774395,50,2299.072519,0.0
-4.488027,46,2300.052229,1.0
-1.276373,17,2300.395151,1.0
-2.201299,32,2301.018111,1.0
-1.90497,15,2301.290316,1.0
-12.583857,50,2302.236928,0.0
-14.246236,50,2303.257741,0.0
-3.486078,50,2304.234254,0.0
-11.813594,50,2311.038248,0.0
-3.635182,50,2311.969541,0.0
-9.935351,50,2312.945135,0.0
-5.418795,50,2313.857903,0.0
-14.107254,50,2314.950723,0.0
-0.701897,13,2315.207473,1.0
-5.845216,50,2316.262304,0.0
-14.87787,50,2317.263277,0.0
-4.671529,44,2318.136241,1.0
-2.607767,26,2318.614267,1.0
-7.937853,50,2319.58577,0.0
-6.56694,50,2327.026049,0.0
-9.919728,50,2327.944559,0.0
-9.850283,50,2328.866601,0.0
-14.457053,50,2329.751885,0.0
-3.165311,33,2330.362327,1.0
-1.19326,14,2330.645792,1.0
-4.832576,50,2331.656107,0.0
-7.961885,50,2332.590948,0.0
-12.541221,50,2333.484791,0.0
-1.821759,11,2333.701614,1.0
-4.006264,50,2334.666443,0.0
-2.627228,50,2335.566153,0.0
-9.714089,50,2342.321656,0.0
-6.006289,50,2343.328356,0.0
-14.277512,50,2344.3216,0.0
-4.136471,50,2345.233726,0.0
-2.488754,49,2346.15837,1.0
-3.201555,50,2347.092492,0.0
-1.730577,27,2347.624124,1.0
-2.556816,41,2348.47368,1.0
-12.628221,50,2349.413851,0.0
-2.396418,50,2350.303913,0.0
-2.760494,50,2351.169871,0.0
-14.290828,50,2357.944986,0.0
-11.716269,50,2358.884571,0.0
-3.883087,50,2359.92289,0.0
-1.066954,15,2360.192912,1.0
-6.114593,50,2361.091213,0.0
-13.163262,50,2362.927007,0.0
-3.688404,29,2363.441988,1.0
-1.354214,33,2364.131509,1.0
-5.910685,50,2365.049066,0.0
-4.348167,50,2365.980996,0.0
-16.250079,50,2366.866889,0.0
-12.238814,50,2367.822738,0.0
-3.070648,45,2374.502538,1.0
-2.038454,17,2374.804168,1.0
-5.32068,50,2375.678243,0.0
-5.16814,50,2376.661058,0.0
-4.860602,50,2377.712657,0.0
-10.897578,50,2378.641434,0.0
-12.746107,50,2379.583259,0.0
-4.736267,50,2380.515919,0.0
-2.89633,50,2381.483587,0.0
-3.842972,50,2382.411211,0.0
-4.531263,50,2383.317852,0.0
-0.541312,13,2383.577574,1.0
-8.398077,50,2390.372688,0.0
-1.091876,9,2390.548461,1.0
-16.191278,50,2391.53815,0.0
-2.983023,50,2392.508888,0.0
-3.480977,22,2392.934114,1.0
-4.255506,50,2393.950141,0.0
-3.849878,20,2394.340427,1.0
-13.968984,50,2395.283888,0.0
-13.427274,50,2396.242322,0.0
-10.810243,50,2397.193851,0.0
-10.286052,50,2398.755373,0.0
-5.465601,50,2399.685325,0.0
-3.303891,49,2406.439813,1.0
-5.138147,50,2407.440469,0.0
-11.620832,50,2408.594604,0.0
-4.51868,50,2409.52376,0.0
-1.438951,15,2409.792576,1.0
-4.060104,33,2410.393176,1.0
-6.755656,50,2411.32301,0.0
-15.800778,50,2412.21603,0.0
-3.668286,26,2412.691254,1.0
-1.184048,16,2413.015486,1.0
-2.901507,50,2414.119104,0.0
-1.019868,11,2414.330932,1.0
-4.732186,26,2414.808992,1.0
-2.462506,22,2415.214127,1.0
-2.805892,50,2422.0114,0.0
-6.212759,50,2422.965346,0.0
-1.530407,27,2423.468008,1.0
-1.216425,9,2423.630704,1.0
-6.726047,50,2424.568779,0.0
-1.938929,27,2425.096993,1.0
-2.915382,15,2425.396305,1.0
-3.884566,50,2426.352337,0.0
-1.447225,18,2426.675775,1.0
-3.110686,39,2427.380612,1.0
-9.731787,50,2428.346565,0.0
-16.023644,50,2429.33923,0.0
-7.32888,50,2430.306953,0.0
-2.041518,50,2431.300222,0.0
-10.646717,50,2438.129241,0.0
-10.693763,50,2439.128087,0.0
-10.131021,50,2440.860468,0.0
-3.777463,50,2442.058335,0.0
-6.328599,50,2442.968218,0.0
-2.228518,50,2443.87611,0.0
-15.937362,50,2444.771415,0.0
-13.246547,50,2445.783236,0.0
-1.448426,19,2446.188672,1.0
-3.347541,50,2447.229706,0.0
-3.897292,29,2447.819519,1.0
-6.756386,50,2454.578779,0.0
-14.254688,50,2455.491501,0.0
-8.661274,50,2456.39253,0.0
-15.245281,50,2457.448104,0.0
-2.570176,40,2458.177352,1.0
-8.475672,50,2459.107713,0.0
-3.718755,50,2460.177163,0.0
-6.460433,50,2461.188121,0.0
-6.015492,50,2462.146194,0.0
-8.526406,50,2463.135211,0.0
-10.553812,50,2464.085946,0.0
-11.3397,50,2470.853606,0.0
-3.88956,25,2471.302344,1.0
-12.62016,50,2472.205332,0.0
-2.033564,50,2473.098686,0.0
-5.84458,50,2474.077597,0.0
-1.111779,18,2474.423092,1.0
-2.014711,40,2475.158041,1.0
-14.837903,50,2476.047971,0.0
-13.771368,50,2477.808592,0.0
-5.954708,50,2478.731933,0.0
-3.217425,50,2479.674268,0.0
-7.349344,50,2486.403544,0.0
-9.977309,50,2487.465291,0.0
-2.45472,50,2488.325902,0.0
-14.849839,50,2489.296705,0.0
-12.369543,50,2490.224947,0.0
-3.523797,50,2491.133367,0.0
-15.755704,50,2492.062023,0.0
-14.561974,50,2492.975245,0.0
-3.607381,23,2493.388577,1.0
-11.835532,50,2494.372555,0.0
-1.57827,29,2494.919222,1.0
-0.695458,8,2495.068727,1.0
-3.937572,30,2495.619426,1.0
-1.466486,14,2501.651032,1.0
-0.406275,6,2501.77729,1.0
-2.938272,42,2502.589761,1.0
-2.387883,41,2503.306867,1.0
-9.713816,50,2504.262094,0.0
-2.427918,50,2505.290264,0.0
-6.878173,50,2506.205025,0.0
-10.366065,50,2507.215934,0.0
-5.588994,40,2508.016016,1.0
-2.026731,33,2508.697301,1.0
-6.740214,50,2509.643456,0.0
-12.96348,50,2510.588326,0.0
-3.648343,50,2517.561809,0.0
-3.879943,31,2518.181989,1.0
-4.283887,50,2520.026955,0.0
-2.649177,18,2520.350657,1.0
-8.187839,50,2521.239451,0.0
-12.797973,50,2522.114691,0.0
-1.400568,15,2522.382068,1.0
-6.857993,50,2523.322968,0.0
-2.713943,43,2524.065979,1.0
-6.002327,50,2525.101201,0.0
-1.897039,28,2525.64863,1.0
-3.977226,50,2526.53966,0.0
-11.482619,50,2527.484688,0.0
-9.323765,50,2534.325526,0.0
-2.123746,45,2535.16983,1.0
-8.789001,50,2536.108614,0.0
-7.708505,50,2537.183576,0.0
-3.469336,50,2538.217616,0.0
-2.525353,33,2538.841859,1.0
-8.904911,50,2539.844132,0.0
-2.926173,48,2540.764913,1.0
-10.178493,50,2541.749894,0.0
-3.477817,28,2542.2744,1.0
-14.684883,50,2543.187172,0.0
-5.176483,50,2549.963403,0.0
-4.256198,50,2550.878887,0.0
-1.603874,34,2551.481508,1.0
-2.176625,50,2552.397711,0.0
-4.76413,30,2552.928951,1.0
-1.0685,7,2553.053806,1.0
-1.691751,29,2553.575715,1.0
-4.118064,50,2554.648703,0.0
-6.223828,50,2556.254084,0.0
-2.889826,50,2557.187759,0.0
-12.477784,50,2558.17624,0.0
-2.974199,50,2559.092878,0.0
-2.501778,26,2559.538839,1.0
-11.349319,50,2566.312668,0.0
-11.842698,50,2567.432064,0.0
-3.211155,24,2567.940345,1.0
-2.026402,50,2568.895334,0.0
-11.114361,50,2569.794667,0.0
-16.804815,50,2570.743084,0.0
-2.616197,14,2571.017345,1.0
-5.356269,50,2571.920635,0.0
-8.607647,50,2572.835055,0.0
-3.728997,28,2573.337362,1.0
-5.428711,30,2573.894285,1.0
-20.591284,50,2574.81549,0.0
-9.622235,50,2581.537084,0.0
-2.989107,50,2582.537656,0.0
-13.186941,50,2583.586421,0.0
-2.339831,50,2584.477875,0.0
-1.195731,22,2584.874772,1.0
-2.627289,50,2585.76211,0.0
-13.923755,50,2586.655867,0.0
-4.631256,50,2587.610352,0.0
-4.850955,38,2588.403858,1.0
-14.664341,50,2589.467616,0.0
-2.540083,18,2589.804774,1.0
-1.877382,39,2590.574575,1.0
-4.608641,50,2598.213538,0.0
-2.843973,29,2598.841631,1.0
-14.043851,50,2599.838234,0.0
-2.591931,34,2600.554985,1.0
-1.658912,17,2600.895386,1.0
-3.074512,50,2601.894541,0.0
-6.445029,50,2602.849916,0.0
-11.982778,50,2603.833066,0.0
-6.897314,50,2604.795346,0.0
-3.188351,50,2605.749284,0.0
-3.080659,24,2606.185976,1.0
-4.002967,50,2607.155518,0.0
-2.224671,50,2614.041542,0.0
-2.251829,28,2614.561701,1.0
-13.710737,50,2615.481411,0.0
-10.838577,50,2616.433042,0.0
-15.279164,50,2617.411297,0.0
-1.675598,25,2617.853625,1.0
-7.741994,50,2618.749233,0.0
-6.037276,50,2619.725883,0.0
-3.30521,39,2620.443878,1.0
-2.91376,25,2620.901373,1.0
-5.265684,50,2621.856695,0.0
-12.031435,50,2622.847905,0.0
-9.703946,50,2629.559594,0.0
-5.073187,50,2630.504556,0.0
-12.786085,50,2631.4957,0.0
-2.597842,15,2631.774335,1.0
-5.059676,50,2632.801327,0.0
-4.212427,50,2634.491942,0.0
-1.790575,50,2635.460259,0.0
-10.343982,50,2636.336294,0.0
-5.876428,50,2637.402104,0.0
-1.447892,20,2637.827176,1.0
-1.947319,34,2638.468573,1.0
-5.441111,50,2639.427168,0.0
-1.286463,25,2645.728074,1.0
-2.960042,50,2646.683337,0.0
-11.679611,50,2647.709114,0.0
-4.66425,32,2648.356006,1.0
-2.030739,27,2648.841933,1.0
-5.082749,50,2649.778068,0.0
-12.697915,50,2650.733472,0.0
-11.395074,50,2651.628778,0.0
-10.299742,50,2652.558839,0.0
-3.159849,50,2653.606928,0.0
-9.774115,50,2654.586918,0.0
-11.479664,50,2661.500939,0.0
-3.834263,27,2661.997366,1.0
-2.049833,50,2663.000665,0.0
-12.365134,50,2664.037472,0.0
-12.471379,50,2664.941705,0.0
-3.615329,50,2665.872814,0.0
-3.954599,50,2666.937064,0.0
-1.583425,11,2667.135104,1.0
-3.324216,50,2668.037676,0.0
-5.624483,50,2668.948029,0.0
-9.18422,50,2669.799628,0.0
-4.333607,38,2671.317173,1.0
-4.691949,50,2678.271513,0.0
-11.974473,50,2679.339164,0.0
-6.949448,50,2680.263565,0.0
-7.267473,50,2681.247015,0.0
-8.681176,50,2682.265497,0.0
-3.451685,50,2683.201647,0.0
-1.75697,50,2684.132846,0.0
-2.772219,45,2684.920932,1.0
-11.121123,50,2685.831981,0.0
-2.616096,27,2686.372032,1.0
-1.975939,37,2687.189238,1.0
-6.048344,50,2693.989764,0.0
-3.513047,50,2694.935153,0.0
-5.375729,50,2695.844959,0.0
-13.708123,50,2696.866009,0.0
-5.466513,50,2697.898941,0.0
-9.571583,50,2698.85769,0.0
-4.299579,50,2699.792702,0.0
-7.778724,50,2700.74571,0.0
-16.241658,50,2701.760812,0.0
-14.250524,50,2702.769373,0.0
-5.240148,50,2709.510356,0.0
-2.270425,18,2709.851397,1.0
-2.947306,42,2710.616858,1.0
-3.354394,50,2711.722579,0.0
-2.456183,18,2712.148623,1.0
-3.440834,50,2713.853598,0.0
-11.344495,50,2714.895643,0.0
-8.907881,50,2715.814938,0.0
-13.787579,50,2716.718345,0.0
-9.055252,50,2717.624002,0.0
-3.077572,26,2718.229125,1.0
-7.735828,50,2719.279532,0.0
-3.363351,50,2720.247377,0.0
-6.512175,50,2726.983561,0.0
-15.580107,50,2727.947396,0.0
-2.276603,33,2728.5616,1.0
-12.242359,50,2729.508604,0.0
-2.49539,45,2730.35406,1.0
-9.138669,50,2731.326466,0.0
-5.779314,50,2732.447472,0.0
-11.598778,50,2733.382902,0.0
-5.028295,50,2734.325686,0.0
-4.844294,50,2735.272036,0.0
-9.057241,50,2742.051098,0.0
-9.353233,50,2743.043413,0.0
-1.178653,16,2743.351555,1.0
-16.085189,50,2744.407315,0.0
-10.471692,50,2745.348581,0.0
-1.481794,21,2745.723908,1.0
-3.28336,50,2746.69835,0.0
-3.764761,50,2747.765931,0.0
-13.236535,50,2748.814819,0.0
-4.004737,50,2750.222265,0.0
-8.856668,50,2751.194982,0.0
-12.428348,50,2752.129532,0.0
-4.336932,50,2758.970412,0.0
-10.777801,50,2759.98195,0.0
-9.551568,50,2760.959363,0.0
-2.10096,10,2761.156936,1.0
-1.18136,26,2761.670507,1.0
-1.718326,18,2762.015559,1.0
-6.969633,50,2762.935605,0.0
-8.711421,50,2763.956511,0.0
-8.766518,50,2764.91315,0.0
-1.623798,13,2765.155129,1.0
-2.677203,20,2765.522209,1.0
-4.049959,50,2766.522074,0.0
-7.591388,50,2767.464226,0.0
-2.888529,17,2767.780981,1.0
-0.61395,14,2768.02254,1.0
-1.8932,33,2774.395096,1.0
-3.070526,47,2775.271498,1.0
-15.176461,50,2776.341291,0.0
-11.453226,50,2777.32651,0.0
-4.770956,50,2778.274223,0.0
-12.469549,50,2779.260527,0.0
-2.741001,30,2779.898659,1.0
-2.783844,50,2780.871549,0.0
-6.839369,27,2781.458866,1.0
-8.043255,50,2782.354013,0.0
-14.018341,50,2783.275958,0.0
-9.529408,50,2790.043483,0.0
-6.03252,50,2791.053634,0.0
-2.873317,46,2792.854095,1.0
-2.623431,27,2793.333248,1.0
-11.744226,50,2794.346196,0.0
-0.916692,14,2794.666049,1.0
-2.620758,37,2795.427534,1.0
-1.848741,25,2795.950748,1.0
-0.622292,15,2796.259949,1.0
-2.743124,50,2797.212934,0.0
-18.743693,50,2798.155571,0.0
-13.776577,50,2799.140571,0.0
-13.816392,50,2800.040197,0.0
-10.140501,50,2806.782264,0.0
-3.18477,48,2807.627968,1.0
-14.521462,50,2808.529295,0.0
-9.793489,50,2809.465518,0.0
-5.72473,50,2810.333843,0.0
-2.487268,25,2810.774048,1.0
-0.453009,5,2810.868764,1.0
-1.968016,50,2811.824363,0.0
-3.18027,50,2812.695248,0.0
-2.450798,26,2813.160571,1.0
-2.258932,16,2813.441924,1.0
-6.20382,50,2814.406084,0.0
-8.452869,50,2815.346143,0.0
-14.157984,50,2822.056422,0.0
-3.853912,17,2822.385432,1.0
-8.295598,50,2823.321614,0.0
-3.013965,50,2824.320098,0.0
-9.3114,50,2825.417078,0.0
-3.90849,50,2826.429662,0.0
-4.365866,50,2827.328335,0.0
-3.296993,50,2829.006023,0.0
-4.770075,50,2829.953354,0.0
-3.00509,35,2830.679162,1.0
-2.550792,50,2831.580086,0.0
-14.718357,50,2838.324349,0.0
-15.429806,50,2839.23302,0.0
-3.335665,20,2839.619027,1.0
-2.298653,50,2840.577971,0.0
-2.900549,14,2840.830071,1.0
-7.620181,50,2841.789711,0.0
-2.370825,15,2842.095875,1.0
-4.370367,26,2842.61207,1.0
-4.896859,27,2843.155676,1.0
-1.236655,13,2843.412955,1.0
-14.4301,50,2844.338157,0.0
-9.519254,50,2845.365817,0.0
-5.254867,19,2845.745189,1.0
-1.936877,31,2846.313029,1.0
-10.169203,50,2847.210624,0.0
-7.132856,50,2853.930733,0.0
-15.05375,50,2854.955101,0.0
-1.426473,11,2855.172303,1.0
-6.352039,50,2856.049907,0.0
-3.85058,50,2857.02804,0.0
-6.19554,50,2857.981781,0.0
-16.413091,50,2859.040973,0.0
-4.879947,50,2859.991249,0.0
-14.69157,50,2860.955363,0.0
-5.058143,50,2861.871907,0.0
-1.798795,29,2862.400634,1.0
-4.531426,50,2869.233143,0.0
-1.434602,22,2869.625104,1.0
-12.918221,50,2870.987086,0.0
-10.445212,50,2871.930376,0.0
-2.672763,13,2872.155991,1.0
-0.298688,5,2872.241839,1.0
-1.929794,17,2872.533311,1.0
-7.953256,50,2873.492576,0.0
-1.111839,29,2874.04933,1.0
-4.177403,50,2875.032412,0.0
-2.995301,50,2876.00874,0.0
-7.423453,50,2876.923564,0.0
-2.773133,50,2877.811687,0.0
-7.849455,50,2878.77235,0.0
-4.030229,40,2885.342174,1.0
-3.799959,50,2886.254253,0.0
-14.663991,50,2887.190272,0.0
-2.944329,42,2888.027431,1.0
-2.356603,18,2888.367345,1.0
-7.879499,50,2889.356751,0.0
-2.676988,20,2889.765529,1.0
-2.162269,12,2890.020699,1.0
-15.688326,50,2890.968577,0.0
-8.758054,50,2891.9373,0.0
-3.132514,50,2892.933204,0.0
-11.923109,50,2893.930608,0.0
-9.549,50,2894.850735,0.0
-56.745583,50,2901.600908,0.0
-0.873928,14,2901.844569,1.0
-2.023822,15,2902.10419,1.0
-0.628376,12,2902.310658,1.0
-2.260197,13,2902.542205,1.0
-10.381729,50,2903.428367,0.0
-2.157734,24,2903.908324,1.0
-5.138748,50,2904.872577,0.0
-9.538763,50,2905.791567,0.0
-8.034194,50,2907.508411,0.0
-3.997809,38,2908.21623,1.0
-5.648601,50,2909.09178,0.0
-3.851629,50,2910.061121,0.0
-2.388537,16,2910.345325,1.0
-2.005729,11,2910.546627,1.0
-1.728483,19,2910.887923,1.0
-1.679824,38,2917.380461,1.0
-12.353456,50,2918.343312,0.0
-10.075018,50,2919.302022,0.0
-10.898262,50,2920.408644,0.0
-1.00481,10,2920.609533,1.0
-8.941626,50,2921.544551,0.0
-5.160339,50,2922.418592,0.0
-3.524651,50,2923.393586,0.0
-5.016589,32,2923.96305,1.0
-4.976944,50,2924.876109,0.0
-8.705972,50,2925.824873,0.0
-13.041694,50,2932.63046,0.0
-3.537752,18,2932.940409,1.0
-4.780054,50,2934.030036,0.0
-1.932793,50,2935.059469,0.0
-4.975253,42,2935.916926,1.0
-6.473482,50,2936.857361,0.0
-4.044808,50,2937.801992,0.0
-1.638535,23,2938.225595,1.0
-8.865752,50,2939.150396,0.0
-3.415091,50,2940.03206,0.0
-1.272319,41,2940.791312,1.0
-1.731337,28,2941.332904,1.0
-5.283303,27,2941.898727,1.0
-11.277364,50,2949.31333,0.0
-2.636948,26,2949.794604,1.0
-2.492261,25,2950.246885,1.0
-9.893917,50,2951.181786,0.0
-9.285182,50,2952.128408,0.0
-3.613075,16,2952.421009,1.0
-3.78811,31,2952.996154,1.0
-3.966424,50,2953.97827,0.0
-13.568094,50,2954.907572,0.0
-9.424399,50,2955.831606,0.0
-17.002489,50,2956.785646,0.0
-4.110327,50,2957.708481,1.0
-3.450763,14,2957.954295,1.0
-3.604866,50,2964.670992,0.0
-11.254806,50,2965.617666,0.0
-3.161114,13,2965.853333,1.0
-10.352251,50,2966.848259,0.0
-1.942536,15,2967.135653,1.0
-2.652648,50,2968.0721,0.0
-2.793164,31,2968.64919,1.0
-2.852279,50,2969.645833,0.0
-5.738395,46,2970.444007,1.0
-14.152238,50,2971.310005,0.0
-2.283226,50,2972.234034,0.0
-5.882697,50,2973.185833,0.0
-16.212089,50,2979.901783,0.0
-0.803718,20,2980.275187,1.0
-2.326106,16,2980.557605,1.0
-2.991675,25,2981.018642,1.0
-2.460468,12,2981.257196,1.0
-6.025542,50,2982.2256,0.0
-2.974032,38,2982.939375,1.0
-6.068249,50,2984.587852,0.0
-4.043376,50,2985.537926,0.0
-1.302699,18,2985.866359,1.0
-14.137917,50,2986.778196,0.0
-1.36743,38,2987.479908,1.0
-1.584539,21,2987.905675,1.0
-2.269689,50,2988.836586,0.0
-12.882845,50,2989.717976,0.0
-6.342813,50,2996.492756,0.0
-7.128939,50,2997.364691,0.0
-1.756185,23,2997.77453,1.0
-2.380019,30,2998.340421,1.0
-0.872071,9,2998.530143,1.0
-2.749668,50,2999.57034,0.0
-2.482158,50,3000.535943,0.0
-0.679454,7,3000.677519,1.0
-3.059201,36,3001.40407,1.0
-11.468981,50,3002.356345,0.0
-8.159596,50,3003.387027,0.0
-3.903626,50,3004.386563,0.0
-10.583192,50,3005.387845,0.0
-11.483673,50,3012.205424,0.0
-2.1097,28,3012.762419,1.0
-16.092909,50,3013.754624,0.0
-3.380275,50,3014.710241,0.0
-1.493317,31,3015.297998,1.0
-5.634101,28,3015.789654,1.0
-3.427286,50,3016.742688,0.0
-9.193866,50,3017.79898,0.0
-8.414842,50,3018.883291,0.0
-2.139567,41,3019.665673,1.0
-5.677855,50,3021.133163,0.0
-5.403233,50,3027.943341,0.0
-2.635786,50,3028.968271,0.0
-4.052994,50,3029.882556,0.0
-4.651702,50,3030.809078,0.0
-18.584414,50,3031.723693,0.0
-1.822785,25,3032.193903,1.0
-5.472412,37,3032.977671,1.0
-6.682253,50,3033.969529,0.0
-3.409115,21,3034.348957,1.0
-4.64932,25,3034.809155,1.0
-1.457006,16,3035.120431,1.0
-1.725766,50,3036.036111,0.0
-2.495393,50,3037.034443,0.0
-5.342473,50,3043.825571,0.0
-2.009571,23,3044.328446,1.0
-2.050141,27,3044.864995,1.0
-1.591169,12,3045.106171,1.0
-10.034211,50,3046.038337,0.0
-2.369833,33,3046.649026,1.0
-5.388629,50,3047.545121,0.0
-14.278384,50,3048.569223,0.0
-2.12292,13,3048.862039,1.0
-1.982023,50,3049.932841,0.0
-2.959322,19,3050.313238,1.0
-1.404498,9,3050.492588,1.0
-5.669626,39,3051.287885,1.0
-11.88094,50,3052.376474,0.0
-1.731863,15,3052.66158,1.0
-14.487084,50,3053.592776,0.0
-4.342682,50,3060.42469,0.0
-6.031676,50,3061.409177,0.0
-10.888104,50,3062.604513,0.0
-2.035694,18,3063.762188,1.0
-8.880659,50,3064.703806,0.0
-6.859646,50,3065.602272,0.0
-4.024627,15,3065.873442,1.0
-15.962004,50,3066.785006,0.0
-10.264287,50,3067.86843,0.0
-4.768885,45,3068.735066,1.0
-8.90614,50,3069.754869,0.0
-0.901398,14,3070.056784,1.0
-9.244964,50,3076.913193,0.0
-6.992244,50,3077.940107,0.0
-11.442885,50,3078.876869,0.0
-6.942288,50,3079.951194,0.0
-7.208788,50,3080.878389,0.0
-10.280266,50,3081.855504,0.0
-5.114212,50,3082.816208,0.0
-4.245015,50,3083.740082,0.0
-7.189432,33,3084.380157,1.0
-4.104028,21,3084.760501,1.0
-15.605732,50,3085.634131,0.0
-3.113648,50,3092.508159,0.0
-9.362582,50,3093.535433,0.0
-5.00138,27,3094.092402,1.0
-10.318102,50,3095.006434,0.0
-11.782846,50,3095.913103,0.0
-2.811993,29,3096.391174,1.0
-2.170863,36,3097.021147,1.0
-9.770876,50,3097.942355,0.0
-1.753669,35,3098.567718,1.0
-3.302085,50,3099.89188,0.0
-4.74302,40,3100.604043,1.0
-5.479357,50,3101.541228,0.0
-5.473022,50,3108.273895,0.0
-3.382958,38,3109.000365,1.0
-3.257003,50,3109.938585,0.0
-10.258335,50,3110.903996,0.0
-10.983627,50,3111.865199,0.0
-4.136588,50,3112.898861,0.0
-12.425954,50,3113.871781,0.0
-1.504272,10,3114.063817,1.0
-4.51541,29,3114.590313,1.0
-14.160179,50,3115.48283,0.0
-4.208492,22,3115.898334,1.0
-3.155258,28,3116.514669,1.0
-0.862706,16,3116.854883,1.0
-3.810532,41,3117.75253,1.0
-6.595924,50,3124.559852,0.0
-4.073872,49,3125.512518,1.0
-2.057792,26,3125.991884,1.0
-12.584223,50,3126.933409,0.0
-3.904934,25,3127.427799,1.0
-2.248228,20,3127.819203,1.0
-11.190525,50,3128.746281,0.0
-3.474048,29,3129.367915,1.0
-5.434546,50,3130.42671,0.0
-3.851732,50,3131.386767,0.0
-10.873523,50,3132.324261,0.0
-0.53671,14,3132.571267,1.0
-3.301312,20,3132.962951,1.0
-3.709694,19,3133.322957,1.0
-12.710147,50,3140.148706,0.0
-2.519183,21,3140.558654,1.0
-0.783118,10,3140.770888,1.0
-3.970503,50,3142.466034,0.0
-0.843094,21,3142.858275,1.0
-9.479894,50,3143.826756,0.0
-4.368582,26,3144.303243,1.0
-3.099728,50,3145.208891,0.0
-19.885465,50,3146.161341,0.0
-5.428696,50,3147.157362,0.0
-9.371852,50,3148.110973,0.0
-1.796887,11,3148.327513,1.0
-1.693075,9,3148.50669,1.0
-14.816491,50,3149.556435,0.0
-4.817268,50,3156.316422,0.0
-1.09856,23,3156.77422,1.0
-6.249194,50,3157.683031,0.0
-9.482041,50,3158.559119,0.0
-2.563766,16,3158.898232,1.0
-15.351077,50,3159.948646,0.0
-2.602387,50,3160.978866,0.0
-7.193499,50,3161.917997,0.0
-3.67762,50,3162.87109,0.0
-3.92997,18,3163.204219,1.0
-5.826575,50,3164.159525,0.0
-10.346507,50,3165.14825,0.0
-2.414272,50,3171.96816,0.0
-1.97253,45,3172.78273,1.0
-15.906948,50,3173.783647,0.0
-10.709742,50,3174.742961,0.0
-5.500733,50,3175.776836,0.0
-2.436754,42,3176.538956,1.0
-12.38907,50,3177.480051,0.0
-15.631248,50,3178.910633,0.0
-3.018278,38,3179.667001,1.0
-6.944573,50,3180.681686,0.0
-0.980339,18,3181.026485,1.0
-3.419984,50,3182.004371,0.0
-14.905714,50,3188.802025,0.0
-2.632038,21,3189.207215,1.0
-1.859058,16,3189.506532,1.0
-8.603854,50,3190.515298,0.0
-4.386565,50,3191.591157,0.0
-2.622265,16,3191.907755,1.0
-2.275075,50,3192.951388,0.0
-2.712849,50,3193.897338,0.0
-2.001097,50,3194.853839,0.0
-3.7535,50,3195.771129,0.0
-6.063954,50,3196.755365,0.0
-3.327499,28,3197.32923,1.0
-3.344152,15,3197.668353,1.0
-5.838249,50,3204.506434,0.0
-0.438839,8,3204.65118,1.0
-5.424511,50,3205.528967,0.0
-13.833167,50,3206.523239,0.0
-1.357002,9,3206.710937,1.0
-3.539178,50,3207.71562,1.0
-10.275234,50,3208.679824,0.0
-4.646751,50,3209.659441,0.0
-9.065992,50,3210.553207,0.0
-8.838897,50,3211.4265,0.0
-2.018348,15,3211.710221,1.0
-16.291928,50,3212.642318,0.0
-7.60114,50,3219.407303,0.0
-3.340648,30,3219.987938,1.0
-2.065466,13,3220.977756,1.0
-4.551998,50,3221.921478,0.0
-17.079883,50,3222.859802,0.0
-11.767007,50,3223.91526,0.0
-1.185711,13,3224.157416,1.0
-3.351687,19,3224.489404,1.0
-10.439519,50,3225.443449,0.0
-2.972763,50,3226.422073,0.0
-8.504361,50,3227.346152,0.0
-15.056307,50,3228.334651,0.0
-10.420791,50,3229.353118,0.0
-15.248566,50,3236.116762,0.0
-6.125226,16,3236.399528,1.0
-2.426668,50,3237.353681,0.0
-4.500967,21,3237.746639,1.0
-14.84053,50,3238.696251,0.0
-7.239738,50,3239.635079,0.0
-1.903195,18,3240.004895,1.0
-16.6879,50,3241.016435,0.0
-4.18817,50,3242.006631,0.0
-5.586311,50,3243.127022,0.0
-13.043221,50,3244.155618,0.0
-17.194392,50,3245.097801,0.0
-14.192889,50,3251.948421,0.0
-1.966623,15,3252.251453,1.0
-13.664397,50,3253.240766,0.0
-1.2342,16,3253.568046,1.0
-8.527099,50,3254.506123,0.0
-15.16097,50,3255.50005,0.0
-7.924412,50,3256.536156,0.0
-9.146053,50,3258.290557,0.0
-11.260961,50,3259.168786,0.0
-13.192096,50,3260.063439,0.0
-2.024815,23,3260.478236,1.0
-2.491865,50,3261.540018,0.0
-15.627411,50,3268.27039,0.0
-10.70147,50,3269.153885,0.0
-7.03012,50,3270.088803,0.0
-12.507066,50,3271.043055,0.0
-7.77741,50,3272.058074,0.0
-5.938139,50,3272.975018,0.0
-0.538785,8,3273.126035,1.0
-3.037479,24,3273.575552,1.0
-8.849171,50,3274.551377,0.0
-0.636841,6,3274.672836,1.0
-3.544468,18,3275.010932,1.0
-2.126081,31,3275.596476,1.0
-2.512615,50,3276.544601,0.0
-1.373945,31,3277.111257,1.0
-5.770545,50,3283.886681,0.0
-2.516619,12,3284.107078,1.0
-1.222818,10,3284.295404,1.0
-8.538914,50,3285.275194,0.0
-4.297092,30,3285.819291,1.0
-5.84257,50,3286.770637,0.0
-10.574614,50,3287.722518,0.0
-1.877443,15,3288.012536,1.0
-4.12459,50,3288.890137,0.0
-0.691397,19,3289.264538,1.0
-1.425666,31,3289.820879,1.0
-9.065456,50,3290.678328,0.0
-8.83163,50,3291.587654,0.0
-3.729815,50,3292.669566,0.0
-14.881965,50,3300.285103,0.0
-8.355722,50,3301.247018,0.0
-11.666393,50,3302.299602,0.0
-3.729039,16,3302.582167,1.0
-8.595167,50,3303.55675,0.0
-14.468477,50,3304.636401,0.0
-2.552309,18,3304.971062,1.0
-15.296145,50,3305.870208,0.0
-1.305625,9,3306.041737,1.0
-6.486799,50,3307.034537,0.0
-15.127973,50,3308.045118,0.0
-1.189806,26,3308.586749,1.0
-2.202123,12,3308.804332,1.0
-1.093728,13,3309.039467,1.0
-9.352231,50,3309.99644,0.0
-2.786845,50,3316.667267,0.0
-4.490863,50,3317.602101,0.0
-7.244868,50,3318.542514,0.0
-10.149371,50,3319.645371,0.0
-14.508633,50,3320.627695,0.0
-8.066366,50,3321.572088,0.0
-2.499138,21,3321.951795,1.0
-5.928281,50,3322.862747,0.0
-3.241033,29,3323.418109,1.0
-0.436183,13,3323.679287,1.0
-12.327495,50,3324.647494,0.0
-15.746572,50,3325.57289,0.0
-1.665553,50,3332.272271,0.0
-2.353479,27,3332.734989,1.0
-0.590996,12,3332.955946,1.0
-10.154764,50,3333.940424,0.0
-3.367176,20,3334.333563,1.0
-11.732895,50,3335.217916,0.0
-0.667957,15,3336.471044,1.0
-2.061472,27,3336.992868,1.0
-14.07124,50,3337.984598,0.0
-2.520757,50,3338.965351,0.0
-2.428119,50,3339.949305,0.0
-2.452422,39,3340.703957,1.0
-2.941237,19,3341.063221,1.0
-10.803428,50,3342.030456,0.0
-10.402132,50,3348.904003,0.0
-7.528916,50,3349.910089,0.0
-8.665144,50,3350.80948,0.0
-12.232964,50,3351.767502,0.0
-6.720012,50,3352.743827,0.0
-20.183256,50,3353.818837,0.0
-4.34296,50,3354.890947,0.0
-12.010823,50,3355.836501,0.0
-8.806793,50,3356.746488,0.0
-4.632017,50,3357.67786,0.0
-0.560731,8,3357.837599,1.0
-19.817876,50,3364.614941,0.0
-2.609509,50,3365.50442,0.0
-2.417584,15,3365.769257,1.0
-9.696115,50,3366.708518,0.0
-2.686819,40,3367.400954,1.0
-3.979691,50,3368.375433,0.0
-10.884186,50,3369.284868,0.0
-2.655746,36,3369.995661,1.0
-1.287393,25,3370.456916,1.0
-3.627339,50,3371.446564,0.0
-2.187985,50,3373.451492,0.0
-3.901019,50,3374.418989,0.0
-1.14135,27,3380.781909,1.0
-12.719758,50,3381.753907,0.0
-0.884947,12,3381.986307,1.0
-10.111893,50,3382.928584,0.0
-2.027045,50,3383.83281,0.0
-8.884401,50,3384.735052,0.0
-2.217382,19,3385.108017,1.0
-14.922728,50,3386.035653,0.0
-16.201825,50,3386.918854,0.0
-2.005339,21,3387.326725,1.0
-7.60434,50,3388.461368,0.0
-9.862377,50,3389.388693,0.0
-13.883582,50,3396.229243,0.0
-2.718156,27,3396.751219,1.0
-2.231408,50,3397.723988,0.0
-2.104818,50,3398.684672,0.0
-2.444789,18,3399.031333,1.0
-11.591777,50,3400.06153,0.0
-11.644278,50,3401.077721,0.0
-4.718508,50,3402.089873,0.0
-8.718267,50,3403.013385,0.0
-6.405309,50,3403.960462,0.0
-6.280813,50,3404.877349,0.0
-1.261884,50,3405.940156,0.0
-6.705134,50,3412.724736,0.0
-11.603438,50,3413.671045,0.0
-4.459152,50,3414.620228,0.0
-2.328733,50,3416.237721,0.0
-3.106711,50,3417.217288,0.0
-7.90458,32,3417.985926,1.0
-5.7433,50,3418.910454,0.0
-2.968346,13,3419.147756,1.0
-3.52161,31,3419.692187,1.0
-12.9621,50,3420.609448,0.0
-12.056177,50,3421.551352,0.0
-13.370795,50,3428.281188,0.0
-2.499557,17,3428.585181,1.0
-12.574064,50,3429.543912,0.0
-2.327662,32,3430.11909,1.0
-18.76574,50,3431.068538,0.0
-1.297215,25,3431.505567,1.0
-4.666518,26,3431.987748,1.0
-7.905983,50,3432.902091,0.0
-12.278724,50,3433.879083,0.0
-10.524296,50,3434.88823,0.0
-3.404379,25,3435.42023,1.0
-6.000284,50,3436.417827,0.0
-15.2141,50,3437.340889,0.0
-12.75867,50,3444.057431,0.0
-5.607405,50,3444.975106,0.0
-13.017115,50,3445.87351,0.0
-2.499086,44,3446.653559,1.0
-2.407427,50,3447.554962,0.0
-11.37177,50,3448.480322,0.0
-1.056031,13,3448.773,1.0
-2.318298,50,3449.814641,0.0
-12.388437,50,3451.606852,0.0
-16.239911,50,3452.486368,0.0
-8.650528,50,3453.455895,0.0
-2.273705,31,3454.084671,1.0
-14.094244,50,3460.846142,0.0
-4.29366,17,3461.161268,1.0
-3.824606,50,3462.095957,0.0
-3.134744,50,3463.011336,0.0
-5.072683,40,3463.726253,1.0
-9.061905,50,3464.69782,0.0
-2.151052,15,3465.032988,1.0
-6.313857,50,3466.023383,0.0
-3.224965,19,3466.376896,1.0
-0.884512,16,3466.675305,1.0
-3.295385,50,3467.625732,0.0
-5.885739,50,3468.664318,0.0
-4.260109,50,3469.646723,0.0
-4.20723,50,3476.37896,0.0
-5.55424,50,3477.28839,0.0
-7.978686,50,3478.226575,0.0
-5.486893,50,3479.308509,0.0
-3.406615,27,3479.807745,1.0
-4.803278,50,3480.770839,0.0
-0.901393,21,3481.192676,1.0
-12.635754,50,3482.280981,0.0
-3.222871,40,3483.090099,1.0
-7.960776,50,3483.992655,0.0
-2.617597,17,3484.317069,1.0
-7.598478,50,3485.308161,0.0
-16.777396,50,3492.16797,0.0
-1.717731,32,3492.782655,1.0
-14.924953,50,3494.343568,0.0
-4.834426,43,3495.14782,1.0
-1.782159,25,3495.609375,1.0
-13.971542,50,3496.567343,0.0
-6.396972,50,3497.492021,0.0
-3.754941,26,3497.962311,1.0
-11.188989,50,3498.881354,0.0
-5.809123,50,3499.817529,0.0
-2.847142,22,3500.22743,1.0
-8.628935,50,3501.220286,0.0
-4.404786,30,3501.808359,1.0
-8.759347,50,3508.671662,0.0
-2.776875,21,3509.06834,1.0
-9.216145,50,3510.057451,0.0
-6.391404,50,3511.197595,0.0
-2.078351,50,3512.164934,0.0
-8.884992,50,3513.138311,0.0
-1.986107,50,3514.038447,0.0
-3.230192,22,3514.454334,1.0
-14.508937,50,3515.352275,0.0
-4.671458,50,3516.301425,1.0
-2.502544,50,3517.251068,0.0
-4.907996,50,3524.140768,0.0
-2.626831,50,3525.076556,0.0
-12.920907,50,3526.057977,0.0
-4.219709,50,3526.978396,0.0
-8.821371,50,3527.92678,0.0
-14.920024,50,3528.99378,0.0
-5.542988,50,3530.808857,0.0
-8.102268,50,3531.714346,0.0
-11.268188,50,3532.627039,0.0
-1.349342,28,3533.197555,1.0
-14.633407,50,3534.263853,0.0
-4.153521,50,3541.14096,0.0
-3.224959,50,3542.109132,0.0
-5.534228,50,3543.10849,0.0
-3.640182,27,3543.712918,1.0
-2.47807,21,3544.147809,1.0
-9.304646,50,3545.067767,0.0
-7.504855,50,3546.018862,0.0
-2.961411,48,3547.17008,1.0
-3.341817,23,3547.636826,1.0
-6.136115,50,3548.723655,0.0
-5.521901,50,3549.737078,0.0
-6.428785,50,3556.586499,0.0
-3.179981,21,3557.027512,1.0
-3.794552,14,3557.295484,1.0
-1.720942,12,3557.525533,1.0
-13.701425,50,3558.443557,0.0
-12.89672,50,3559.493405,0.0
-5.89602,50,3560.47613,0.0
-3.772594,50,3561.509268,0.0
-10.454726,50,3562.631384,0.0
-3.432884,21,3563.044618,1.0
-10.639683,50,3563.978678,0.0
-7.190629,50,3564.907168,0.0
-4.880067,50,3565.848499,0.0
-2.441751,42,3572.492668,1.0
-10.239353,50,3574.29282,0.0
-15.261696,50,3575.366036,0.0
-12.391163,50,3576.26109,0.0
-8.372594,50,3577.34471,0.0
-11.015943,50,3578.270599,0.0
-8.418316,50,3579.186122,0.0
-3.175149,15,3579.50413,1.0
-2.651007,50,3580.589312,0.0
-4.677223,50,3581.596995,0.0
-16.139957,50,3582.573361,0.0
-14.045656,50,3589.329587,0.0
-2.614019,17,3589.639263,1.0
-2.325909,17,3589.980181,1.0
-2.42597,50,3591.038203,0.0
-2.254009,23,3591.496818,1.0
-3.120969,31,3592.134329,1.0
-1.565792,33,3592.729857,1.0
-3.034135,50,3593.693534,0.0
-3.698912,50,3594.719909,0.0
-10.754365,50,3595.652814,0.0
-3.047227,50,3596.776983,0.0
-19.032698,50,3597.784523,0.0
-3.897238,50,3598.73843,0.0
-9.509116,50,3605.525292,0.0
-17.64171,50,3606.598448,0.0
-8.64889,50,3607.602585,0.0
-1.799093,50,3608.61208,1.0
-4.644003,49,3609.47955,1.0
-6.891552,50,3611.229523,0.0
-3.330953,50,3612.282191,0.0
-3.131766,50,3613.294935,0.0
-1.015236,12,3613.519202,1.0
-0.837252,7,3613.646882,1.0
-4.714432,50,3614.565395,0.0
-12.485405,50,3615.462578,0.0
-1.856206,21,3615.845955,1.0
-6.733259,50,3622.554249,0.0
-15.373724,50,3623.441295,0.0
-11.494099,50,3624.341837,0.0
-22.41433,50,3625.311465,0.0
-2.265503,50,3626.196117,0.0
-2.243061,15,3626.462074,1.0
-2.506896,50,3627.414268,0.0
-4.125087,50,3628.413211,0.0
-14.92304,50,3629.389086,0.0
-1.655226,13,3629.621982,1.0
-4.481802,50,3630.545455,0.0
-15.448398,50,3637.272611,0.0
-10.767586,50,3638.205227,0.0
-3.376328,50,3639.145479,0.0
-0.948999,22,3639.584632,1.0
-15.194004,50,3640.654499,0.0
-5.813723,50,3641.650849,0.0
-12.050732,50,3642.527789,0.0
-4.349757,50,3643.442294,0.0
-4.981966,50,3644.459249,0.0
-4.596955,38,3645.208966,1.0
-5.22784,50,3646.346629,0.0
-3.645329,30,3647.616699,1.0
-3.37021,50,3654.48624,0.0
-5.523379,26,3654.974534,1.0
-9.800051,50,3655.866296,0.0
-1.723715,21,3656.284083,1.0
-7.334313,50,3657.305259,0.0
-6.473335,50,3658.337408,0.0
-1.137101,12,3658.566396,1.0
-6.962216,50,3659.551836,0.0
-3.348283,50,3660.44958,0.0
-6.412158,50,3661.351094,0.0
-10.474337,50,3662.390333,0.0
-7.634196,45,3663.338977,1.0
-2.021409,50,3670.262175,0.0
-10.528794,50,3671.222265,0.0
-2.03598,12,3671.445711,1.0
-5.505304,50,3672.408062,0.0
-0.963814,15,3672.713153,1.0
-3.32146,50,3673.61929,0.0
-10.341874,50,3674.595031,0.0
-4.446471,27,3675.127483,1.0
-8.006531,50,3676.192969,0.0
-8.392556,50,3677.227076,0.0
-2.994641,50,3678.195815,0.0
-5.886513,50,3679.148523,0.0
-3.448904,50,3685.880221,0.0
-4.057333,50,3686.823957,0.0
-13.745221,50,3687.770511,0.0
-13.987107,50,3688.747797,0.0
-1.718663,13,3688.981564,1.0
-2.295733,50,3690.619635,0.0
-2.888641,33,3691.26136,1.0
-9.872859,50,3692.153644,0.0
-2.601983,14,3692.444042,1.0
-1.745817,50,3693.476543,0.0
-2.607168,50,3694.442303,0.0
-1.892672,26,3694.900986,1.0
-2.624444,50,3695.768985,0.0
-3.759608,50,3702.795487,0.0
-5.826069,50,3703.824103,0.0
-3.362284,32,3704.431633,1.0
-4.048106,50,3705.425194,0.0
-11.165465,50,3706.490466,0.0
-4.807687,34,3707.147519,1.0
-2.587427,20,3707.53263,1.0
-4.002571,50,3708.471238,0.0
-7.350836,38,3709.259592,1.0
-12.675243,50,3710.14233,0.0
-2.923874,50,3711.098245,0.0
-0.542066,20,3711.493928,1.0
-0.554848,8,3711.653623,1.0
-11.762765,50,3718.419042,0.0
-13.003693,50,3719.480418,0.0
-13.237364,50,3720.531869,0.0
-2.303765,50,3721.528623,0.0
-17.517186,50,3722.569962,0.0
-0.378205,10,3722.776553,1.0
-0.901358,28,3723.344992,1.0
-1.635178,14,3723.635087,1.0
-15.398706,50,3724.557518,0.0
-4.465895,50,3725.558346,0.0
-8.811751,50,3727.245706,0.0
-4.65733,41,3727.949173,1.0
-2.288309,50,3734.746952,0.0
-7.884858,50,3735.740447,0.0
-3.345353,50,3736.697288,0.0
-5.400396,50,3737.645436,0.0
-0.191141,5,3737.742954,1.0
-0.789468,19,3738.090735,1.0
-1.740932,17,3738.397657,1.0
-8.580295,50,3739.317896,0.0
-9.740414,50,3740.302737,0.0
-3.68028,29,3740.994869,1.0
-7.505139,50,3742.05891,0.0
-3.330256,45,3742.896461,1.0
-2.046839,31,3743.510785,1.0
-4.866992,50,3744.640111,0.0
-13.053807,50,3751.412457,0.0
-13.390195,50,3752.343942,0.0
-12.383829,50,3753.320347,0.0
-2.125855,50,3754.275721,0.0
-13.895102,50,3755.327807,0.0
-9.944348,50,3756.296088,0.0
-10.657881,50,3757.30693,0.0
-9.345422,50,3758.379241,0.0
-4.741174,50,3759.398047,0.0
-7.632843,50,3760.518922,0.0
-4.858113,50,3767.280406,0.0
-5.281985,50,3768.234912,0.0
-12.129942,50,3769.956109,0.0
-13.847091,50,3770.883607,0.0
-7.679264,50,3771.830662,0.0
-1.387275,17,3772.155827,1.0
-7.409879,50,3773.017742,0.0
-4.583115,50,3773.903273,0.0
-12.804589,50,3774.829205,0.0
-1.376574,23,3775.305736,1.0
-12.322235,50,3776.383587,0.0
-2.472217,50,3783.042164,0.0
-7.658275,50,3783.940273,0.0
-2.085312,34,3784.533163,1.0
-2.064588,19,3784.881538,1.0
-2.528405,33,3785.531121,1.0
-8.50394,50,3786.507854,0.0
-15.639626,50,3787.475779,0.0
-10.98358,50,3788.652906,0.0
-4.472302,43,3789.463856,1.0
-14.629427,50,3790.390703,0.0
-4.892256,41,3791.194416,1.0
-9.632009,50,3792.148273,0.0
-20.929065,50,3798.934955,0.0
-3.852629,50,3799.858948,0.0
-1.417194,41,3800.705103,1.0
-9.859284,50,3801.677212,0.0
-2.101163,50,3802.76934,0.0
-4.561282,40,3803.52036,1.0
-3.145325,50,3804.464761,0.0
-4.064537,50,3805.529531,0.0
-7.248103,50,3807.248742,0.0
-8.430209,50,3808.174557,0.0
-9.104081,50,3809.066961,0.0
-18.396887,50,3815.906854,0.0
-0.560267,7,3816.072616,1.0
-13.71792,50,3816.978009,0.0
-13.957053,50,3817.881772,0.0
-5.09014,50,3818.773557,0.0
-6.370354,50,3819.679498,0.0
-5.605644,50,3820.680605,0.0
-2.915097,50,3821.83211,0.0
-3.473356,50,3822.783828,0.0
-1.577472,30,3823.342728,1.0
-6.193274,50,3824.475293,0.0
-7.482611,50,3831.380521,0.0
-9.264778,50,3832.321892,0.0
-1.836127,11,3832.53554,1.0
-2.365231,26,3833.042638,1.0
-0.961804,13,3833.31333,1.0
-5.696373,50,3834.290623,0.0
-2.808933,50,3835.317539,0.0
-1.711637,10,3835.495584,1.0
-1.025902,21,3835.864883,1.0
-1.175371,17,3836.171264,1.0
-2.438563,21,3836.557789,1.0
-6.293544,50,3837.651762,0.0
-2.310982,50,3838.600598,0.0
-2.049439,18,3838.919979,1.0
-12.90907,50,3839.886944,0.0
-3.425779,36,3840.593375,1.0
-11.136544,50,3847.306191,0.0
-1.120366,19,3847.671145,1.0
-2.048911,34,3849.019233,1.0
-8.897571,50,3849.969778,0.0
-3.43261,50,3850.93715,0.0
-4.678684,50,3851.818661,0.0
-12.569407,50,3852.713315,0.0
-10.462905,50,3853.603582,0.0
-2.262964,50,3854.541893,0.0
-4.914021,50,3855.727054,0.0
-8.191269,50,3856.647369,0.0
