#{"t_start": 1649788546.405952, "env_id": "PandaReach-v2"}
r,l,t,is_success
-1655.36914,50,1.623252,0.0
-2306.51243,50,2.52771,0.0
-2215.835769,50,3.423125,0.0
-3065.008418,50,4.3175,0.0
-1893.582765,50,5.417787,0.0
-1195.260786,50,6.323329,0.0
-2414.739651,50,7.195292,0.0
-2196.552307,50,8.305142,0.0
-2547.528032,50,9.401028,0.0
-2757.18622,50,10.281738,0.0
-2255.422674,50,16.895415,0.0
-2301.885963,50,17.997142,0.0
-2370.146193,50,18.909584,0.0
-2111.57961,50,19.99493,0.0
-1997.078813,50,21.229966,0.0
-2514.244831,50,22.375484,0.0
-2003.41873,50,23.243177,0.0
-2032.918092,50,24.128277,0.0
-2021.221872,50,25.036566,0.0
-2464.899777,50,26.146232,0.0
-813.942022,50,33.061013,0.0
-2579.810927,50,33.985357,0.0
-1676.432402,50,35.133998,0.0
-1858.579891,50,36.038826,0.0
-1713.921028,50,36.950232,0.0
-2233.224262,50,38.70395,0.0
-2278.677035,50,39.650044,0.0
-2461.85469,50,40.595935,0.0
-971.932055,50,41.891351,0.0
-2217.134826,50,42.778574,0.0
-2030.697799,50,49.424908,0.0
-2387.295379,50,50.58588,0.0
-2702.101604,50,51.689201,0.0
-2070.438441,50,52.624878,0.0
-2069.584918,50,53.576208,0.0
-2028.47453,50,54.518284,0.0
-2430.576392,50,55.88089,0.0
-1905.130304,50,57.016223,0.0
-2498.680676,50,57.889516,0.0
-1934.944862,50,59.004264,0.0
-2246.564536,50,65.706133,0.0
-1988.150777,50,66.596917,0.0
-2384.221545,50,67.499609,0.0
-2166.904648,50,68.608091,0.0
-2525.188877,50,69.501401,0.0
-2038.902934,50,70.632099,0.0
-2151.483345,50,71.507653,0.0
-2483.37822,50,72.424577,0.0
-1958.256525,50,73.317351,0.0
-1200.442991,50,74.643499,0.0
-2269.388247,50,77.051041,0.0
-1993.960553,50,84.149628,0.0
-2241.171038,50,85.449206,0.0
-1838.591595,50,86.344094,0.0
-2146.340217,50,87.478093,0.0
-1772.944404,50,88.374,0.0
-1817.592419,50,89.290745,0.0
-2190.383778,50,90.269189,0.0
-1803.404531,50,91.195591,0.0
-2140.388516,50,92.117594,0.0
-2249.042594,50,92.997546,0.0
-2061.443569,50,99.622253,0.0
-1817.349807,50,100.836718,0.0
-1887.338728,50,101.768121,0.0
-2439.291726,50,102.661226,0.0
-2090.33014,50,103.691328,0.0
-1889.480805,50,104.61656,0.0
-2262.351141,50,105.552044,0.0
-2225.446936,50,106.630166,0.0
-1726.059157,50,107.992646,0.0
-1984.920597,50,109.143656,0.0
-2362.968677,50,115.971552,0.0
-2014.528129,50,117.426576,0.0
-1780.637454,50,118.35181,0.0
-2364.824884,50,119.272,0.0
-1405.259768,50,121.467346,0.0
-1710.999818,50,122.371872,0.0
-2031.428834,50,123.465994,0.0
-2176.864818,50,124.345435,0.0
-2251.698884,50,125.242523,0.0
-2382.596784,50,126.185164,0.0
-961.217442,50,133.296098,0.0
-1596.455939,50,134.223794,0.0
-1796.073495,50,135.314909,0.0
-1725.637524,50,136.212106,0.0
-824.31002,50,137.531571,0.0
-1784.340375,50,138.432554,0.0
-1579.97861,50,139.299391,0.0
-2374.895708,50,140.192456,0.0
-1775.922532,50,141.118458,0.0
-2014.092435,50,142.052625,0.0
-917.069685,50,143.743487,0.0
-1739.110283,50,150.448364,0.0
-1892.615119,50,151.346455,0.0
-2042.425363,50,152.507853,0.0
-1868.801995,50,153.379306,0.0
-1872.633698,50,154.701644,0.0
-2143.236578,50,155.605343,0.0
-2042.018806,50,156.467589,0.0
-1856.480875,50,157.421715,0.0
-2030.441353,50,159.105819,0.0
-2225.908566,50,160.048748,0.0
-1905.532148,50,166.739535,0.0
-1519.71542,50,168.073084,0.0
-2000.229346,50,168.97613,0.0
-870.151091,50,170.078098,0.0
-1241.72011,50,171.40358,0.0
-1879.684645,50,172.570874,0.0
-1768.712614,50,173.468799,0.0
-1858.864644,50,174.366611,0.0
-1998.269689,50,175.245127,0.0
-1987.552779,50,176.17795,0.0
-1111.408832,50,183.14048,0.0
-871.791213,50,184.718777,0.0
-1965.593816,50,185.614264,0.0
-1628.022954,50,186.575638,0.0
-2093.414389,50,187.48971,0.0
-1350.128417,50,188.638995,0.0
-1628.798048,50,189.591173,0.0
-1692.305194,50,190.512717,0.0
-1722.564661,50,191.430392,0.0
-1071.439758,50,192.548419,0.0
-1984.259631,50,199.430673,0.0
-1531.165828,50,200.551096,0.0
-1527.403046,50,201.462964,0.0
-1480.635586,50,203.359311,0.0
-1412.268225,50,204.245255,0.0
-1966.748706,50,205.132369,0.0
-1599.11999,50,206.284433,0.0
-1342.428956,50,207.794665,0.0
-1768.180063,50,209.031547,0.0
-1978.079769,50,209.848683,0.0
-1309.039508,50,210.702371,0.0
-1588.385522,50,217.35075,0.0
-1210.640058,50,218.2342,0.0
-1199.789263,50,219.113486,0.0
-731.253251,50,220.665195,0.0
-1476.024799,50,221.607121,0.0
-1442.218017,50,222.56967,0.0
-1693.689544,50,223.78201,0.0
-1582.890947,50,224.714013,0.0
-1276.69218,50,225.859756,0.0
-1754.297972,50,226.752904,0.0
-1117.808595,50,233.631805,0.0
-1538.921226,50,234.531103,0.0
-1429.70545,50,235.473515,0.0
-2141.792605,50,236.388936,0.0
-1759.328069,50,237.274712,0.0
-1263.986582,50,238.206663,0.0
-1316.85875,50,239.142727,0.0
-1966.371143,50,240.794467,0.0
-1760.78666,50,241.733162,0.0
-2118.396507,50,242.678224,0.0
-1587.685626,50,249.316536,0.0
-1161.585066,50,250.490026,0.0
-1812.183576,50,251.411865,0.0
-1461.633376,50,252.822119,0.0
-1348.569076,50,253.788532,0.0
-1816.777953,50,254.745747,0.0
-1520.579639,50,255.696078,0.0
-1454.644404,50,256.911291,0.0
-1657.329231,50,258.094171,0.0
-1290.237227,50,258.990589,0.0
-1224.331003,50,265.913662,0.0
-1783.730464,50,266.841734,0.0
-2065.51647,50,267.750064,0.0
-2085.453733,50,268.673819,0.0
-1567.544097,50,269.611358,0.0
-1097.977783,50,270.540984,0.0
-1491.527921,50,271.650957,0.0
-1266.192492,50,272.594926,0.0
-1308.459799,50,273.478274,0.0
-2028.862688,50,274.797744,0.0
-1829.861132,50,275.750106,0.0
-1652.256864,50,282.455329,0.0
-1855.170911,50,284.393572,0.0
-1799.055475,50,285.35635,0.0
-1234.154505,50,286.272418,0.0
-1271.232368,50,287.393432,0.0
-1983.757119,50,288.292269,0.0
-1919.233212,50,289.435799,0.0
-1369.990267,50,290.372061,0.0
-1544.757661,50,291.358823,0.0
-1218.918464,50,292.342344,0.0
-1582.653105,50,298.998889,0.0
-1385.661786,50,299.947827,0.0
-1951.969035,50,300.870692,0.0
-1603.985898,50,302.036455,0.0
-1850.937014,50,302.973644,0.0
-2294.875075,50,304.083743,0.0
-1874.046101,50,305.001046,0.0
-1389.644947,50,305.900385,0.0
-1280.612193,50,306.816374,0.0
-1402.869602,50,307.755743,0.0
-1074.171164,50,314.924571,0.0
-1421.798369,50,315.974616,0.0
-2212.006655,50,316.908587,0.0
-1355.833754,50,317.832686,0.0
-1795.931567,50,318.793777,0.0
-1567.753065,50,320.115038,0.0
-1221.76241,50,322.008057,0.0
-1583.831303,50,323.010394,0.0
-1154.79947,50,324.378578,0.0
-1794.298931,50,325.289341,0.0
-1482.863681,50,332.021949,0.0
-1518.35461,50,332.998965,0.0
-1237.174787,50,333.950189,0.0
-2302.351122,50,334.925464,0.0
-1793.675884,50,335.815811,0.0
-1648.458502,50,336.770445,0.0
-1924.781892,50,337.76277,0.0
-1301.490327,50,338.736431,0.0
-1497.092603,50,339.769824,0.0
-1425.468946,50,340.71902,0.0
-1273.168982,50,341.952307,0.0
-1536.832419,50,349.164431,0.0
-1414.097828,50,350.426816,0.0
-1274.845892,50,351.401054,0.0
-2395.934525,50,352.77987,0.0
-1494.330943,50,353.996494,0.0
-1803.458923,50,354.962652,0.0
-493.403085,50,356.17994,0.0
-1693.52067,50,357.094168,0.0
-1124.203468,50,358.051344,0.0
-1628.702948,50,359.00834,0.0
-1588.735274,50,367.010957,0.0
-927.78673,50,368.142632,0.0
-1448.682732,50,369.311787,0.0
-1023.303694,50,370.603882,0.0
-1480.013034,50,371.567334,0.0
-1175.002077,50,372.539939,0.0
-920.461963,50,373.8929,0.0
-1139.307288,50,374.833879,0.0
-1023.761851,50,375.796538,0.0
-1630.02375,50,376.976584,0.0
-1109.673395,50,383.685975,0.0
-1213.737251,50,384.656936,0.0
-1254.05794,50,385.617323,0.0
-606.875512,50,386.799344,0.0
-1439.313735,50,387.751777,0.0
-1594.754441,50,388.717778,0.0
-1838.102219,50,389.627674,0.0
-1262.746687,50,390.809343,0.0
-1551.55895,50,391.931168,0.0
-1698.067575,50,392.856045,0.0
-1764.957714,50,399.598178,0.0
-1851.405899,50,400.7299,0.0
-1258.364324,50,401.87643,0.0
-1293.165657,50,402.832641,0.0
-1229.05569,50,403.846956,0.0
-1626.274852,50,405.609597,0.0
-1607.886003,50,406.858277,0.0
-1366.755996,50,407.956959,0.0
-2414.682478,50,408.950724,0.0
-1601.589115,50,409.913791,0.0
-1398.430931,50,411.168409,0.0
-1139.008288,50,418.212166,0.0
-2143.185234,50,419.183404,0.0
-947.702719,50,420.42365,0.0
-994.422013,50,421.372441,0.0
-1245.556981,50,422.941647,0.0
-1156.963598,50,423.910535,0.0
-1162.519195,50,424.992945,0.0
-1052.436339,50,425.938657,0.0
-1272.953058,50,426.859912,0.0
-1290.064104,50,428.055359,0.0
-1667.580115,50,434.927358,0.0
-1633.42504,50,435.881953,0.0
-1423.557452,50,436.802197,0.0
-591.996103,50,438.148097,0.0
-1597.457049,50,439.115574,0.0
-2414.265289,50,440.096868,0.0
-1057.732202,50,441.096224,0.0
-1653.251948,50,442.04788,0.0
-1944.117711,50,443.018141,0.0
-1179.508052,50,445.265249,0.0
-1329.450652,50,451.973761,0.0
-1267.461681,50,453.244651,0.0
-1325.034911,50,454.180585,0.0
-1296.009735,50,455.399664,0.0
-1076.325254,50,456.339724,0.0
-1135.055554,50,457.288748,0.0
-1002.362092,50,458.236259,0.0
-1583.112293,50,459.403972,0.0
-1391.827113,50,460.34435,0.0
-1654.456375,50,461.258876,0.0
-1236.991569,50,468.277796,0.0
-1347.738631,50,469.251956,0.0
-1673.721106,50,470.520643,0.0
-1297.909547,50,471.473484,0.0
-1620.909022,50,472.463961,0.0
-1135.402655,50,473.722195,0.0
-1199.85458,50,474.675037,0.0
-1400.028666,50,475.805187,0.0
-1208.660708,50,476.902399,0.0
-1097.338932,50,478.087691,0.0
-1712.200883,50,484.759683,0.0
-1096.015821,50,485.762749,0.0
-1385.870281,50,486.728734,0.0
-1503.731943,50,487.668598,0.0
-1268.462915,50,489.456205,0.0
-1120.451039,50,490.462083,0.0
-1289.79616,50,491.411191,0.0
-1344.332931,50,492.401508,0.0
-886.236916,50,493.366849,0.0
-1457.98505,50,494.380373,0.0
-956.187191,50,495.36371,0.0
-1150.357863,50,502.060557,0.0
-1272.052397,50,502.974735,0.0
-1874.578352,50,503.945591,0.0
-807.927539,50,505.108145,0.0
-987.710986,50,506.045025,0.0
-1311.539063,50,507.309574,0.0
-1255.757061,50,508.223326,0.0
-1156.799861,50,509.149557,0.0
-1215.18782,50,510.575265,0.0
-1282.567569,50,511.538306,0.0
-1695.784675,50,518.569407,0.0
-1870.966133,50,519.542358,0.0
-1081.420925,50,520.67898,0.0
-1056.905571,50,521.856569,0.0
-1055.940321,50,522.803888,0.0
-1108.884329,50,523.931316,0.0
-1182.157468,50,525.109372,0.0
-1810.357102,50,526.071555,0.0
-1165.720888,50,528.027815,0.0
-1653.876282,50,529.004639,0.0
-1992.189961,50,535.718834,0.0
-1648.011428,50,536.678076,0.0
-1377.348741,50,537.630004,0.0
-1699.950459,50,538.590881,0.0
-1263.990138,50,539.750108,0.0
-1163.078953,50,540.730695,0.0
-1269.72304,50,541.676089,0.0
-1006.610309,50,542.568387,0.0
-1598.499951,50,543.547577,0.0
-1399.427915,50,544.527618,0.0
-899.501664,50,551.462505,0.0
-1593.981245,50,552.949083,0.0
-1255.887624,50,553.900751,0.0
-1764.180088,50,554.832529,0.0
-1499.805988,50,555.971524,0.0
-1457.905542,50,556.945325,0.0
-1067.615722,50,558.03311,0.0
-1557.058169,50,559.001145,0.0
-841.877689,50,559.969602,0.0
-1023.639177,50,560.878154,0.0
-1320.871804,50,561.831986,0.0
-1027.42153,50,568.570383,0.0
-1545.024401,50,569.543026,0.0
-1661.464031,50,571.259779,0.0
-1143.098075,50,572.346996,0.0
-1303.444287,50,573.470054,0.0
-1347.571839,50,574.440494,0.0
-1220.333709,50,575.343322,0.0
-1718.0941,50,576.299344,0.0
-1662.844113,50,577.26662,0.0
-1403.198315,50,578.252914,0.0
-1168.756556,50,584.981318,0.0
-1494.347005,50,586.000162,0.0
-506.536908,50,587.152489,0.0
-960.715328,50,588.457689,0.0
-840.301496,50,589.508528,0.0
-1335.676565,50,590.500649,0.0
-985.35818,50,591.467864,0.0
-2028.611383,50,592.428441,0.0
-1636.686882,50,593.618789,0.0
-1914.451719,50,594.609331,0.0
-909.311199,50,601.63044,0.0
-1072.813863,50,602.598613,0.0
-1192.27442,50,603.576509,0.0
-900.55989,50,604.945015,0.0
-1862.140801,50,605.907163,0.0
-1787.717762,50,607.086325,0.0
-1269.727106,50,608.26797,0.0
-1154.167143,50,610.112335,0.0
-1297.767372,50,611.094775,0.0
-871.926854,50,612.300616,0.0
-729.289197,50,619.026357,0.0
-993.059722,50,620.049605,0.0
-1097.222205,50,620.998076,0.0
-1355.09255,50,622.241663,0.0
-1115.195845,50,623.661268,0.0
-1577.412075,50,624.649678,0.0
-1177.514013,50,625.582935,0.0
-979.918759,50,626.54932,0.0
-910.020927,50,627.51304,0.0
-1997.209966,50,628.515512,0.0
-1021.61228,50,629.814472,0.0
-1329.192451,50,636.583775,0.0
-1177.224401,50,637.521063,0.0
-914.33406,50,638.471617,0.0
-1798.878353,50,639.678363,0.0
-1478.502335,50,640.650506,0.0
-865.48669,50,641.845032,0.0
-1014.285666,50,642.826369,0.0
-924.726755,50,643.763639,0.0
-872.360009,50,644.982589,0.0
-761.127983,50,646.154625,0.0
-973.562559,50,653.037006,0.0
-1905.463452,50,654.802011,0.0
-737.108143,50,655.769783,0.0
-1061.385862,50,657.207937,0.0
-2107.039869,50,658.173511,0.0
-824.776657,50,659.118893,0.0
-1404.315757,50,660.032209,0.0
-803.318298,50,660.975414,0.0
-1176.316989,50,661.91496,0.0
-965.847323,50,663.328163,0.0
-964.919814,50,670.040913,0.0
-1021.696633,50,670.983105,0.0
-1511.162588,50,671.967639,0.0
-620.73019,50,673.22868,0.0
-1910.804805,50,674.485128,0.0
-904.588377,50,675.456095,0.0
-1466.104473,50,676.546313,0.0
-917.678718,50,677.474292,0.0
-766.329436,50,678.433529,0.0
-608.679767,50,679.633953,0.0
-949.06814,50,686.328216,0.0
-1113.903974,50,687.290466,0.0
-992.679542,50,688.228624,0.0
-1617.210149,50,689.2448,0.0
-1175.124651,50,690.228876,0.0
-765.875134,50,691.171564,0.0
-1605.545647,50,692.909305,0.0
-1064.964508,50,694.305973,0.0
-1037.403223,50,695.487671,0.0
-889.564351,50,696.459294,0.0
-1363.201336,50,697.734051,0.0
-1196.415473,50,704.495208,0.0
-946.644864,50,705.93645,0.0
-1130.900778,50,706.935332,0.0
-780.820672,50,708.403856,0.0
-852.41817,50,709.702913,0.0
-1006.615779,50,710.6892,0.0
-647.552654,50,711.670358,0.0
-900.650508,50,713.006109,0.0
-958.001874,50,714.214428,0.0
-889.472644,50,715.180192,0.0
-1317.393852,50,721.889596,0.0
-1167.873009,50,722.888973,0.0
-838.288044,50,724.016621,0.0
-1311.051035,50,724.944841,0.0
-1600.734025,50,725.91514,0.0
-841.090959,50,727.272546,0.0
-1024.4115,50,728.268753,0.0
-1205.229471,50,729.260243,0.0
-801.505859,50,730.494918,0.0
-1560.614189,50,731.460663,0.0
-1059.022856,50,739.110997,0.0
-1015.767502,50,740.28134,0.0
-1188.62658,50,741.197677,0.0
-1014.869031,50,742.177878,0.0
-1140.756509,50,743.145121,0.0
-720.256755,50,744.315337,0.0
-1681.662374,50,745.310359,0.0
-1252.082604,50,746.524883,0.0
-1468.438188,50,747.720755,0.0
-1116.415148,50,748.890717,0.0
-743.827263,50,755.892658,0.0
-1249.014648,50,756.856461,0.0
-747.121168,50,758.036885,0.0
-1025.155767,50,758.980834,0.0
-1431.196882,50,759.963745,0.0
-871.452008,50,761.414025,0.0
-862.201576,50,762.56065,0.0
-1047.311554,50,763.525917,0.0
-1643.081105,50,764.512378,0.0
-941.300505,50,765.463807,0.0
-964.040521,50,766.387452,0.0
-1892.026499,50,773.08914,0.0
-905.339362,50,774.303379,0.0
-789.12859,50,775.322636,0.0
-807.12254,50,776.295282,0.0
-760.878377,50,778.068319,0.0
-1678.630552,50,779.107016,0.0
-2079.058434,50,780.493554,0.0
-1375.50847,50,781.731414,0.0
-924.360854,50,782.701934,0.0
-1289.423007,50,783.949218,0.0
-1085.859437,50,790.845955,0.0
-627.414015,50,791.816718,0.0
-940.312524,50,792.775466,0.0
-1447.339661,50,793.746416,0.0
-604.179985,50,794.736447,0.0
-901.121553,50,795.717716,0.0
-756.309185,50,796.697441,0.0
-1599.325173,50,797.748931,0.0
-1796.27604,50,798.726908,0.0
-1184.872034,50,799.683011,0.0
-1204.26108,50,806.922817,0.0
-1081.841608,50,808.16341,0.0
-1017.27884,50,809.136057,0.0
-1258.212697,50,810.114089,0.0
-742.66988,50,811.35496,0.0
-1492.266634,50,812.334873,0.0
-830.701185,50,813.597008,0.0
-1183.073396,50,814.859189,0.0
-707.612504,50,815.831506,0.0
-1210.063351,50,817.600336,0.0
-1211.237757,50,824.550918,0.0
-506.060586,50,825.806568,0.0
-1196.320612,50,827.033146,0.0
-739.408014,50,828.162783,0.0
-1764.310583,50,829.091882,0.0
-1092.349645,50,830.592626,0.0
-650.104666,50,831.736107,0.0
-704.046262,50,833.201204,0.0
-641.38467,50,834.153782,0.0
-1766.435672,50,835.129387,0.0
-1084.944584,50,836.085429,0.0
-1820.468323,50,843.048296,0.0
-1157.640499,50,844.042426,0.0
-1880.505995,50,845.11301,0.0
-1351.718812,50,846.351317,0.0
-939.349145,50,847.32131,0.0
-696.396855,50,848.304881,0.0
-720.74612,50,849.509927,0.0
-415.310236,50,851.01849,0.0
-601.985327,50,852.285829,0.0
-1935.892,50,853.834697,0.0
-725.925064,50,860.549531,0.0
-724.903064,50,861.513016,0.0
-766.215528,50,862.48167,0.0
-428.764494,50,864.294301,0.0
-1348.032122,50,865.428882,0.0
-727.980377,50,866.433335,0.0
-814.743183,50,867.421615,0.0
-732.157205,50,868.852431,0.0
-734.61744,50,870.078829,0.0
-807.228069,50,871.06685,0.0
-1168.955544,50,877.774949,0.0
-1389.122915,50,878.757562,0.0
-613.551625,50,879.964809,0.0
-1022.565095,50,880.943306,0.0
-938.798578,50,881.901559,0.0
-533.774352,50,883.129903,0.0
-423.615644,50,884.095872,0.0
-560.280303,50,885.089168,0.0
-1060.418497,50,886.095273,0.0
-846.114436,50,887.081188,0.0
-635.625508,50,893.826227,0.0
-1443.709689,50,895.322416,0.0
-907.417478,50,896.308554,0.0
-594.592092,50,897.56058,0.0
-1819.715789,50,898.546738,0.0
-965.428569,50,899.538971,0.0
-1467.261642,50,900.524145,0.0
-801.485997,50,902.023959,0.0
-1142.158039,50,904.039783,0.0
-833.462655,50,904.979506,0.0
-602.710275,50,911.902739,0.0
-1200.076384,50,912.891083,0.0
-685.649063,50,914.122698,0.0
-575.554842,50,915.107653,0.0
-773.683565,50,916.142323,0.0
-571.21984,50,917.563001,0.0
-1116.156369,50,918.855694,0.0
-1080.828999,50,920.019572,0.0
-1243.142261,50,921.02473,0.0
-756.417954,50,922.107869,0.0
-910.466712,50,923.02561,0.0
-822.923196,50,929.787906,0.0
-1081.842968,50,931.04792,0.0
-985.926851,50,932.015188,0.0
-945.45425,50,932.993819,0.0
-533.031789,50,934.34444,0.0
-487.93728,50,935.541677,0.0
-900.094578,50,936.494917,0.0
-963.487302,50,937.430757,0.0
-1315.786699,50,938.419472,0.0
-642.292271,50,939.416061,0.0
-1231.20657,50,946.073825,0.0
-1644.866051,50,947.183604,0.0
-1051.109559,50,948.953473,0.0
-649.223013,50,949.944672,0.0
-1222.626931,50,950.929486,0.0
-752.719769,50,952.152483,0.0
-765.841887,50,953.178759,0.0
-921.998625,50,954.174284,0.0
-1183.025774,50,955.128736,0.0
-491.068133,50,956.329552,0.0
-834.454763,50,963.268755,0.0
-887.014294,50,964.556874,0.0
-753.382603,50,965.584723,0.0
-623.165188,50,966.592331,0.0
-575.45207,50,967.59664,0.0
-613.385474,50,968.710368,0.0
-803.35075,50,969.692902,0.0
-1111.431399,50,970.638259,0.0
-648.694477,50,971.594562,0.0
-640.137781,50,972.539195,0.0
-652.583475,50,979.477073,0.0
-663.320319,50,980.747321,0.0
-437.150947,50,981.77544,0.0
-637.908975,50,983.053789,0.0
-959.04646,50,984.248152,0.0
-1757.178436,50,985.22027,0.0
-1746.775929,50,986.198278,0.0
-1008.738349,50,988.369656,0.0
-761.31067,50,989.375774,0.0
-650.446848,50,990.83119,0.0
-668.867098,50,991.877264,0.0
-1089.367854,50,999.251184,0.0
-1204.946462,50,1000.221569,0.0
-612.300378,50,1001.203012,0.0
-807.92674,50,1002.399376,0.0
-655.445702,50,1003.40118,0.0
-370.67966,50,1004.345169,0.0
-938.908006,50,1005.30905,0.0
-1158.19937,50,1006.287922,0.0
-714.085498,50,1007.246583,0.0
-899.271377,50,1008.475281,0.0
-834.365186,50,1015.635495,0.0
-877.282972,50,1016.880328,0.0
-766.252406,50,1017.845883,0.0
-1156.79031,50,1018.980377,0.0
-809.660588,50,1019.951002,0.0
-905.0056,50,1020.920944,0.0
-1076.090081,50,1022.189496,0.0
-674.671865,50,1023.165232,0.0
-313.989014,50,1024.702856,0.0
-367.720134,50,1025.646548,0.0
-425.377837,50,1032.659213,0.0
-664.494176,50,1034.765733,0.0
-896.900464,50,1035.87284,0.0
-897.714941,50,1036.845159,0.0
-720.9729,50,1038.148196,0.0
-593.280606,50,1039.14499,0.0
-403.397254,50,1040.107443,0.0
-874.147316,50,1041.093848,0.0
-294.702588,50,1042.050041,0.0
-431.102722,50,1043.051391,0.0
-603.261333,50,1050.245847,0.0
-1406.164026,50,1051.453089,0.0
-585.44525,50,1052.450031,0.0
-1618.857792,50,1053.423376,0.0
-523.052714,50,1054.783928,0.0
-931.832418,50,1056.018215,0.0
-514.616582,50,1057.047867,0.0
-773.656231,50,1058.728685,0.0
-786.374521,50,1059.719846,0.0
-774.248787,50,1060.692475,0.0
-568.739168,50,1061.8382,0.0
-1471.850016,50,1068.537974,0.0
-547.354,50,1069.527292,0.0
-816.642604,50,1070.746033,0.0
-821.104523,50,1071.759067,0.0
-831.809419,50,1072.71401,0.0
-1348.276649,50,1074.845005,0.0
-465.563449,50,1075.843318,0.0
-855.148554,50,1076.843512,0.0
-797.426615,50,1077.811284,0.0
-1423.788707,50,1078.801029,0.0
-665.785277,50,1085.506578,0.0
-1376.379546,50,1086.492002,0.0
-1498.370198,50,1087.945793,0.0
-1242.205582,50,1088.94926,0.0
-828.68081,50,1089.950613,0.0
-1627.332277,50,1091.401771,0.0
-1016.599113,50,1092.557148,0.0
-917.600808,50,1093.764055,0.0
-1776.695013,50,1094.979291,0.0
-733.161738,50,1096.202932,0.0
-552.845083,50,1103.176559,0.0
-535.22394,50,1104.453395,0.0
-1443.120228,50,1105.466707,0.0
-1644.19281,50,1106.629694,0.0
-489.409607,50,1107.60952,0.0
-1883.386462,50,1108.614587,0.0
-1668.418628,50,1109.588057,0.0
-625.592902,50,1110.581212,0.0
-1201.003324,50,1111.549325,0.0
-651.143783,50,1112.691694,0.0
-880.339682,50,1120.242667,0.0
-818.943619,50,1121.686729,0.0
-758.137596,50,1122.668055,0.0
-926.540093,50,1123.864942,0.0
-775.442542,50,1125.032345,0.0
-864.715838,50,1126.790694,0.0
-907.787849,50,1127.769046,0.0
-602.807363,50,1128.817693,0.0
-430.481914,50,1129.794315,0.0
-854.649173,50,1130.7784,0.0
-627.318959,50,1131.775036,0.0
-657.495615,50,1138.522298,0.0
-1211.044877,50,1139.507849,0.0
-425.54328,50,1140.478595,0.0
-250.138092,50,1141.768302,0.0
-1049.910263,50,1142.925771,0.0
-665.932185,50,1143.914402,0.0
-473.39215,50,1145.170361,0.0
-769.972956,50,1146.156794,0.0
-309.850892,50,1147.415321,0.0
-339.285125,50,1148.410621,0.0
-928.415172,50,1155.158903,0.0
-517.001689,50,1156.412977,0.0
-1081.942917,50,1157.460512,0.0
-821.262854,50,1158.472774,0.0
-1060.356587,50,1160.246985,0.0
-611.544472,50,1161.244569,0.0
-857.910046,50,1162.200685,0.0
-538.784833,50,1163.18887,0.0
-864.634578,50,1164.209377,0.0
-1038.728009,50,1165.203387,0.0
-1686.849166,50,1171.954234,0.0
-362.885847,50,1172.92287,0.0
-754.370192,50,1174.16975,0.0
-571.843174,50,1175.377924,0.0
-1054.182531,50,1176.356753,0.0
-919.71194,50,1177.337852,0.0
-1037.908199,50,1178.365561,0.0
-699.810647,50,1179.326818,0.0
-762.373935,50,1180.547755,0.0
-1653.614367,50,1181.535763,0.0
-611.499995,50,1188.28504,0.0
-1181.987471,50,1189.330317,0.0
-1896.942871,50,1190.462666,0.0
-1111.659338,50,1191.467707,0.0
-1047.80937,50,1192.744704,0.0
-490.767625,50,1193.753669,0.0
-1254.27682,50,1194.825412,0.0
-852.212974,50,1196.082836,0.0
-501.170191,50,1197.090431,0.0
-659.954024,50,1199.322052,0.0
-688.136742,50,1200.558128,0.0
-1455.97539,50,1207.494607,0.0
-585.837901,50,1208.776768,0.0
-782.885857,50,1209.95286,0.0
-1819.55871,50,1211.566448,0.0
-904.053011,50,1212.554985,0.0
-511.161043,50,1213.522357,0.0
-1459.70968,50,1214.528206,0.0
-781.367948,50,1215.488616,0.0
-850.847438,50,1216.512901,0.0
-869.552744,50,1217.664487,0.0
-828.954359,50,1224.394329,0.0
-660.332739,50,1225.536191,0.0
-544.978582,50,1226.544159,0.0
-563.955439,50,1227.828192,0.0
-727.788474,50,1228.77468,0.0
-683.580449,50,1230.04282,0.0
-796.503134,50,1231.11888,0.0
-451.330759,50,1232.320763,0.0
-486.970651,50,1233.599888,0.0
-1187.324794,50,1234.575009,0.0
-538.108572,50,1241.667735,0.0
-292.967732,50,1242.845924,0.0
-1914.997533,50,1244.097682,0.0
-717.581444,50,1245.927253,0.0
-504.788852,50,1246.915811,0.0
-1451.813731,50,1248.176652,0.0
-548.768758,50,1249.529995,0.0
-870.2099,50,1250.528844,0.0
-853.769928,50,1251.514706,0.0
-471.339567,50,1252.497593,0.0
-383.008784,50,1259.251678,0.0
-526.141101,50,1260.273102,0.0
-627.076384,50,1261.443624,0.0
-944.812701,50,1262.662375,0.0
-1411.421441,50,1263.654729,0.0
-716.198848,50,1264.635345,0.0
-583.001922,50,1265.627311,0.0
-786.080547,50,1266.596889,0.0
-689.203558,50,1267.669888,0.0
-366.843037,50,1268.662149,0.0
-1053.035544,50,1269.611941,0.0
-724.812691,50,1276.348343,0.0
-1022.866113,50,1277.350034,0.0
-868.305473,50,1278.34261,0.0
-671.956156,50,1279.477526,0.0
-385.723034,50,1280.453144,0.0
-620.401651,50,1281.454423,0.0
-924.604765,50,1282.624815,0.0
-1445.455301,50,1284.900688,0.0
-1066.177955,50,1286.357647,0.0
-492.534741,50,1287.322227,0.0
-676.01764,50,1294.022601,0.0
-524.632711,50,1295.006166,0.0
-910.990052,50,1296.205748,0.0
-807.056414,50,1297.384634,0.0
-715.088022,50,1298.374264,0.0
-950.035467,50,1299.344325,0.0
-868.722948,50,1300.530802,0.0
-769.233686,50,1301.765244,0.0
-604.553119,50,1302.722463,0.0
-479.319692,50,1303.707961,0.0
-628.026672,50,1310.610869,0.0
-444.979919,50,1311.829709,0.0
-997.277742,50,1312.824663,0.0
-758.76296,50,1313.855929,0.0
-705.65448,50,1314.831486,0.0
-983.904228,50,1315.823068,0.0
-258.113026,50,1316.76237,0.0
-572.437835,50,1317.734911,0.0
-874.583341,50,1318.741618,0.0
-1258.201256,50,1319.913381,0.0
-598.347706,50,1326.804665,0.0
-371.936476,50,1327.801821,0.0
-330.164739,50,1329.866075,0.0
-422.968637,50,1330.853134,0.0
-249.136363,50,1332.053696,0.0
-763.182632,50,1333.052288,0.0
-426.872503,50,1334.041007,0.0
-523.880801,50,1335.01999,0.0
-788.811691,50,1335.977727,0.0
-735.348748,50,1337.271361,0.0
-515.44929,50,1343.956892,0.0
-902.660355,50,1344.949962,0.0
-641.867948,50,1345.942981,0.0
-806.221732,50,1346.89928,0.0
-681.80041,50,1347.895297,0.0
-371.247212,50,1348.902739,0.0
-174.908983,50,1350.045845,0.0
-496.925204,50,1351.032445,0.0
-292.534633,50,1352.184329,0.0
-1778.671855,50,1353.163084,0.0
-2014.731959,50,1354.146019,0.0
-1020.201597,50,1360.852579,0.0
-634.757002,50,1362.066618,0.0
-373.942726,50,1363.040656,0.0
-661.705361,50,1364.037668,0.0
-1453.004704,50,1365.004453,0.0
-542.558308,50,1365.9944,0.0
-997.698668,50,1368.317764,0.0
-768.066973,50,1369.317828,0.0
-670.637542,50,1370.330584,0.0
-260.590196,50,1371.351752,0.0
-691.569763,50,1378.117789,0.0
-750.610846,50,1379.105341,0.0
-956.585665,50,1380.104032,0.0
-849.9042,50,1381.086257,0.0
-1133.008799,50,1382.131285,0.0
-651.105061,50,1383.088625,0.0
-501.073236,50,1384.423461,0.0
-972.404017,50,1385.802044,0.0
-611.318474,50,1386.776878,0.0
-890.438685,50,1388.001249,0.0
-1272.309662,50,1394.714708,0.0
-490.829087,50,1396.089924,0.0
-1260.468229,50,1397.142445,0.0
-945.623594,50,1398.14106,0.0
-874.886585,50,1399.106492,0.0
-446.676597,50,1400.215548,0.0
-472.078982,50,1401.198033,0.0
-720.758018,50,1402.512149,0.0
-775.642375,50,1403.526645,0.0
-609.614723,50,1404.771618,0.0
-965.291467,50,1412.270769,0.0
-901.576217,50,1414.540583,0.0
-999.270701,50,1415.484612,0.0
-840.778939,50,1416.451969,0.0
-978.986484,50,1417.689031,0.0
-1253.184425,50,1418.667577,0.0
-637.392003,50,1419.962232,0.0
-778.435837,50,1421.00259,0.0
-566.675599,50,1421.989473,0.0
-871.578581,50,1422.941115,0.0
-870.308562,50,1423.914579,0.0
-372.898193,50,1430.715428,0.0
-674.484646,50,1431.716738,0.0
-555.504114,50,1432.702245,0.0
-641.393158,50,1433.701398,0.0
-1200.378737,50,1434.948429,0.0
-1005.879291,50,1435.907382,0.0
-782.929473,50,1437.170824,0.0
-894.758019,50,1438.146854,0.0
-1864.76854,50,1439.143869,0.0
-683.542753,50,1440.243499,0.0
-977.59408,50,1447.382427,0.0
-634.980149,50,1448.77493,0.0
-500.333162,50,1449.774462,0.0
-489.895421,50,1450.745309,0.0
-863.511773,50,1451.75053,0.0
-864.711023,50,1453.784255,0.0
-586.022748,50,1454.768074,0.0
-1028.875024,50,1456.001442,0.0
-643.468128,50,1456.995698,0.0
-1008.749851,50,1458.038171,0.0
-751.110586,50,1464.808959,0.0
-693.704972,50,1465.788643,0.0
-867.358318,50,1467.010934,0.0
-431.66546,50,1468.281677,0.0
-570.811239,50,1469.280094,0.0
-687.705599,50,1470.257292,0.0
-611.167921,50,1471.251545,0.0
-795.923884,50,1472.239847,0.0
-1019.661068,50,1473.212741,0.0
-944.581852,50,1474.205571,0.0
-1172.044679,50,1480.949578,0.0
-933.155557,50,1482.342439,0.0
-628.717296,50,1483.585813,0.0
-544.957991,50,1484.774191,0.0
-657.3808,50,1485.7861,0.0
-376.363634,50,1486.780769,0.0
-347.56741,50,1488.12517,0.0
-487.539804,50,1489.138656,0.0
-859.473056,50,1490.352607,0.0
-712.546553,50,1491.343522,0.0
-250.990618,50,1493.147648,0.0
-235.339543,50,1499.905313,0.0
-703.889491,50,1500.891211,0.0
-1304.820024,50,1501.892427,0.0
-396.677203,50,1502.98067,0.0
-596.927553,50,1503.971029,0.0
-540.828013,50,1504.98889,0.0
-915.219407,50,1505.950164,0.0
-671.337626,50,1507.103149,0.0
-691.871815,50,1508.09338,0.0
-654.39623,50,1509.171273,0.0
-870.164188,50,1515.906103,0.0
-483.604959,50,1516.893885,0.0
-859.040569,50,1517.861768,0.0
-1467.624142,50,1519.103071,0.0
-917.899295,50,1520.651098,0.0
-929.985166,50,1521.6228,0.0
-640.422871,50,1522.592303,0.0
-387.84596,50,1523.613137,0.0
-1134.23453,50,1524.595951,0.0
-436.254229,50,1525.608985,0.0
-453.489437,50,1532.573887,0.0
-498.071875,50,1533.576903,0.0
-1255.936628,50,1534.847508,0.0
-203.69271,50,1535.830498,0.0
-1408.251587,50,1537.601888,0.0
-769.134304,50,1538.583153,0.0
-711.188409,50,1539.817281,0.0
-155.033463,20,1540.203565,1.0
-346.957796,50,1541.182584,0.0
-658.089881,50,1542.158567,0.0
-1376.984051,50,1543.146023,0.0
-883.671825,50,1549.833259,0.0
-952.850648,50,1551.086706,0.0
-869.068811,50,1552.074801,0.0
-634.551853,50,1553.263585,0.0
-599.232371,50,1554.252019,0.0
-513.320629,50,1555.398672,0.0
-839.534717,50,1556.49136,0.0
-600.666955,50,1557.551904,0.0
-730.896249,50,1558.826947,0.0
-1491.026693,50,1559.983487,0.0
-678.632983,50,1566.814013,0.0
-580.691186,50,1567.810637,0.0
-458.615369,50,1568.961175,0.0
-1010.043151,50,1570.028703,0.0
-691.102301,50,1571.028217,0.0
-1334.004359,50,1572.14125,0.0
-542.202286,50,1573.353542,0.0
-288.589248,50,1574.550342,0.0
-723.381931,50,1576.413232,0.0
-577.65413,50,1577.45053,0.0
-1009.774087,50,1584.259861,0.0
-963.968381,50,1585.257819,0.0
-1096.111198,50,1586.271284,0.0
-1028.249193,50,1587.325638,0.0
-323.572574,50,1588.722025,0.0
-767.004027,50,1590.064733,0.0
-514.564397,50,1591.059364,0.0
-1408.302007,50,1592.355351,0.0
-608.936623,50,1593.350679,0.0
-430.59799,50,1594.46447,0.0
-1021.501163,50,1595.778188,0.0
-1019.44039,50,1602.577166,0.0
-306.651881,17,1602.960212,1.0
-803.07323,50,1604.09666,0.0
-586.826234,50,1605.08808,0.0
-232.1982,50,1606.064968,0.0
-732.970856,50,1607.059689,0.0
-805.34397,50,1608.044034,0.0
-509.239168,50,1609.034868,0.0
-982.041795,50,1610.006226,0.0
-474.832407,50,1610.994603,0.0
-907.83018,50,1612.191736,0.0
-838.838134,50,1618.905875,0.0
-257.905874,50,1619.995796,0.0
-334.873059,50,1622.334349,0.0
-892.021524,50,1623.693224,0.0
-1077.197173,50,1624.674654,0.0
-727.794519,50,1625.962051,0.0
-265.907766,50,1627.063134,0.0
-1003.100131,50,1628.069316,0.0
-1135.685219,50,1629.237378,0.0
-449.883324,50,1630.237121,0.0
-598.152409,50,1636.962088,0.0
-589.411014,50,1637.985084,0.0
-1006.764859,50,1639.17501,0.0
-1132.476883,50,1640.167446,0.0
-961.664192,50,1641.124558,0.0
-1141.028346,50,1642.120796,0.0
-663.176686,50,1643.209409,0.0
-951.203857,50,1644.190471,0.0
-908.952417,50,1645.625518,0.0
-794.56052,50,1646.713337,0.0
-672.274723,50,1653.434397,0.0
-1157.839214,50,1654.433301,0.0
-766.091598,50,1655.566831,0.0
-876.112754,50,1656.587026,0.0
-1433.642024,50,1657.813029,0.0
-609.475722,50,1658.806195,0.0
-592.746199,50,1659.814102,0.0
-656.37677,50,1661.608577,0.0
-929.088441,50,1662.585146,0.0
-1147.224853,50,1663.579436,0.0
-395.71557,50,1670.266872,0.0
-206.319281,34,1671.053002,1.0
-1282.82566,50,1672.157447,0.0
-814.583522,50,1673.296433,0.0
-619.345428,50,1674.425825,0.0
-245.466596,50,1675.532506,0.0
-1160.172083,50,1676.769445,0.0
-810.182762,50,1677.975596,0.0
-429.196385,50,1678.993275,0.0
-1135.600276,50,1680.127616,0.0
-664.085574,50,1681.330782,0.0
-1208.202015,50,1688.39731,0.0
-311.65053,50,1689.580456,0.0
-306.614219,50,1690.642287,0.0
-122.882083,35,1691.331405,1.0
-834.866966,50,1692.318856,0.0
-952.636881,50,1693.279512,0.0
-411.692567,50,1694.293782,0.0
-1328.951701,50,1695.28647,0.0
-667.530126,50,1696.259235,0.0
-341.779914,50,1697.298157,0.0
-272.122972,39,1698.245635,1.0
-312.318197,50,1704.977847,0.0
-270.865829,25,1706.383613,1.0
-993.756943,50,1707.525262,0.0
-222.21563,50,1708.625827,0.0
-558.529711,50,1709.777035,0.0
-965.295208,50,1711.060067,0.0
-599.235741,50,1712.226954,0.0
-766.280214,50,1713.205592,0.0
-901.963874,50,1714.182754,0.0
-678.061007,50,1715.173433,0.0
-475.246001,50,1721.884269,0.0
-378.457312,50,1722.871294,0.0
-1110.284084,50,1724.409511,0.0
-733.901425,50,1725.657757,0.0
-737.925036,50,1726.958882,0.0
-683.878535,50,1728.090187,0.0
-1133.922228,50,1729.187167,0.0
-575.736497,50,1730.16959,0.0
-1345.560221,50,1731.154935,0.0
-622.3869,50,1732.144438,0.0
-594.684256,50,1733.251637,0.0
-1187.803768,50,1740.184263,0.0
-817.630068,50,1741.386285,0.0
-451.952993,50,1742.589924,0.0
-641.767894,50,1743.721102,0.0
-887.601194,50,1745.032465,0.0
-572.501825,50,1747.160671,0.0
-536.252783,50,1748.167509,0.0
-464.138745,50,1749.169891,0.0
-1038.112639,50,1750.35011,0.0
-620.349717,50,1751.525223,0.0
-1169.564273,50,1758.308453,0.0
-149.686091,24,1758.830145,1.0
-468.305059,50,1759.918938,0.0
-861.811213,50,1761.087247,0.0
-1094.256432,50,1762.146383,0.0
-620.753898,50,1763.152988,0.0
-1339.701698,50,1764.153379,0.0
-660.468989,50,1765.140157,0.0
-357.725546,50,1766.139464,0.0
-335.304231,50,1767.124711,0.0
-322.578492,50,1768.111619,0.0
-154.75894,24,1774.342627,1.0
-908.142056,50,1775.320256,0.0
-702.486431,50,1776.306486,0.0
-1108.767924,50,1777.283592,0.0
-874.002585,50,1778.267616,0.0
-339.381964,50,1779.325812,0.0
-964.145551,50,1780.445009,0.0
-508.498224,50,1781.552262,0.0
-1539.441441,50,1782.802143,0.0
-454.626152,50,1783.784141,0.0
-1199.384091,50,1791.547183,0.0
-1039.362948,50,1792.612438,0.0
-547.8943,50,1793.65523,0.0
-1082.16563,50,1794.778412,0.0
-341.92549,50,1795.752248,0.0
-513.576858,50,1796.733121,0.0
-1213.062782,50,1797.715292,0.0
-1463.34385,50,1798.734137,0.0
-533.09491,50,1799.828031,0.0
-920.069915,50,1801.068529,0.0
-502.501508,50,1802.182198,0.0
-940.408547,50,1808.962376,0.0
-582.084772,50,1810.129796,0.0
-719.262651,50,1811.438708,0.0
-417.330057,50,1812.582093,0.0
-857.822226,50,1813.565763,0.0
-981.725688,50,1814.572177,0.0
-1112.616129,50,1815.569988,0.0
-687.551192,50,1816.605948,0.0
-723.736215,50,1818.158494,0.0
-766.650809,50,1819.805108,0.0
-695.820106,50,1826.75046,0.0
-948.173266,50,1827.734889,0.0
-698.241806,50,1828.706849,0.0
-110.490197,36,1829.417431,1.0
-524.541748,50,1831.399531,0.0
-847.080191,50,1832.672957,0.0
-481.263454,50,1833.668526,0.0
-882.236825,50,1834.717798,0.0
-552.453169,50,1836.049158,0.0
-974.451462,50,1837.062675,0.0
-946.962464,50,1843.810157,0.0
-897.252783,50,1844.783006,0.0
-942.987572,50,1845.990285,0.0
-233.472474,27,1846.663646,1.0
-992.763158,50,1847.7167,0.0
-764.838614,50,1848.915894,0.0
-619.352671,50,1849.916247,0.0
-1053.057865,50,1851.124364,0.0
-917.068412,50,1852.272413,0.0
-873.349373,50,1853.258001,0.0
-795.768496,50,1854.242331,0.0
-632.54404,50,1860.948583,0.0
-355.050772,25,1861.432385,1.0
-828.743047,50,1862.44899,0.0
-468.064901,50,1863.643242,0.0
-1124.083908,50,1864.699146,0.0
-928.433833,50,1865.867296,0.0
-316.060134,50,1866.958974,0.0
-1910.666001,50,1867.921333,0.0
-770.743999,50,1868.895224,0.0
-869.953075,50,1870.887707,0.0
-662.735122,50,1872.036763,0.0
-809.511511,50,1879.075731,0.0
-792.189397,50,1880.593738,0.0
-675.140121,50,1881.575433,0.0
-1199.087829,50,1882.556211,0.0
-619.851934,50,1883.543898,0.0
-492.363886,30,1884.150499,1.0
-657.640712,50,1885.161735,0.0
-995.73461,50,1886.16468,0.0
-641.515919,50,1887.314791,0.0
-324.702687,50,1888.299925,0.0
-1561.196421,50,1895.066504,0.0
-479.228458,50,1896.104124,0.0
-474.492997,50,1897.281551,0.0
-927.567571,50,1898.576067,0.0
-364.728207,50,1899.693413,0.0
-836.625243,50,1901.017712,0.0
-973.038704,50,1902.126194,0.0
-305.172259,32,1902.861272,1.0
-812.054145,50,1904.446805,0.0
-676.074902,50,1905.579342,0.0
-1102.425029,50,1906.744395,0.0
-695.884759,50,1913.499489,0.0
-790.534956,50,1914.92885,0.0
-674.67355,50,1915.993899,0.0
-368.17503,50,1918.042881,0.0
-452.550808,50,1919.033649,0.0
-168.957556,50,1920.014739,0.0
-813.800033,50,1921.206483,0.0
-794.35266,50,1922.20726,0.0
-1155.582787,50,1923.199817,0.0
-505.622739,50,1924.178931,0.0
-733.271469,50,1930.809832,0.0
-429.431046,50,1932.091559,0.0
-1087.502118,50,1933.495565,0.0
-1114.918362,50,1935.030912,0.0
-1282.251074,50,1936.019445,0.0
-1314.331951,50,1937.177359,0.0
-576.823454,50,1938.433549,0.0
-657.363879,50,1939.560817,0.0
-592.590047,50,1940.945892,0.0
-426.456887,50,1942.110325,0.0
-1179.794906,50,1943.188514,0.0
-936.859254,50,1949.894134,0.0
-510.157994,50,1950.883486,0.0
-488.715201,50,1951.863686,0.0
-432.228191,50,1952.851282,0.0
-771.81443,50,1953.833551,0.0
-226.717665,50,1954.832912,0.0
-511.290132,50,1955.811104,0.0
-1216.220416,50,1958.029032,0.0
-644.607939,50,1959.150207,0.0
-805.074321,50,1960.378288,0.0
-497.061389,50,1967.143541,0.0
-266.268547,50,1968.260966,0.0
-633.902893,50,1969.349342,0.0
-342.133589,50,1970.334457,0.0
-578.615748,50,1971.517367,0.0
-1174.507127,50,1972.531879,0.0
-368.145636,30,1973.121761,1.0
-751.215672,50,1974.13032,0.0
-775.210097,50,1975.114168,0.0
-668.652763,50,1976.251738,0.0
-529.874364,50,1983.16684,0.0
-244.657926,50,1984.189059,0.0
-452.691845,50,1985.173759,0.0
-911.983257,50,1986.358103,0.0
-688.57402,50,1987.347199,0.0
-221.551087,46,1988.290075,1.0
-251.780902,47,1989.216074,1.0
-272.516101,50,1990.342963,0.0
-839.992106,50,1991.540954,0.0
-924.260505,50,1992.519174,0.0
-474.823095,50,1993.573131,0.0
-1070.767587,50,2000.476626,0.0
-1352.398094,50,2001.480862,0.0
-630.37082,50,2003.29752,0.0
-693.390271,50,2004.316266,0.0
-1147.199892,50,2005.810529,0.0
-557.992113,50,2006.934178,0.0
-251.633734,50,2007.933871,0.0
-546.079684,50,2009.105895,0.0
-578.475644,50,2010.099198,0.0
-406.169722,50,2011.092885,0.0
-967.131087,50,2017.83592,0.0
-861.857619,50,2018.856719,0.0
-582.90659,50,2019.865525,0.0
-657.485593,50,2020.897025,0.0
-748.244314,50,2022.069479,0.0
-589.627114,50,2023.047647,0.0
-593.196748,50,2024.039357,0.0
-735.210184,50,2025.086861,0.0
-973.924968,50,2026.22971,0.0
-773.454483,50,2027.305009,0.0
-550.440825,50,2034.013236,0.0
-703.570131,50,2035.0109,0.0
-612.723169,50,2035.990839,0.0
-800.987246,50,2036.977129,0.0
-1060.029377,50,2037.968345,0.0
-566.871786,50,2038.949011,0.0
-473.123535,50,2039.978711,0.0
-531.046364,50,2041.850034,0.0
-309.092644,50,2042.829619,0.0
-849.38674,50,2043.838444,0.0
-1124.899711,50,2050.749074,0.0
-637.116296,50,2051.804278,0.0
-1466.187385,50,2053.057215,0.0
-600.718671,50,2054.074336,0.0
-170.269644,50,2055.067155,0.0
-433.511039,50,2056.173622,0.0
-201.098583,24,2056.743406,1.0
-838.710675,50,2057.741834,0.0
-879.465035,50,2058.982794,0.0
-160.132561,50,2060.132664,0.0
-1521.870939,50,2061.12262,0.0
-767.025346,50,2067.902508,0.0
-1017.57929,50,2069.082326,0.0
-634.305416,50,2070.07801,0.0
-851.697726,50,2071.071059,0.0
-663.492166,50,2072.066794,0.0
-668.937799,50,2073.052651,0.0
-560.742673,50,2074.034786,0.0
-664.776673,50,2075.245498,0.0
-372.66863,50,2076.380148,0.0
-270.224116,40,2077.17521,1.0
-1471.345402,50,2078.196799,0.0
-932.440718,50,2086.078392,0.0
-242.004406,50,2087.200784,0.0
-1014.36444,50,2088.303874,0.0
-1227.679005,50,2089.488632,0.0
-525.465234,50,2090.774047,0.0
-721.787538,50,2091.799503,0.0
-802.411808,50,2093.350489,0.0
-412.646022,50,2094.413463,0.0
-1093.070758,50,2095.581732,0.0
-1163.710346,50,2096.855608,0.0
-690.55768,50,2103.626068,0.0
-1161.667395,50,2104.685694,0.0
-756.245908,50,2106.030611,0.0
-726.764266,50,2107.117236,0.0
-947.839858,50,2108.418103,0.0
-883.444399,50,2109.409036,0.0
-1310.446071,50,2110.647057,0.0
-759.558711,50,2111.650019,0.0
-498.524401,50,2112.652139,0.0
-280.755527,50,2113.646014,0.0
-1019.041402,50,2120.473445,0.0
-632.628534,50,2121.622859,0.0
-489.538434,50,2122.842771,0.0
-146.769551,43,2123.879356,1.0
-991.602381,50,2125.384812,0.0
-849.161083,50,2127.068509,0.0
-979.242528,50,2128.917655,0.0
-341.929133,50,2129.954654,0.0
-1158.263143,50,2130.95051,0.0
-1173.656237,50,2131.99259,0.0
-622.596734,50,2133.012622,0.0
-809.291708,50,2139.727142,0.0
-652.570661,50,2140.726339,0.0
-390.82288,50,2141.717543,0.0
-935.923276,50,2142.697422,0.0
-988.944287,50,2143.736031,0.0
-646.986563,50,2144.715556,0.0
-751.14173,50,2145.739517,0.0
-255.35822,50,2146.821618,0.0
-572.996269,50,2148.005278,0.0
-1180.797226,50,2149.290903,0.0
-510.915034,50,2156.012011,0.0
-1160.995284,50,2157.035645,0.0
-647.393046,50,2158.206163,0.0
-620.372541,50,2159.346952,0.0
-629.754427,50,2160.468037,0.0
-794.815735,50,2161.469844,0.0
-535.948185,50,2162.489866,0.0
-697.151674,50,2163.742812,0.0
-932.675017,50,2165.015121,0.0
-357.775702,50,2166.062512,0.0
-1172.803883,50,2173.815004,0.0
-567.31931,50,2174.815607,0.0
-238.870373,50,2175.957583,0.0
-604.971854,50,2177.24612,0.0
-841.341924,50,2178.427659,0.0
-799.047854,50,2179.704694,0.0
-671.340362,50,2181.162576,0.0
-840.984019,50,2182.417686,0.0
-471.749329,50,2183.550869,0.0
-897.612487,50,2184.684823,0.0
-870.258573,50,2191.613851,0.0
-1090.85006,50,2192.818386,0.0
-1056.846683,50,2194.106855,0.0
-871.52651,50,2195.575128,0.0
-946.247803,50,2196.756327,0.0
-1188.613169,50,2197.974983,0.0
-672.929289,50,2199.205546,0.0
-384.852161,50,2200.809294,0.0
-100.160114,15,2201.158949,1.0
-582.540759,50,2202.289907,0.0
-317.479469,50,2203.333624,0.0
-928.41553,50,2210.361834,0.0
-981.8877,50,2211.604241,0.0
-880.440647,50,2212.622854,0.0
-796.048747,50,2213.88629,0.0
-785.695957,50,2215.84944,0.0
-157.639123,50,2216.855823,0.0
-842.929572,50,2217.980328,0.0
-519.756861,50,2219.039854,0.0
-676.609639,50,2220.043668,0.0
-461.725584,50,2221.04438,0.0
-285.916078,50,2227.802956,0.0
-690.974777,50,2229.179231,0.0
-809.718897,50,2230.269641,0.0
-380.320887,50,2231.329706,0.0
-1466.059079,50,2232.464298,0.0
-1605.747642,50,2233.6581,0.0
-1230.183233,50,2234.673083,0.0
-877.727576,50,2235.713269,0.0
-590.256921,50,2236.98776,0.0
-427.284242,50,2238.041785,0.0
-306.293394,50,2239.638404,0.0
-304.530948,50,2246.457315,0.0
-1284.245653,50,2247.470523,0.0
-427.339259,50,2248.495736,0.0
-93.064906,22,2248.963607,1.0
-825.967228,50,2250.061827,0.0
-255.759329,50,2251.205477,0.0
-1460.420309,50,2252.282361,0.0
-347.757898,50,2253.420261,0.0
-848.96816,50,2254.717679,0.0
-244.627626,50,2256.611318,0.0
-365.647456,47,2257.53458,1.0
-427.238096,50,2264.429585,0.0
-501.92689,50,2265.801404,0.0
-906.223105,50,2266.802562,0.0
-613.516249,50,2267.97666,0.0
-279.997129,50,2269.141922,0.0
-1266.38802,50,2270.865612,0.0
-1212.922149,50,2271.869548,0.0
-265.18908,50,2273.01416,0.0
-916.09139,50,2274.039742,0.0
-382.423199,50,2275.26428,0.0
-233.248075,50,2282.324298,0.0
-585.41452,50,2283.372606,0.0
-40.040934,10,2283.609739,1.0
-174.161504,50,2284.712433,0.0
-366.399205,50,2285.855017,0.0
-532.818264,50,2286.845727,0.0
-531.79197,50,2287.836331,0.0
-826.075605,50,2288.879445,0.0
-718.762094,50,2289.876663,0.0
-485.507241,50,2290.889235,0.0
-103.304364,18,2291.245146,1.0
-505.388905,50,2298.020394,0.0
-1001.078263,50,2299.107147,0.0
-666.425815,50,2300.087775,0.0
-418.517096,50,2301.933369,0.0
-953.971761,50,2303.397033,0.0
-507.408307,50,2304.89609,0.0
-194.674273,50,2305.889406,0.0
-713.737827,50,2306.89383,0.0
-935.766143,50,2308.091329,0.0
-408.938818,50,2309.195199,0.0
-141.958004,19,2309.56567,1.0
-581.854868,50,2316.53511,0.0
-450.000779,50,2317.541454,0.0
-769.84451,50,2318.517478,0.0
-1094.55333,50,2319.708371,0.0
-1000.373443,50,2320.778278,0.0
-768.445921,50,2322.132685,0.0
-493.687448,50,2323.336437,0.0
-833.450571,50,2324.323004,0.0
-434.082787,50,2325.321384,0.0
-386.529916,44,2326.188596,1.0
-511.511242,50,2327.16535,0.0
-663.109583,50,2333.886801,0.0
-976.605785,50,2334.93785,0.0
-695.994865,50,2336.138068,0.0
-337.168273,50,2337.177891,0.0
-289.434096,50,2338.176335,0.0
-232.149227,50,2339.181483,0.0
-801.192391,50,2340.567578,0.0
-362.173586,50,2342.589314,0.0
-267.401828,50,2343.736396,0.0
-377.133691,50,2344.957217,0.0
-185.007073,50,2351.715069,0.0
-322.14625,50,2352.708161,0.0
-514.947103,50,2353.717818,0.0
-674.926558,50,2354.917156,0.0
-663.413376,50,2356.117221,0.0
-242.319785,50,2357.445524,0.0
-118.031406,50,2358.547351,0.0
-946.575811,50,2359.544609,0.0
-912.128146,50,2360.578763,0.0
-687.399296,50,2361.579937,0.0
-938.850567,50,2368.292886,0.0
-341.182075,50,2369.275264,0.0
-411.933403,50,2370.246991,0.0
-550.977548,50,2371.277914,0.0
-251.426852,50,2372.402885,0.0
-615.560215,50,2373.410131,0.0
-934.879155,50,2374.416618,0.0
-422.349538,29,2375.054773,1.0
-879.652151,50,2376.394609,0.0
-1259.944976,50,2377.674522,0.0
-315.335231,50,2378.686188,0.0
-723.053605,50,2385.412156,0.0
-282.102916,50,2387.43311,0.0
-629.251039,50,2388.623193,0.0
-229.708708,29,2389.326434,1.0
-815.164795,50,2390.371837,0.0
-675.053887,50,2391.372713,0.0
-913.03554,50,2392.446052,0.0
-439.665431,50,2393.623271,0.0
-283.64475,50,2394.606656,0.0
-500.686992,50,2395.598356,0.0
-203.093495,50,2402.363856,0.0
-264.487266,50,2403.536985,0.0
-407.720669,50,2404.664931,0.0
-393.996695,18,2405.021045,1.0
-715.818183,50,2406.141104,0.0
-661.382126,50,2407.334773,0.0
-420.906826,50,2408.392977,0.0
-1059.965139,50,2409.720487,0.0
-443.857103,50,2410.819336,0.0
-399.808109,50,2411.803741,0.0
-514.975783,50,2412.794205,0.0
-490.769829,50,2419.575384,0.0
-660.068717,50,2420.584761,0.0
-1091.763319,50,2421.591144,0.0
-920.203404,50,2422.640091,0.0
-213.221657,50,2423.642912,0.0
-885.84201,50,2424.620883,0.0
-648.696546,50,2425.604884,0.0
-646.070003,50,2427.524011,0.0
-460.837953,50,2428.605221,0.0
-346.610073,50,2429.756226,0.0
-172.832669,36,2430.470117,1.0
-267.45983,50,2437.31154,0.0
-264.11886,50,2438.484554,0.0
-327.170968,50,2439.635308,0.0
-666.765817,50,2440.709881,0.0
-737.210389,50,2441.882512,0.0
-489.231393,50,2442.862814,0.0
-1290.52641,50,2443.843365,0.0
-966.162247,50,2444.938728,0.0
-673.942639,50,2446.10262,0.0
-618.432474,50,2447.592261,0.0
-1059.338457,50,2454.399521,0.0
-454.440162,50,2455.394088,0.0
-453.638064,50,2456.595573,0.0
-1299.960061,50,2457.850613,0.0
-101.738767,16,2458.228859,1.0
-667.694506,50,2459.291976,0.0
-280.420461,50,2460.354301,0.0
-553.28137,50,2461.551989,0.0
-230.391314,33,2462.29327,1.0
-1120.438873,50,2463.615631,0.0
-716.330054,50,2464.763079,0.0
-58.295818,25,2465.25826,1.0
-898.596139,50,2472.840636,0.0
-402.946106,50,2473.918952,0.0
-857.701921,50,2475.165082,0.0
-743.011909,50,2476.199413,0.0
-540.217595,50,2477.431954,0.0
-279.650219,50,2478.539546,0.0
-1022.180067,50,2479.649381,0.0
-555.867639,50,2480.695718,0.0
-430.345563,50,2481.83181,0.0
-469.005748,50,2482.893016,0.0
-467.236734,50,2490.020134,0.0
-344.766193,50,2491.214492,0.0
-751.865857,50,2492.5556,0.0
-1235.456446,50,2493.541798,0.0
-974.117018,50,2494.607165,0.0
-852.772617,50,2495.863514,0.0
-722.797271,50,2497.007908,0.0
-759.305203,50,2498.082034,0.0
-327.59962,29,2498.829549,1.0
-398.717009,50,2500.018829,0.0
-531.594347,50,2501.016576,0.0
-594.063707,50,2507.866282,0.0
-624.008295,50,2509.096075,0.0
-845.984895,50,2510.294596,0.0
-339.5612,50,2511.304644,0.0
-229.110521,22,2511.811084,1.0
-697.283752,50,2513.864641,0.0
-615.396545,50,2515.173869,0.0
-618.223315,50,2516.274602,0.0
-200.78161,50,2517.447546,0.0
-911.074569,50,2518.437661,0.0
-493.12295,50,2519.461733,0.0
-516.622736,50,2526.437693,0.0
-339.801666,50,2527.661123,0.0
-666.969724,50,2528.718432,0.0
-313.035186,50,2529.841429,0.0
-285.524988,36,2530.670913,1.0
-282.074617,50,2531.773918,0.0
-761.928394,50,2532.762065,0.0
-1222.590313,50,2533.803344,0.0
-383.372585,50,2534.914842,0.0
-543.382324,50,2536.089792,0.0
-278.574629,50,2542.866516,0.0
-1047.004125,50,2543.918362,0.0
-916.458267,50,2545.444624,0.0
-126.726114,50,2546.506024,0.0
-252.882794,50,2547.493381,0.0
-985.17349,50,2548.492589,0.0
-177.254363,50,2549.718773,0.0
-825.879515,50,2550.886461,0.0
-828.849115,50,2552.34847,0.0
-858.705685,50,2553.435832,0.0
-333.579993,50,2560.998494,0.0
-613.213272,50,2562.0015,0.0
-837.778246,50,2563.051724,0.0
-519.937677,50,2564.205363,0.0
-85.279334,14,2564.476474,1.0
-153.40142,50,2565.463998,0.0
-320.307749,20,2565.867494,1.0
-306.324456,50,2567.091622,0.0
-835.890281,50,2568.462833,0.0
-136.797708,14,2568.758814,1.0
-659.287075,50,2569.795256,0.0
-388.672,50,2570.794672,0.0
-558.151023,50,2571.788768,0.0
-776.531933,50,2578.504116,0.0
-971.349615,50,2579.607072,0.0
-653.157566,50,2580.719357,0.0
-1221.213219,50,2581.968148,0.0
-685.310999,50,2582.968138,0.0
-684.842639,50,2583.972664,0.0
-440.105437,50,2585.195408,0.0
-966.82219,50,2586.385032,0.0
-432.728786,50,2587.41076,0.0
-457.918209,50,2588.569571,0.0
-888.443161,50,2595.543958,0.0
-248.485035,50,2596.583157,0.0
-858.435991,50,2597.771831,0.0
-384.065224,50,2598.781881,0.0
-465.819561,50,2600.606955,0.0
-504.639791,50,2601.582796,0.0
-229.55051,46,2602.564856,1.0
-391.03371,50,2603.741327,0.0
-233.172257,50,2604.787642,0.0
-375.087365,41,2605.590303,1.0
-673.67287,50,2612.455584,0.0
-321.817994,50,2613.536546,0.0
-193.638449,50,2614.537951,0.0
-629.489582,50,2615.725757,0.0
-392.141213,50,2616.81773,0.0
-649.843451,50,2617.801454,0.0
-1117.540062,50,2618.956716,0.0
-163.334422,26,2619.583713,1.0
-735.15868,50,2620.739045,0.0
-1068.425501,50,2621.821421,0.0
-764.986987,50,2622.823677,0.0
-449.894855,50,2629.593656,0.0
-242.079052,50,2630.618652,0.0
-460.888161,50,2631.653149,0.0
-752.443029,50,2632.959751,0.0
-19.536141,4,2633.04346,1.0
-889.621635,50,2634.098926,0.0
-731.272793,50,2635.366371,0.0
-755.191337,50,2636.543207,0.0
-254.741834,18,2636.95625,1.0
-889.451562,50,2638.214269,0.0
-852.113886,50,2640.2997,0.0
-267.82691,50,2641.325021,0.0
-370.512057,50,2648.049021,0.0
-708.394847,50,2649.21824,0.0
-449.066369,50,2650.29993,0.0
-548.383955,50,2651.442944,0.0
-546.704499,50,2652.507158,0.0
-933.060778,50,2653.496306,0.0
-486.731064,50,2654.530987,0.0
-910.104429,50,2655.540399,0.0
-653.586386,50,2656.542366,0.0
-215.360845,50,2657.595964,0.0
-979.62363,50,2664.52984,0.0
-381.906881,50,2665.855415,0.0
-830.247698,50,2667.282502,0.0
-157.473686,50,2668.479636,0.0
-744.520505,50,2669.470839,0.0
-358.965692,50,2670.548276,0.0
-561.38407,50,2671.666277,0.0
-909.345016,50,2672.763487,0.0
-372.232134,50,2673.936644,0.0
-600.329995,50,2674.960903,0.0
-210.934634,50,2681.936685,0.0
-374.264966,50,2683.05096,0.0
-142.833196,15,2683.405782,1.0
-312.64879,50,2684.468506,0.0
-756.137686,50,2686.29362,0.0
-494.547964,50,2687.284334,0.0
-452.09342,50,2688.291894,0.0
-497.122166,50,2689.280731,0.0
-216.316062,50,2690.34545,0.0
-380.983234,50,2691.338239,0.0
-590.586765,50,2692.472291,0.0
-651.354238,50,2699.403948,0.0
-93.410213,11,2699.634423,1.0
-837.589681,50,2700.960424,0.0
-880.156703,50,2702.139337,0.0
-1535.698015,50,2703.531696,0.0
-684.0078,50,2704.815577,0.0
-904.820105,50,2705.881713,0.0
-462.49417,50,2706.900745,0.0
-776.934578,50,2708.161602,0.0
-549.554232,50,2709.17296,0.0
-942.091004,50,2710.412481,0.0
-570.022932,50,2717.118748,0.0
-235.128694,50,2718.157168,0.0
-955.866401,50,2719.209244,0.0
-824.095176,50,2720.341552,0.0
-712.412032,50,2721.517188,0.0
-831.266151,50,2722.626875,0.0
-798.786083,50,2723.632784,0.0
-162.731124,50,2725.471549,0.0
-663.499847,50,2726.713098,0.0
-626.773494,50,2727.760271,0.0
-644.811799,50,2728.842982,0.0
-823.11847,50,2736.093535,0.0
-343.322332,16,2736.484968,1.0
-223.224615,34,2737.191632,1.0
-674.526243,50,2738.305303,0.0
-504.265668,33,2739.038458,1.0
-399.611016,50,2740.06986,0.0
-851.995899,50,2741.264971,0.0
-287.507781,16,2741.584756,1.0
-471.731007,50,2742.671809,0.0
-704.781737,50,2743.808957,0.0
-731.524367,50,2744.809344,0.0
-622.035151,50,2745.878357,0.0
-828.890588,50,2752.856569,0.0
-447.978191,50,2754.059127,0.0
-229.716532,50,2755.096838,0.0
-188.958672,50,2756.126712,0.0
-778.10811,50,2757.148397,0.0
-742.764249,50,2758.183811,0.0
-380.223146,31,2758.812692,1.0
-424.994069,50,2759.849098,0.0
-454.325408,50,2760.857446,0.0
-466.754316,50,2761.891351,0.0
-1110.717171,50,2769.232707,0.0
-541.393507,50,2770.417074,0.0
-634.279354,50,2772.515952,0.0
-326.558409,50,2773.903372,0.0
-1370.123676,50,2775.11635,0.0
-849.867141,50,2776.157415,0.0
-518.720117,41,2776.986151,1.0
-168.619922,50,2778.053047,0.0
-664.705972,50,2779.121432,0.0
-433.971169,50,2780.359445,0.0
-190.204309,50,2781.570464,0.0
-356.729809,50,2788.536057,0.0
-274.861925,50,2789.703642,0.0
-387.166098,32,2790.35379,1.0
-876.43197,50,2791.813071,0.0
-536.62424,50,2793.121927,0.0
-752.933655,50,2794.360637,0.0
-446.503875,50,2795.420569,0.0
-686.112161,50,2796.460487,0.0
-202.291766,21,2796.882712,1.0
-1022.376895,50,2797.932092,0.0
-105.053047,44,2798.896963,1.0
-260.987272,50,2805.731082,0.0
-305.359023,19,2806.145746,1.0
-265.112737,50,2807.228779,0.0
-195.499184,10,2807.462681,1.0
-371.129025,50,2808.541173,0.0
-219.117255,50,2809.555007,0.0
-632.847946,50,2810.624862,0.0
-864.970623,50,2812.723381,0.0
-815.457152,50,2814.056067,0.0
-397.323565,50,2815.062652,0.0
-473.09246,50,2816.206638,0.0
-926.643044,50,2817.272865,0.0
-500.234109,50,2824.046589,0.0
-905.242323,50,2825.250011,0.0
-256.301174,50,2826.292373,0.0
-530.094128,50,2827.445798,0.0
-718.902595,50,2828.645165,0.0
-385.07747,50,2829.709169,0.0
-527.154538,50,2830.784724,0.0
-621.977419,50,2832.093775,0.0
-285.028332,50,2833.352527,0.0
-812.995974,50,2834.659984,0.0
-838.244225,50,2841.435045,0.0
-276.217528,50,2842.455873,0.0
-314.86808,50,2843.508118,0.0
-564.629274,50,2844.764458,0.0
-781.940385,50,2845.816849,0.0
-238.350136,21,2846.461914,1.0
-840.54176,50,2847.611911,0.0
-234.203985,50,2848.598857,0.0
-1104.207314,50,2849.750555,0.0
-820.95943,50,2851.020471,0.0
-743.802248,50,2852.454478,0.0
-749.568249,50,2860.626749,0.0
-609.487682,50,2861.83542,0.0
-577.38017,50,2862.811031,0.0
-658.464607,50,2863.793843,0.0
-305.210988,50,2864.78911,0.0
-1316.958825,50,2865.859294,0.0
-376.081208,50,2866.860753,0.0
-119.985657,23,2867.320882,1.0
-383.31955,50,2868.515067,0.0
-623.90206,50,2869.526824,0.0
-298.269361,50,2870.877221,0.0
-476.409404,50,2877.664991,0.0
-135.656326,14,2878.024317,1.0
-368.77063,50,2879.124812,0.0
-577.660613,50,2880.130903,0.0
-80.968015,18,2880.479529,1.0
-366.603769,34,2881.17102,1.0
-820.27563,50,2882.197135,0.0
-154.857271,19,2882.597338,1.0
-274.932155,50,2883.722931,0.0
-852.127933,50,2885.006431,0.0
-267.689363,50,2886.043204,0.0
-1313.55362,50,2887.370624,0.0
-669.594231,50,2894.228362,0.0
-229.622228,24,2894.714716,1.0
-506.65886,42,2895.53596,1.0
-222.223573,50,2896.545196,0.0
-405.703181,50,2897.983936,0.0
-707.067588,50,2899.177862,0.0
-756.372297,50,2901.347768,0.0
-490.599961,50,2902.428778,0.0
-1310.69754,50,2903.647985,0.0
-1030.281858,50,2904.955712,0.0
-994.294617,50,2906.384307,0.0
-645.444578,50,2913.140515,0.0
-298.32272,34,2913.991352,1.0
-537.661555,50,2915.092201,0.0
-577.597208,50,2916.216455,0.0
-1103.814958,50,2917.32379,0.0
-862.896384,50,2918.449696,0.0
-1322.390962,50,2919.684805,0.0
-472.64133,50,2920.671722,0.0
-301.988679,50,2921.671225,0.0
-163.802425,25,2922.169847,1.0
-383.603226,23,2922.613803,1.0
-1104.772153,50,2923.630996,0.0
-402.638219,27,2929.957486,1.0
-160.206231,42,2930.83995,1.0
-376.081854,50,2931.820222,0.0
-225.673299,29,2932.504154,1.0
-301.033204,50,2933.744349,0.0
-188.51273,47,2935.007513,1.0
-111.099254,17,2935.415527,1.0
-763.308107,50,2936.484994,0.0
-87.678253,29,2937.062217,1.0
-267.441606,27,2937.595837,1.0
-526.840976,41,2938.423202,1.0
-1206.003793,50,2939.941371,0.0
-166.461563,50,2942.160571,0.0
-559.317934,50,2948.98551,0.0
-643.691946,50,2950.292271,0.0
-92.629655,9,2950.470617,1.0
-420.472208,50,2951.464644,0.0
-250.536691,27,2951.995839,1.0
-261.372841,50,2952.98186,0.0
-97.319131,50,2953.967198,0.0
-114.496833,17,2954.3085,1.0
-573.917901,50,2955.305733,0.0
-251.301483,50,2956.314348,0.0
-288.897133,50,2957.307427,0.0
-94.940787,10,2957.505417,1.0
-805.239886,50,2958.642013,0.0
-414.923353,50,2965.498288,0.0
-484.192052,50,2966.636996,0.0
-903.93062,50,2967.834679,0.0
-542.844057,50,2969.003258,0.0
-352.430641,50,2970.051684,0.0
-143.958241,14,2970.324908,1.0
-228.831023,50,2971.301891,0.0
-105.275622,11,2971.534803,1.0
-372.580725,50,2972.611167,0.0
-601.951351,50,2973.641749,0.0
-866.049469,50,2974.653232,0.0
-614.615758,50,2975.863502,0.0
-882.710354,50,2982.604124,0.0
-761.05259,50,2983.605263,0.0
-485.659654,50,2984.841788,0.0
-117.165349,11,2985.106892,1.0
-703.31751,50,2987.371739,0.0
-733.837964,50,2988.840143,0.0
-315.382487,30,2989.447564,1.0
-125.064527,19,2989.821575,1.0
-340.600187,50,2990.846796,0.0
-110.725786,50,2992.071822,0.0
-164.122333,50,2993.095718,0.0
-1230.287504,50,2994.087143,0.0
-480.793032,50,3000.994799,0.0
-150.386041,50,3002.099262,0.0
-99.937158,8,3002.255933,1.0
-545.314897,50,3003.242465,0.0
-821.255773,50,3004.528504,0.0
-190.82637,32,3005.267312,1.0
-288.949186,50,3006.352928,0.0
-672.146323,50,3007.523873,0.0
-543.274759,50,3008.514552,0.0
-1134.129026,50,3009.571589,0.0
-135.715238,50,3010.565428,0.0
-746.853539,50,3017.290794,0.0
-182.455462,50,3018.299028,0.0
-856.052069,50,3019.307479,0.0
-146.4538,50,3020.337796,0.0
-184.262261,20,3020.813872,1.0
-415.935727,50,3022.188872,0.0
-506.608138,50,3023.741357,0.0
-704.924037,50,3024.765276,0.0
-581.977119,50,3025.787706,0.0
-521.720569,50,3027.440436,0.0
-854.64291,50,3028.449508,0.0
-214.332781,50,3035.235609,0.0
-1103.950705,50,3036.427858,0.0
-212.206563,50,3037.464682,0.0
-370.508789,50,3038.475044,0.0
-494.783504,50,3039.476039,0.0
-2107.096118,50,3040.458469,0.0
-303.041831,50,3041.613998,0.0
-1006.194485,50,3042.824246,0.0
-202.517795,32,3043.453069,1.0
-1181.711152,50,3044.47607,0.0
-142.092311,50,3051.297334,0.0
-245.526565,50,3052.498078,0.0
-652.621391,50,3053.481462,0.0
-213.830629,50,3054.505281,0.0
-284.373536,50,3055.510695,0.0
-856.935531,50,3056.494417,0.0
-345.606932,50,3057.769853,0.0
-182.494187,50,3058.80494,0.0
-147.210585,50,3060.037465,0.0
-625.899006,50,3061.389667,0.0
-655.88671,50,3062.596204,0.0
-763.914297,50,3069.551878,0.0
-146.985896,50,3070.754646,0.0
-842.055459,50,3072.540962,0.0
-334.743473,34,3073.523033,1.0
-120.573691,26,3074.183542,1.0
-801.263699,50,3075.504425,0.0
-581.131517,50,3076.811374,0.0
-120.375234,50,3078.031931,0.0
-182.112732,50,3079.013784,0.0
-918.710586,50,3080.389639,0.0
-525.325742,50,3081.828535,0.0
-516.299954,50,3088.590911,0.0
-728.384629,50,3089.856845,0.0
-400.372385,39,3090.666028,1.0
-798.853381,50,3091.68001,0.0
-168.334447,42,3092.563817,1.0
-570.112137,50,3093.696182,0.0
-559.393225,50,3094.689247,0.0
-872.251315,50,3095.679514,0.0
-1005.150947,50,3096.861454,0.0
-802.209261,50,3098.144387,0.0
-211.496086,43,3104.773855,1.0
-226.593175,23,3105.238166,1.0
-594.24559,45,3106.167786,1.0
-266.050525,50,3107.302303,0.0
-366.388942,50,3108.652978,0.0
-228.472332,11,3108.887518,1.0
-361.131147,50,3110.019919,0.0
-563.362659,50,3111.231151,0.0
-896.082609,50,3112.370838,0.0
-904.314644,50,3114.217103,0.0
-206.921107,50,3115.433128,0.0
-366.632121,50,3116.662054,0.0
-688.349969,50,3123.741111,0.0
-752.020919,50,3124.790259,0.0
-450.922137,50,3125.984387,0.0
-163.821959,50,3127.156925,0.0
-803.854078,50,3128.641288,0.0
-823.76474,50,3129.994199,0.0
-613.652996,50,3131.105494,0.0
-621.858373,50,3132.140172,0.0
-288.872274,50,3133.15452,0.0
-138.931771,12,3133.443754,1.0
-358.388154,50,3134.579291,0.0
-105.158728,15,3134.882147,1.0
-935.953067,50,3142.136286,0.0
-316.870526,50,3143.22157,0.0
-174.069472,24,3143.755689,1.0
-277.306153,50,3145.016892,0.0
-688.12027,50,3146.116891,0.0
-59.835972,10,3146.316565,1.0
-267.377761,31,3147.043474,1.0
-734.582591,50,3148.61761,0.0
-409.016535,50,3149.944283,0.0
-311.481086,17,3150.308259,1.0
-246.580592,50,3151.297439,0.0
-689.842262,50,3152.317464,0.0
-567.812925,50,3159.224507,0.0
-449.942613,23,3159.781891,1.0
-862.321065,50,3161.604818,0.0
-314.880005,19,3162.134418,1.0
-270.125586,50,3163.387798,0.0
-1116.59878,50,3164.384486,0.0
-1041.296931,50,3165.385041,0.0
-210.884288,50,3166.553778,0.0
-235.057345,22,3167.005578,1.0
-152.242274,48,3167.953937,1.0
-318.460734,50,3169.213683,0.0
-232.479366,50,3170.262511,0.0
-200.693051,50,3177.12716,0.0
-846.837758,50,3178.698275,0.0
-133.144259,50,3179.882745,0.0
-952.839384,50,3181.287955,0.0
-743.546845,50,3182.46715,0.0
-187.588382,50,3183.469332,0.0
-809.305119,50,3184.780678,0.0
-749.230647,50,3185.902236,0.0
-352.154819,40,3186.685804,1.0
-424.42686,33,3187.328518,1.0
-438.736006,32,3187.960769,1.0
-300.076362,49,3189.128544,1.0
-78.267499,17,3195.313625,1.0
-1051.902542,50,3196.381478,0.0
-695.889423,50,3197.377915,0.0
-463.268966,50,3198.373256,0.0
-865.379595,50,3199.396508,0.0
-269.794593,22,3199.826363,1.0
-614.155553,50,3201.632539,0.0
-439.287061,50,3202.963049,0.0
-360.162556,50,3204.034934,0.0
-218.276129,50,3205.286674,0.0
-895.723351,50,3206.348455,0.0
-1110.820536,50,3213.095764,0.0
-656.907352,50,3214.477969,0.0
-992.612625,50,3215.537756,0.0
-1185.377452,50,3216.597257,0.0
-598.853384,50,3217.847694,0.0
-195.96636,50,3218.926831,0.0
-786.859874,50,3220.157685,0.0
-768.8738,50,3221.231752,0.0
-464.576141,50,3222.238381,0.0
-301.205937,50,3223.321044,0.0
-170.400065,19,3223.69721,1.0
-464.801847,50,3230.548409,0.0
-577.234782,49,3231.631788,1.0
-657.168891,50,3232.633239,0.0
-318.247128,50,3233.616593,0.0
-435.56157,37,3234.385658,1.0
-886.476893,50,3235.526802,0.0
-731.06448,50,3236.601766,0.0
-242.819016,50,3237.695956,0.0
-822.724398,50,3238.696595,0.0
-258.616069,22,3239.163039,1.0
-281.712376,37,3239.888984,1.0
-178.329214,50,3247.771684,0.0
-896.717739,50,3249.165866,0.0
-1143.694409,50,3250.209856,0.0
-439.730134,50,3251.215079,0.0
-531.577505,50,3252.374115,0.0
-629.401512,50,3253.745641,0.0
-667.265785,50,3254.889419,0.0
-456.443148,50,3256.330923,0.0
-426.206153,50,3257.460037,0.0
-432.853399,29,3258.034234,1.0
-385.325146,50,3259.032555,0.0
-308.518525,50,3265.742483,0.0
-750.022902,50,3266.731614,0.0
-427.302577,50,3267.722336,0.0
-235.965644,50,3268.762034,0.0
-49.390712,5,3268.888256,1.0
-436.591956,50,3270.086032,0.0
-772.107943,50,3271.13769,0.0
-954.599745,50,3272.325676,0.0
-147.861608,24,3273.027811,1.0
-297.11639,35,3273.826487,1.0
-388.952386,50,3274.851535,0.0
-103.818036,34,3275.602217,1.0
-86.291144,25,3276.102191,1.0
-982.065869,50,3282.93732,0.0
-160.788661,17,3283.346025,1.0
-661.192193,50,3284.422446,0.0
-488.290808,50,3285.428237,0.0
-462.10991,50,3286.433771,0.0
-376.047317,50,3288.721799,0.0
-87.709243,8,3288.909368,1.0
-441.964419,50,3290.010831,0.0
-477.44409,50,3291.329146,0.0
-535.864361,50,3292.499553,0.0
-1113.967777,50,3293.576635,0.0
-914.41742,50,3300.513615,0.0
-601.291108,50,3301.647986,0.0
-468.11832,40,3302.453494,1.0
-488.51881,50,3303.554854,0.0
-771.621976,50,3304.553878,0.0
-658.64888,50,3305.543613,0.0
-413.231857,50,3306.528117,0.0
-185.770561,25,3307.026605,1.0
-508.56866,50,3308.008875,0.0
-156.512248,20,3308.40626,1.0
-1030.047537,50,3309.538806,0.0
-502.642602,28,3310.380327,1.0
-603.383006,50,3317.411149,0.0
-101.673879,15,3317.705064,1.0
-743.379946,50,3318.876063,0.0
-681.321857,50,3320.022977,0.0
-202.594539,50,3321.494355,0.0
-800.729608,50,3322.540856,0.0
-723.397772,50,3323.520266,0.0
-446.077277,50,3324.709558,0.0
-1019.898374,50,3326.007792,0.0
-492.863193,50,3327.198676,0.0
-454.85941,50,3329.064237,0.0
-912.084267,50,3336.255081,0.0
-306.495435,50,3337.344333,0.0
-336.499034,50,3338.489491,0.0
-134.122462,14,3338.769254,1.0
-677.808013,50,3339.971154,0.0
-116.508673,27,3340.776322,1.0
-662.334808,50,3342.318686,0.0
-798.884773,50,3343.387037,0.0
-366.134805,21,3343.84814,1.0
-266.265672,34,3344.675792,1.0
-250.721783,32,3345.506281,1.0
-358.423451,36,3346.223165,1.0
-655.861934,50,3347.214471,0.0
-564.319244,50,3353.999877,0.0
-189.136887,42,3354.829522,1.0
-290.143823,24,3355.307787,1.0
-205.25315,18,3355.655237,1.0
-863.383436,50,3356.757101,0.0
-259.348313,50,3357.87128,0.0
-525.560499,50,3359.016733,0.0
-58.865039,9,3359.240365,1.0
-442.348344,50,3360.396296,0.0
-98.21806,13,3360.69515,1.0
-124.431119,16,3361.034364,1.0
-128.154515,50,3362.206511,0.0
-301.217115,50,3363.222084,0.0
-415.914658,50,3364.210828,0.0
-342.37818,50,3370.965823,0.0
-556.571139,50,3371.94424,0.0
-726.83747,50,3373.206922,0.0
-257.761767,20,3373.63098,1.0
-279.795361,35,3375.125154,1.0
-632.588009,50,3376.362282,0.0
-307.708896,50,3377.492201,0.0
-84.723602,22,3377.923674,1.0
-241.229575,50,3379.077547,0.0
-112.190501,14,3379.376371,1.0
-1014.126713,50,3380.369537,0.0
-489.300388,50,3381.346737,0.0
-436.318223,24,3381.815603,1.0
-749.318865,50,3388.537878,0.0
-205.579313,50,3389.518693,0.0
-387.579468,50,3390.512549,0.0
-580.541676,50,3391.488351,0.0
-62.382955,10,3391.685716,1.0
-503.276162,36,3392.472465,1.0
-338.487491,50,3393.537365,0.0
-142.435653,29,3394.136023,1.0
-140.280684,50,3395.285733,0.0
-438.550824,50,3396.56839,0.0
-26.639852,11,3396.904055,1.0
-442.341912,50,3398.078743,0.0
-336.737099,44,3399.078826,1.0
-128.637706,17,3405.241912,1.0
-828.067869,50,3406.340251,0.0
-825.240458,50,3407.433049,0.0
-80.081016,7,3407.605353,1.0
-905.344071,50,3408.826164,0.0
-811.9826,50,3410.194621,0.0
-354.126242,22,3410.624086,1.0
-546.930465,50,3411.608686,0.0
-222.619146,13,3411.861108,1.0
-774.459994,50,3412.843021,0.0
-172.690905,50,3414.646808,0.0
-350.806529,19,3415.133213,1.0
-624.802634,50,3416.288032,0.0
-205.267063,19,3416.665473,1.0
-839.217125,50,3423.404939,0.0
-1095.261607,50,3424.62847,0.0
-1054.608408,50,3425.93194,0.0
-536.486843,50,3426.971874,0.0
-750.118097,50,3428.05532,0.0
-889.030546,50,3429.249792,0.0
-279.658949,50,3430.350394,0.0
-297.206985,21,3430.764594,1.0
-857.205491,50,3432.058026,0.0
-499.830854,50,3433.719771,0.0
-130.410187,15,3434.015925,1.0
-206.421598,36,3434.730518,1.0
-759.296255,50,3441.529826,0.0
-158.480018,14,3441.869617,1.0
-268.627847,50,3443.251049,0.0
-193.940682,50,3444.506192,0.0
-188.658597,50,3445.519445,0.0
-722.259066,50,3446.900595,0.0
-216.160909,50,3448.022443,0.0
-203.769603,21,3448.442983,1.0
-619.483321,50,3449.428261,0.0
-701.699359,50,3450.408476,0.0
-296.124723,50,3451.38551,0.0
-353.352308,50,3458.1934,0.0
-307.965304,24,3458.870653,1.0
-440.70108,24,3459.503103,1.0
-454.000153,50,3461.215703,0.0
-832.232046,50,3462.303241,0.0
-276.793011,50,3463.70977,0.0
-838.617944,50,3464.885218,0.0
-309.673759,36,3465.78644,1.0
-378.225994,25,3466.320529,1.0
-733.340969,50,3467.354592,0.0
-208.719574,50,3468.560095,0.0
-831.004383,50,3469.879912,0.0
-184.387016,50,3476.885428,0.0
-199.183225,50,3477.880037,0.0
-832.219046,50,3478.868112,0.0
-461.815234,50,3480.09844,0.0
-582.13371,50,3481.402282,0.0
-743.109213,50,3482.387682,0.0
-879.611357,50,3483.47794,0.0
-662.685135,50,3484.64045,0.0
-387.232935,50,3485.663389,0.0
-468.553331,50,3486.692434,0.0
-830.602808,50,3488.07866,0.0
-121.60762,9,3494.044412,1.0
-182.85375,19,3494.525577,1.0
-417.497072,50,3495.6816,0.0
-343.751875,50,3496.811504,0.0
-617.449776,50,3497.982497,0.0
-361.396951,50,3499.062349,0.0
-309.412885,29,3499.633783,1.0
-161.982136,17,3499.976813,1.0
-250.304408,43,3501.00441,1.0
-532.682234,40,3502.870169,1.0
-227.051566,46,3503.857766,1.0
-132.647009,23,3504.398596,1.0
-314.877944,50,3505.400356,0.0
-332.347808,50,3512.114715,0.0
-197.373293,50,3513.163618,0.0
-708.268843,50,3514.16433,0.0
-171.425545,39,3514.931365,1.0
-714.968676,50,3515.917882,0.0
-1097.874125,50,3517.216363,0.0
-146.999278,50,3518.496671,0.0
-26.992979,8,3518.738211,1.0
-146.98461,50,3519.886322,0.0
-960.320228,50,3520.93393,0.0
-640.732684,44,3521.81784,1.0
-1052.192765,50,3523.123699,0.0
-782.664638,50,3530.265721,0.0
-809.18721,50,3531.489109,0.0
-158.232519,50,3532.488659,0.0
-339.04721,32,3533.139756,1.0
-794.460293,50,3534.121442,0.0
-794.185658,50,3535.121949,0.0
-276.003613,21,3535.534701,1.0
-423.779767,45,3536.612328,1.0
-298.225007,49,3538.106948,1.0
-751.329866,50,3539.188175,0.0
-797.753146,50,3540.440204,0.0
-579.116525,50,3547.229827,0.0
-124.091203,18,3547.634381,1.0
-697.999287,50,3549.605726,0.0
-659.041188,50,3550.699575,0.0
-416.107998,50,3551.900861,0.0
-642.504999,50,3552.975922,0.0
-849.878025,50,3554.05314,0.0
-845.943927,50,3555.066403,0.0
-713.514484,50,3556.375439,0.0
-511.322495,50,3557.695872,0.0
-755.101468,50,3558.991897,0.0
-189.625805,32,3565.37175,1.0
-1007.010851,50,3566.360334,0.0
-209.226809,50,3567.364243,0.0
-678.292662,50,3568.426483,0.0
-371.96173,20,3568.874777,1.0
-560.071293,50,3570.219749,0.0
-262.178318,50,3571.459942,0.0
-136.183109,11,3571.708263,1.0
-400.802457,50,3572.749084,0.0
-592.37615,50,3573.817854,0.0
-778.292634,50,3574.927378,0.0
-383.675573,50,3575.934103,0.0
-558.478655,50,3582.696639,0.0
-992.519769,50,3583.676222,0.0
-204.066811,29,3584.420512,1.0
-557.369932,50,3586.100251,0.0
-220.6851,50,3587.197045,0.0
-209.597034,17,3587.533838,1.0
-231.919113,35,3588.22652,1.0
-695.327275,50,3589.946713,0.0
-424.978109,50,3590.941309,0.0
-1046.121934,50,3591.940359,0.0
-177.081203,34,3592.746468,1.0
-526.741967,50,3593.843369,0.0
-83.989272,13,3594.095258,1.0
-344.629088,50,3600.847975,0.0
-123.055622,11,3601.064829,1.0
-735.780823,50,3602.082671,0.0
-170.061797,50,3603.074129,0.0
-273.880933,50,3604.118165,0.0
-66.630331,8,3604.32648,1.0
-926.606874,50,3605.531734,0.0
-609.8571,50,3606.599007,0.0
-83.923739,12,3606.903049,1.0
-1277.800558,50,3608.235865,0.0
-483.269352,50,3609.420211,0.0
-192.355048,50,3610.664399,0.0
-402.678324,50,3617.653593,0.0
-118.739855,49,3618.927462,1.0
-942.373124,50,3620.139908,0.0
-614.870317,50,3621.399742,0.0
-264.638781,17,3621.882653,1.0
-210.764784,21,3622.359294,1.0
-823.75353,50,3623.530841,0.0
-303.406388,47,3624.587925,1.0
-97.380118,29,3625.198608,1.0
-287.055338,50,3626.549069,0.0
-479.290481,50,3628.082605,0.0
-521.6954,50,3629.079922,0.0
-492.234103,50,3636.797065,0.0
-272.444555,19,3637.208204,1.0
-390.413844,39,3637.988334,1.0
-217.25482,50,3639.016496,0.0
-511.768567,50,3640.247912,0.0
-175.106597,46,3641.60469,1.0
-231.685487,50,3642.85272,0.0
-987.039447,50,3644.08537,0.0
-44.918488,10,3644.339931,1.0
-429.71953,50,3645.615036,0.0
-239.908831,50,3646.814775,0.0
-586.448367,50,3648.017102,0.0
-653.49746,50,3655.155387,0.0
-1153.773115,50,3656.589944,0.0
-315.196123,50,3657.747891,0.0
-313.898568,47,3658.713833,1.0
-305.498761,50,3659.700594,0.0
-594.697552,50,3660.675129,0.0
-311.908979,50,3662.093808,0.0
-393.650588,50,3663.570845,0.0
-395.353878,50,3664.681729,0.0
-201.87714,50,3665.665045,0.0
-1161.694452,50,3672.824496,0.0
-283.325672,50,3673.933529,0.0
-703.40306,50,3674.935469,0.0
-79.816271,20,3675.342026,1.0
-417.221434,50,3676.386812,0.0
-356.400813,50,3678.473892,0.0
-895.91044,50,3679.506757,0.0
-575.241564,50,3680.483769,0.0
-165.480783,50,3681.51021,0.0
-208.259925,17,3681.842152,1.0
-636.96209,37,3682.598381,1.0
-153.304603,50,3683.611216,0.0
-692.049453,50,3690.410616,0.0
-359.043758,50,3691.551318,0.0
-154.11232,29,3692.301777,1.0
-149.129273,35,3693.180212,1.0
-460.185596,30,3693.787483,1.0
-799.153914,50,3694.781091,0.0
-248.451639,26,3695.455467,1.0
-346.258421,26,3696.092895,1.0
-221.430605,50,3697.317795,0.0
-330.901181,50,3698.484638,0.0
-622.723186,50,3699.479822,0.0
-317.227039,21,3700.039129,1.0
-537.209687,50,3701.283826,0.0
-681.912319,50,3708.083388,0.0
-225.727204,50,3709.276768,0.0
-96.642102,24,3709.863945,1.0
-220.513103,50,3711.332378,0.0
-498.927427,26,3711.998129,1.0
-909.593488,50,3713.008459,0.0
-805.839723,50,3714.270597,0.0
-747.738462,50,3715.266552,0.0
-626.040434,50,3716.329053,0.0
-400.286746,50,3717.463545,0.0
-938.176504,50,3719.2338,0.0
-1129.114766,50,3726.124615,0.0
-356.766444,50,3727.179677,0.0
-481.302307,50,3728.16145,0.0
-851.902224,50,3729.132407,0.0
-79.708149,8,3729.305439,1.0
-719.680187,50,3730.614679,0.0
-525.506411,50,3731.909237,0.0
-646.2302,50,3732.962693,0.0
-248.020271,50,3733.950848,0.0
-271.757052,50,3734.957384,0.0
-407.989502,50,3735.959721,0.0
-454.888599,50,3742.737626,0.0
-757.553301,50,3743.919847,0.0
-199.10738,20,3744.365814,1.0
-414.371536,50,3745.716907,0.0
-813.704873,50,3746.751537,0.0
-508.558936,50,3747.741526,0.0
-204.42283,12,3747.976034,1.0
-156.428597,42,3748.815796,1.0
-124.119351,23,3749.273235,1.0
-532.778128,50,3750.259216,0.0
-292.462807,50,3751.309604,0.0
-188.134778,29,3751.888921,1.0
-423.072714,50,3753.095459,0.0
-123.582103,50,3759.817024,0.0
-478.707194,50,3760.926032,0.0
-240.509443,50,3762.431394,0.0
-510.394817,50,3764.880867,0.0
-402.708979,50,3766.083245,0.0
-429.994851,28,3766.646874,1.0
-261.025835,50,3767.634002,0.0
-87.327996,44,3768.612656,1.0
-63.761204,13,3768.933195,1.0
-559.056698,50,3769.992591,0.0
-280.520344,17,3770.331065,1.0
-1041.050925,50,3771.337027,0.0
-308.15487,50,3778.140181,0.0
-960.684133,50,3779.178587,0.0
-140.904021,14,3779.455077,1.0
-764.172044,50,3780.470847,0.0
-759.22417,50,3781.446232,0.0
-509.921258,50,3782.440472,0.0
-276.93539,18,3782.805969,1.0
-902.340303,50,3784.085244,0.0
-1669.653929,50,3785.388724,0.0
-204.934159,18,3785.833819,1.0
-225.543957,35,3786.682042,1.0
-929.433329,50,3787.817973,0.0
-85.956991,14,3788.151673,1.0
-551.268099,50,3789.394921,0.0
-92.732696,10,3795.389333,1.0
-229.740932,18,3795.810406,1.0
-406.774593,38,3796.739514,1.0
-409.667418,50,3797.809732,0.0
-344.219169,21,3798.21377,1.0
-896.983423,50,3799.277799,0.0
-611.886755,50,3800.487219,0.0
-378.829005,50,3801.518658,0.0
-184.838828,37,3802.263292,1.0
-590.791127,50,3803.25072,0.0
-150.677807,22,3804.549045,1.0
-421.109727,50,3805.544151,0.0
-272.742367,50,3806.528453,0.0
-936.39451,50,3813.258275,0.0
-878.660459,50,3814.684579,0.0
-40.994212,10,3814.91817,1.0
-456.595763,50,3815.979907,0.0
-375.195022,50,3816.973997,0.0
-122.953315,24,3817.469375,1.0
-184.673636,50,3818.679375,0.0
-167.21318,12,3818.924045,1.0
-967.801899,50,3820.406089,0.0
-142.023053,14,3820.758035,1.0
-804.892754,50,3821.861308,0.0
-603.278376,50,3822.851918,0.0
-181.252726,10,3823.049516,1.0
-287.037695,15,3823.341828,1.0
-188.830867,38,3824.152263,1.0
-314.393076,26,3830.466293,1.0
-643.047377,50,3831.801406,0.0
-976.982406,50,3833.262694,0.0
-667.363614,50,3834.485099,0.0
-102.945422,34,3835.313912,1.0
-332.113321,50,3836.412184,0.0
-179.123412,50,3837.503139,0.0
-459.4046,50,3838.954966,0.0
-768.941389,50,3840.251094,0.0
-1187.575018,50,3841.579217,0.0
-436.868584,34,3842.299193,1.0
-380.430794,50,3849.035146,0.0
-78.524891,8,3849.194642,1.0
-212.070286,26,3849.71422,1.0
-87.22606,12,3849.96778,1.0
-369.101362,29,3851.675494,1.0
-295.412765,20,3852.074815,1.0
-858.722474,50,3853.074291,0.0
-284.008843,50,3854.063865,0.0
-1126.037162,50,3855.106779,0.0
-352.384216,50,3856.26108,0.0
-611.512504,50,3857.355234,0.0
-748.634991,50,3858.469782,0.0
-948.329875,50,3859.868669,0.0
-81.697521,21,3860.472898,1.0
-870.124412,50,3867.575232,0.0
-279.890847,34,3868.259944,1.0
-124.536444,31,3868.972621,1.0
-288.577922,50,3870.409747,0.0
-327.912787,50,3871.58965,0.0
-534.959717,50,3872.562416,0.0
-747.848458,50,3873.769092,0.0
-879.069133,50,3875.040783,0.0
-781.513634,50,3876.093844,0.0
-121.283239,19,3876.474823,1.0
-251.28555,14,3876.744218,1.0
-185.222948,50,3877.744251,0.0
-161.594296,50,3884.443495,0.0
-492.86391,50,3885.479614,0.0
-271.931889,15,3885.844304,1.0
-710.067723,50,3887.052049,0.0
-882.356076,50,3888.374151,0.0
-131.592438,46,3889.351084,1.0
-534.084122,50,3890.541702,0.0
-555.210065,50,3892.334753,0.0
-676.676885,50,3893.550448,0.0
-814.450138,50,3894.532139,0.0
-628.892422,50,3895.537941,0.0
-328.436858,50,3902.259426,0.0
-171.19605,12,3902.512578,1.0
-141.624039,50,3903.994559,0.0
-273.931345,50,3905.224883,0.0
-288.629103,29,3905.877199,1.0
-1165.526476,50,3907.506674,0.0
-515.830154,50,3908.491664,0.0
-662.941248,50,3909.478197,0.0
-273.126393,31,3910.117391,1.0
-1360.936871,50,3911.386483,0.0
-99.224428,12,3911.698583,1.0
-603.686937,50,3912.933511,0.0
-414.592808,50,3914.151941,0.0
-433.274406,49,3921.124869,1.0
-794.612042,50,3922.124474,0.0
-359.493481,50,3923.259611,0.0
-1035.57713,50,3924.440694,0.0
-214.011254,25,3925.053375,1.0
-942.359858,50,3926.074644,0.0
-339.179008,27,3926.619988,1.0
-122.476801,50,3927.6148,0.0
-432.287749,35,3928.299631,1.0
-333.377219,50,3929.272441,0.0
-1026.853923,50,3930.27085,0.0
-96.849614,34,3930.941831,1.0
-638.464861,50,3938.657355,0.0
-838.369507,50,3940.242111,0.0
-1482.345801,50,3941.367902,0.0
-116.682268,27,3941.929028,1.0
-440.46464,50,3943.431634,0.0
-217.151046,27,3944.133698,1.0
-864.837285,50,3945.192122,0.0
-364.375214,50,3946.178381,0.0
-939.563432,50,3947.554711,0.0
-127.185054,50,3948.614655,0.0
-230.259623,50,3949.628993,0.0
-222.681526,31,3955.963877,1.0
-343.187265,50,3956.954358,0.0
-482.944992,50,3958.02105,0.0
-868.654551,50,3959.043436,0.0
-183.127954,18,3959.401904,1.0
-827.848988,50,3960.385226,0.0
-241.785551,38,3961.134451,1.0
-1202.584284,50,3962.461714,0.0
-493.193584,50,3963.492393,0.0
-734.338404,50,3964.477032,0.0
-358.018453,41,3965.544706,1.0
-446.326274,50,3966.941219,0.0
-122.83303,50,3973.671874,0.0
-293.114149,50,3974.80442,0.0
-721.16725,50,3975.810939,0.0
-302.227551,23,3976.355329,1.0
-506.855697,50,3977.601271,0.0
-785.489961,50,3979.476181,0.0
-612.811822,50,3980.457252,0.0
-928.636045,50,3981.672496,0.0
-876.040933,50,3982.876453,0.0
-582.391611,50,3984.097448,0.0
-416.871119,50,3990.830483,0.0
-619.851964,50,3991.827034,0.0
-295.284461,50,3992.895392,0.0
-778.752526,50,3994.099984,0.0
-808.595126,50,3995.310191,0.0
-177.630696,50,3996.319201,0.0
-348.41364,50,3997.462977,0.0
-513.585513,50,3998.661112,0.0
-545.337177,50,3999.941298,0.0
-198.946697,21,4000.384012,1.0
-373.665661,27,4000.9187,1.0
-274.318229,50,4002.094139,0.0
-817.766244,50,4008.921628,0.0
-567.12996,50,4009.941056,0.0
-725.544626,50,4010.923964,0.0
-653.857424,33,4011.575537,1.0
-505.053294,50,4012.585846,0.0
-894.868988,50,4013.654109,0.0
-454.707446,50,4014.755345,0.0
-569.405554,50,4015.737026,0.0
-246.511327,13,4015.993087,1.0
-184.450796,50,4017.110676,0.0
-344.431016,50,4019.168788,0.0
-957.869264,50,4026.144655,0.0
-477.593093,50,4027.554424,0.0
-152.329974,22,4028.144478,1.0
-367.694019,20,4028.624754,1.0
-336.39721,50,4029.819449,0.0
-295.483369,27,4030.623918,1.0
-342.582752,50,4031.884306,0.0
-275.250213,47,4033.161128,1.0
-237.42623,20,4033.681881,1.0
-144.030682,50,4034.712775,0.0
-1373.770715,50,4035.969221,0.0
-186.718898,13,4036.310299,1.0
-806.720746,50,4037.470124,0.0
-757.239961,50,4044.244654,0.0
-284.8154,50,4045.485732,0.0
-306.236984,50,4046.499304,0.0
-67.156685,23,4046.966583,1.0
-572.66404,50,4047.956576,0.0
-200.902284,50,4048.948576,0.0
-24.64205,5,4049.052713,1.0
-471.538867,50,4050.314641,0.0
-270.518841,50,4051.815054,0.0
-111.676686,50,4052.802138,0.0
-178.217868,15,4053.094317,1.0
-1156.080338,50,4054.11091,0.0
-514.145705,50,4055.203371,0.0
-457.387565,50,4062.164356,0.0
-222.397525,50,4063.144822,0.0
-752.426367,50,4064.151282,0.0
-806.999022,50,4066.287958,0.0
-589.525888,50,4067.452641,0.0
-403.400668,50,4068.426913,0.0
-766.31579,50,4069.413066,0.0
-188.954442,50,4070.409454,0.0
-875.52547,50,4071.650218,0.0
-192.890824,50,4072.715214,0.0
-865.210427,50,4079.905988,0.0
-162.69206,50,4080.923991,0.0
-249.616519,50,4081.930746,0.0
-217.638726,50,4082.925996,0.0
-957.923269,50,4083.947212,0.0
-1267.668421,50,4085.287848,0.0
-915.732058,50,4086.446922,0.0
-353.075627,50,4087.619579,0.0
-837.390566,50,4088.635905,0.0
-889.107124,50,4089.651587,0.0
-1157.567602,50,4096.392324,0.0
-519.609363,50,4097.516964,0.0
-472.332475,50,4098.521207,0.0
-20.724389,9,4098.702518,1.0
-926.375286,50,4099.812513,0.0
-880.200311,50,4100.832677,0.0
-939.457858,50,4101.85031,0.0
-644.171076,50,4102.829396,0.0
-624.421873,50,4103.906686,0.0
-308.311091,50,4105.972771,0.0
-563.370807,50,4107.243597,0.0
-454.784921,50,4113.968953,0.0
-618.0129,50,4115.262472,0.0
-777.899903,50,4116.452324,0.0
-264.873001,50,4117.892262,0.0
-558.571695,50,4119.279475,0.0
-1057.16532,50,4120.268306,0.0
-419.302633,50,4121.378589,0.0
-238.395544,50,4122.455038,0.0
-504.19676,50,4123.609987,0.0
-145.590805,23,4124.176661,1.0
-919.786936,50,4125.1651,0.0
-719.019827,50,4132.097264,0.0
-837.952877,50,4133.083217,0.0
-917.030961,50,4134.349999,0.0
-800.257382,50,4135.533388,0.0
-809.145526,50,4136.603727,0.0
-699.65085,50,4137.595121,0.0
-611.228132,50,4138.571459,0.0
-179.951853,50,4139.554764,0.0
-300.192283,50,4140.538147,0.0
-381.052369,50,4141.663243,0.0
-69.365317,8,4141.863063,1.0
-129.176899,11,4142.142441,1.0
-875.976484,50,4149.278145,0.0
-865.342341,50,4150.531658,0.0
-473.018101,43,4151.374189,1.0
-845.06355,50,4153.217662,0.0
-329.586322,50,4154.247236,0.0
-295.421953,50,4155.248956,0.0
-555.700171,50,4156.257819,0.0
-792.541314,50,4157.511737,0.0
-605.361113,50,4158.703299,0.0
-280.942604,42,4159.637705,1.0
-448.057402,31,4160.48255,1.0
-626.647258,50,4167.193668,0.0
-213.950794,36,4167.90856,1.0
-239.403791,50,4168.906362,0.0
-269.829477,38,4169.65474,1.0
-707.138312,50,4170.826901,0.0
-430.058634,50,4172.029516,0.0
-450.593914,50,4173.140367,0.0
-515.837752,50,4174.137102,0.0
-707.876981,50,4175.125695,0.0
-197.696687,15,4175.418759,1.0
-824.237596,50,4176.399116,0.0
-845.18442,50,4183.453324,0.0
-99.218812,27,4184.104932,1.0
-529.174244,50,4185.258315,0.0
-434.027143,50,4186.709556,0.0
-480.715713,50,4187.746271,0.0
-1003.639675,50,4188.727238,0.0
-315.86151,50,4189.731611,0.0
-756.411241,50,4190.813944,0.0
-800.224115,50,4192.655171,0.0
-222.251705,44,4193.56514,1.0
-146.933115,50,4194.563086,0.0
-386.637449,32,4200.980258,1.0
-301.55308,50,4202.301223,0.0
-328.863371,50,4203.487815,0.0
-744.146135,50,4204.790126,0.0
-214.927029,50,4206.048321,0.0
-1042.126191,50,4207.177281,0.0
-512.581014,50,4208.277073,0.0
-291.856124,14,4208.550413,1.0
-365.486746,50,4209.561003,0.0
-303.437326,50,4210.545252,0.0
-695.047366,50,4211.532606,0.0
-408.308484,33,4212.195271,1.0
-351.545642,50,4219.104193,0.0
-875.962793,50,4220.243507,0.0
-726.691466,50,4221.526332,0.0
-409.650064,50,4222.731757,0.0
-982.999391,50,4223.992979,0.0
-832.208367,50,4225.109703,0.0
-825.649448,50,4226.136488,0.0
-997.713759,50,4227.51346,0.0
-450.974101,50,4228.74318,0.0
-125.16966,20,4229.148432,1.0
-441.718995,50,4235.865788,0.0
-357.995674,50,4236.897091,0.0
-617.880243,50,4239.575802,0.0
-281.86188,50,4240.76405,0.0
-202.093339,50,4242.001463,0.0
-844.055757,50,4243.432214,0.0
-323.527078,30,4244.031634,1.0
-458.19591,50,4245.071688,0.0
-457.071149,50,4246.236256,0.0
-711.068605,50,4247.451888,0.0
-208.101696,43,4248.311582,1.0
