#{"t_start": 1649848094.8423548, "env_id": "PandaReachJoints-v2"}
r,l,t,is_success
-50.0,50,1.364094,0.0
-50.0,50,2.253039,0.0
-50.0,50,3.249004,0.0
-50.0,50,4.271653,0.0
-50.0,50,5.451617,0.0
-50.0,50,6.473162,0.0
-50.0,50,7.445433,0.0
-50.0,50,8.616299,0.0
-50.0,50,9.768435,0.0
-50.0,50,10.667188,0.0
-50.0,50,14.077772,0.0
-50.0,50,15.266949,0.0
-50.0,50,16.141412,0.0
-50.0,50,17.305579,0.0
-50.0,50,18.492354,0.0
-50.0,50,19.789178,0.0
-50.0,50,20.742104,0.0
-50.0,50,21.742465,0.0
-50.0,50,22.956404,0.0
-50.0,50,24.052893,0.0
-50.0,50,29.400408,0.0
-50.0,50,30.283941,0.0
-50.0,50,31.445438,0.0
-50.0,50,32.300056,0.0
-50.0,50,33.190107,0.0
-50.0,50,35.345834,0.0
-50.0,50,36.222631,0.0
-50.0,50,37.108134,0.0
-50.0,50,38.309646,0.0
-50.0,50,39.17714,0.0
-50.0,50,45.899595,0.0
-50.0,50,47.062389,0.0
-50.0,50,48.145462,0.0
-50.0,50,49.121732,0.0
-50.0,50,50.041295,0.0
-50.0,50,50.936415,0.0
-50.0,50,52.238348,0.0
-50.0,50,53.380765,0.0
-50.0,50,54.307844,0.0
-50.0,50,55.416522,0.0
-50.0,50,62.067948,0.0
-50.0,50,62.978661,0.0
-50.0,50,63.897092,0.0
-50.0,50,64.960182,0.0
-50.0,50,65.831888,0.0
-50.0,50,66.936819,0.0
-50.0,50,67.817116,0.0
-50.0,50,68.723832,0.0
-50.0,50,69.645247,0.0
-50.0,50,70.876151,0.0
-50.0,50,73.152216,0.0
-50.0,50,79.723683,0.0
-50.0,50,80.831032,0.0
-50.0,50,81.716874,0.0
-50.0,50,82.901387,0.0
-50.0,50,83.866101,0.0
-50.0,50,84.777547,0.0
-50.0,50,85.7193,0.0
-50.0,50,86.641464,0.0
-50.0,50,87.503236,0.0
-50.0,50,88.383947,0.0
-50.0,50,91.708402,0.0
-50.0,50,92.922949,0.0
-50.0,50,93.803463,0.0
-50.0,50,94.680179,0.0
-50.0,50,95.967073,0.0
-50.0,50,96.89156,0.0
-50.0,50,97.806708,0.0
-50.0,50,98.936488,0.0
-50.0,50,100.212293,0.0
-50.0,50,101.375564,0.0
-50.0,50,106.09668,0.0
-50.0,50,107.396444,0.0
-50.0,50,108.421797,0.0
-50.0,50,109.334309,0.0
-50.0,50,111.461015,0.0
-50.0,50,112.447016,0.0
-50.0,50,113.657623,0.0
-50.0,50,114.538516,0.0
-50.0,50,115.409919,0.0
-50.0,50,116.323737,0.0
-50.0,50,123.377859,0.0
-50.0,50,124.264711,0.0
-50.0,50,125.491875,0.0
-50.0,50,126.391395,0.0
-50.0,50,127.755562,0.0
-50.0,50,128.635546,0.0
-50.0,50,129.552658,0.0
-50.0,50,130.437959,0.0
-50.0,50,131.353957,0.0
-50.0,50,132.243929,0.0
-50.0,50,133.835122,0.0
-50.0,50,140.510661,0.0
-50.0,50,141.428535,0.0
-50.0,50,142.543777,0.0
-50.0,50,143.412666,0.0
-50.0,50,144.702842,0.0
-50.0,50,145.662711,0.0
-50.0,50,146.540119,0.0
-50.0,50,147.483315,0.0
-50.0,50,149.212705,0.0
-50.0,50,150.426894,0.0
-50.0,50,157.109581,0.0
-50.0,50,158.416044,0.0
-50.0,50,159.401845,0.0
-50.0,50,160.517499,0.0
-50.0,50,161.855063,0.0
-50.0,50,162.982348,0.0
-50.0,50,163.914171,0.0
-50.0,50,164.788163,0.0
-50.0,50,165.684034,0.0
-50.0,50,166.57636,0.0
-50.0,50,173.645139,0.0
-50.0,50,175.300501,0.0
-50.0,50,176.248959,0.0
-50.0,50,177.149371,0.0
-50.0,50,178.048031,0.0
-50.0,50,179.139997,0.0
-50.0,50,180.10173,0.0
-50.0,50,180.963199,0.0
-50.0,50,181.834437,0.0
-50.0,50,182.992824,0.0
-50.0,50,189.774076,0.0
-50.0,50,190.8905,0.0
-50.0,50,191.833715,0.0
-50.0,50,193.90116,0.0
-50.0,50,194.833678,0.0
-50.0,50,195.757188,0.0
-50.0,50,196.874676,0.0
-50.0,50,198.381446,0.0
-50.0,50,199.452159,0.0
-50.0,50,200.36151,0.0
-50.0,50,201.244382,0.0
-50.0,50,207.910985,0.0
-50.0,50,208.82444,0.0
-50.0,50,209.780491,0.0
-50.0,50,211.240605,0.0
-50.0,50,212.118667,0.0
-50.0,50,213.005845,0.0
-50.0,50,214.239747,0.0
-50.0,50,215.097206,0.0
-50.0,50,216.256989,0.0
-50.0,50,217.218446,0.0
-50.0,50,224.244991,0.0
-50.0,50,225.311095,0.0
-50.0,50,226.217469,0.0
-50.0,50,227.131619,0.0
-50.0,50,228.037125,0.0
-50.0,50,228.983726,0.0
-50.0,50,229.897494,0.0
-50.0,50,231.674253,0.0
-50.0,50,232.647327,0.0
-50.0,50,233.596952,0.0
-50.0,50,240.318571,0.0
-50.0,50,241.548461,0.0
-50.0,50,242.480624,0.0
-50.0,50,243.770154,0.0
-50.0,50,244.673833,0.0
-50.0,50,245.568475,0.0
-50.0,50,246.459959,0.0
-50.0,50,247.437875,0.0
-50.0,50,248.570928,0.0
-50.0,50,249.545788,0.0
-50.0,50,256.312805,0.0
-50.0,50,257.206282,0.0
-50.0,50,258.095455,0.0
-50.0,50,258.983938,0.0
-50.0,50,259.904457,0.0
-50.0,50,260.839106,0.0
-50.0,50,262.046804,0.0
-50.0,50,262.980873,0.0
-50.0,50,263.994707,0.0
-50.0,50,265.030478,0.0
-50.0,50,265.917677,0.0
-50.0,50,272.607571,0.0
-50.0,50,274.705141,0.0
-50.0,50,275.752775,0.0
-50.0,50,276.73171,0.0
-50.0,50,277.813248,0.0
-50.0,50,278.712417,0.0
-50.0,50,279.889887,0.0
-50.0,50,280.824303,0.0
-50.0,50,281.766624,0.0
-50.0,50,282.690914,0.0
-50.0,50,289.329748,0.0
-50.0,50,290.268634,0.0
-50.0,50,291.151253,0.0
-50.0,50,292.262333,0.0
-50.0,50,293.19607,0.0
-50.0,50,294.34816,0.0
-50.0,50,295.283177,0.0
-50.0,50,296.213109,0.0
-50.0,50,297.17702,0.0
-50.0,50,298.070797,0.0
-50.0,50,305.41969,0.0
-50.0,50,306.517133,0.0
-50.0,50,307.505133,0.0
-50.0,50,308.445103,0.0
-50.0,50,309.372405,0.0
-50.0,50,310.780139,0.0
-50.0,50,312.856298,0.0
-50.0,50,313.778335,0.0
-50.0,50,315.306973,0.0
-50.0,50,316.159451,0.0
-50.0,50,322.780506,0.0
-50.0,50,323.708061,0.0
-50.0,50,324.725595,0.0
-50.0,50,325.676046,0.0
-50.0,50,326.621678,0.0
-50.0,50,327.520832,0.0
-50.0,50,328.571476,0.0
-50.0,50,329.534924,0.0
-50.0,50,330.483745,0.0
-50.0,50,331.528552,0.0
-50.0,50,332.709527,0.0
-50.0,50,339.932923,0.0
-50.0,50,341.199548,0.0
-50.0,50,342.084064,0.0
-50.0,50,343.421018,0.0
-50.0,50,344.619614,0.0
-50.0,50,345.511291,0.0
-50.0,50,346.60769,0.0
-50.0,50,347.562509,0.0
-50.0,50,348.478423,0.0
-50.0,50,349.384878,0.0
-50.0,50,357.458152,0.0
-50.0,50,358.584424,0.0
-50.0,50,359.738425,0.0
-50.0,50,360.997545,0.0
-50.0,50,362.122411,0.0
-50.0,50,363.084473,0.0
-50.0,50,364.331467,0.0
-50.0,50,365.254896,0.0
-50.0,50,366.197869,0.0
-50.0,50,367.426537,0.0
-50.0,50,374.12723,0.0
-50.0,50,375.138326,0.0
-50.0,50,376.158536,0.0
-50.0,50,377.261061,0.0
-50.0,50,378.192244,0.0
-50.0,50,379.123163,0.0
-50.0,50,380.073853,0.0
-50.0,50,381.19058,0.0
-50.0,50,382.349768,0.0
-50.0,50,383.306143,0.0
-50.0,50,390.187839,0.0
-50.0,50,391.286234,0.0
-50.0,50,392.513864,0.0
-50.0,50,393.434273,0.0
-50.0,50,394.366832,0.0
-50.0,50,396.15424,0.0
-50.0,50,397.252918,0.0
-50.0,50,398.380187,0.0
-50.0,50,399.613632,0.0
-50.0,50,400.544329,0.0
-50.0,50,401.693413,0.0
-50.0,50,408.502453,0.0
-50.0,50,409.412188,0.0
-50.0,50,410.613691,0.0
-50.0,50,411.580942,0.0
-50.0,50,413.32022,0.0
-50.0,50,414.303389,0.0
-50.0,50,415.520899,0.0
-50.0,50,416.51938,0.0
-50.0,50,417.461436,0.0
-50.0,50,418.727071,0.0
-50.0,50,425.660872,0.0
-50.0,50,426.562886,0.0
-50.0,50,427.484331,0.0
-50.0,50,428.721797,0.0
-50.0,50,429.714613,0.0
-50.0,50,430.623022,0.0
-50.0,50,431.656801,0.0
-50.0,50,432.563745,0.0
-50.0,50,433.471561,0.0
-50.0,50,435.720252,0.0
-50.0,50,442.395319,0.0
-50.0,50,443.67199,0.0
-50.0,50,444.730562,0.0
-50.0,50,445.985116,0.0
-50.0,50,446.933,0.0
-50.0,50,447.835346,0.0
-50.0,50,448.742809,0.0
-50.0,50,449.874029,0.0
-50.0,50,450.767117,0.0
-50.0,50,451.747723,0.0
-50.0,50,458.367754,0.0
-50.0,50,459.313452,0.0
-50.0,50,460.53634,0.0
-50.0,50,461.48305,0.0
-50.0,50,462.682776,0.0
-50.0,50,463.867008,0.0
-50.0,50,464.855345,0.0
-50.0,50,465.780601,0.0
-50.0,50,466.916637,0.0
-50.0,50,467.994109,0.0
-50.0,50,474.667786,0.0
-50.0,50,475.790796,0.0
-50.0,50,476.758117,0.0
-50.0,50,477.744463,0.0
-50.0,50,479.57503,0.0
-50.0,50,480.800746,0.0
-50.0,50,481.761912,0.0
-50.0,50,482.77136,0.0
-50.0,50,483.725095,0.0
-50.0,50,484.670557,0.0
-50.0,50,485.570592,0.0
-50.0,50,492.272606,0.0
-50.0,50,493.164839,0.0
-50.0,50,494.125645,0.0
-50.0,50,495.108192,0.0
-50.0,50,496.083368,0.0
-50.0,50,497.242257,0.0
-50.0,50,498.187463,0.0
-50.0,50,499.032757,0.0
-50.0,50,500.189894,0.0
-50.0,50,501.115083,0.0
-50.0,50,507.828843,0.0
-50.0,50,508.779904,0.0
-50.0,50,509.963816,0.0
-50.0,50,511.117928,0.0
-50.0,50,511.986553,0.0
-50.0,50,513.007824,0.0
-50.0,50,514.107614,0.0
-50.0,50,515.014845,0.0
-50.0,50,517.189263,0.0
-50.0,50,518.188036,0.0
-50.0,50,524.883464,0.0
-50.0,50,525.764986,0.0
-50.0,50,526.646327,0.0
-50.0,50,527.540052,0.0
-50.0,50,528.93917,0.0
-50.0,50,529.84529,0.0
-50.0,50,530.853822,0.0
-50.0,50,531.781255,0.0
-50.0,50,532.869006,0.0
-50.0,50,533.785433,0.0
-50.0,50,540.550269,0.0
-50.0,50,541.609313,0.0
-50.0,50,542.697455,0.0
-50.0,50,543.970146,0.0
-50.0,50,544.916905,0.0
-50.0,50,546.036609,0.0
-50.0,50,547.112643,0.0
-50.0,50,548.028731,0.0
-50.0,50,549.159956,0.0
-50.0,50,550.099988,0.0
-50.0,50,551.005859,0.0
-50.0,50,557.714706,0.0
-50.0,50,558.626105,0.0
-50.0,50,560.805943,0.0
-50.0,50,562.040699,0.0
-50.0,50,563.1926,0.0
-50.0,50,564.139104,0.0
-50.0,50,565.135362,0.0
-50.0,50,566.029328,0.0
-50.0,50,566.94982,0.0
-50.0,50,567.85387,0.0
-50.0,50,574.552266,0.0
-50.0,50,575.53398,0.0
-50.0,50,576.606726,0.0
-50.0,50,577.825183,0.0
-50.0,50,578.866825,0.0
-50.0,50,579.729128,0.0
-50.0,50,580.64043,0.0
-50.0,50,581.512671,0.0
-50.0,50,582.591035,0.0
-50.0,50,583.478787,0.0
-50.0,50,590.368582,0.0
-50.0,50,591.270914,0.0
-50.0,50,592.181079,0.0
-50.0,50,593.064038,0.0
-50.0,50,593.976459,0.0
-50.0,50,595.291224,0.0
-50.0,50,596.195659,0.0
-50.0,50,597.942241,0.0
-50.0,50,598.863512,0.0
-50.0,50,599.79317,0.0
-50.0,50,606.383735,0.0
-50.0,50,607.443779,0.0
-50.0,50,608.36385,0.0
-50.0,50,609.420093,0.0
-50.0,50,610.431716,0.0
-50.0,50,611.494109,0.0
-50.0,50,612.645921,0.0
-50.0,50,613.580645,0.0
-50.0,50,614.45499,0.0
-50.0,50,615.34081,0.0
-50.0,50,616.694401,0.0
-50.0,50,623.588996,0.0
-50.0,50,624.855513,0.0
-50.0,50,626.079889,0.0
-50.0,50,627.36359,0.0
-50.0,50,628.499019,0.0
-50.0,50,629.453485,0.0
-50.0,50,630.309374,0.0
-50.0,50,631.25142,0.0
-50.0,50,632.184748,0.0
-50.0,50,633.483775,0.0
-50.0,50,640.158638,0.0
-50.0,50,642.279514,0.0
-50.0,50,643.211214,0.0
-50.0,50,644.841568,0.0
-50.0,50,645.861734,0.0
-50.0,50,646.977015,0.0
-50.0,50,647.927145,0.0
-50.0,50,648.992305,0.0
-50.0,50,650.217615,0.0
-50.0,50,651.102254,0.0
-50.0,50,657.739324,0.0
-50.0,50,658.716058,0.0
-50.0,50,659.873826,0.0
-50.0,50,660.797371,0.0
-50.0,50,662.25716,0.0
-50.0,50,663.406742,0.0
-50.0,50,664.418591,0.0
-50.0,50,665.364083,0.0
-50.0,50,666.252359,0.0
-50.0,50,667.400977,0.0
-50.0,50,674.140113,0.0
-50.0,50,675.186486,0.0
-50.0,50,676.092634,0.0
-50.0,50,677.019285,0.0
-50.0,50,677.918212,0.0
-50.0,50,678.840379,0.0
-50.0,50,680.734907,0.0
-50.0,50,681.832602,0.0
-50.0,50,682.9976,0.0
-50.0,50,683.877277,0.0
-50.0,50,685.196537,0.0
-50.0,50,689.116303,0.0
-50.0,50,689.990329,0.0
-50.0,50,690.994433,0.0
-50.0,50,691.967227,0.0
-50.0,50,693.157304,0.0
-50.0,50,694.062387,0.0
-50.0,50,694.977182,0.0
-50.0,50,696.176709,0.0
-50.0,50,697.673593,0.0
-50.0,50,698.719604,0.0
-50.0,50,705.598181,0.0
-50.0,50,706.631314,0.0
-50.0,50,707.734524,0.0
-50.0,50,709.153501,0.0
-50.0,50,710.166728,0.0
-50.0,50,711.254468,0.0
-50.0,50,712.318979,0.0
-50.0,50,713.316778,0.0
-50.0,50,714.311469,0.0
-50.0,50,715.438014,0.0
-50.0,50,722.858584,0.0
-50.0,50,724.327378,0.0
-50.0,50,727.284253,0.0
-50.0,50,730.274744,0.0
-50.0,50,732.598029,0.0
-50.0,50,734.932261,0.0
-50.0,50,737.265868,0.0
-50.0,50,739.667003,0.0
-50.0,50,742.074475,0.0
-50.0,50,744.427128,0.0
-50.0,50,754.246237,0.0
-50.0,50,755.26342,0.0
-50.0,50,756.189602,0.0
-50.0,50,757.261312,0.0
-50.0,50,758.170869,0.0
-50.0,50,759.463036,0.0
-50.0,50,760.38602,0.0
-50.0,50,761.442668,0.0
-50.0,50,762.385956,0.0
-50.0,50,763.398947,0.0
-50.0,50,764.308758,0.0
-50.0,50,770.978827,0.0
-50.0,50,772.224252,0.0
-50.0,50,773.265112,0.0
-50.0,50,774.188037,0.0
-50.0,50,775.889156,0.0
-50.0,50,776.775284,0.0
-50.0,50,777.909114,0.0
-50.0,50,779.18186,0.0
-50.0,50,780.084174,0.0
-50.0,50,781.309648,0.0
-50.0,50,788.182284,0.0
-50.0,50,789.085415,0.0
-50.0,50,790.018831,0.0
-50.0,50,791.132076,0.0
-50.0,50,792.249812,0.0
-50.0,50,793.111452,0.0
-50.0,50,793.98819,0.0
-50.0,50,795.158328,0.0
-50.0,50,796.056049,0.0
-50.0,50,796.966898,0.0
-50.0,50,804.168334,0.0
-50.0,50,805.151536,0.0
-50.0,50,806.092148,0.0
-50.0,50,806.988288,0.0
-50.0,50,808.133765,0.0
-50.0,50,809.277596,0.0
-50.0,50,810.373787,0.0
-50.0,50,811.568278,0.0
-50.0,50,812.656849,0.0
-50.0,50,814.425953,0.0
-50.0,50,820.978189,0.0
-50.0,50,821.901074,0.0
-50.0,50,823.470242,0.0
-50.0,50,824.689275,0.0
-50.0,50,825.626712,0.0
-50.0,50,826.711974,0.0
-50.0,50,827.849598,0.0
-50.0,50,829.195676,0.0
-50.0,50,830.577135,0.0
-50.0,50,831.726398,0.0
-50.0,50,832.847355,0.0
-50.0,50,839.528121,0.0
-50.0,50,840.496728,0.0
-50.0,50,841.410207,0.0
-50.0,50,842.525645,0.0
-50.0,50,843.428611,0.0
-50.0,50,844.443834,0.0
-50.0,50,845.492497,0.0
-50.0,50,847.095721,0.0
-50.0,50,848.055174,0.0
-50.0,50,849.294872,0.0
-50.0,50,855.87432,0.0
-50.0,50,856.78119,0.0
-50.0,50,857.673841,0.0
-50.0,50,859.305496,0.0
-50.0,50,860.330792,0.0
-50.0,50,861.219236,0.0
-50.0,50,862.110484,0.0
-50.0,50,863.446655,0.0
-50.0,50,864.565531,0.0
-50.0,50,865.465566,0.0
-50.0,50,872.102232,0.0
-50.0,50,872.972701,0.0
-50.0,50,873.99709,0.0
-50.0,50,874.876024,0.0
-50.0,50,875.873129,0.0
-50.0,50,876.921779,0.0
-50.0,50,877.828229,0.0
-50.0,50,878.755213,0.0
-50.0,50,879.653917,0.0
-50.0,50,880.569355,0.0
-50.0,50,887.305207,0.0
-50.0,50,888.54126,0.0
-50.0,50,889.720812,0.0
-50.0,50,890.6442,0.0
-50.0,50,891.584255,0.0
-50.0,50,892.482918,0.0
-50.0,50,893.558371,0.0
-50.0,50,894.505337,0.0
-50.0,50,896.904596,0.0
-50.0,50,897.783091,0.0
-50.0,50,904.547543,0.0
-50.0,50,905.664117,0.0
-50.0,50,907.092875,0.0
-50.0,50,908.218713,0.0
-50.0,50,909.395733,0.0
-50.0,50,910.881022,0.0
-50.0,50,912.463376,0.0
-50.0,50,913.358452,0.0
-50.0,50,914.307787,0.0
-50.0,50,915.259305,0.0
-50.0,50,916.309214,0.0
-50.0,50,923.127411,0.0
-50.0,50,924.39316,0.0
-50.0,50,925.293141,0.0
-50.0,50,926.170507,0.0
-50.0,50,927.56482,0.0
-50.0,50,928.710593,0.0
-50.0,50,929.617883,0.0
-50.0,50,930.549217,0.0
-50.0,50,931.524566,0.0
-50.0,50,932.400893,0.0
-50.0,50,939.084533,0.0
-50.0,50,940.136222,0.0
-50.0,50,942.152852,0.0
-50.0,50,943.079285,0.0
-50.0,50,944.086122,0.0
-50.0,50,945.280118,0.0
-50.0,50,946.331164,0.0
-50.0,50,947.235703,0.0
-50.0,50,948.173621,0.0
-50.0,50,949.155503,0.0
-50.0,50,956.176578,0.0
-50.0,50,957.240459,0.0
-50.0,50,958.157851,0.0
-50.0,50,959.106348,0.0
-50.0,50,960.305782,0.0
-50.0,50,961.637357,0.0
-50.0,50,962.526691,0.0
-50.0,50,963.761762,0.0
-50.0,50,964.84489,0.0
-50.0,50,966.049711,0.0
-50.0,50,973.190961,0.0
-50.0,50,974.299672,0.0
-50.0,50,975.288038,0.0
-50.0,50,976.361923,0.0
-50.0,50,977.521318,0.0
-50.0,50,978.623911,0.0
-50.0,50,979.553596,0.0
-50.0,50,981.252355,0.0
-50.0,50,982.170977,0.0
-50.0,50,983.13099,0.0
-50.0,50,984.29206,0.0
-50.0,50,991.122672,0.0
-50.0,50,992.165215,0.0
-50.0,50,993.090804,0.0
-50.0,50,994.230173,0.0
-50.0,50,995.629497,0.0
-50.0,50,996.659037,0.0
-50.0,50,997.580959,0.0
-50.0,50,998.503721,0.0
-50.0,50,999.374575,0.0
-50.0,50,1000.421785,0.0
-50.0,50,1006.970014,0.0
-50.0,50,1008.419822,0.0
-50.0,50,1009.555131,0.0
-50.0,50,1010.434731,0.0
-50.0,50,1011.31937,0.0
-50.0,50,1012.368344,0.0
-50.0,50,1013.265615,0.0
-50.0,50,1014.372393,0.0
-50.0,50,1015.837518,0.0
-50.0,50,1017.036647,0.0
-50.0,50,1023.887155,0.0
-50.0,50,1025.881065,0.0
-50.0,50,1026.951771,0.0
-50.0,50,1027.93328,0.0
-50.0,50,1029.060454,0.0
-50.0,50,1030.042714,0.0
-50.0,50,1031.160857,0.0
-50.0,50,1032.19919,0.0
-50.0,50,1033.133666,0.0
-50.0,50,1034.171898,0.0
-50.0,50,1040.94839,0.0
-50.0,50,1041.913294,0.0
-50.0,50,1043.696585,0.0
-50.0,50,1044.97437,0.0
-50.0,50,1046.183158,0.0
-50.0,50,1047.46075,0.0
-50.0,50,1048.457951,0.0
-50.0,50,1049.734996,0.0
-50.0,50,1051.230628,0.0
-50.0,50,1052.162671,0.0
-50.0,50,1053.145574,0.0
-50.0,50,1059.784187,0.0
-50.0,50,1060.919069,0.0
-50.0,50,1061.867089,0.0
-50.0,50,1062.819764,0.0
-50.0,50,1063.764792,0.0
-50.0,50,1065.799917,0.0
-50.0,50,1066.718694,0.0
-50.0,50,1067.641504,0.0
-50.0,50,1068.572793,0.0
-50.0,50,1069.543726,0.0
-50.0,50,1076.4159,0.0
-50.0,50,1077.371629,0.0
-50.0,50,1078.863409,0.0
-50.0,50,1079.863851,0.0
-50.0,50,1081.060648,0.0
-50.0,50,1082.256479,0.0
-50.0,50,1083.208116,0.0
-50.0,50,1084.418925,0.0
-50.0,50,1085.647591,0.0
-50.0,50,1086.581289,0.0
-50.0,50,1093.173089,0.0
-50.0,50,1094.231146,0.0
-50.0,50,1095.203196,0.0
-50.0,50,1096.219342,0.0
-50.0,50,1097.417841,0.0
-50.0,50,1098.371511,0.0
-50.0,50,1099.304022,0.0
-50.0,50,1100.936462,0.0
-50.0,50,1101.856327,0.0
-50.0,50,1102.805765,0.0
-50.0,50,1110.338788,0.0
-50.0,50,1111.853582,0.0
-50.0,50,1112.796658,0.0
-50.0,50,1114.120043,0.0
-50.0,50,1115.115279,0.0
-50.0,50,1116.118398,0.0
-50.0,50,1117.122393,0.0
-50.0,50,1118.336337,0.0
-50.0,50,1119.514511,0.0
-50.0,50,1120.478204,0.0
-50.0,50,1121.469404,0.0
-50.0,50,1128.121735,0.0
-50.0,50,1129.137115,0.0
-50.0,50,1130.157184,0.0
-50.0,50,1131.089945,0.0
-50.0,50,1132.327943,0.0
-50.0,50,1133.874898,0.0
-50.0,50,1134.850144,0.0
-50.0,50,1135.845401,0.0
-50.0,50,1136.815004,0.0
-50.0,50,1137.736621,0.0
-50.0,50,1144.269849,0.0
-50.0,50,1145.180599,0.0
-50.0,50,1146.053804,0.0
-50.0,50,1147.143044,0.0
-50.0,50,1149.125474,0.0
-50.0,50,1150.304996,0.0
-50.0,50,1151.198794,0.0
-50.0,50,1152.216272,0.0
-50.0,50,1153.509986,0.0
-50.0,50,1154.382753,0.0
-50.0,50,1161.066105,0.0
-50.0,50,1161.947762,0.0
-50.0,50,1162.888874,0.0
-50.0,50,1164.044876,0.0
-50.0,50,1165.033317,0.0
-50.0,50,1165.961969,0.0
-50.0,50,1166.867915,0.0
-50.0,50,1168.179561,0.0
-50.0,50,1169.089458,0.0
-50.0,50,1170.014734,0.0
-50.0,50,1176.728575,0.0
-50.0,50,1177.599748,0.0
-50.0,50,1178.637108,0.0
-50.0,50,1179.550908,0.0
-50.0,50,1180.459666,0.0
-50.0,50,1181.678204,0.0
-50.0,50,1182.56143,0.0
-50.0,50,1183.68451,0.0
-50.0,50,1184.592096,0.0
-50.0,50,1186.411651,0.0
-50.0,50,1187.685944,0.0
-50.0,50,1194.719631,0.0
-50.0,50,1195.882787,0.0
-50.0,50,1196.973491,0.0
-50.0,50,1198.456289,0.0
-50.0,50,1199.344502,0.0
-50.0,50,1200.264768,0.0
-50.0,50,1201.188194,0.0
-50.0,50,1202.447522,0.0
-50.0,50,1203.367241,0.0
-50.0,50,1204.322382,0.0
-50.0,50,1210.927384,0.0
-50.0,50,1212.08613,0.0
-50.0,50,1213.020132,0.0
-50.0,50,1214.340719,0.0
-50.0,50,1215.224406,0.0
-50.0,50,1216.13916,0.0
-50.0,50,1217.030401,0.0
-50.0,50,1218.256752,0.0
-50.0,50,1219.31755,0.0
-50.0,50,1220.20893,0.0
-50.0,50,1227.524965,0.0
-50.0,50,1228.513964,0.0
-50.0,50,1229.449856,0.0
-50.0,50,1231.320639,0.0
-50.0,50,1232.191742,0.0
-50.0,50,1233.348162,0.0
-50.0,50,1234.298689,0.0
-50.0,50,1235.248814,0.0
-50.0,50,1236.214961,0.0
-50.0,50,1237.157,0.0
-50.0,50,1243.81926,0.0
-50.0,50,1244.76678,0.0
-50.0,50,1245.772051,0.0
-50.0,50,1246.727196,0.0
-50.0,50,1247.849306,0.0
-50.0,50,1248.754598,0.0
-50.0,50,1249.98841,0.0
-50.0,50,1250.876386,0.0
-50.0,50,1251.914749,0.0
-50.0,50,1252.836172,0.0
-50.0,50,1253.767152,0.0
-50.0,50,1260.515181,0.0
-50.0,50,1261.468576,0.0
-50.0,50,1262.37307,0.0
-50.0,50,1263.454908,0.0
-50.0,50,1264.459467,0.0
-50.0,50,1265.3453,0.0
-50.0,50,1266.644732,0.0
-50.0,50,1268.785495,0.0
-50.0,50,1270.116394,0.0
-50.0,50,1271.21309,0.0
-50.0,50,1277.975646,0.0
-50.0,50,1278.838342,0.0
-50.0,50,1279.82468,0.0
-50.0,50,1281.040627,0.0
-50.0,50,1281.944437,0.0
-50.0,50,1282.84317,0.0
-50.0,50,1283.790929,0.0
-50.0,50,1284.896001,0.0
-50.0,50,1285.792248,0.0
-50.0,50,1286.68308,0.0
-50.0,50,1293.6684,0.0
-50.0,50,1294.576758,0.0
-50.0,50,1295.530511,0.0
-50.0,50,1296.47614,0.0
-50.0,50,1297.516756,0.0
-50.0,50,1298.400161,0.0
-50.0,50,1299.383085,0.0
-50.0,50,1300.350859,0.0
-50.0,50,1301.294402,0.0
-50.0,50,1302.375298,0.0
-50.0,50,1309.027142,0.0
-50.0,50,1309.972978,0.0
-50.0,50,1311.944627,0.0
-50.0,50,1313.157532,0.0
-50.0,50,1314.431817,0.0
-50.0,50,1315.458548,0.0
-50.0,50,1316.679191,0.0
-50.0,50,1317.593298,0.0
-50.0,50,1318.491944,0.0
-50.0,50,1319.581858,0.0
-50.0,50,1326.257922,0.0
-50.0,50,1327.273029,0.0
-50.0,50,1328.278325,0.0
-50.0,50,1329.157428,0.0
-50.0,50,1330.260032,0.0
-50.0,50,1331.203002,0.0
-50.0,50,1332.12138,0.0
-50.0,50,1333.066552,0.0
-50.0,50,1334.206022,0.0
-50.0,50,1335.179048,0.0
-50.0,50,1336.143686,0.0
-50.0,50,1343.17795,0.0
-50.0,50,1344.343478,0.0
-50.0,50,1345.309329,0.0
-50.0,50,1346.736168,0.0
-50.0,50,1347.635318,0.0
-50.0,50,1348.63269,0.0
-50.0,50,1350.751737,0.0
-50.0,50,1351.703003,0.0
-50.0,50,1352.620358,0.0
-50.0,50,1353.733923,0.0
-50.0,50,1360.669072,0.0
-50.0,50,1361.67507,0.0
-50.0,50,1362.585666,0.0
-50.0,50,1363.475569,0.0
-50.0,50,1364.401866,0.0
-50.0,50,1365.492961,0.0
-50.0,50,1366.944002,0.0
-50.0,50,1368.401331,0.0
-50.0,50,1369.442871,0.0
-50.0,50,1370.54382,0.0
-50.0,50,1377.118145,0.0
-50.0,50,1378.571118,0.0
-50.0,50,1379.469727,0.0
-50.0,50,1380.403891,0.0
-50.0,50,1381.332562,0.0
-50.0,50,1382.337223,0.0
-50.0,50,1383.307734,0.0
-50.0,50,1384.214234,0.0
-50.0,50,1385.266011,0.0
-50.0,50,1386.438986,0.0
-50.0,50,1393.391291,0.0
-50.0,50,1395.487661,0.0
-50.0,50,1396.428266,0.0
-50.0,50,1397.319562,0.0
-50.0,50,1398.492716,0.0
-50.0,50,1399.429104,0.0
-50.0,50,1400.303619,0.0
-50.0,50,1401.208893,0.0
-50.0,50,1402.137667,0.0
-50.0,50,1403.019565,0.0
-50.0,50,1403.927487,0.0
-50.0,50,1410.943275,0.0
-50.0,50,1411.929928,0.0
-50.0,50,1413.223727,0.0
-50.0,50,1414.271538,0.0
-50.0,50,1415.348241,0.0
-50.0,50,1416.545942,0.0
-50.0,50,1417.935951,0.0
-50.0,50,1418.802059,0.0
-50.0,50,1419.802543,0.0
-50.0,50,1420.845485,0.0
-50.0,50,1427.551326,0.0
-50.0,50,1428.488596,0.0
-50.0,50,1429.709308,0.0
-50.0,50,1430.816149,0.0
-50.0,50,1431.895803,0.0
-50.0,50,1434.015957,0.0
-50.0,50,1435.116715,0.0
-50.0,50,1436.343958,0.0
-50.0,50,1437.808496,0.0
-50.0,50,1438.750251,0.0
-50.0,50,1445.4328,0.0
-50.0,50,1446.442867,0.0
-50.0,50,1447.387717,0.0
-50.0,50,1448.675743,0.0
-50.0,50,1449.765102,0.0
-50.0,50,1450.850095,0.0
-50.0,50,1451.93167,0.0
-50.0,50,1453.068548,0.0
-50.0,50,1454.301954,0.0
-50.0,50,1455.58735,0.0
-50.0,50,1462.423088,0.0
-50.0,50,1463.43574,0.0
-50.0,50,1464.388773,0.0
-50.0,50,1465.36416,0.0
-50.0,50,1466.316968,0.0
-50.0,50,1467.308783,0.0
-50.0,50,1468.294844,0.0
-50.0,50,1469.546913,0.0
-50.0,50,1470.533265,0.0
-50.0,50,1471.428929,0.0
-50.0,50,1473.278159,0.0
-50.0,50,1480.273263,0.0
-50.0,50,1481.224492,0.0
-50.0,50,1482.215826,0.0
-50.0,50,1483.146845,0.0
-50.0,50,1484.164633,0.0
-50.0,50,1485.130508,0.0
-50.0,50,1486.236049,0.0
-50.0,50,1487.304294,0.0
-50.0,50,1488.208097,0.0
-50.0,50,1489.08159,0.0
-50.0,50,1495.747311,0.0
-50.0,50,1496.61506,0.0
-50.0,50,1497.513699,0.0
-50.0,50,1498.616402,0.0
-50.0,50,1500.130943,0.0
-50.0,50,1501.037271,0.0
-50.0,50,1501.921991,0.0
-50.0,50,1502.940999,0.0
-50.0,50,1503.962559,0.0
-50.0,50,1504.952241,0.0
-50.0,50,1511.51872,0.0
-50.0,50,1512.39222,0.0
-50.0,50,1513.395583,0.0
-50.0,50,1514.429684,0.0
-50.0,50,1516.065353,0.0
-50.0,50,1517.008646,0.0
-50.0,50,1517.874817,0.0
-50.0,50,1518.735382,0.0
-50.0,50,1519.798244,0.0
-50.0,50,1520.693222,0.0
-50.0,50,1527.563871,0.0
-50.0,50,1528.577348,0.0
-50.0,50,1530.001311,0.0
-50.0,50,1530.905807,0.0
-50.0,50,1532.124759,0.0
-50.0,50,1533.324404,0.0
-50.0,50,1534.534205,0.0
-50.0,50,1535.638177,0.0
-50.0,50,1536.65242,0.0
-50.0,50,1537.981452,0.0
-50.0,50,1539.051764,0.0
-50.0,50,1545.766419,0.0
-50.0,50,1546.707334,0.0
-50.0,50,1548.170027,0.0
-50.0,50,1549.337843,0.0
-50.0,50,1550.328638,0.0
-50.0,50,1551.328465,0.0
-50.0,50,1552.205461,0.0
-50.0,50,1553.101738,0.0
-50.0,50,1555.098672,0.0
-50.0,50,1556.754226,0.0
-50.0,50,1563.412977,0.0
-50.0,50,1564.343428,0.0
-50.0,50,1565.302128,0.0
-50.0,50,1566.245777,0.0
-50.0,50,1567.51668,0.0
-50.0,50,1568.527895,0.0
-50.0,50,1569.508832,0.0
-50.0,50,1570.424274,0.0
-50.0,50,1571.472722,0.0
-50.0,50,1572.70221,0.0
-50.0,50,1579.752901,0.0
-50.0,50,1580.797012,0.0
-50.0,50,1581.776829,0.0
-50.0,50,1582.855865,0.0
-50.0,50,1583.880264,0.0
-50.0,50,1584.815382,0.0
-50.0,50,1585.731526,0.0
-50.0,50,1586.647186,0.0
-50.0,50,1587.571738,0.0
-50.0,50,1588.553403,0.0
-50.0,50,1595.358823,0.0
-50.0,50,1596.290728,0.0
-50.0,50,1597.371908,0.0
-50.0,50,1599.126086,0.0
-50.0,50,1600.308046,0.0
-50.0,50,1601.259783,0.0
-50.0,50,1602.199642,0.0
-50.0,50,1603.264117,0.0
-50.0,50,1604.16977,0.0
-50.0,50,1605.391919,0.0
-50.0,50,1606.284287,0.0
-50.0,50,1613.252689,0.0
-50.0,50,1614.260843,0.0
-50.0,50,1615.390629,0.0
-50.0,50,1616.41605,0.0
-50.0,50,1617.649698,0.0
-50.0,50,1618.631529,0.0
-50.0,50,1619.589058,0.0
-50.0,50,1620.55514,0.0
-50.0,50,1621.488595,0.0
-50.0,50,1622.378728,0.0
-50.0,50,1629.060927,0.0
-50.0,50,1630.101038,0.0
-50.0,50,1631.055559,0.0
-50.0,50,1631.914298,0.0
-50.0,50,1632.829166,0.0
-50.0,50,1633.784275,0.0
-50.0,50,1634.67636,0.0
-50.0,50,1636.6155,0.0
-50.0,50,1637.624567,0.0
-50.0,50,1638.884089,0.0
-50.0,50,1645.809688,0.0
-50.0,50,1647.206349,0.0
-50.0,50,1648.405061,0.0
-50.0,50,1649.303501,0.0
-50.0,50,1650.217947,0.0
-50.0,50,1651.264526,0.0
-50.0,50,1652.523707,0.0
-50.0,50,1653.483284,0.0
-50.0,50,1654.575915,0.0
-50.0,50,1655.514178,0.0
-50.0,50,1662.34801,0.0
-50.0,50,1663.709292,0.0
-50.0,50,1664.769854,0.0
-50.0,50,1665.669758,0.0
-50.0,50,1666.742587,0.0
-50.0,50,1667.859927,0.0
-50.0,50,1668.761976,0.0
-50.0,50,1669.98106,0.0
-50.0,50,1671.168824,0.0
-50.0,50,1672.087436,0.0
-50.0,50,1673.016119,0.0
-50.0,50,1679.655528,0.0
-50.0,50,1681.605987,0.0
-50.0,50,1682.744612,0.0
-50.0,50,1684.651013,0.0
-50.0,50,1685.588755,0.0
-50.0,50,1686.683591,0.0
-50.0,50,1687.566148,0.0
-50.0,50,1688.752148,0.0
-50.0,50,1689.661829,0.0
-50.0,50,1690.562845,0.0
-50.0,50,1697.240731,0.0
-50.0,50,1698.111565,0.0
-50.0,50,1698.990192,0.0
-50.0,50,1699.932341,0.0
-50.0,50,1700.821789,0.0
-50.0,50,1701.699827,0.0
-50.0,50,1702.578477,0.0
-50.0,50,1703.638456,0.0
-50.0,50,1704.499812,0.0
-50.0,50,1705.41486,0.0
-50.0,50,1712.091516,0.0
-50.0,50,1712.967577,0.0
-50.0,50,1714.260533,0.0
-50.0,50,1715.15634,0.0
-50.0,50,1716.073816,0.0
-50.0,50,1717.254501,0.0
-50.0,50,1718.875937,0.0
-50.0,50,1720.220658,0.0
-50.0,50,1721.578005,0.0
-50.0,50,1722.694762,0.0
-50.0,50,1729.343902,0.0
-50.0,50,1730.219439,0.0
-50.0,50,1731.325828,0.0
-50.0,50,1732.198014,0.0
-50.0,50,1733.112658,0.0
-50.0,50,1734.285844,0.0
-50.0,50,1735.384102,0.0
-50.0,50,1736.342228,0.0
-50.0,50,1737.269348,0.0
-50.0,50,1738.44502,0.0
-50.0,50,1745.157186,0.0
-50.0,50,1746.115404,0.0
-50.0,50,1747.352549,0.0
-50.0,50,1748.235588,0.0
-50.0,50,1749.397403,0.0
-50.0,50,1750.419983,0.0
-50.0,50,1751.365667,0.0
-50.0,50,1752.256241,0.0
-50.0,50,1753.326209,0.0
-50.0,50,1754.251229,0.0
-50.0,50,1755.186035,0.0
-50.0,50,1762.615746,0.0
-50.0,50,1764.025884,0.0
-50.0,50,1765.060729,0.0
-50.0,50,1766.001721,0.0
-50.0,50,1767.022991,0.0
-50.0,50,1767.901145,0.0
-50.0,50,1768.826536,0.0
-50.0,50,1769.948205,0.0
-50.0,50,1771.109792,0.0
-50.0,50,1772.183979,0.0
-50.0,50,1778.780823,0.0
-50.0,50,1779.947458,0.0
-50.0,50,1780.826125,0.0
-50.0,50,1781.764423,0.0
-50.0,50,1782.711158,0.0
-50.0,50,1784.150655,0.0
-50.0,50,1785.380337,0.0
-50.0,50,1786.29761,0.0
-50.0,50,1787.243113,0.0
-50.0,50,1788.2047,0.0
-50.0,50,1794.895776,0.0
-50.0,50,1795.861611,0.0
-50.0,50,1797.410005,0.0
-50.0,50,1798.483199,0.0
-50.0,50,1799.895656,0.0
-50.0,50,1801.836355,0.0
-50.0,50,1803.244689,0.0
-50.0,50,1804.569717,0.0
-50.0,50,1805.55084,0.0
-50.0,50,1806.594529,0.0
-50.0,50,1813.191468,0.0
-50.0,50,1814.363607,0.0
-50.0,50,1815.548019,0.0
-50.0,50,1817.094549,0.0
-50.0,50,1818.195717,0.0
-50.0,50,1819.122921,0.0
-50.0,50,1820.184872,0.0
-50.0,50,1821.429338,0.0
-50.0,50,1822.518497,0.0
-50.0,50,1823.714358,0.0
-50.0,50,1824.758786,0.0
-50.0,50,1831.30783,0.0
-50.0,50,1832.251733,0.0
-50.0,50,1833.184596,0.0
-50.0,50,1834.591931,0.0
-50.0,50,1835.924272,0.0
-50.0,50,1836.879162,0.0
-50.0,50,1837.891895,0.0
-50.0,50,1838.910887,0.0
-50.0,50,1839.847342,0.0
-50.0,50,1841.677619,0.0
-50.0,50,1848.36245,0.0
-50.0,50,1849.352831,0.0
-50.0,50,1850.300912,0.0
-50.0,50,1851.502035,0.0
-50.0,50,1852.544861,0.0
-50.0,50,1853.653769,0.0
-50.0,50,1854.820011,0.0
-50.0,50,1855.880699,0.0
-50.0,50,1857.001828,0.0
-50.0,50,1857.992023,0.0
-50.0,50,1864.665985,0.0
-50.0,50,1865.845111,0.0
-50.0,50,1866.712529,0.0
-50.0,50,1867.716734,0.0
-50.0,50,1868.816032,0.0
-50.0,50,1870.053705,0.0
-50.0,50,1871.071835,0.0
-50.0,50,1871.961433,0.0
-50.0,50,1873.283002,0.0
-50.0,50,1874.485932,0.0
-50.0,50,1881.159786,0.0
-50.0,50,1882.365748,0.0
-50.0,50,1883.488251,0.0
-50.0,50,1884.462355,0.0
-50.0,50,1886.148568,0.0
-50.0,50,1887.046081,0.0
-50.0,50,1888.357024,0.0
-50.0,50,1889.247563,0.0
-50.0,50,1890.181881,0.0
-50.0,50,1891.108878,0.0
-50.0,50,1892.03668,0.0
-50.0,50,1898.781065,0.0
-50.0,50,1900.293955,0.0
-50.0,50,1901.318972,0.0
-50.0,50,1902.255472,0.0
-50.0,50,1903.136815,0.0
-50.0,50,1904.225653,0.0
-50.0,50,1905.484211,0.0
-50.0,50,1906.888866,0.0
-50.0,50,1908.003506,0.0
-50.0,50,1909.137573,0.0
-50.0,50,1915.987346,0.0
-50.0,50,1917.08396,0.0
-50.0,50,1918.502076,0.0
-50.0,50,1919.595335,0.0
-50.0,50,1920.554763,0.0
-50.0,50,1921.444014,0.0
-50.0,50,1922.326189,0.0
-50.0,50,1923.200049,0.0
-50.0,50,1924.871047,0.0
-50.0,50,1925.877582,0.0
-50.0,50,1932.503661,0.0
-50.0,50,1933.432448,0.0
-50.0,50,1934.607381,0.0
-50.0,50,1935.874515,0.0
-50.0,50,1936.709912,0.0
-50.0,50,1937.879625,0.0
-50.0,50,1938.823123,0.0
-50.0,50,1939.712425,0.0
-50.0,50,1940.818726,0.0
-50.0,50,1941.714465,0.0
-50.0,50,1948.09123,0.0
-50.0,50,1949.07608,0.0
-50.0,50,1950.08359,0.0
-50.0,50,1951.030069,0.0
-50.0,50,1952.345227,0.0
-50.0,50,1953.280364,0.0
-50.0,50,1954.508157,0.0
-50.0,50,1955.839317,0.0
-50.0,50,1957.451832,0.0
-50.0,50,1958.559954,0.0
-50.0,50,1959.887039,0.0
-50.0,50,1966.795743,0.0
-50.0,50,1967.950886,0.0
-50.0,50,1969.667619,0.0
-50.0,50,1970.804306,0.0
-50.0,50,1971.759192,0.0
-50.0,50,1973.436929,0.0
-50.0,50,1974.443213,0.0
-50.0,50,1975.522839,0.0
-50.0,50,1976.521852,0.0
-50.0,50,1977.75065,0.0
-50.0,50,1985.071953,0.0
-50.0,50,1986.358068,0.0
-50.0,50,1987.231592,0.0
-50.0,50,1988.08445,0.0
-50.0,50,1989.14873,0.0
-50.0,50,1990.112596,0.0
-50.0,50,1990.960268,0.0
-50.0,50,1991.841434,0.0
-50.0,50,1992.723358,0.0
-50.0,50,1993.651989,0.0
-50.0,50,2000.274175,0.0
-50.0,50,2001.988233,0.0
-50.0,50,2002.930193,0.0
-50.0,50,2004.134771,0.0
-50.0,50,2005.082589,0.0
-50.0,50,2006.071974,0.0
-50.0,50,2007.015363,0.0
-50.0,50,2008.758705,0.0
-50.0,50,2009.760332,0.0
-50.0,50,2010.88664,0.0
-50.0,50,2017.78858,0.0
-50.0,50,2018.68173,0.0
-50.0,50,2019.810504,0.0
-50.0,50,2020.798789,0.0
-50.0,50,2021.868163,0.0
-50.0,50,2022.905261,0.0
-50.0,50,2023.801622,0.0
-50.0,50,2024.939615,0.0
-50.0,50,2025.864328,0.0
-50.0,50,2027.166471,0.0
-50.0,50,2028.03367,0.0
-50.0,50,2034.611649,0.0
-50.0,50,2035.965756,0.0
-50.0,50,2037.162131,0.0
-50.0,50,2038.308926,0.0
-50.0,50,2039.280304,0.0
-50.0,50,2040.263816,0.0
-50.0,50,2041.179335,0.0
-50.0,50,2042.356931,0.0
-50.0,50,2043.336401,0.0
-50.0,50,2044.26579,0.0
-50.0,50,2050.934363,0.0
-50.0,50,2053.141675,0.0
-50.0,50,2054.121254,0.0
-50.0,50,2054.988804,0.0
-50.0,50,2055.941523,0.0
-50.0,50,2057.205893,0.0
-50.0,50,2058.128731,0.0
-50.0,50,2059.070591,0.0
-50.0,50,2059.968354,0.0
-50.0,50,2061.025336,0.0
-50.0,50,2067.707935,0.0
-50.0,50,2068.615729,0.0
-50.0,50,2069.756097,0.0
-50.0,50,2070.974307,0.0
-50.0,50,2071.837168,0.0
-50.0,50,2073.306463,0.0
-50.0,50,2074.359558,0.0
-50.0,50,2075.759817,0.0
-50.0,50,2076.666375,0.0
-50.0,50,2077.553922,0.0
-50.0,50,2084.476339,0.0
-50.0,50,2085.321971,0.0
-50.0,50,2086.233684,0.0
-50.0,50,2087.133873,0.0
-50.0,50,2088.037474,0.0
-50.0,50,2088.971283,0.0
-50.0,50,2090.533202,0.0
-50.0,50,2091.491695,0.0
-50.0,50,2092.530354,0.0
-50.0,50,2093.459806,0.0
-50.0,50,2094.346399,0.0
-50.0,50,2101.711803,0.0
-50.0,50,2102.617173,0.0
-50.0,50,2103.541312,0.0
-50.0,50,2104.48497,0.0
-50.0,50,2105.72708,0.0
-50.0,50,2106.681503,0.0
-50.0,50,2107.668309,0.0
-50.0,50,2108.832468,0.0
-50.0,50,2109.799036,0.0
-50.0,50,2110.895221,0.0
-50.0,50,2117.97736,0.0
-50.0,50,2119.010407,0.0
-50.0,50,2119.951406,0.0
-50.0,50,2121.293366,0.0
-50.0,50,2122.444803,0.0
-50.0,50,2123.501631,0.0
-50.0,50,2124.567093,0.0
-50.0,50,2125.826214,0.0
-50.0,50,2127.092333,0.0
-50.0,50,2128.086972,0.0
-50.0,50,2136.074293,0.0
-50.0,50,2137.494644,0.0
-50.0,50,2138.377153,0.0
-50.0,50,2139.33717,0.0
-50.0,50,2140.373941,0.0
-50.0,50,2141.297119,0.0
-50.0,50,2142.185698,0.0
-50.0,50,2143.075094,0.0
-50.0,50,2143.952287,0.0
-50.0,50,2144.927148,0.0
-50.0,50,2151.78388,0.0
-50.0,50,2152.917814,0.0
-50.0,50,2153.878986,0.0
-50.0,50,2154.966331,0.0
-50.0,50,2156.36521,0.0
-50.0,50,2157.646549,0.0
-50.0,50,2158.592469,0.0
-50.0,50,2159.571982,0.0
-50.0,50,2160.741522,0.0
-50.0,50,2161.757624,0.0
-50.0,50,2167.074273,0.0
-50.0,50,2168.161268,0.0
-50.0,50,2169.262475,0.0
-50.0,50,2170.548408,0.0
-50.0,50,2171.502467,0.0
-50.0,50,2173.237517,0.0
-50.0,50,2174.196123,0.0
-50.0,50,2175.147171,0.0
-50.0,50,2176.699103,0.0
-50.0,50,2178.112387,0.0
-50.0,50,2179.420361,0.0
-50.0,50,2186.367166,0.0
-50.0,50,2187.576195,0.0
-50.0,50,2189.008091,0.0
-50.0,50,2190.223373,0.0
-50.0,50,2191.372866,0.0
-50.0,50,2192.654879,0.0
-50.0,50,2193.582515,0.0
-50.0,50,2194.717275,0.0
-50.0,50,2195.877665,0.0
-50.0,50,2196.897046,0.0
-50.0,50,2203.574899,0.0
-50.0,50,2204.655114,0.0
-50.0,50,2205.877609,0.0
-50.0,50,2206.890933,0.0
-50.0,50,2207.906848,0.0
-50.0,50,2208.903136,0.0
-50.0,50,2209.880939,0.0
-50.0,50,2211.088257,0.0
-50.0,50,2212.520605,0.0
-50.0,50,2214.696615,0.0
-50.0,50,2221.3814,0.0
-50.0,50,2222.284083,0.0
-50.0,50,2223.518863,0.0
-50.0,50,2224.919828,0.0
-50.0,50,2225.839102,0.0
-50.0,50,2226.729134,0.0
-50.0,50,2227.924796,0.0
-50.0,50,2229.4953,0.0
-50.0,50,2230.657658,0.0
-50.0,50,2231.780098,0.0
-50.0,50,2238.280262,0.0
-50.0,50,2239.341847,0.0
-50.0,50,2240.740849,0.0
-50.0,50,2241.865573,0.0
-50.0,50,2242.785131,0.0
-50.0,50,2243.727544,0.0
-50.0,50,2244.701343,0.0
-50.0,50,2245.794292,0.0
-50.0,50,2246.719252,0.0
-50.0,50,2247.652074,0.0
-50.0,50,2248.755075,0.0
-50.0,50,2255.304334,0.0
-50.0,50,2256.161319,0.0
-50.0,50,2257.187992,0.0
-50.0,50,2258.973091,0.0
-50.0,50,2260.090931,0.0
-50.0,50,2261.034113,0.0
-50.0,50,2261.981495,0.0
-50.0,50,2263.135542,0.0
-50.0,50,2264.068021,0.0
-50.0,50,2265.022179,0.0
-50.0,50,2271.65815,0.0
-50.0,50,2273.098888,0.0
-50.0,50,2273.990479,0.0
-50.0,50,2275.121306,0.0
-50.0,50,2276.016705,0.0
-50.0,50,2277.018301,0.0
-50.0,50,2277.941162,0.0
-50.0,50,2278.927874,0.0
-50.0,50,2279.921109,0.0
-50.0,50,2280.8438,0.0
-50.0,50,2287.883455,0.0
-50.0,50,2288.826031,0.0
-50.0,50,2290.190198,0.0
-50.0,50,2291.163534,0.0
-50.0,50,2292.161312,0.0
-50.0,50,2293.161587,0.0
-50.0,50,2294.327549,0.0
-50.0,50,2295.341327,0.0
-50.0,50,2297.05968,0.0
-50.0,50,2297.9272,0.0
-50.0,50,2304.848607,0.0
-50.0,50,2305.776928,0.0
-50.0,50,2307.038184,0.0
-50.0,50,2308.229763,0.0
-50.0,50,2309.587673,0.0
-50.0,50,2310.664976,0.0
-50.0,50,2311.895754,0.0
-50.0,50,2312.981705,0.0
-50.0,50,2314.420122,0.0
-50.0,50,2315.558575,0.0
-50.0,50,2316.887704,0.0
-50.0,50,2323.967522,0.0
-50.0,50,2325.030096,0.0
-50.0,50,2326.340451,0.0
-50.0,50,2327.628555,0.0
-50.0,50,2328.742184,0.0
-50.0,50,2330.257749,0.0
-50.0,50,2331.291708,0.0
-50.0,50,2332.393156,0.0
-50.0,50,2335.147322,0.0
-50.0,50,2338.709344,0.0
-50.0,50,2354.769464,0.0
-50.0,50,2359.192616,0.0
-50.0,50,2367.549273,0.0
-50.0,50,2371.812488,0.0
-50.0,50,2375.623555,0.0
-50.0,50,2380.361394,0.0
-50.0,50,2384.156811,0.0
-50.0,50,2388.342882,0.0
-50.0,50,2392.66564,0.0
-50.0,50,2396.061647,0.0
-50.0,50,2409.681789,0.0
-50.0,50,2414.229351,0.0
-50.0,50,2420.435549,0.0
-50.0,50,2424.660544,0.0
-50.0,50,2429.240297,0.0
-50.0,50,2432.707459,0.0
-50.0,50,2436.791123,0.0
-50.0,50,2440.072177,0.0
-50.0,50,2443.778369,0.0
-50.0,50,2447.492197,0.0
-50.0,50,2462.736785,0.0
-50.0,50,2467.319781,0.0
-50.0,50,2471.643106,0.0
-50.0,50,2476.704202,0.0
-50.0,50,2481.095614,0.0
-50.0,50,2485.779617,0.0
-50.0,50,2489.4077,0.0
-50.0,50,2497.000276,0.0
-50.0,50,2500.36861,0.0
-50.0,50,2505.251006,0.0
-50.0,50,2509.467307,0.0
-50.0,50,2523.950129,0.0
-50.0,50,2527.41712,0.0
-50.0,50,2531.051246,0.0
-50.0,50,2535.067534,0.0
-50.0,50,2539.088598,0.0
-50.0,50,2542.789858,0.0
-50.0,50,2546.06582,0.0
-50.0,50,2549.756301,0.0
-50.0,50,2553.475735,0.0
-50.0,50,2557.37049,0.0
-50.0,50,2575.090432,0.0
-50.0,50,2580.572129,0.0
-50.0,50,2584.689762,0.0
-50.0,50,2588.062113,0.0
-50.0,50,2591.767939,0.0
-50.0,50,2595.518886,0.0
-50.0,50,2599.608716,0.0
-50.0,50,2603.853146,0.0
-50.0,50,2607.367706,0.0
-50.0,50,2611.147499,0.0
-50.0,50,2625.573435,0.0
-50.0,50,2627.447499,0.0
-50.0,50,2628.407784,0.0
-50.0,50,2629.700307,0.0
-50.0,50,2630.6179,0.0
-50.0,50,2631.756147,0.0
-50.0,50,2632.664133,0.0
-50.0,50,2633.723623,0.0
-50.0,50,2634.680435,0.0
-50.0,50,2636.130247,0.0
-50.0,50,2639.626655,0.0
-50.0,50,2640.598011,0.0
-50.0,50,2641.631246,0.0
-50.0,50,2642.545042,0.0
-50.0,50,2643.531636,0.0
-50.0,50,2645.256747,0.0
-50.0,50,2646.687973,0.0
-50.0,50,2647.650163,0.0
-50.0,50,2648.550781,0.0
-50.0,50,2649.619931,0.0
-50.0,50,2650.568363,0.0
-50.0,50,2653.936713,0.0
-50.0,50,2654.823233,0.0
-50.0,50,2655.752122,0.0
-50.0,50,2656.901144,0.0
-50.0,50,2658.034821,0.0
-50.0,50,2660.512169,0.0
-50.0,50,2661.480025,0.0
-50.0,50,2662.493608,0.0
-50.0,50,2663.561824,0.0
-50.0,50,2664.6092,0.0
-50.0,50,2669.958641,0.0
-50.0,50,2670.880201,0.0
-50.0,50,2671.843654,0.0
-50.0,50,2672.961023,0.0
-50.0,50,2674.006125,0.0
-50.0,50,2674.967913,0.0
-50.0,50,2676.093855,0.0
-50.0,50,2677.366575,0.0
-50.0,50,2678.477006,0.0
-50.0,50,2679.518914,0.0
-50.0,50,2683.311067,0.0
-50.0,50,2684.583416,0.0
-50.0,50,2685.702807,0.0
-50.0,50,2686.912084,0.0
-50.0,50,2687.957327,0.0
-50.0,50,2689.28873,0.0
-50.0,50,2690.269825,0.0
-50.0,50,2691.94188,0.0
-50.0,50,2693.27514,0.0
-50.0,50,2694.303648,0.0
-50.0,50,2702.152232,0.0
-50.0,50,2703.368927,0.0
-50.0,50,2704.623057,0.0
-50.0,50,2705.881453,0.0
-50.0,50,2706.892554,0.0
-50.0,50,2708.016408,0.0
-50.0,50,2709.115534,0.0
-50.0,50,2710.310078,0.0
-50.0,50,2711.406809,0.0
-50.0,50,2712.504283,0.0
-50.0,50,2713.503218,0.0
-50.0,50,2722.601541,0.0
-50.0,50,2725.555963,0.0
-50.0,50,2728.522033,0.0
-50.0,50,2731.575976,0.0
-50.0,50,2736.576456,0.0
-50.0,50,2739.535005,0.0
-50.0,50,2742.348189,0.0
-50.0,50,2745.82322,0.0
-50.0,50,2749.47542,0.0
-50.0,50,2752.498374,0.0
-50.0,50,2763.122833,0.0
-50.0,50,2767.286594,0.0
-50.0,50,2771.205497,0.0
-50.0,50,2774.387248,0.0
-50.0,50,2780.20106,0.0
-50.0,50,2784.8091,0.0
-50.0,50,2787.864728,0.0
-50.0,50,2790.348946,0.0
-50.0,50,2794.190782,0.0
-50.0,50,2796.921566,0.0
-50.0,50,2806.893397,0.0
-50.0,50,2809.874024,0.0
-50.0,50,2812.61464,0.0
-50.0,50,2815.715427,0.0
-50.0,50,2818.639105,0.0
-50.0,50,2821.874215,0.0
-50.0,50,2825.522619,0.0
-50.0,50,2828.9757,0.0
-50.0,50,2832.473085,0.0
-50.0,50,2834.097207,0.0
-50.0,50,2841.036115,0.0
-50.0,50,2842.118623,0.0
-50.0,50,2843.014256,0.0
-50.0,50,2844.112842,0.0
-50.0,50,2845.062115,0.0
-50.0,50,2846.122335,0.0
-50.0,50,2847.119415,0.0
-50.0,50,2848.035114,0.0
-50.0,50,2849.154169,0.0
-50.0,50,2851.214159,0.0
-50.0,50,2857.865692,0.0
-50.0,50,2858.864313,0.0
-50.0,50,2859.837342,0.0
-50.0,50,2860.904327,0.0
-50.0,50,2862.266038,0.0
-50.0,50,2863.202665,0.0
-50.0,50,2864.26314,0.0
-50.0,50,2865.540361,0.0
-50.0,50,2866.710318,0.0
-50.0,50,2867.731964,0.0
-50.0,50,2868.804546,0.0
-50.0,50,2875.599267,0.0
-50.0,50,2876.763083,0.0
-50.0,50,2877.862901,0.0
-50.0,50,2878.835775,0.0
-50.0,50,2879.932132,0.0
-50.0,50,2880.947343,0.0
-50.0,50,2881.958381,0.0
-50.0,50,2882.939803,0.0
-50.0,50,2884.067846,0.0
-50.0,50,2885.022549,0.0
-50.0,50,2891.659594,0.0
-50.0,50,2892.763674,0.0
-50.0,50,2893.651464,0.0
-50.0,50,2895.648718,0.0
-50.0,50,2896.585201,0.0
-50.0,50,2897.470178,0.0
-50.0,50,2898.365362,0.0
-50.0,50,2899.503676,0.0
-50.0,50,2900.492728,0.0
-50.0,50,2901.540027,0.0
-50.0,50,2905.047941,0.0
-50.0,50,2906.102256,0.0
-50.0,50,2907.233142,0.0
-50.0,50,2908.186713,0.0
-50.0,50,2909.155054,0.0
-50.0,50,2910.159169,0.0
-50.0,50,2911.31163,0.0
-50.0,50,2912.292031,0.0
-50.0,50,2913.332393,0.0
-50.0,50,2914.47258,0.0
-50.0,50,2921.150302,0.0
-50.0,50,2922.24068,0.0
-50.0,50,2923.12193,0.0
-50.0,50,2923.970211,0.0
-50.0,50,2925.049919,0.0
-50.0,50,2925.956531,0.0
-50.0,50,2926.830393,0.0
-50.0,50,2927.771738,0.0
-50.0,50,2929.603657,0.0
-50.0,50,2931.02784,0.0
-50.0,50,2932.179035,0.0
-50.0,50,2939.351269,0.0
-50.0,50,2940.261057,0.0
-50.0,50,2941.488441,0.0
-50.0,50,2942.458287,0.0
-50.0,50,2943.496561,0.0
-50.0,50,2944.542485,0.0
-50.0,50,2945.62203,0.0
-50.0,50,2946.811809,0.0
-50.0,50,2948.085755,0.0
-50.0,50,2949.027843,0.0
-50.0,50,2955.809759,0.0
-50.0,50,2956.952845,0.0
-50.0,50,2957.9004,0.0
-50.0,50,2958.839355,0.0
-50.0,50,2959.714794,0.0
-50.0,50,2960.64614,0.0
-50.0,50,2961.532061,0.0
-50.0,50,2962.651506,0.0
-50.0,50,2963.914233,0.0
-50.0,50,2964.82792,0.0
-50.0,50,2971.464782,0.0
-50.0,50,2972.657506,0.0
-50.0,50,2974.316883,0.0
-50.0,50,2975.490501,0.0
-50.0,50,2976.776494,0.0
-50.0,50,2977.997502,0.0
-50.0,50,2978.864771,0.0
-50.0,50,2979.7986,0.0
-50.0,50,2980.792806,0.0
-50.0,50,2981.727867,0.0
-50.0,50,2988.399251,0.0
-50.0,50,2989.468849,0.0
-50.0,50,2990.442203,0.0
-50.0,50,2991.641519,0.0
-50.0,50,2992.60238,0.0
-50.0,50,2993.612451,0.0
-50.0,50,2994.538748,0.0
-50.0,50,2995.735937,0.0
-50.0,50,2997.18001,0.0
-50.0,50,2998.169014,0.0
-50.0,50,2999.323113,0.0
-50.0,50,3005.973051,0.0
-50.0,50,3006.921858,0.0
-50.0,50,3008.024835,0.0
-50.0,50,3009.107992,0.0
-50.0,50,3010.226822,0.0
-50.0,50,3011.244655,0.0
-50.0,50,3013.053422,0.0
-50.0,50,3013.930064,0.0
-50.0,50,3015.426622,0.0
-50.0,50,3016.417554,0.0
-50.0,50,3023.074425,0.0
-50.0,50,3024.046434,0.0
-50.0,50,3025.227315,0.0
-50.0,50,3026.568788,0.0
-50.0,50,3027.529156,0.0
-50.0,50,3028.466568,0.0
-50.0,50,3029.433082,0.0
-50.0,50,3030.60988,0.0
-50.0,50,3031.526284,0.0
-50.0,50,3032.446771,0.0
-50.0,50,3039.288087,0.0
-50.0,50,3040.32278,0.0
-50.0,50,3041.253504,0.0
-50.0,50,3042.210305,0.0
-50.0,50,3043.133277,0.0
-50.0,50,3044.045634,0.0
-50.0,50,3044.97949,0.0
-50.0,50,3046.290302,0.0
-50.0,50,3047.334844,0.0
-50.0,50,3048.971213,0.0
-50.0,50,3055.920563,0.0
-50.0,50,3057.896566,0.0
-50.0,50,3058.787758,0.0
-50.0,50,3059.746001,0.0
-50.0,50,3060.945429,0.0
-50.0,50,3061.895844,0.0
-50.0,50,3062.996206,0.0
-50.0,50,3064.328176,0.0
-50.0,50,3065.44982,0.0
-50.0,50,3066.384394,0.0
-50.0,50,3067.308146,0.0
-50.0,50,3074.100771,0.0
-50.0,50,3075.015135,0.0
-50.0,50,3076.251169,0.0
-50.0,50,3077.520191,0.0
-50.0,50,3078.692089,0.0
-50.0,50,3079.84015,0.0
-50.0,50,3080.988761,0.0
-50.0,50,3082.553431,0.0
-50.0,50,3083.491851,0.0
-50.0,50,3084.449309,0.0
-50.0,50,3091.574481,0.0
-50.0,50,3092.530967,0.0
-50.0,50,3093.595793,0.0
-50.0,50,3094.582815,0.0
-50.0,50,3095.766905,0.0
-50.0,50,3097.531883,0.0
-50.0,50,3098.842509,0.0
-50.0,50,3099.7651,0.0
-50.0,50,3100.712248,0.0
-50.0,50,3101.622881,0.0
-50.0,50,3108.33673,0.0
-50.0,50,3109.406834,0.0
-50.0,50,3110.368152,0.0
-50.0,50,3111.292724,0.0
-50.0,50,3112.265611,0.0
-50.0,50,3113.455101,0.0
-50.0,50,3114.520893,0.0
-50.0,50,3115.477818,0.0
-50.0,50,3116.577812,0.0
-50.0,50,3118.010451,0.0
-50.0,50,3124.869028,0.0
-50.0,50,3125.904612,0.0
-50.0,50,3126.800305,0.0
-50.0,50,3127.917019,0.0
-50.0,50,3129.145876,0.0
-50.0,50,3130.085446,0.0
-50.0,50,3131.097984,0.0
-50.0,50,3132.12875,0.0
-50.0,50,3133.1297,0.0
-50.0,50,3134.48181,0.0
-50.0,50,3136.215314,0.0
-50.0,50,3143.067581,0.0
-50.0,50,3144.037543,0.0
-50.0,50,3145.084719,0.0
-50.0,50,3146.188753,0.0
-50.0,50,3147.326967,0.0
-50.0,50,3148.512192,0.0
-50.0,50,3149.511971,0.0
-50.0,50,3150.832869,0.0
-50.0,50,3152.151989,0.0
-50.0,50,3153.33498,0.0
-50.0,50,3160.035715,0.0
-50.0,50,3161.003481,0.0
-50.0,50,3162.059207,0.0
-50.0,50,3163.551351,0.0
-50.0,50,3164.438172,0.0
-50.0,50,3165.657243,0.0
-50.0,50,3166.663516,0.0
-50.0,50,3167.867748,0.0
-50.0,50,3169.10103,0.0
-50.0,50,3170.236839,0.0
-50.0,50,3176.994079,0.0
-50.0,50,3177.973493,0.0
-50.0,50,3178.886801,0.0
-50.0,50,3179.829308,0.0
-50.0,50,3181.907995,0.0
-50.0,50,3183.263474,0.0
-50.0,50,3184.394777,0.0
-50.0,50,3185.535445,0.0
-50.0,50,3186.859552,0.0
-50.0,50,3187.746277,0.0
-50.0,50,3194.500141,0.0
-50.0,50,3195.747138,0.0
-50.0,50,3196.830997,0.0
-50.0,50,3197.893816,0.0
-50.0,50,3198.800868,0.0
-50.0,50,3199.763617,0.0
-50.0,50,3200.696472,0.0
-50.0,50,3201.767757,0.0
-50.0,50,3202.746789,0.0
-50.0,50,3204.048339,0.0
-50.0,50,3204.977999,0.0
-50.0,50,3211.947744,0.0
-50.0,50,3213.077853,0.0
-50.0,50,3214.0165,0.0
-50.0,50,3215.035293,0.0
-50.0,50,3216.142374,0.0
-50.0,50,3217.125676,0.0
-50.0,50,3218.13551,0.0
-50.0,50,3219.290409,0.0
-50.0,50,3221.283444,0.0
-50.0,50,3222.315722,0.0
-50.0,50,3229.250514,0.0
-50.0,50,3230.265089,0.0
-50.0,50,3231.412484,0.0
-50.0,50,3232.400704,0.0
-50.0,50,3233.413653,0.0
-50.0,50,3234.370078,0.0
-50.0,50,3235.335203,0.0
-50.0,50,3236.259224,0.0
-50.0,50,3237.221656,0.0
-50.0,50,3238.157639,0.0
-50.0,50,3244.904069,0.0
-50.0,50,3245.945836,0.0
-50.0,50,3246.942956,0.0
-50.0,50,3248.183961,0.0
-50.0,50,3249.450054,0.0
-50.0,50,3250.601318,0.0
-50.0,50,3251.723131,0.0
-50.0,50,3252.695655,0.0
-50.0,50,3253.664048,0.0
-50.0,50,3254.901278,0.0
-50.0,50,3261.783569,0.0
-50.0,50,3262.740619,0.0
-50.0,50,3264.094198,0.0
-50.0,50,3265.956295,0.0
-50.0,50,3267.264917,0.0
-50.0,50,3268.412635,0.0
-50.0,50,3269.529048,0.0
-50.0,50,3270.527343,0.0
-50.0,50,3271.92106,0.0
-50.0,50,3273.205978,0.0
-50.0,50,3279.996787,0.0
-50.0,50,3281.136648,0.0
-50.0,50,3282.072368,0.0
-50.0,50,3283.026683,0.0
-50.0,50,3283.963217,0.0
-50.0,50,3284.968887,0.0
-50.0,50,3286.048254,0.0
-50.0,50,3287.363965,0.0
-50.0,50,3288.576542,0.0
-50.0,50,3289.657604,0.0
-50.0,50,3290.788273,0.0
-50.0,50,3297.6303,0.0
-50.0,50,3298.595476,0.0
-50.0,50,3299.591355,0.0
-50.0,50,3300.491116,0.0
-50.0,50,3301.457864,0.0
-50.0,50,3302.484201,0.0
-50.0,50,3303.820326,0.0
-50.0,50,3306.073623,0.0
-50.0,50,3307.202523,0.0
-50.0,50,3308.33583,0.0
-50.0,50,3315.266872,0.0
-50.0,50,3316.476592,0.0
-50.0,50,3317.348153,0.0
-50.0,50,3318.505461,0.0
-50.0,50,3319.834452,0.0
-50.0,50,3320.863688,0.0
-50.0,50,3322.087193,0.0
-50.0,50,3323.362366,0.0
-50.0,50,3324.435559,0.0
-50.0,50,3325.53095,0.0
-50.0,50,3332.290435,0.0
-50.0,50,3333.251804,0.0
-50.0,50,3334.263792,0.0
-50.0,50,3335.245265,0.0
-50.0,50,3336.669478,0.0
-50.0,50,3337.788297,0.0
-50.0,50,3338.87741,0.0
-50.0,50,3339.93164,0.0
-50.0,50,3341.239277,0.0
-50.0,50,3342.325655,0.0
-50.0,50,3349.20425,0.0
-50.0,50,3350.246685,0.0
-50.0,50,3351.993105,0.0
-50.0,50,3353.155833,0.0
-50.0,50,3354.333075,0.0
-50.0,50,3355.316024,0.0
-50.0,50,3356.352515,0.0
-50.0,50,3357.625186,0.0
-50.0,50,3358.888035,0.0
-50.0,50,3359.966875,0.0
-50.0,50,3361.103914,0.0
-50.0,50,3367.822007,0.0
-50.0,50,3368.771383,0.0
-50.0,50,3369.962257,0.0
-50.0,50,3370.958946,0.0
-50.0,50,3372.023702,0.0
-50.0,50,3373.075814,0.0
-50.0,50,3374.373864,0.0
-50.0,50,3375.379337,0.0
-50.0,50,3376.391727,0.0
-50.0,50,3377.647809,0.0
-50.0,50,3384.708788,0.0
-50.0,50,3386.029433,0.0
-50.0,50,3387.256048,0.0
-50.0,50,3388.379611,0.0
-50.0,50,3389.404138,0.0
-50.0,50,3390.461501,0.0
-50.0,50,3392.411278,0.0
-50.0,50,3393.343513,0.0
-50.0,50,3394.330947,0.0
-50.0,50,3395.515973,0.0
-50.0,50,3402.233606,0.0
-50.0,50,3403.596455,0.0
-50.0,50,3404.755315,0.0
-50.0,50,3406.008034,0.0
-50.0,50,3407.106111,0.0
-50.0,50,3408.039034,0.0
-50.0,50,3409.070003,0.0
-50.0,50,3410.339119,0.0
-50.0,50,3411.444869,0.0
-50.0,50,3412.55351,0.0
-50.0,50,3419.44346,0.0
-50.0,50,3420.409587,0.0
-50.0,50,3421.35684,0.0
-50.0,50,3422.443617,0.0
-50.0,50,3423.423789,0.0
-50.0,50,3424.420773,0.0
-50.0,50,3425.683306,0.0
-50.0,50,3426.783897,0.0
-50.0,50,3427.882634,0.0
-50.0,50,3429.103981,0.0
-50.0,50,3430.129434,0.0
-50.0,50,3434.539876,0.0
-50.0,50,3435.664937,0.0
-50.0,50,3436.706579,0.0
-50.0,50,3437.757222,0.0
-50.0,50,3438.74357,0.0
-50.0,50,3439.730419,0.0
-50.0,50,3440.775023,0.0
-50.0,50,3441.704686,0.0
-50.0,50,3442.680805,0.0
-50.0,50,3443.764366,0.0
-50.0,50,3447.180936,0.0
-50.0,50,3448.35886,0.0
-50.0,50,3449.37313,0.0
-50.0,50,3450.456038,0.0
-50.0,50,3451.673126,0.0
-50.0,50,3453.297258,0.0
-50.0,50,3454.502462,0.0
-50.0,50,3455.542279,0.0
-50.0,50,3456.782392,0.0
-50.0,50,3457.809295,0.0
-50.0,50,3461.192792,0.0
-50.0,50,3462.222557,0.0
-50.0,50,3463.396931,0.0
-50.0,50,3464.478711,0.0
-50.0,50,3465.576264,0.0
-50.0,50,3467.806943,0.0
-50.0,50,3468.869674,0.0
-50.0,50,3469.922264,0.0
-50.0,50,3470.972812,0.0
-50.0,50,3472.153818,0.0
-50.0,50,3475.667778,0.0
-50.0,50,3476.618233,0.0
-50.0,50,3477.691182,0.0
-50.0,50,3479.19298,0.0
-50.0,50,3480.438506,0.0
-50.0,50,3481.508695,0.0
-50.0,50,3482.601678,0.0
-50.0,50,3483.565909,0.0
-50.0,50,3484.612522,0.0
-50.0,50,3485.681,0.0
-50.0,50,3486.605819,0.0
-50.0,50,3490.313129,0.0
-50.0,50,3491.29965,0.0
-50.0,50,3492.345672,0.0
-50.0,50,3493.441202,0.0
-50.0,50,3494.470037,0.0
-50.0,50,3495.412758,0.0
-50.0,50,3496.378639,0.0
-50.0,50,3497.432781,0.0
-50.0,50,3498.711517,0.0
-50.0,50,3500.565055,0.0
-50.0,50,3504.304345,0.0
-50.0,50,3505.773137,0.0
-50.0,50,3507.199756,0.0
-50.0,50,3508.612651,0.0
-50.0,50,3509.605229,0.0
-50.0,50,3510.530123,0.0
-50.0,50,3511.699559,0.0
-50.0,50,3512.924298,0.0
-50.0,50,3514.000682,0.0
-50.0,50,3515.252203,0.0
-50.0,50,3518.627711,0.0
-50.0,50,3519.527862,0.0
-50.0,50,3520.459193,0.0
-50.0,50,3521.636545,0.0
-50.0,50,3523.154252,0.0
-50.0,50,3524.2425,0.0
-50.0,50,3525.409888,0.0
-50.0,50,3526.913542,0.0
-50.0,50,3528.116012,0.0
-50.0,50,3529.072727,0.0
-50.0,50,3532.579298,0.0
-50.0,50,3534.036638,0.0
-50.0,50,3535.158764,0.0
-50.0,50,3536.683692,0.0
-50.0,50,3538.84045,0.0
-50.0,50,3539.877441,0.0
-50.0,50,3540.880387,0.0
-50.0,50,3542.08629,0.0
-50.0,50,3543.107949,0.0
-50.0,50,3544.49909,0.0
-50.0,50,3545.638457,0.0
-50.0,50,3549.167003,0.0
-50.0,50,3550.585634,0.0
-50.0,50,3551.592391,0.0
-50.0,50,3552.509915,0.0
-50.0,50,3553.485237,0.0
-50.0,50,3554.840142,0.0
-50.0,50,3555.799208,0.0
-50.0,50,3556.890812,0.0
-50.0,50,3558.152121,0.0
-50.0,50,3559.302124,0.0
-50.0,50,3563.057015,0.0
-50.0,50,3564.205748,0.0
-50.0,50,3565.418315,0.0
-50.0,50,3566.430674,0.0
-50.0,50,3567.384473,0.0
-50.0,50,3568.326413,0.0
-50.0,50,3569.260389,0.0
-50.0,50,3570.282126,0.0
-50.0,50,3572.018623,0.0
-50.0,50,3572.981814,0.0
-50.0,50,3576.751529,0.0
-50.0,50,3577.659865,0.0
-50.0,50,3578.639322,0.0
-50.0,50,3579.71591,0.0
-50.0,50,3580.676684,0.0
-50.0,50,3582.074567,0.0
-50.0,50,3583.34073,0.0
-50.0,50,3585.00792,0.0
-50.0,50,3586.081337,0.0
-50.0,50,3587.260702,0.0
-50.0,50,3590.837505,0.0
-50.0,50,3591.816543,0.0
-50.0,50,3593.051539,0.0
-50.0,50,3594.02578,0.0
-50.0,50,3595.336354,0.0
-50.0,50,3596.610433,0.0
-50.0,50,3597.69262,0.0
-50.0,50,3598.607092,0.0
-50.0,50,3599.52135,0.0
-50.0,50,3600.644961,0.0
-50.0,50,3601.6118,0.0
-50.0,50,3605.160863,0.0
-50.0,50,3606.114366,0.0
-50.0,50,3608.060224,0.0
-50.0,50,3609.019899,0.0
-50.0,50,3610.198644,0.0
-50.0,50,3611.164253,0.0
-50.0,50,3612.175866,0.0
-50.0,50,3613.08459,0.0
-50.0,50,3614.066335,0.0
-50.0,50,3615.006937,0.0
-50.0,50,3618.437751,0.0
-50.0,50,3619.562561,0.0
-50.0,50,3620.6118,0.0
-50.0,50,3621.587585,0.0
-50.0,50,3622.543441,0.0
-50.0,50,3623.606042,0.0
-50.0,50,3624.554837,0.0
-50.0,50,3625.722868,0.0
-50.0,50,3626.645012,0.0
-50.0,50,3627.72314,0.0
-50.0,50,3631.345639,0.0
-50.0,50,3632.308029,0.0
-50.0,50,3633.228222,0.0
-50.0,50,3634.173226,0.0
-50.0,50,3635.185024,0.0
-50.0,50,3636.091285,0.0
-50.0,50,3637.040531,0.0
-50.0,50,3639.064966,0.0
-50.0,50,3640.012033,0.0
-50.0,50,3640.960494,0.0
-50.0,50,3644.36744,0.0
-50.0,50,3645.426164,0.0
-50.0,50,3646.390658,0.0
-50.0,50,3647.53411,0.0
-50.0,50,3648.442386,0.0
-50.0,50,3649.437058,0.0
-50.0,50,3650.466408,0.0
-50.0,50,3651.511984,0.0
-50.0,50,3652.481403,0.0
-50.0,50,3653.450607,0.0
-50.0,50,3656.909421,0.0
-50.0,50,3657.838423,0.0
-50.0,50,3658.785739,0.0
-50.0,50,3659.777766,0.0
-50.0,50,3660.766066,0.0
-50.0,50,3661.951043,0.0
-50.0,50,3662.960904,0.0
-50.0,50,3663.953161,0.0
-50.0,50,3665.006297,0.0
-50.0,50,3665.983104,0.0
-50.0,50,3666.990247,0.0
-50.0,50,3670.400045,0.0
-50.0,50,3672.099745,0.0
-50.0,50,3673.024773,0.0
-50.0,50,3673.884558,0.0
-50.0,50,3674.90047,0.0
-50.0,50,3676.092505,0.0
-50.0,50,3677.300622,0.0
-50.0,50,3678.263458,0.0
-50.0,50,3679.335167,0.0
-50.0,50,3680.473083,0.0
-50.0,50,3684.389971,0.0
-50.0,50,3685.534022,0.0
-50.0,50,3686.438517,0.0
-50.0,50,3687.781964,0.0
-50.0,50,3688.853827,0.0
-50.0,50,3690.183342,0.0
-50.0,50,3691.546939,0.0
-50.0,50,3692.7232,0.0
-50.0,50,3693.859318,0.0
-50.0,50,3695.025108,0.0
-50.0,50,3698.450689,0.0
-50.0,50,3699.405654,0.0
-50.0,50,3700.482002,0.0
-50.0,50,3701.48132,0.0
-50.0,50,3702.369171,0.0
-50.0,50,3703.649352,0.0
-50.0,50,3705.552079,0.0
-50.0,50,3706.798738,0.0
-50.0,50,3707.695647,0.0
-50.0,50,3708.989645,0.0
-50.0,50,3712.411216,0.0
-50.0,50,3713.360159,0.0
-50.0,50,3714.237278,0.0
-50.0,50,3715.180155,0.0
-50.0,50,3716.303236,0.0
-50.0,50,3717.488702,0.0
-50.0,50,3718.35377,0.0
-50.0,50,3719.321108,0.0
-50.0,50,3720.305461,0.0
-50.0,50,3721.491746,0.0
-50.0,50,3722.519211,0.0
-50.0,50,3726.002234,0.0
-50.0,50,3726.938009,0.0
-50.0,50,3727.840554,0.0
-50.0,50,3728.752714,0.0
-50.0,50,3729.870579,0.0
-50.0,50,3730.793138,0.0
-50.0,50,3731.776143,0.0
-50.0,50,3732.864152,0.0
-50.0,50,3734.168045,0.0
-50.0,50,3735.094202,0.0
-50.0,50,3739.485731,0.0
-50.0,50,3740.442612,0.0
-50.0,50,3741.384305,0.0
-50.0,50,3742.320868,0.0
-50.0,50,3743.408607,0.0
-50.0,50,3744.541682,0.0
-50.0,50,3745.471036,0.0
-50.0,50,3746.548043,0.0
-50.0,50,3747.800004,0.0
-50.0,50,3748.834797,0.0
-50.0,50,3752.241361,0.0
-50.0,50,3753.138318,0.0
-50.0,50,3754.188776,0.0
-50.0,50,3755.249699,0.0
-50.0,50,3756.38999,0.0
-50.0,50,3757.378043,0.0
-50.0,50,3758.30381,0.0
-50.0,50,3759.449682,0.0
-50.0,50,3760.427835,0.0
-50.0,50,3761.605579,0.0
-50.0,50,3768.448052,0.0
-50.0,50,3769.409303,0.0
-50.0,50,3770.415827,0.0
-50.0,50,3771.392201,0.0
-50.0,50,3772.687965,0.0
-50.0,50,3774.805129,0.0
-50.0,50,3775.841486,0.0
-50.0,50,3777.109713,0.0
-50.0,50,3778.112834,0.0
-50.0,50,3779.393457,0.0
-50.0,50,3780.400863,0.0
-50.0,50,3787.226642,0.0
-50.0,50,3788.310607,0.0
-50.0,50,3789.427068,0.0
-50.0,50,3790.653486,0.0
-50.0,50,3791.684314,0.0
-50.0,50,3792.691809,0.0
-50.0,50,3793.628396,0.0
-50.0,50,3795.097596,0.0
-50.0,50,3796.068166,0.0
-50.0,50,3797.125984,0.0
-50.0,50,3804.011585,0.0
-50.0,50,3805.033719,0.0
-50.0,50,3806.056132,0.0
-50.0,50,3806.964232,0.0
-50.0,50,3808.035562,0.0
-50.0,50,3809.099157,0.0
-50.0,50,3810.081969,0.0
-50.0,50,3811.167082,0.0
-50.0,50,3812.125524,0.0
-50.0,50,3814.022467,0.0
-50.0,50,3820.726941,0.0
-50.0,50,3822.155252,0.0
-50.0,50,3823.271241,0.0
-50.0,50,3824.403804,0.0
-50.0,50,3825.590288,0.0
-50.0,50,3826.58343,0.0
-50.0,50,3827.821938,0.0
-50.0,50,3828.825195,0.0
-50.0,50,3829.795395,0.0
-50.0,50,3831.034519,0.0
-50.0,50,3837.831193,0.0
-50.0,50,3838.800794,0.0
-50.0,50,3839.756662,0.0
-50.0,50,3841.113366,0.0
-50.0,50,3842.272396,0.0
-50.0,50,3843.284617,0.0
-50.0,50,3844.609738,0.0
-50.0,50,3845.798729,0.0
-50.0,50,3846.825503,0.0
-50.0,50,3848.064962,0.0
-50.0,50,3848.997339,0.0
-50.0,50,3855.688089,0.0
-50.0,50,3857.009445,0.0
-50.0,50,3858.026994,0.0
-50.0,50,3859.81046,0.0
-50.0,50,3860.796606,0.0
-50.0,50,3861.906615,0.0
-50.0,50,3862.845079,0.0
-50.0,50,3864.107505,0.0
-50.0,50,3865.100662,0.0
-50.0,50,3866.138879,0.0
-50.0,50,3873.05428,0.0
-50.0,50,3874.451808,0.0
-50.0,50,3875.68118,0.0
-50.0,50,3876.682488,0.0
-50.0,50,3877.603746,0.0
-50.0,50,3878.532036,0.0
-50.0,50,3879.428457,0.0
-50.0,50,3880.67414,0.0
-50.0,50,3881.816186,0.0
-50.0,50,3882.836475,0.0
-50.0,50,3889.010346,0.0
-50.0,50,3890.13359,0.0
-50.0,50,3891.579459,0.0
-50.0,50,3892.595927,0.0
-50.0,50,3894.007771,0.0
-50.0,50,3895.180624,0.0
-50.0,50,3896.300513,0.0
-50.0,50,3897.569533,0.0
-50.0,50,3899.631327,0.0
-50.0,50,3900.603729,0.0
-50.0,50,3907.291127,0.0
-50.0,50,3908.356359,0.0
-50.0,50,3909.441405,0.0
-50.0,50,3910.917379,0.0
-50.0,50,3911.941159,0.0
-50.0,50,3912.930674,0.0
-50.0,50,3913.922475,0.0
-50.0,50,3914.939413,0.0
-50.0,50,3915.988999,0.0
-50.0,50,3916.942626,0.0
-50.0,50,3918.079289,0.0
-50.0,50,3924.867187,0.0
-50.0,50,3925.777825,0.0
-50.0,50,3926.829405,0.0
-50.0,50,3927.814779,0.0
-50.0,50,3929.001952,0.0
-50.0,50,3930.126442,0.0
-50.0,50,3931.310572,0.0
-50.0,50,3932.533877,0.0
-50.0,50,3933.677704,0.0
-50.0,50,3934.746719,0.0
-50.0,50,3941.658799,0.0
-50.0,50,3942.781198,0.0
-50.0,50,3944.471901,0.0
-50.0,50,3945.522551,0.0
-50.0,50,3946.475033,0.0
-50.0,50,3947.55413,0.0
-50.0,50,3948.502378,0.0
-50.0,50,3949.706879,0.0
-50.0,50,3950.882874,0.0
-50.0,50,3951.949433,0.0
-50.0,50,3958.675524,0.0
-50.0,50,3959.640077,0.0
-50.0,50,3960.62589,0.0
-50.0,50,3961.766327,0.0
-50.0,50,3963.017432,0.0
-50.0,50,3964.164957,0.0
-50.0,50,3965.177201,0.0
-50.0,50,3966.400714,0.0
-50.0,50,3967.721933,0.0
-50.0,50,3968.824462,0.0
-50.0,50,3975.552675,0.0
-50.0,50,3976.542884,0.0
-50.0,50,3977.506289,0.0
-50.0,50,3978.750325,0.0
-50.0,50,3979.799115,0.0
-50.0,50,3980.962815,0.0
-50.0,50,3982.016967,0.0
-50.0,50,3984.316602,0.0
-50.0,50,3985.949278,0.0
-50.0,50,3987.332511,0.0
-50.0,50,3988.59209,0.0
-50.0,50,3995.67423,0.0
-50.0,50,3997.004155,0.0
-50.0,50,3998.776428,0.0
-50.0,50,3999.768852,0.0
-50.0,50,4001.053167,0.0
-50.0,50,4002.209664,0.0
-50.0,50,4003.243247,0.0
-50.0,50,4004.619913,0.0
-50.0,50,4005.613273,0.0
-50.0,50,4006.939511,0.0
-50.0,50,4013.801382,0.0
-50.0,50,4014.728357,0.0
-50.0,50,4016.086958,0.0
-50.0,50,4017.335319,0.0
-50.0,50,4018.342063,0.0
-50.0,50,4019.320251,0.0
-50.0,50,4020.378995,0.0
-50.0,50,4021.654078,0.0
-50.0,50,4023.053834,0.0
-50.0,50,4024.038174,0.0
-50.0,50,4030.820179,0.0
-50.0,50,4032.954477,0.0
-50.0,50,4033.873957,0.0
-50.0,50,4035.02665,0.0
-50.0,50,4035.998587,0.0
-50.0,50,4037.076854,0.0
-50.0,50,4038.063111,0.0
-50.0,50,4039.193501,0.0
-50.0,50,4040.486267,0.0
-50.0,50,4041.690044,0.0
-50.0,50,4048.767267,0.0
-50.0,50,4049.89181,0.0
-50.0,50,4050.949912,0.0
-50.0,50,4052.143041,0.0
-50.0,50,4053.367793,0.0
-50.0,50,4054.321392,0.0
-50.0,50,4055.383183,0.0
-50.0,50,4056.715826,0.0
-50.0,50,4057.93917,0.0
-50.0,50,4059.262858,0.0
-50.0,50,4066.074834,0.0
-50.0,50,4067.293818,0.0
-50.0,50,4068.33884,0.0
-50.0,50,4069.769847,0.0
-50.0,50,4070.717016,0.0
-50.0,50,4071.710947,0.0
-50.0,50,4073.438933,0.0
-50.0,50,4074.55005,0.0
-50.0,50,4075.557005,0.0
-50.0,50,4076.560316,0.0
-50.0,50,4077.534442,0.0
-50.0,50,4084.294349,0.0
-50.0,50,4085.335095,0.0
-50.0,50,4086.615402,0.0
-50.0,50,4087.51846,0.0
-50.0,50,4088.470015,0.0
-50.0,50,4089.364923,0.0
-50.0,50,4090.301991,0.0
-50.0,50,4091.261958,0.0
-50.0,50,4092.351014,0.0
-50.0,50,4093.383765,0.0
-50.0,50,4100.078414,0.0
-50.0,50,4101.453731,0.0
-50.0,50,4102.565096,0.0
-50.0,50,4103.855588,0.0
-50.0,50,4105.301594,0.0
-50.0,50,4106.436057,0.0
-50.0,50,4107.664293,0.0
-50.0,50,4109.085061,0.0
-50.0,50,4110.437001,0.0
-50.0,50,4111.623177,0.0
-50.0,50,4119.404577,0.0
-50.0,50,4120.541153,0.0
-50.0,50,4121.589701,0.0
-50.0,50,4122.7122,0.0
-50.0,50,4123.7281,0.0
-50.0,50,4124.808968,0.0
-50.0,50,4126.047675,0.0
-50.0,50,4127.097957,0.0
-50.0,50,4128.168213,0.0
-50.0,50,4129.239163,0.0
-50.0,50,4136.397164,0.0
-50.0,50,4137.395931,0.0
-50.0,50,4138.328721,0.0
-50.0,50,4139.295682,0.0
-50.0,50,4140.190197,0.0
-50.0,50,4141.497161,0.0
-50.0,50,4142.519082,0.0
-50.0,50,4143.439557,0.0
-50.0,50,4144.386,0.0
-50.0,50,4145.418068,0.0
-50.0,50,4146.584777,0.0
-50.0,50,4153.272591,0.0
-50.0,50,4154.222349,0.0
-50.0,50,4155.210915,0.0
-50.0,50,4156.487063,0.0
-50.0,50,4158.881362,0.0
-50.0,50,4159.927769,0.0
-50.0,50,4161.295771,0.0
-50.0,50,4162.340587,0.0
-50.0,50,4163.326873,0.0
-50.0,50,4164.364999,0.0
-50.0,50,4171.186492,0.0
-50.0,50,4172.218166,0.0
-50.0,50,4173.357528,0.0
-50.0,50,4174.404435,0.0
-50.0,50,4175.557364,0.0
-50.0,50,4176.868677,0.0
-50.0,50,4177.91623,0.0
-50.0,50,4178.996613,0.0
-50.0,50,4180.330983,0.0
-50.0,50,4181.488077,0.0
-50.0,50,4188.621491,0.0
-50.0,50,4189.729721,0.0
-50.0,50,4190.900302,0.0
-50.0,50,4192.125978,0.0
-50.0,50,4193.420749,0.0
-50.0,50,4194.364622,0.0
-50.0,50,4195.358249,0.0
-50.0,50,4196.38644,0.0
-50.0,50,4197.398006,0.0
-50.0,50,4199.135015,0.0
-50.0,50,4206.112601,0.0
-50.0,50,4207.181633,0.0
-50.0,50,4208.105221,0.0
-50.0,50,4209.387296,0.0
-50.0,50,4210.460786,0.0
-50.0,50,4211.510748,0.0
-50.0,50,4212.456593,0.0
-50.0,50,4213.6192,0.0
-50.0,50,4214.657826,0.0
-50.0,50,4215.818154,0.0
-50.0,50,4216.986231,0.0
-50.0,50,4223.756161,0.0
-50.0,50,4224.693483,0.0
-50.0,50,4225.694,0.0
-50.0,50,4226.708021,0.0
-50.0,50,4227.6387,0.0
-50.0,50,4228.756852,0.0
-50.0,50,4229.85856,0.0
-50.0,50,4230.834089,0.0
-50.0,50,4231.846899,0.0
-50.0,50,4233.106783,0.0
-50.0,50,4240.044926,0.0
-50.0,50,4241.263999,0.0
-50.0,50,4242.453988,0.0
-50.0,50,4244.84876,0.0
-50.0,50,4245.802438,0.0
-50.0,50,4246.786403,0.0
-50.0,50,4247.974676,0.0
-50.0,50,4248.946095,0.0
-50.0,50,4249.912182,0.0
-50.0,50,4251.101632,0.0
-50.0,50,4258.213157,0.0
-50.0,50,4259.319038,0.0
-50.0,50,4260.271929,0.0
-50.0,50,4261.289668,0.0
-50.0,50,4262.195389,0.0
-50.0,50,4263.441137,0.0
-50.0,50,4264.556773,0.0
-50.0,50,4265.92925,0.0
-50.0,50,4266.977623,0.0
-50.0,50,4268.035295,0.0
-50.0,50,4274.945717,0.0
-50.0,50,4276.009215,0.0
-50.0,50,4277.214828,0.0
-50.0,50,4278.304959,0.0
-50.0,50,4279.667475,0.0
-50.0,50,4280.893961,0.0
-50.0,50,4281.819745,0.0
-50.0,50,4282.81076,0.0
-50.0,50,4284.706531,0.0
-50.0,50,4285.745012,0.0
-50.0,50,4286.99184,0.0
-50.0,50,4293.708232,0.0
-50.0,50,4294.809652,0.0
-50.0,50,4295.966897,0.0
-50.0,50,4296.90501,0.0
-50.0,50,4297.8642,0.0
-50.0,50,4299.045591,0.0
-50.0,50,4300.044284,0.0
-50.0,50,4300.996717,0.0
-50.0,50,4301.979175,0.0
-50.0,50,4303.110061,0.0
-50.0,50,4309.794801,0.0
-50.0,50,4310.827319,0.0
-50.0,50,4311.770868,0.0
-50.0,50,4312.973876,0.0
-50.0,50,4313.915078,0.0
-50.0,50,4315.048242,0.0
-50.0,50,4316.163038,0.0
-50.0,50,4317.459214,0.0
-50.0,50,4318.357217,0.0
-50.0,50,4319.49527,0.0
-50.0,50,4325.966599,0.0
-50.0,50,4326.971148,0.0
-50.0,50,4328.870506,0.0
-50.0,50,4329.869534,0.0
-50.0,50,4330.817006,0.0
-50.0,50,4331.809017,0.0
-50.0,50,4332.787388,0.0
-50.0,50,4333.909708,0.0
-50.0,50,4334.896874,0.0
-50.0,50,4335.990404,0.0
