#{"t_start": 1649960487.863674, "env_id": "PandaReach-v2"}
r,l,t,is_success
-31.858569,50,1.30156,0.0
-34.039423,50,2.198853,0.0
-6.026879,50,3.206197,0.0
-7.439022,50,4.133717,0.0
-11.269444,50,5.281188,0.0
-8.133839,50,6.318451,0.0
-8.628006,50,7.280691,0.0
-21.930924,50,8.481869,0.0
-15.15743,50,9.669092,0.0
-19.288897,50,10.562725,0.0
-22.576932,50,17.274832,0.0
-13.608954,50,18.499231,0.0
-23.018017,50,19.409142,0.0
-12.620686,50,20.557193,0.0
-23.991688,50,21.760944,0.0
-6.441647,50,22.946888,0.0
-14.968157,50,23.839896,0.0
-28.374334,50,24.754551,0.0
-13.372555,50,25.793679,0.0
-26.736864,50,27.126505,0.0
-9.220465,50,33.986263,0.0
-19.596011,50,34.890846,0.0
-15.785753,50,36.030346,0.0
-10.45142,50,36.940548,0.0
-16.761337,50,37.905257,0.0
-6.57376,50,39.964889,0.0
-21.2412,50,40.860135,0.0
-18.087765,50,41.76038,0.0
-17.928716,50,43.046025,0.0
-22.827809,50,43.956242,0.0
-10.782932,50,50.703295,0.0
-19.792558,50,52.024801,0.0
-22.952346,50,52.97362,0.0
-14.157495,50,53.910769,0.0
-15.456475,50,54.842654,0.0
-9.741316,50,55.736297,0.0
-7.429883,50,57.151399,0.0
-26.895709,50,58.104135,0.0
-14.039992,50,59.046571,0.0
-15.274822,50,60.221318,0.0
-15.802765,50,67.014013,0.0
-21.598009,50,67.982983,0.0
-16.106243,50,68.94906,0.0
-18.385332,50,70.154822,0.0
-15.898184,50,71.11152,0.0
-17.021333,50,72.245479,0.0
-11.185202,50,73.234572,0.0
-18.716595,50,74.185439,0.0
-20.967609,50,75.098527,0.0
-14.637276,50,76.431519,0.0
-9.380076,50,79.095123,0.0
-20.056153,50,86.128488,0.0
-4.717118,50,87.427215,0.0
-16.924318,50,88.396572,0.0
-5.995064,50,89.549091,0.0
-7.504456,50,90.465567,0.0
-10.914738,50,91.414704,0.0
-11.041209,50,92.608428,0.0
-14.53648,50,93.757542,0.0
-21.592745,50,94.689572,0.0
-8.364496,50,95.615932,0.0
-9.238137,50,102.373384,0.0
-27.311829,50,103.506672,0.0
-10.371612,50,104.397404,0.0
-8.330247,50,105.270275,0.0
-8.072685,50,106.263668,0.0
-18.632444,50,107.666913,0.0
-21.70392,50,108.98598,0.0
-16.548519,50,110.306944,0.0
-22.985581,50,111.6379,0.0
-7.569803,50,112.908558,0.0
-14.516942,50,119.626061,0.0
-16.425742,50,121.284398,0.0
-10.14386,50,122.510547,0.0
-15.166839,50,123.618965,0.0
-15.06184,50,126.189643,0.0
-11.062871,50,127.117838,0.0
-19.09297,50,128.050425,0.0
-8.756646,50,128.973344,0.0
-8.492048,50,129.857841,0.0
-16.761927,50,131.013442,0.0
-7.726318,50,134.902543,0.0
-5.816851,50,135.96279,0.0
-4.562257,50,136.983486,0.0
-17.200915,50,137.912586,0.0
-11.120331,50,138.821605,0.0
-6.581645,50,139.750143,0.0
-5.163988,50,140.678559,0.0
-6.255675,50,141.630958,0.0
-4.443368,38,142.344048,1.0
-19.828247,50,143.31889,0.0
-10.275197,50,144.23073,0.0
-11.142159,50,150.068794,0.0
-7.163346,50,150.984338,0.0
-6.777574,50,152.164315,0.0
-6.985424,50,153.238281,0.0
-15.993958,50,154.788562,0.0
-5.322714,50,156.218186,0.0
-10.359526,50,157.217935,0.0
-19.863604,50,158.206332,0.0
-6.15462,50,160.088209,0.0
-17.653704,50,161.265663,0.0
-12.515942,50,168.110626,0.0
-14.840016,50,169.226742,0.0
-4.114929,23,169.735317,1.0
-10.77132,50,170.873716,0.0
-14.278295,50,171.856148,0.0
-10.037393,50,172.801499,0.0
-9.067979,50,173.735727,0.0
-5.725197,50,174.662205,0.0
-5.313676,50,175.767819,0.0
-5.112324,50,176.71607,0.0
-12.094981,50,177.981547,0.0
-4.795199,50,184.956029,0.0
-5.488558,50,186.154062,0.0
-13.296078,50,187.075618,0.0
-8.939369,50,188.242938,0.0
-16.477018,50,189.515805,0.0
-4.752167,50,190.542443,0.0
-8.878372,50,191.650067,0.0
-10.954992,50,192.532495,0.0
-8.648874,50,193.404232,0.0
-7.866386,50,194.39443,0.0
-15.640735,50,201.095214,0.0
-6.352299,50,202.108077,0.0
-5.134262,50,204.002084,0.0
-24.650341,50,204.918858,0.0
-17.623298,50,206.085441,0.0
-7.239514,50,207.228602,0.0
-5.796543,50,208.219667,0.0
-4.277292,50,209.306823,0.0
-12.24878,50,210.270805,0.0
-15.028121,50,211.32826,0.0
-17.538702,50,218.140204,0.0
-8.92246,50,219.58203,0.0
-6.74079,50,220.617635,0.0
-8.657129,50,221.689821,0.0
-12.259556,50,223.217793,0.0
-13.087407,50,224.105576,0.0
-3.968707,50,225.034985,0.0
-11.932191,50,225.967936,0.0
-3.589633,18,226.428661,1.0
-8.23654,50,227.76136,0.0
-16.621666,50,229.211885,0.0
-7.860368,50,236.263349,0.0
-16.482492,50,237.299972,0.0
-5.945227,50,238.277813,0.0
-17.32826,50,239.2016,0.0
-6.658055,50,240.090907,0.0
-16.547194,50,241.044606,0.0
-5.34133,50,242.108874,0.0
-16.991173,50,244.208495,0.0
-0.804749,12,244.478792,1.0
-5.105027,50,245.406723,0.0
-3.670786,50,246.339448,0.0
-9.462494,50,253.329165,0.0
-12.250418,50,254.609709,0.0
-6.309989,50,255.565627,0.0
-16.051906,50,256.472847,0.0
-14.679387,50,257.406926,0.0
-6.52345,50,258.289588,0.0
-7.265042,50,259.411003,0.0
-7.640794,50,260.359656,0.0
-13.439566,50,261.527724,0.0
-16.20768,50,262.767608,0.0
-11.778161,50,263.765503,0.0
-15.216546,50,270.646428,0.0
-6.292117,50,271.717847,0.0
-6.810086,50,272.749742,0.0
-4.633926,50,273.817309,0.0
-9.597009,50,274.970586,0.0
-6.470418,50,275.907321,0.0
-16.100601,50,276.941896,0.0
-7.760795,50,277.920084,0.0
-9.985274,50,278.810619,0.0
-6.952877,50,279.76367,0.0
-3.775496,50,286.648889,0.0
-6.723967,50,288.461118,0.0
-6.253427,50,289.348276,0.0
-19.488588,50,290.381714,0.0
-12.802986,50,291.416852,0.0
-20.366504,50,292.768437,0.0
-5.526847,50,293.760699,0.0
-3.125289,50,294.711523,0.0
-14.470731,50,295.95142,0.0
-19.177672,50,297.038603,0.0
-5.768703,50,303.981154,0.0
-12.254134,50,305.394471,0.0
-11.955435,50,306.719658,0.0
-23.34132,50,307.755959,0.0
-10.192269,50,308.847434,0.0
-11.515351,50,309.81525,0.0
-15.931099,50,310.822904,0.0
-4.511338,50,311.980032,0.0
-5.096112,50,312.908375,0.0
-18.730017,50,314.2502,0.0
-6.744556,50,321.069847,0.0
-4.275402,50,322.238794,0.0
-13.214531,50,323.452774,0.0
-4.056374,50,324.455718,0.0
-6.951058,50,325.385437,0.0
-16.043906,50,326.54683,0.0
-16.860245,50,328.680384,0.0
-11.039912,50,330.062438,0.0
-11.758614,50,331.2089,0.0
-14.340037,50,332.121315,0.0
-15.828108,50,339.183124,0.0
-4.000372,50,340.101712,0.0
-4.099047,50,341.044111,0.0
-4.384558,50,341.986068,0.0
-4.074711,50,342.876774,0.0
-13.93631,50,344.094601,0.0
-9.707169,50,345.225961,0.0
-3.984172,50,346.112408,0.0
-7.082582,50,347.050652,0.0
-16.93964,50,348.326926,0.0
-16.997779,50,349.347008,0.0
-14.269625,50,356.058709,0.0
-15.779351,50,357.41026,0.0
-20.326289,50,358.722767,0.0
-9.726218,50,359.618818,0.0
-3.674275,50,361.032945,0.0
-5.265313,50,362.132021,0.0
-16.764383,50,363.397861,0.0
-14.702073,50,364.310762,0.0
-14.572129,50,365.214392,0.0
-10.781698,50,366.294443,0.0
-6.878321,50,373.836216,0.0
-13.586251,50,375.123305,0.0
-16.415529,50,376.434857,0.0
-3.819909,50,377.607277,0.0
-14.656631,50,378.778407,0.0
-5.590041,50,379.734768,0.0
-10.484193,50,380.936372,0.0
-11.408315,50,382.099596,0.0
-12.590113,50,383.322616,0.0
-18.750526,50,384.216584,0.0
-9.543316,50,391.051765,0.0
-3.997125,50,391.961466,0.0
-8.839085,50,392.86216,0.0
-2.749773,50,393.808082,0.0
-4.970316,50,394.799169,0.0
-15.252502,50,395.736645,0.0
-14.740077,50,396.637373,0.0
-11.14574,50,397.670125,0.0
-15.041009,50,398.563435,0.0
-4.34074,50,399.48599,0.0
-6.993629,50,406.213612,0.0
-16.5873,50,407.132495,0.0
-16.91843,50,408.121928,0.0
-4.50901,50,409.087221,0.0
-10.488866,50,410.219272,0.0
-10.389765,50,412.069801,0.0
-3.484564,50,413.09412,0.0
-1.00864,12,413.342877,1.0
-12.644665,50,414.271812,0.0
-3.508826,50,415.152117,0.0
-13.272696,50,416.146045,0.0
-6.381145,50,423.198179,0.0
-16.845599,50,424.074511,0.0
-13.896323,50,425.052469,0.0
-3.282699,50,426.242256,0.0
-16.946224,50,427.439485,0.0
-4.913457,50,428.433631,0.0
-8.225847,50,429.362238,0.0
-8.554,50,430.507936,0.0
-4.629014,50,431.420995,0.0
-3.703105,50,432.49253,0.0
-4.468046,50,433.504559,0.0
-3.389264,50,440.175204,0.0
-18.614598,50,441.114717,0.0
-3.881015,50,442.073887,0.0
-11.710625,50,443.137536,0.0
-12.213136,50,444.011793,0.0
-3.969883,50,445.009804,0.0
-7.722489,50,445.962452,0.0
-4.440742,25,446.434469,1.0
-15.089337,50,447.422979,0.0
-13.417247,50,449.493305,0.0
-15.491814,50,456.239831,0.0
-3.747853,50,457.197095,0.0
-5.259015,50,458.21506,0.0
-13.193973,50,459.134174,0.0
-11.593902,50,460.028392,0.0
-5.604382,50,461.005703,0.0
-4.461387,50,462.058542,0.0
-17.265375,50,463.062952,0.0
-10.213542,50,463.997024,0.0
-3.357161,50,464.886589,0.0
-21.567347,50,465.825947,0.0
-5.463914,50,472.561028,0.0
-13.412549,50,473.449079,0.0
-10.987094,50,474.376704,0.0
-4.090543,50,475.354825,0.0
-11.567861,50,476.281982,0.0
-14.52186,50,477.240365,0.0
-11.528721,50,478.144665,0.0
-6.839162,50,479.256702,0.0
-16.942662,50,480.488201,0.0
-3.24731,50,481.382866,0.0
-7.078119,50,488.326244,0.0
-11.236413,50,489.562768,0.0
-8.286483,50,490.786682,0.0
-12.269592,50,492.877115,0.0
-22.289799,50,493.856624,0.0
-7.381023,50,494.821639,0.0
-11.468939,50,496.0371,0.0
-7.580335,50,496.92188,0.0
-8.772572,50,497.795901,0.0
-9.511988,50,498.971159,0.0
-6.528586,50,505.712299,0.0
-2.912792,50,506.939836,0.0
-14.833795,50,507.978418,0.0
-7.821598,50,509.037439,0.0
-2.935181,50,510.004354,0.0
-17.786419,50,510.927814,0.0
-17.661882,50,511.990591,0.0
-11.521,50,513.017828,0.0
-3.876741,50,514.142242,0.0
-15.035274,50,515.350412,0.0
-3.071142,50,522.066831,0.0
-11.939003,50,523.196963,0.0
-20.520895,50,524.575177,0.0
-3.159151,50,525.704844,0.0
-7.824273,50,526.58767,0.0
-3.198251,21,526.986757,1.0
-4.81086,50,527.889055,0.0
-14.31164,50,528.804755,0.0
-13.810138,50,529.691095,0.0
-14.996026,50,531.610203,0.0
-4.158295,44,532.358621,1.0
-15.001325,50,539.122084,0.0
-11.298082,50,539.987152,0.0
-11.636937,50,540.889273,0.0
-7.901721,50,541.835227,0.0
-14.17428,50,542.854477,0.0
-2.943793,50,543.731703,0.0
-3.214069,50,544.624934,0.0
-16.548051,50,545.549967,0.0
-4.94241,50,546.972766,0.0
-4.387479,50,547.980426,0.0
-5.118771,50,549.28057,0.0
-3.234386,50,556.099037,0.0
-3.660482,50,557.117534,0.0
-8.579835,50,558.255761,0.0
-11.957249,50,559.134068,0.0
-5.50495,41,559.940755,1.0
-16.945438,50,560.808422,0.0
-14.851083,50,561.699392,0.0
-10.023108,50,562.603594,0.0
-4.509208,50,563.514714,0.0
-3.900444,50,564.741298,0.0
-3.360707,50,571.864667,0.0
-20.296991,50,573.032841,0.0
-15.733603,50,575.416099,0.0
-11.282237,50,576.344711,0.0
-10.2063,50,577.253164,0.0
-13.229886,50,578.21078,0.0
-3.455382,50,579.077246,0.0
-4.601467,50,579.954052,0.0
-1.277698,11,580.149503,1.0
-5.898319,50,581.040862,0.0
-14.696654,50,581.983074,0.0
-9.033544,50,588.843645,0.0
-16.425929,50,589.948854,0.0
-2.338531,44,590.776771,1.0
-4.312483,50,591.949356,0.0
-5.801836,50,592.831578,0.0
-6.021283,45,593.646994,1.0
-5.243751,50,594.538295,0.0
-3.130803,50,595.757523,0.0
-11.806033,50,596.777788,0.0
-7.630357,50,597.673287,0.0
-3.484463,50,604.394704,0.0
-4.269696,50,605.470785,0.0
-12.984047,50,606.42166,0.0
-12.706258,50,607.827706,0.0
-15.713158,50,608.997606,0.0
-3.432301,45,609.845297,1.0
-14.925674,50,610.791296,0.0
-15.555549,50,612.612988,0.0
-10.087056,50,613.54846,0.0
-14.461476,50,614.428847,0.0
-1.79105,20,614.801035,1.0
-4.176691,50,621.556139,0.0
-3.441767,50,622.522987,0.0
-5.278232,50,623.508951,0.0
-11.721288,50,624.544621,0.0
-2.888391,50,625.447939,0.0
-9.540421,50,626.349564,0.0
-4.071877,50,627.284278,0.0
-12.856025,50,628.190682,0.0
-11.387529,50,629.305755,0.0
-14.343582,50,630.288215,0.0
-4.938647,50,631.220244,0.0
-12.347184,50,638.117604,0.0
-13.548242,50,639.217379,0.0
-5.010466,50,640.17853,0.0
-9.787304,50,641.42633,0.0
-17.439915,50,642.39483,0.0
-16.892883,50,643.509042,0.0
-17.26909,50,644.49177,0.0
-10.076054,50,645.555185,0.0
-2.356559,27,646.226505,1.0
-3.343804,38,647.139514,1.0
-5.591578,50,648.167177,0.0
-13.557404,50,655.820999,0.0
-6.257214,50,657.054779,0.0
-5.435914,50,658.004347,0.0
-20.423213,50,659.25473,0.0
-3.947136,50,660.358265,0.0
-20.593132,50,661.680315,0.0
-14.044083,50,662.674425,0.0
-7.73976,50,663.604637,0.0
-3.531468,50,664.721799,0.0
-9.850315,50,665.888501,0.0
-3.065792,50,672.657747,0.0
-12.713747,50,673.624479,0.0
-2.886005,50,674.774236,0.0
-16.95914,50,675.837375,0.0
-11.896672,50,676.723661,0.0
-14.737011,50,677.609208,0.0
-6.253039,50,678.596176,0.0
-4.390361,50,679.803332,0.0
-13.843669,50,680.995428,0.0
-5.497147,50,681.958682,0.0
-3.468172,50,688.750792,0.0
-23.179781,50,689.979974,0.0
-10.328999,50,691.119289,0.0
-2.629233,50,692.190979,0.0
-16.87968,50,693.383409,0.0
-16.95367,50,695.187881,0.0
-3.19339,50,696.079774,0.0
-9.920524,50,697.156492,0.0
-5.763244,50,698.35198,0.0
-4.773945,24,698.833291,1.0
-17.012537,50,699.855897,0.0
-2.339604,30,706.359811,1.0
-7.001962,50,707.385759,0.0
-2.91972,50,708.598618,0.0
-13.19399,50,709.496798,0.0
-9.482191,50,710.419317,0.0
-1.962119,39,711.334816,1.0
-1.003852,8,711.521015,1.0
-8.718613,50,712.398784,0.0
-3.240968,42,713.142003,1.0
-2.951862,50,714.031562,0.0
-5.903916,50,715.102236,0.0
-4.797002,50,716.000171,0.0
-3.427383,50,722.965397,0.0
-2.934951,50,723.85149,0.0
-6.187563,50,724.805003,0.0
-3.730277,50,725.780801,0.0
-4.463148,50,726.951117,0.0
-4.107533,50,728.08269,0.0
-14.530575,50,728.98808,0.0
-3.220968,50,730.047314,0.0
-16.568047,50,731.092392,0.0
-12.925831,50,733.200859,0.0
-16.35908,50,740.229249,0.0
-7.877036,50,741.623029,0.0
-14.50576,50,742.61898,0.0
-3.551721,34,743.231302,1.0
-4.181787,50,744.172346,0.0
-9.810748,50,745.154235,0.0
-15.854159,50,746.336128,0.0
-10.96675,50,747.230803,0.0
-2.377789,50,748.117157,0.0
-3.01444,50,749.162076,0.0
-10.913937,50,755.95094,0.0
-2.559203,39,756.807591,1.0
-10.886358,50,757.915064,0.0
-0.678288,15,758.199644,1.0
-13.576531,50,759.102873,0.0
-10.389332,50,760.062699,0.0
-6.330249,50,761.029177,0.0
-17.252627,50,762.103944,0.0
-10.773622,50,763.300646,0.0
-3.888589,37,763.95945,1.0
-9.956921,50,764.854438,0.0
-6.039409,50,765.807803,0.0
-14.812448,50,772.673279,0.0
-5.409516,50,773.724855,0.0
-14.631549,50,774.778497,0.0
-9.135283,50,775.776739,0.0
-13.54177,50,777.944766,0.0
-17.074157,50,778.938584,0.0
-15.368569,50,780.070611,0.0
-7.328949,50,781.175195,0.0
-6.025402,50,782.283951,0.0
-13.173751,50,783.314021,0.0
-4.657129,50,790.250768,0.0
-13.070089,50,791.547989,0.0
-12.358711,50,792.53605,0.0
-2.737047,50,793.887622,0.0
-2.96463,50,795.229875,0.0
-6.837497,50,796.831626,0.0
-9.406532,50,798.157417,0.0
-10.192395,50,799.307846,0.0
-3.835058,50,800.660004,0.0
-3.453676,50,801.876341,0.0
-3.068693,50,808.595746,0.0
-13.46841,50,809.688867,0.0
-6.474111,50,810.807903,0.0
-12.723888,50,811.932176,0.0
-10.70939,50,813.114886,0.0
-3.399183,50,814.247386,0.0
-9.997665,50,815.459775,0.0
-2.687478,50,816.46985,0.0
-4.021884,50,817.480931,0.0
-10.732541,50,819.419258,0.0
-11.689228,50,820.325686,0.0
-0.691612,13,826.444544,1.0
-4.268043,50,827.579926,0.0
-12.888613,50,828.499702,0.0
-14.489646,50,829.409563,0.0
-9.016326,50,830.300798,0.0
-7.701413,50,831.183886,0.0
-13.599829,50,832.10907,0.0
-16.645146,50,833.01024,0.0
-13.787888,50,834.005046,0.0
-0.543104,10,834.192759,1.0
-3.277151,50,835.10171,0.0
-11.058197,50,841.833144,0.0
-3.281927,48,842.829363,1.0
-14.62647,50,843.948433,0.0
-6.916438,50,844.878777,0.0
-4.280381,50,845.85746,0.0
-6.302382,50,846.876999,0.0
-5.483279,50,847.796694,0.0
-2.216777,43,848.564003,1.0
-4.362122,50,849.448572,0.0
-4.137977,50,850.430777,0.0
-3.285239,50,851.354275,0.0
-3.792723,50,858.493575,0.0
-1.627173,37,859.389816,1.0
-3.163155,50,860.306359,0.0
-14.844473,50,862.126421,0.0
-4.861152,50,863.235316,0.0
-6.814298,50,864.273149,0.0
-16.666321,50,865.284087,0.0
-3.254192,50,866.450559,0.0
-13.976766,50,867.938941,0.0
-17.554793,50,868.892075,0.0
-12.882555,50,875.666442,0.0
-6.118543,50,876.570604,0.0
-3.403792,50,877.462692,0.0
-12.593198,50,878.383622,0.0
-8.279229,50,879.318988,0.0
-2.31126,50,880.275895,0.0
-3.846412,50,881.322611,0.0
-7.107131,50,882.400781,0.0
-7.998713,50,883.722095,0.0
-7.747388,50,884.879319,0.0
-3.744943,50,885.925529,0.0
-5.895394,50,892.634794,0.0
-3.592632,50,893.498717,0.0
-3.397008,50,894.395946,0.0
-14.176306,50,895.521564,0.0
-1.119155,9,895.783334,1.0
-5.401955,50,896.978026,0.0
-0.971012,11,897.174173,1.0
-4.303569,38,897.847158,1.0
-12.942248,50,898.899367,0.0
-14.088518,50,900.866912,0.0
-3.096946,41,901.620543,1.0
-10.007518,50,902.513645,0.0
-10.311741,50,909.401644,0.0
-16.445485,50,910.447348,0.0
-8.188849,50,911.595668,0.0
-1.202112,28,912.086041,1.0
-14.93639,50,912.958877,0.0
-7.658335,50,913.89525,0.0
-2.329333,42,914.663847,1.0
-11.128335,50,915.556183,0.0
-8.3388,50,916.563736,0.0
-4.209306,50,917.577825,0.0
-10.509865,50,918.698001,0.0
-2.600606,50,925.939398,0.0
-3.218904,50,926.850125,0.0
-5.287113,50,927.742717,0.0
-4.430921,50,928.697857,0.0
-2.554601,37,929.679185,1.0
-6.703158,50,930.701837,0.0
-1.607239,28,931.213082,1.0
-6.884396,50,932.26315,0.0
-8.980043,50,933.574201,0.0
-15.455638,50,934.665929,0.0
-3.091208,50,935.680949,0.0
-14.635226,50,942.612782,0.0
-14.770012,50,944.943616,0.0
-9.590728,50,946.274449,0.0
-14.985001,50,947.666976,0.0
-4.945193,50,948.648208,0.0
-3.714116,40,949.797609,1.0
-12.615329,50,950.931775,0.0
-5.216476,50,951.850925,0.0
-5.774451,50,952.74164,0.0
-1.176267,17,953.036616,1.0
-2.2246,39,953.72585,1.0
-7.921457,50,960.580384,0.0
-18.112797,50,961.57274,0.0
-3.931643,50,962.679417,0.0
-5.321594,50,963.5956,0.0
-25.824776,50,964.973693,0.0
-2.154364,50,966.018295,0.0
-3.821674,50,966.968852,0.0
-8.123648,50,967.967695,0.0
-1.855457,28,968.466552,1.0
-14.280455,50,969.510944,0.0
-15.368697,50,970.448671,0.0
-5.857001,50,977.233162,0.0
-14.182419,50,978.175651,0.0
-10.681495,50,979.061754,0.0
-6.145439,50,980.166494,0.0
-23.145022,50,981.432172,0.0
-4.023878,50,982.513544,0.0
-14.631832,50,984.75512,0.0
-11.139896,50,985.653795,0.0
-2.516231,50,986.534306,0.0
-3.543769,37,987.251413,1.0
-7.017855,50,994.098128,0.0
-5.267215,35,994.8057,1.0
-14.833753,50,995.908243,0.0
-2.298099,32,996.498573,1.0
-1.482153,9,996.678137,1.0
-13.130361,50,997.921945,0.0
-9.61403,50,998.98206,0.0
-2.981795,50,1000.119732,0.0
-4.081766,46,1000.95752,1.0
-4.57376,50,1001.850295,0.0
-15.89272,50,1002.965474,0.0
-11.86953,50,1004.088885,0.0
-13.616852,50,1010.854762,0.0
-4.459468,50,1012.113708,0.0
-10.75968,50,1013.259963,0.0
-15.051949,50,1014.963195,0.0
-2.58495,50,1015.871778,0.0
-6.828181,50,1016.85755,0.0
-18.454602,50,1017.827876,0.0
-2.015989,45,1019.017307,1.0
-15.089555,50,1020.11719,0.0
-13.921914,50,1021.25196,0.0
-15.724442,50,1028.003381,0.0
-6.453672,50,1029.763189,0.0
-5.781246,50,1030.636257,0.0
-7.390235,50,1031.648675,0.0
-10.099378,50,1033.029004,0.0
-5.005554,29,1033.563752,1.0
-5.892029,50,1034.630597,0.0
-2.025557,10,1034.87759,1.0
-9.750215,50,1035.969937,0.0
-11.76835,50,1036.889107,0.0
-5.366655,50,1037.858413,0.0
-7.287463,50,1039.177575,0.0
-12.98962,50,1045.866974,0.0
-13.576253,50,1046.855348,0.0
-2.974867,50,1047.930535,0.0
-5.186701,50,1048.983312,0.0
-4.026511,50,1049.977089,0.0
-2.706753,49,1051.067434,1.0
-2.461156,50,1052.281381,0.0
-6.95163,50,1053.385813,0.0
-9.439478,50,1054.482578,0.0
-7.593104,50,1055.598669,0.0
-7.41282,50,1062.35629,0.0
-1.765841,31,1062.908376,1.0
-12.015442,50,1063.830016,0.0
-9.025711,50,1064.87832,0.0
-10.117549,50,1065.780912,0.0
-4.132632,24,1066.201557,1.0
-6.038435,50,1067.870615,0.0
-4.913421,50,1068.811418,0.0
-9.814839,50,1069.724755,0.0
-3.524016,50,1070.659792,0.0
-7.729891,50,1071.766421,0.0
-23.143511,50,1078.94171,0.0
-4.821651,50,1079.829896,0.0
-0.373733,7,1079.960068,1.0
-12.556132,50,1081.040945,0.0
-1.784143,30,1081.740526,1.0
-5.732234,50,1082.86929,0.0
-11.471016,50,1084.209949,0.0
-0.535097,5,1084.349438,1.0
-4.28447,50,1085.508039,0.0
-5.251062,50,1086.433397,0.0
-2.422759,50,1087.784415,0.0
-7.030638,50,1088.71679,0.0
-5.121382,50,1089.588259,0.0
-11.703382,50,1096.385718,0.0
-12.980986,50,1097.539185,0.0
-2.210535,36,1098.504713,1.0
-15.742366,50,1099.769742,0.0
-2.448643,50,1100.85791,0.0
-3.560583,50,1101.827853,0.0
-19.427482,50,1103.240119,0.0
-5.315314,50,1104.173703,0.0
-4.549975,21,1104.54147,1.0
-6.478542,50,1105.467808,0.0
-5.561805,50,1107.414961,0.0
-13.924008,50,1114.119327,0.0
-5.522384,50,1115.023385,0.0
-6.718089,50,1115.994853,0.0
-2.337287,45,1117.140237,1.0
-5.526697,50,1118.194628,1.0
-1.796202,10,1118.390986,1.0
-6.163055,50,1119.377966,0.0
-11.711615,50,1120.3175,0.0
-11.724596,50,1121.267791,0.0
-0.685592,9,1121.422755,1.0
-4.781017,47,1122.243155,1.0
-3.452988,28,1122.906523,1.0
-3.629144,50,1129.792665,0.0
-13.358519,50,1130.758634,0.0
-8.145121,50,1131.655553,0.0
-12.046437,50,1132.543714,0.0
-3.490283,50,1133.577151,0.0
-4.153495,25,1134.188731,1.0
-3.6034,36,1135.162434,1.0
-5.144631,50,1136.33841,0.0
-9.128578,42,1137.192828,1.0
-10.743838,50,1138.305045,0.0
-3.663445,50,1139.227338,0.0
-2.630606,50,1145.752903,0.0
-15.016849,50,1146.680735,0.0
-15.62295,50,1148.076949,0.0
-8.276278,50,1149.211467,0.0
-8.808283,50,1151.20962,0.0
-4.293358,50,1152.254913,0.0
-0.928941,19,1152.779289,1.0
-1.840255,50,1153.837396,0.0
-3.6633,50,1154.956635,0.0
-8.182862,50,1155.878179,0.0
-17.760935,50,1157.081884,0.0
-4.75778,50,1163.817854,0.0
-1.437314,9,1164.022853,1.0
-11.311496,50,1165.022288,0.0
-4.251889,50,1166.053753,0.0
-11.997084,50,1167.007918,0.0
-1.541812,17,1167.305402,1.0
-22.052015,50,1168.513854,0.0
-22.821421,50,1169.625645,0.0
-3.989694,50,1170.548048,0.0
-7.622808,50,1171.598374,0.0
-7.505776,50,1172.661869,0.0
-8.770983,50,1174.023583,0.0
-6.296103,50,1180.928023,0.0
-2.071591,39,1181.842782,1.0
-1.492069,14,1182.125681,1.0
-4.644388,47,1182.994939,1.0
-4.765992,50,1184.107922,0.0
-5.499169,50,1185.351175,0.0
-19.473972,50,1186.63433,0.0
-1.336741,16,1187.052238,1.0
-13.874856,50,1188.002897,0.0
-14.697147,50,1188.939849,0.0
-16.99122,50,1190.599959,0.0
-1.41894,27,1191.073956,1.0
-16.731931,50,1197.984039,0.0
-2.651386,50,1198.923425,0.0
-6.831939,50,1200.153457,0.0
-5.557041,50,1201.351508,0.0
-5.117847,50,1202.242181,0.0
-9.986762,50,1203.143574,0.0
-12.285591,50,1204.129624,0.0
-4.076213,34,1204.842005,1.0
-3.502343,50,1205.708801,0.0
-8.337228,50,1206.659065,0.0
-1.684611,35,1207.420087,1.0
-4.377393,22,1207.912004,1.0
-13.243402,50,1214.732766,0.0
-15.276649,50,1215.613819,0.0
-3.848541,50,1216.69111,0.0
-3.412748,20,1217.090907,1.0
-3.54376,50,1218.446831,0.0
-6.125977,50,1219.345139,0.0
-5.287624,50,1220.4952,0.0
-2.077751,12,1220.707319,1.0
-2.265068,50,1221.702784,0.0
-16.188512,50,1222.881535,0.0
-4.843539,50,1224.167242,0.0
-17.09793,50,1231.311229,0.0
-5.364173,50,1232.320735,0.0
-12.27643,50,1233.527949,0.0
-12.659968,50,1235.628124,0.0
-7.182118,50,1236.600586,0.0
-7.29512,50,1237.490562,0.0
-4.981442,50,1238.480051,0.0
-10.964354,50,1239.451998,0.0
-16.952699,50,1240.937783,0.0
-1.609539,17,1241.328614,1.0
-6.249756,50,1242.240588,0.0
-4.54385,50,1249.001856,0.0
-2.686923,50,1250.113769,0.0
-2.4889,50,1251.481297,0.0
-5.261556,50,1252.706884,0.0
-3.346671,50,1253.789876,0.0
-9.51081,50,1255.237463,0.0
-2.136833,50,1256.247001,0.0
-7.67058,50,1257.176411,0.0
-17.878913,50,1258.330808,0.0
-8.945606,50,1259.340457,0.0
-1.012416,9,1259.539812,1.0
-5.846899,50,1266.265146,0.0
-8.946211,50,1267.262421,0.0
-12.74412,50,1268.329911,0.0
-3.498489,23,1268.838927,1.0
-3.653485,50,1269.710538,0.0
-18.043739,50,1270.773041,0.0
-4.147709,50,1271.819897,0.0
-3.657854,39,1272.509447,1.0
-5.826566,50,1274.353251,0.0
-2.27354,50,1275.480153,0.0
-2.860422,50,1276.366114,0.0
-1.797732,40,1282.976554,1.0
-11.982705,50,1284.064895,0.0
-12.970955,50,1284.943519,0.0
-12.19899,50,1285.838736,0.0
-7.264117,50,1286.765895,0.0
-9.573804,50,1287.704388,0.0
-13.047483,50,1288.981983,0.0
-14.553138,50,1290.113293,0.0
-11.139927,50,1291.043616,0.0
-14.446174,50,1291.922413,0.0
-8.007863,50,1292.825321,0.0
-2.576595,50,1299.509395,0.0
-2.699591,50,1300.4229,0.0
-18.774042,50,1301.513484,0.0
-2.59577,14,1301.75264,1.0
-10.957691,50,1302.628209,0.0
-12.088483,50,1303.503591,0.0
-12.28099,50,1304.585235,0.0
-23.003535,50,1305.653498,0.0
-0.770707,14,1305.897099,1.0
-2.920382,50,1306.9986,0.0
-4.211652,44,1308.206101,1.0
-18.087963,50,1315.382231,0.0
-9.765915,50,1316.255747,0.0
-2.952299,12,1317.669036,1.0
-13.242911,50,1318.725169,0.0
-10.032713,50,1319.699836,0.0
-3.445113,20,1320.083262,1.0
-2.923939,50,1320.998748,0.0
-13.027821,50,1322.085722,0.0
-5.849171,50,1323.658709,0.0
-3.760258,50,1324.925008,0.0
-1.680372,20,1325.325242,1.0
-5.797871,50,1326.504197,0.0
-2.751464,50,1327.573623,0.0
-5.307901,50,1334.818431,0.0
-12.358235,50,1336.015563,0.0
-2.434201,11,1336.231516,1.0
-10.896518,50,1337.131185,0.0
-11.614075,50,1338.363321,0.0
-6.909595,50,1339.298025,0.0
-7.134925,50,1340.222086,0.0
-8.716442,50,1341.097635,0.0
-2.0567,39,1341.789043,1.0
-8.243454,50,1342.676432,0.0
-3.921662,50,1343.566021,0.0
-18.820023,50,1350.571196,0.0
-17.337878,50,1352.246876,0.0
-8.880627,50,1353.196926,0.0
-1.41065,44,1354.128509,1.0
-0.582646,18,1354.560441,1.0
-0.815482,19,1354.908655,1.0
-4.652508,50,1355.956289,0.0
-14.541127,50,1357.655051,0.0
-13.864614,50,1358.830061,0.0
-8.641082,50,1359.928375,0.0
-15.293292,50,1361.165379,0.0
-10.331738,50,1368.086614,0.0
-4.468621,50,1369.045947,0.0
-2.189865,50,1369.980323,0.0
-5.916431,50,1370.867327,0.0
-7.936262,50,1371.860465,0.0
-2.037028,22,1372.401604,1.0
-2.456696,50,1373.588074,0.0
-5.282008,50,1374.702959,0.0
-4.904946,50,1375.628403,0.0
-15.028395,50,1376.516381,0.0
-2.328936,50,1377.408125,0.0
-11.480441,50,1384.25497,0.0
-6.121329,50,1385.472575,0.0
-0.71455,16,1385.889885,1.0
-6.331059,50,1387.177328,0.0
-2.008437,46,1388.114995,1.0
-14.140579,50,1389.521308,0.0
-36.112521,50,1390.697345,0.0
-15.899641,50,1391.596334,0.0
-7.480508,50,1392.504718,0.0
-1.685267,41,1393.339865,1.0
-5.923355,50,1394.746,0.0
-1.655906,12,1395.02885,1.0
-3.969761,50,1403.413037,0.0
-15.394507,50,1405.170406,0.0
-4.661334,44,1406.346413,1.0
-3.187099,50,1407.267376,0.0
-11.527339,50,1408.168534,0.0
-16.673862,50,1409.307844,0.0
-5.505214,50,1410.52614,0.0
-4.714654,50,1411.510282,0.0
-1.87376,50,1412.445142,1.0
-9.285644,50,1413.417641,0.0
-1.620956,31,1414.124954,1.0
-12.054263,50,1420.885905,0.0
-5.164125,50,1421.775591,0.0
-8.844335,50,1422.69761,0.0
-3.599568,50,1423.593246,0.0
-4.237283,50,1424.486639,0.0
-11.458789,50,1425.362789,0.0
-6.638111,50,1426.249971,0.0
-10.828762,50,1427.237297,0.0
-3.119893,50,1428.243623,0.0
-6.32416,50,1429.184272,0.0
-4.237221,29,1429.711137,1.0
-6.589509,50,1436.567716,0.0
-3.961093,50,1437.759567,0.0
-13.882957,50,1438.930504,0.0
-4.840761,50,1440.058596,0.0
-14.157506,50,1442.188735,0.0
-5.989468,33,1442.861308,1.0
-4.889978,50,1444.043651,0.0
-0.877483,17,1444.440059,1.0
-10.594985,50,1445.67929,0.0
-4.76682,25,1446.124204,1.0
-7.701368,50,1447.019051,0.0
-9.643776,50,1453.793972,0.0
-8.801073,50,1454.751446,0.0
-9.704282,50,1455.898417,0.0
-0.687873,15,1456.169708,1.0
-0.837715,26,1456.626013,1.0
-2.136125,50,1457.533758,0.0
-6.223393,50,1458.415286,0.0
-6.272169,50,1459.431722,0.0
-6.475459,50,1460.404449,0.0
-14.630776,50,1461.359056,0.0
-1.836488,20,1461.724241,1.0
-1.854772,50,1462.702103,0.0
-1.788026,11,1462.894851,1.0
-8.977838,50,1469.808351,0.0
-0.520124,13,1470.212901,1.0
-7.761283,50,1471.44313,0.0
-2.596977,45,1472.242596,1.0
-3.869976,50,1473.184465,0.0
-13.176861,50,1474.398034,0.0
-5.866889,50,1475.293815,0.0
-0.377952,12,1475.50551,1.0
-3.931484,50,1476.747111,0.0
-3.147471,16,1477.110512,1.0
-12.791769,50,1478.097846,0.0
-1.150309,20,1478.457911,1.0
-11.905602,50,1480.473202,0.0
-14.296171,50,1488.070469,0.0
-10.408519,50,1489.140966,0.0
-3.105386,38,1489.803005,1.0
-7.853865,50,1490.730582,0.0
-3.993646,50,1492.188703,0.0
-2.138649,50,1493.291675,0.0
-11.830372,50,1494.190585,0.0
-6.982749,50,1495.109881,0.0
-1.374039,32,1495.683839,1.0
-2.287911,50,1496.608866,0.0
-3.932166,33,1497.293255,1.0
-10.031688,50,1504.192361,0.0
-14.693078,50,1505.091629,0.0
-2.473941,50,1506.198039,0.0
-8.068716,50,1507.470122,0.0
-12.829827,50,1509.053154,0.0
-13.067131,50,1509.993737,0.0
-1.109195,17,1510.302721,1.0
-13.287287,50,1511.218224,0.0
-10.452066,50,1512.206181,0.0
-1.106642,31,1512.762882,1.0
-14.911325,50,1513.870147,0.0
-17.185241,50,1515.39743,0.0
-2.873086,33,1521.89043,1.0
-13.269173,50,1522.844473,0.0
-13.70434,50,1523.975596,0.0
-4.351669,50,1525.975139,0.0
-3.294227,14,1526.284969,1.0
-3.459158,50,1527.257115,0.0
-1.144694,20,1527.618305,1.0
-1.088752,11,1527.826414,1.0
-9.747824,50,1529.062038,0.0
-7.999678,50,1529.956485,0.0
-3.363278,35,1530.819397,1.0
-0.78089,11,1531.092769,1.0
-7.032659,50,1532.00209,0.0
-5.138061,50,1532.894554,0.0
-1.00975,17,1539.00849,1.0
-0.772879,19,1539.418391,1.0
-10.241501,50,1540.30533,0.0
-4.477365,50,1541.175224,0.0
-4.585142,50,1542.04327,0.0
-12.870777,50,1542.934896,0.0
-1.955768,50,1543.802673,0.0
-2.070474,29,1544.331985,1.0
-7.056086,50,1545.257575,0.0
-5.802374,50,1546.211357,0.0
-15.195315,50,1547.12002,0.0
-1.735327,50,1553.957108,0.0
-4.088101,50,1555.011037,0.0
-5.692678,50,1556.29996,0.0
-0.770771,18,1556.879717,1.0
-11.574921,50,1557.868123,0.0
-9.727214,50,1558.795152,0.0
-5.238357,35,1559.567091,1.0
-6.926193,50,1560.605034,0.0
-2.662383,41,1561.465601,1.0
-2.679637,50,1563.205598,0.0
-3.392936,50,1564.11812,0.0
-1.64751,36,1564.734326,1.0
-14.244143,50,1571.73465,0.0
-21.053189,50,1572.721259,0.0
-11.175546,50,1573.783896,0.0
-18.545227,50,1574.774933,0.0
-14.613617,50,1575.872014,0.0
-6.062151,50,1576.860581,0.0
-9.389977,50,1577.725154,0.0
-15.552316,50,1578.992966,0.0
-4.906542,29,1579.598463,1.0
-7.367181,50,1580.651601,0.0
-1.988036,44,1581.431143,1.0
-10.661476,50,1588.259723,0.0
-20.012784,50,1589.307573,0.0
-14.79837,50,1590.361556,0.0
-1.792915,12,1590.588549,1.0
-11.321382,50,1591.545352,0.0
-7.989459,50,1592.43953,0.0
-5.290329,50,1593.456458,0.0
-3.401414,27,1594.121662,1.0
-7.127306,50,1595.175988,0.0
-1.168501,24,1595.901208,1.0
-3.619575,23,1596.495533,1.0
-16.451624,50,1597.382931,0.0
-3.23561,50,1604.533685,0.0
-13.148205,50,1605.485071,0.0
-3.245678,35,1606.141554,1.0
-1.700505,40,1607.706299,1.0
-5.768813,50,1608.63488,0.0
-3.127338,12,1608.852318,1.0
-3.881086,50,1609.732418,0.0
-15.002612,50,1610.606166,0.0
-7.389828,50,1611.527764,0.0
-6.512785,50,1612.433154,0.0
-0.914905,14,1612.683437,1.0
-8.432853,50,1613.857441,0.0
-3.294376,50,1614.874173,0.0
-12.485775,50,1621.673789,0.0
-13.418308,50,1622.625676,0.0
-3.141472,41,1623.405467,1.0
-5.328584,50,1624.582249,0.0
-13.384916,50,1625.507351,0.0
-8.784291,50,1626.445042,0.0
-7.087206,50,1627.472258,0.0
-13.598768,50,1628.690303,0.0
-13.249548,50,1630.204736,0.0
-12.159396,50,1631.490734,0.0
-3.620956,50,1638.26163,0.0
-4.461728,50,1639.341231,0.0
-12.839762,50,1640.539719,0.0
-16.043843,50,1641.743143,0.0
-1.471803,20,1642.203162,1.0
-2.483215,50,1643.205687,0.0
-12.404444,50,1644.132184,0.0
-14.392902,50,1645.723367,0.0
-8.462612,50,1646.6022,0.0
-1.024355,22,1646.996799,1.0
-4.485835,50,1648.091161,0.0
-17.099855,50,1655.393517,0.0
-2.796436,50,1656.469636,0.0
-5.636963,50,1657.601513,0.0
-9.797594,50,1658.732184,0.0
-2.23685,50,1659.813598,1.0
-0.146231,4,1659.904496,1.0
-15.532645,50,1660.783272,0.0
-14.83166,50,1661.672544,0.0
-2.248018,9,1661.839363,1.0
-7.48554,50,1662.720192,0.0
-15.122273,50,1663.599075,0.0
-4.490194,50,1664.469199,0.0
-13.575172,50,1671.202082,0.0
-3.322671,50,1672.11534,0.0
-2.132056,24,1672.57067,1.0
-2.303535,50,1673.430607,0.0
-20.357407,50,1674.624064,0.0
-3.683744,50,1675.495341,0.0
-13.534991,50,1676.396916,0.0
-19.783087,50,1678.059435,0.0
-12.019126,50,1679.023378,0.0
-15.521444,50,1679.955702,0.0
-2.804089,24,1680.424963,1.0
-15.120146,50,1681.37834,0.0
-14.199102,50,1688.375116,0.0
-3.537586,50,1689.875973,0.0
-8.083924,50,1691.170782,0.0
-2.22778,50,1692.125255,0.0
-8.214216,50,1693.078999,0.0
-3.403315,50,1694.188715,0.0
-9.025185,50,1695.17292,0.0
-2.514505,45,1696.218037,1.0
-2.195364,50,1697.35761,0.0
-24.061294,50,1698.455989,0.0
-2.514657,50,1705.138695,0.0
-10.859864,50,1706.145884,0.0
-0.760326,6,1706.269802,1.0
-1.234532,15,1706.579733,1.0
-1.796041,50,1707.717055,0.0
-13.735566,50,1708.656787,0.0
-0.48616,7,1708.78117,1.0
-2.960661,26,1709.238772,1.0
-1.75247,39,1709.9302,1.0
-10.606716,50,1710.829116,0.0
-7.29574,50,1711.715953,0.0
-13.688485,50,1712.727026,0.0
-17.17037,50,1713.734865,0.0
-21.110329,50,1720.497263,0.0
-7.429434,50,1721.375246,0.0
-3.446584,29,1721.888155,1.0
-2.914119,50,1722.866993,0.0
-3.618056,50,1724.246543,0.0
-4.951408,50,1725.50741,0.0
-8.269383,50,1727.492123,0.0
-12.427463,50,1728.805128,0.0
-0.809261,14,1729.055761,1.0
-2.135907,39,1729.755474,1.0
-5.463511,49,1730.616868,1.0
-0.293213,8,1730.758526,1.0
-13.011385,50,1731.702719,0.0
-8.742411,50,1738.386255,0.0
-7.225322,50,1739.265609,0.0
-9.712916,50,1740.724118,0.0
-11.783949,50,1741.690125,0.0
-9.549981,50,1742.943087,0.0
-2.656868,15,1743.235895,1.0
-4.332201,50,1744.158544,0.0
-3.634916,50,1745.249098,1.0
-6.145753,50,1746.133726,0.0
-15.830345,50,1747.031647,0.0
-1.972185,25,1747.470073,1.0
-12.403533,50,1754.138533,0.0
-3.252444,23,1754.571255,1.0
-9.894458,50,1755.595975,0.0
-0.486193,6,1755.725434,1.0
-2.92454,22,1756.218709,1.0
-1.451239,39,1757.022292,1.0
-10.380191,50,1758.176298,0.0
-2.306439,50,1759.105791,0.0
-11.644515,50,1760.117196,0.0
-10.217576,50,1761.408479,0.0
-2.28503,50,1762.306017,0.0
-9.442905,50,1763.241605,0.0
-5.067831,50,1764.164242,0.0
-6.146787,50,1771.480807,0.0
-3.161344,23,1771.889864,1.0
-1.068506,10,1772.069989,1.0
-13.286963,50,1772.966749,0.0
-3.33503,18,1773.289891,1.0
-4.664023,50,1774.385608,0.0
-5.097703,50,1775.70557,0.0
-0.994225,17,1776.013325,1.0
-1.98974,35,1776.702303,1.0
-13.861875,50,1777.732761,0.0
-3.104904,50,1778.664357,0.0
-4.684976,37,1779.488576,1.0
-4.502215,24,1779.908033,1.0
-3.867296,50,1781.001722,0.0
-0.276101,4,1781.096262,1.0
-0.85544,15,1787.199746,1.0
-0.56967,8,1787.342671,1.0
-3.846775,50,1788.234019,0.0
-6.028629,50,1789.12218,0.0
-1.546126,36,1789.759727,1.0
-6.757414,50,1790.661619,0.0
-4.994914,35,1791.269111,1.0
-6.927447,50,1792.560762,0.0
-15.384288,50,1793.608663,0.0
-8.499278,50,1794.524616,0.0
-19.404079,50,1795.772263,0.0
-2.655721,50,1796.927501,0.0
-1.856677,16,1797.272666,1.0
-1.992995,50,1804.352208,0.0
-4.138764,50,1805.364222,0.0
-5.501631,35,1806.007596,1.0
-2.393317,17,1806.333505,1.0
-15.120384,50,1807.232025,0.0
-14.321571,50,1808.82938,0.0
-10.475873,50,1809.865155,0.0
-4.177962,36,1810.776145,1.0
-0.954778,7,1810.956419,1.0
-2.290088,23,1811.5058,1.0
-8.363284,50,1812.428557,0.0
-15.33653,50,1813.314723,0.0
-20.215084,50,1814.459978,0.0
-10.11582,50,1821.411246,0.0
-1.538735,36,1822.181535,1.0
-1.491746,33,1822.798151,1.0
-13.542793,50,1823.876971,0.0
-1.614637,39,1824.693006,1.0
-5.776809,50,1825.809546,0.0
-10.379601,50,1826.727385,0.0
-3.537515,50,1827.61254,0.0
-3.653848,50,1828.770331,0.0
-5.556545,50,1829.892236,0.0
-11.189297,50,1830.846548,0.0
-3.316943,50,1837.77267,0.0
-6.932741,50,1838.681651,0.0
-3.381902,50,1839.652081,0.0
-1.585274,39,1840.523906,1.0
-15.194409,50,1841.602251,0.0
-0.947154,9,1841.776551,1.0
-7.264525,50,1842.661633,0.0
-2.691745,50,1843.715379,0.0
-3.900306,50,1844.949902,0.0
-3.024986,31,1845.521256,1.0
-1.296372,31,1846.780716,1.0
-6.848969,50,1847.675851,0.0
-0.450953,7,1847.797261,1.0
-4.845315,50,1854.783103,0.0
-2.770095,34,1855.402612,1.0
-14.628074,50,1856.572887,0.0
-14.399221,50,1857.707372,0.0
-14.318607,50,1859.056104,0.0
-5.458951,50,1860.005574,0.0
-19.083751,50,1860.873597,0.0
-0.386532,9,1861.036456,1.0
-2.178257,50,1861.947963,0.0
-17.208448,50,1862.99521,0.0
-1.729668,50,1864.109355,1.0
-6.669047,50,1871.029627,0.0
-6.502567,50,1872.162256,0.0
-8.766939,50,1873.232655,0.0
-17.049392,50,1874.276497,0.0
-5.151556,43,1875.036829,1.0
-4.553419,50,1875.957642,0.0
-8.712183,50,1876.865816,0.0
-5.4624,50,1877.745757,0.0
-10.68718,50,1878.783757,0.0
-4.81961,50,1879.78735,0.0
-6.748447,50,1886.773297,0.0
-1.20371,19,1887.105536,1.0
-2.48887,33,1887.834707,1.0
-4.517231,50,1888.77747,0.0
-8.39701,50,1890.781059,0.0
-4.262834,28,1891.517633,1.0
-2.824591,50,1892.61327,0.0
-11.049292,50,1893.546089,0.0
-4.329889,42,1894.418923,1.0
-20.161278,50,1895.563373,0.0
-7.459718,50,1896.416326,0.0
-2.774192,19,1896.772394,1.0
-1.431067,22,1897.153953,1.0
-1.871349,43,1903.720704,1.0
-6.041198,50,1904.764301,0.0
-0.256157,4,1904.832628,1.0
-2.599402,50,1905.699162,0.0
-1.522084,21,1906.062314,1.0
-13.832847,50,1907.240391,0.0
-1.16166,27,1908.02494,1.0
-2.671176,44,1908.997907,1.0
-0.752839,23,1909.52161,1.0
-15.018602,50,1910.446111,0.0
-1.600296,39,1911.344735,1.0
-11.053322,50,1912.374838,0.0
-8.761189,50,1913.578488,0.0
-1.665656,12,1913.867868,1.0
-10.959004,50,1920.723483,0.0
-6.319437,50,1921.598271,0.0
-2.34682,36,1922.231659,1.0
-9.999566,50,1923.121239,0.0
-0.832921,17,1923.420404,1.0
-5.467372,50,1924.387585,0.0
-7.005464,50,1925.396185,0.0
-10.307905,50,1926.433048,0.0
-2.375465,22,1926.814358,1.0
-6.897664,50,1928.500669,0.0
-7.847989,50,1929.615459,0.0
-2.949538,18,1930.026688,1.0
-2.218962,38,1930.848799,1.0
-4.583814,50,1937.589789,0.0
-12.785349,50,1938.724257,0.0
-10.733002,50,1939.597083,0.0
-7.78924,50,1940.878025,0.0
-12.771932,50,1942.002328,0.0
-14.700228,50,1942.997815,0.0
-0.641048,10,1943.178934,1.0
-17.938119,50,1944.171677,0.0
-3.318222,37,1944.83783,1.0
-5.75367,20,1945.189088,1.0
-1.818747,42,1945.923331,1.0
-12.650371,50,1946.935951,0.0
-4.246542,50,1953.92763,0.0
-5.385269,50,1954.916722,0.0
-2.854432,26,1955.511294,1.0
-5.939274,50,1956.528207,0.0
-8.977592,50,1957.524858,0.0
-11.75845,50,1958.608059,0.0
-5.35238,50,1959.646059,0.0
-3.777436,50,1961.123102,0.0
-7.649628,50,1962.01795,0.0
-0.472182,7,1962.141935,1.0
-2.786897,39,1962.896723,1.0
-0.796007,23,1963.426782,1.0
-1.392992,16,1963.779993,1.0
-0.501023,19,1964.120388,1.0
-9.619224,50,1970.988495,0.0
-14.178021,50,1972.335987,0.0
-9.767809,50,1973.568612,0.0
-15.252481,50,1974.657684,0.0
-17.524139,50,1975.86755,0.0
-0.707191,13,1976.119994,1.0
-6.328354,50,1977.031444,0.0
-14.36847,50,1977.904426,0.0
-8.552743,50,1978.820877,0.0
-2.0854,44,1979.607706,1.0
-14.618897,50,1980.968153,0.0
-0.822868,9,1986.911432,1.0
-9.938295,50,1988.287147,0.0
-8.517629,50,1989.389847,0.0
-3.519755,50,1990.323406,0.0
-13.569824,50,1991.219108,0.0
-2.582138,50,1992.153553,0.0
-16.429157,50,1993.503879,0.0
-4.903935,50,1994.646969,0.0
-1.772686,23,1995.089749,1.0
-3.718852,50,1996.144215,0.0
-1.64263,41,1997.395822,1.0
-14.992374,50,2004.225617,0.0
-5.202056,50,2005.124635,0.0
-17.032372,50,2006.455697,0.0
-3.813491,50,2007.691966,0.0
-7.62011,50,2008.567211,0.0
-8.333145,50,2009.635442,0.0
-3.179203,50,2010.575902,0.0
-18.718625,50,2012.479091,0.0
-4.108563,50,2013.41585,0.0
-2.408761,15,2013.684031,1.0
-2.095931,48,2014.517271,1.0
-2.246871,50,2021.362024,0.0
-4.138095,30,2022.061698,1.0
-4.40926,50,2023.124463,0.0
-17.914779,50,2024.628592,0.0
-16.393634,50,2025.529141,0.0
-8.700515,50,2026.41902,0.0
-4.903604,50,2027.295598,0.0
-5.724423,41,2028.02259,1.0
-13.237888,50,2028.937157,0.0
-9.942908,50,2029.829631,0.0
-14.221371,50,2030.752843,0.0
-11.1804,50,2037.505812,0.0
-5.996011,50,2038.594519,0.0
-13.043935,50,2039.473096,0.0
-9.342827,50,2040.402313,0.0
-14.05203,50,2041.505498,0.0
-2.668262,15,2041.800494,1.0
-4.761222,40,2042.493141,1.0
-1.52697,26,2042.951965,1.0
-3.480033,50,2043.870116,0.0
-16.530195,50,2045.086442,0.0
-1.999795,50,2046.000103,0.0
-1.314527,26,2046.473148,1.0
-14.042632,50,2053.249947,0.0
-6.967287,50,2055.471651,0.0
-0.356484,8,2055.627111,1.0
-4.329621,50,2056.496207,0.0
-18.113454,50,2057.833194,0.0
-1.384447,22,2058.393354,1.0
-7.2002,50,2059.296049,0.0
-14.929059,50,2060.665778,0.0
-1.335152,28,2061.379205,1.0
-2.801378,39,2062.068479,1.0
-3.107285,20,2062.410537,1.0
-2.201801,42,2063.15822,1.0
-2.674391,17,2063.477242,1.0
-4.8958,32,2064.130561,1.0
-4.365385,50,2070.670178,0.0
-5.138779,50,2071.757218,0.0
-16.806981,50,2072.843707,0.0
-5.740039,50,2073.715841,0.0
-7.806065,50,2074.649165,0.0
-2.42854,50,2075.945141,0.0
-4.897493,50,2077.140876,0.0
-12.566477,50,2078.029164,0.0
-2.424141,31,2078.56752,1.0
-4.058616,36,2079.213342,1.0
-4.600825,50,2080.101198,0.0
-6.518404,50,2086.749861,0.0
-0.488151,7,2086.872265,1.0
-7.544793,50,2087.762699,0.0
-7.634189,50,2088.630163,0.0
-2.139793,50,2089.54061,0.0
-4.415839,44,2090.294537,1.0
-1.599989,22,2090.702975,1.0
-2.929325,13,2090.957242,1.0
-1.851764,19,2092.030156,1.0
-4.849182,50,2092.916958,0.0
-11.049277,50,2093.930348,0.0
-13.384135,50,2094.859349,0.0
-7.386617,50,2095.736851,0.0
-13.19254,50,2102.402175,0.0
-6.602888,50,2103.469964,0.0
-2.413537,36,2104.197677,1.0
-3.320707,17,2104.518953,1.0
-1.627255,50,2105.593192,0.0
-5.898424,50,2106.552761,0.0
-2.972484,50,2107.601888,0.0
-2.044167,12,2107.881069,1.0
-10.772921,50,2108.874476,0.0
-3.787918,50,2109.919394,0.0
-3.459203,35,2110.630651,1.0
-2.866258,50,2111.535217,0.0
-6.551351,50,2112.507885,0.0
-0.398412,15,2118.681987,1.0
-17.998016,50,2119.782301,0.0
-14.478267,50,2121.317339,0.0
-13.336237,50,2122.502167,0.0
-4.564814,19,2122.841758,1.0
-1.76082,23,2123.369676,1.0
-8.580848,50,2124.423414,0.0
-1.012003,15,2124.686604,1.0
-7.291323,50,2125.68381,0.0
-2.595148,30,2126.268879,1.0
-4.365075,50,2127.331903,0.0
-5.286666,30,2128.062732,1.0
-3.348108,39,2129.087491,1.0
-12.089906,50,2130.923289,0.0
-2.291692,50,2137.60616,0.0
-9.658074,50,2138.502953,0.0
-0.750149,15,2138.858013,1.0
-15.239122,50,2140.017385,0.0
-4.696418,50,2141.231449,0.0
-2.873445,44,2142.108852,1.0
-13.878322,50,2143.278257,0.0
-4.602103,50,2144.355136,0.0
-3.921011,23,2144.866108,1.0
-5.905472,50,2146.099082,0.0
-3.089441,24,2146.726205,1.0
-1.049424,14,2146.974158,1.0
-2.009819,50,2153.708665,0.0
-2.084677,50,2154.775877,0.0
-14.589534,50,2156.266643,0.0
-5.491059,50,2157.299445,0.0
-6.979836,50,2158.297316,0.0
-2.859194,37,2158.983699,1.0
-19.510406,50,2160.49957,0.0
-1.200779,28,2161.075509,1.0
-7.357701,50,2161.950171,0.0
-1.94892,24,2162.371924,1.0
-4.927254,50,2163.24776,0.0
-1.660781,40,2164.022073,1.0
-10.825673,50,2170.725607,0.0
-16.497726,50,2171.927279,0.0
-2.632812,35,2172.556295,1.0
-6.895826,50,2173.487702,0.0
-1.582,48,2175.253328,1.0
-1.293259,22,2175.656538,1.0
-2.416388,34,2176.327108,1.0
-6.758472,50,2177.48225,0.0
-8.294525,50,2178.869471,0.0
-9.255088,50,2179.914637,0.0
-20.868506,50,2181.052872,0.0
-7.059057,50,2187.795944,0.0
-9.025446,50,2188.92252,0.0
-9.428576,50,2190.079475,0.0
-0.563169,9,2190.244867,1.0
-12.459091,50,2191.131312,0.0
-4.624266,50,2191.992082,0.0
-2.158849,40,2192.701615,1.0
-4.303217,50,2193.607762,0.0
-7.425897,50,2194.47517,0.0
-4.590134,50,2195.465277,0.0
-7.266672,50,2196.332122,0.0
-19.660074,50,2197.244882,0.0
-13.735622,50,2204.205665,0.0
-13.339408,50,2205.323943,0.0
-14.919055,50,2206.468011,0.0
-1.963254,49,2207.706694,1.0
-12.782097,50,2209.273726,0.0
-3.709481,45,2210.381523,1.0
-8.323179,50,2211.259429,0.0
-4.432515,50,2212.357149,0.0
-5.220762,50,2214.105594,0.0
-8.773267,50,2215.454418,0.0
-8.636331,50,2222.442161,0.0
-4.46662,50,2223.452339,0.0
-1.684734,49,2224.476641,1.0
-12.33268,50,2225.339743,0.0
-4.792463,50,2226.427436,0.0
-1.816998,11,2226.636128,1.0
-0.489357,7,2226.761793,1.0
-4.903118,50,2227.749937,0.0
-15.591349,50,2228.733508,0.0
-3.784324,40,2229.444149,1.0
-4.088903,50,2230.883823,0.0
-4.99517,50,2232.187313,0.0
-10.486176,50,2238.873026,0.0
-2.096028,49,2239.72196,1.0
-11.174951,50,2240.819738,0.0
-0.918144,8,2241.00292,1.0
-3.745264,28,2241.603789,1.0
-18.143628,50,2242.745916,0.0
-0.437646,11,2243.055385,1.0
-10.834046,50,2244.076561,0.0
-14.335304,50,2244.956743,0.0
-14.590903,50,2245.826328,0.0
-8.639969,50,2246.682164,0.0
-3.691667,50,2247.607286,0.0
-5.909497,49,2248.502647,1.0
-13.226497,50,2255.275435,0.0
-14.031572,50,2256.197128,0.0
-3.580162,24,2256.771607,1.0
-7.387893,20,2257.337969,1.0
-3.786229,50,2259.087798,0.0
-7.815232,50,2259.939388,0.0
-8.860474,50,2261.38373,0.0
-8.558987,50,2262.514281,0.0
-8.975893,50,2263.665404,0.0
-10.005767,50,2265.05688,0.0
-1.306943,9,2265.210613,1.0
-4.468679,50,2266.080065,0.0
-1.606937,28,2272.428133,1.0
-3.890731,50,2273.543154,0.0
-0.485972,5,2273.631817,1.0
-2.331872,18,2273.948604,1.0
-8.591606,50,2274.848247,0.0
-11.636989,50,2275.905436,0.0
-16.205377,50,2277.216659,0.0
-25.133658,50,2278.311032,0.0
-8.834185,50,2279.228177,0.0
-2.101058,50,2280.162416,0.0
-12.183855,50,2281.5097,0.0
-11.724188,50,2282.913939,0.0
-7.262621,50,2289.755982,0.0
-3.851263,13,2289.986555,1.0
-3.285587,39,2290.683892,1.0
-0.600698,9,2290.851658,1.0
-12.184921,50,2292.106164,0.0
-4.022629,50,2293.203395,0.0
-15.412868,50,2294.182639,0.0
-2.653615,16,2294.52455,1.0
-9.204494,50,2295.791069,0.0
-11.087975,50,2296.866005,0.0
-4.854193,18,2297.674786,1.0
-10.325326,50,2298.575833,0.0
-1.552492,47,2299.420069,1.0
-0.623517,14,2299.663912,1.0
-10.837297,50,2306.350462,0.0
-1.048618,17,2306.687255,1.0
-9.056424,50,2307.696277,0.0
-2.695411,50,2308.603885,0.0
-7.20402,50,2309.665389,0.0
-22.380966,50,2310.844504,0.0
-13.962716,50,2311.872614,0.0
-15.850427,50,2313.016729,0.0
-2.094839,50,2314.221913,0.0
-8.83145,50,2315.443531,0.0
-10.435199,50,2316.316113,0.0
-12.515808,50,2322.972107,0.0
-1.505771,19,2323.301085,1.0
-1.809958,19,2323.639536,1.0
-7.357419,50,2324.551936,0.0
-3.044529,29,2325.213129,1.0
-6.939724,50,2326.328371,0.0
-6.008646,50,2327.482781,1.0
-4.200566,50,2328.54339,0.0
-1.435455,24,2329.192466,1.0
-1.407231,17,2329.577088,1.0
-4.889962,38,2330.606716,1.0
-9.069208,50,2331.981547,0.0
-5.195412,50,2333.043645,0.0
-6.288959,50,2339.771557,0.0
-1.697399,50,2340.664013,0.0
-4.092882,50,2342.211431,0.0
-5.164405,50,2343.105808,0.0
-11.65547,50,2344.180418,0.0
-12.01751,50,2345.071434,0.0
-1.767832,50,2346.002802,0.0
-11.73256,50,2347.337204,0.0
-7.088723,50,2348.414445,0.0
-1.646117,18,2348.726505,1.0
-9.442778,50,2349.584259,0.0
-1.782296,14,2349.834047,1.0
-4.800561,50,2356.505909,0.0
-7.594611,50,2357.584367,0.0
-0.903069,24,2358.026281,1.0
-4.502323,50,2358.904647,0.0
-4.169382,50,2359.805609,0.0
-17.128368,50,2360.845254,0.0
-1.317005,30,2361.742964,1.0
-2.339983,50,2362.818664,0.0
-18.664717,50,2363.893916,0.0
-2.547449,50,2364.893717,0.0
-22.80018,50,2365.843173,0.0
-3.159802,38,2372.312109,1.0
-0.332818,8,2372.451838,1.0
-11.570595,50,2373.340122,0.0
-10.698939,50,2374.202168,0.0
-7.498446,50,2375.302739,0.0
-7.091679,50,2376.309228,0.0
-1.791116,50,2377.209916,0.0
-13.084641,50,2379.290765,0.0
-0.315074,9,2379.4467,1.0
-8.710117,50,2380.485097,0.0
-15.006284,50,2381.755482,0.0
-8.410868,50,2383.114286,0.0
-14.065475,50,2389.844714,0.0
-6.219851,50,2390.784153,0.0
-3.845281,22,2391.261861,1.0
-3.466473,22,2391.759122,1.0
-6.200696,50,2392.936297,0.0
-9.419966,50,2393.960716,0.0
-9.125209,50,2395.129325,0.0
-14.830213,50,2396.363137,0.0
-2.623944,45,2397.175918,1.0
-1.538655,25,2397.628193,1.0
-3.28045,50,2398.499403,0.0
-0.721124,13,2398.733624,1.0
-10.95781,50,2399.683222,0.0
-2.909734,50,2406.576887,0.0
-21.457598,50,2407.775119,0.0
-3.332308,20,2408.22831,1.0
-9.130715,50,2409.097116,0.0
-5.666233,50,2409.978054,0.0
-0.722687,14,2410.245131,1.0
-4.80666,50,2411.278119,0.0
-0.798173,16,2411.63986,1.0
-3.217517,41,2412.491262,1.0
-1.818054,28,2412.979204,1.0
-3.073438,50,2413.886831,0.0
-0.812145,8,2414.079536,1.0
-6.421565,50,2415.592087,0.0
-14.844543,50,2416.673393,0.0
-17.007984,50,2424.799085,0.0
-0.606528,6,2424.912222,1.0
-3.348802,13,2425.142025,1.0
-17.484212,50,2426.458089,0.0
-7.546945,50,2427.447871,0.0
-2.179418,50,2428.514759,0.0
-11.421421,50,2429.702735,0.0
-13.670533,50,2430.681547,0.0
-7.280457,50,2431.66685,0.0
-3.143603,50,2432.666708,0.0
-2.365805,11,2432.896228,1.0
-1.816323,38,2433.77992,1.0
-12.107585,50,2440.698406,0.0
-3.599397,15,2440.962113,1.0
-1.289004,32,2441.530496,1.0
-5.213834,50,2442.743806,0.0
-12.466569,50,2443.827039,0.0
-0.808111,24,2444.371182,1.0
-5.029105,50,2445.494477,0.0
-2.32633,12,2445.770313,1.0
-14.38128,50,2446.980814,0.0
-1.058643,25,2447.57334,1.0
-8.45622,50,2448.88396,0.0
-1.252682,23,2449.403425,1.0
-1.493241,50,2450.392468,0.0
-16.414682,50,2451.754083,0.0
-1.564261,30,2458.304977,1.0
-12.216817,50,2459.881194,0.0
-11.589376,50,2460.949031,0.0
-4.052106,20,2461.540846,1.0
-4.155498,50,2462.623367,0.0
-4.663314,27,2463.087092,1.0
-0.95247,10,2463.287457,1.0
-4.309413,50,2465.446458,0.0
-1.326756,20,2465.925279,1.0
-12.435319,50,2466.887375,0.0
-21.612829,50,2467.791638,0.0
-6.352778,50,2468.668472,0.0
-10.856191,50,2469.546712,0.0
-3.515129,50,2476.220434,0.0
-13.531571,50,2477.946149,0.0
-3.580799,31,2478.784105,1.0
-2.216728,18,2479.23381,1.0
-1.228038,10,2479.46574,1.0
-2.665903,41,2480.358217,1.0
-5.714389,50,2481.250477,0.0
-17.697783,50,2482.308949,0.0
-7.978369,50,2483.484147,0.0
-4.295312,50,2484.561766,0.0
-15.520757,50,2485.508154,0.0
-7.354289,50,2486.434401,0.0
-2.740333,16,2486.729545,1.0
-0.16372,4,2486.805886,1.0
-3.149115,49,2493.515407,1.0
-2.013251,50,2494.38412,0.0
-2.491592,50,2495.281088,0.0
-3.080929,18,2495.701438,1.0
-0.489554,10,2495.928899,1.0
-0.992476,14,2496.247638,1.0
-2.358212,12,2496.474504,1.0
-2.598264,50,2497.379699,0.0
-5.823811,50,2498.480514,0.0
-12.628506,50,2500.145335,0.0
-7.705519,41,2501.065948,1.0
-12.616045,50,2501.943431,0.0
-0.293285,5,2502.036435,1.0
-8.044335,50,2502.918878,0.0
-12.311664,50,2510.491114,0.0
-10.029129,50,2511.534499,0.0
-9.086289,50,2512.786669,0.0
-0.770291,13,2513.045753,1.0
-1.803261,50,2514.044796,0.0
-0.928648,15,2514.381282,1.0
-9.546442,50,2515.532811,0.0
-8.583863,50,2516.462929,0.0
-3.723813,50,2517.353722,0.0
-9.135732,50,2518.253242,0.0
-9.160557,50,2519.229311,0.0
-1.845635,37,2520.014069,1.0
-3.630499,50,2526.734807,0.0
-9.461561,50,2527.796591,0.0
-1.647617,50,2528.706514,0.0
-5.480372,50,2529.598166,0.0
-5.282782,50,2530.608272,1.0
-8.685207,50,2531.62162,0.0
-9.862621,50,2532.700663,0.0
-0.743519,20,2533.119045,1.0
-6.248877,50,2534.101621,0.0
-2.046863,15,2534.383709,1.0
-1.884602,50,2535.248563,0.0
-16.657493,50,2536.49099,0.0
-1.976637,50,2543.433993,0.0
-15.604273,50,2544.471246,0.0
-14.325317,50,2545.370683,0.0
-0.861029,24,2545.798136,1.0
-12.415554,50,2547.246776,0.0
-17.220894,50,2548.290285,0.0
-11.937358,50,2549.226284,0.0
-15.280725,50,2550.45023,0.0
-7.916998,50,2551.632681,0.0
-11.813559,50,2552.775964,0.0
-13.288549,50,2553.657931,0.0
-3.405593,50,2560.401797,0.0
-0.480427,16,2560.69583,1.0
-4.234901,50,2561.561486,0.0
-6.411854,50,2562.475595,0.0
-15.588146,50,2563.47438,0.0
-15.148859,50,2564.474177,0.0
-10.358702,50,2565.584624,0.0
-15.589652,50,2566.712796,0.0
-5.244419,50,2568.019642,0.0
-3.128434,45,2569.15899,1.0
-3.026336,50,2570.414708,0.0
-5.345809,26,2576.70396,1.0
-2.59834,24,2577.150712,1.0
-0.370292,10,2577.351955,1.0
-2.173837,13,2577.619458,1.0
-3.459147,17,2577.950334,1.0
-1.487154,24,2578.376148,1.0
-19.186245,50,2579.263961,0.0
-2.731571,50,2580.198258,0.0
-3.873139,17,2580.59501,1.0
-3.084811,21,2581.130755,1.0
-5.136286,50,2582.162888,0.0
-3.263897,34,2582.766245,1.0
-9.780869,50,2583.683292,0.0
-0.580544,15,2583.974076,1.0
-16.572117,50,2585.728728,0.0
-13.351122,50,2586.64035,0.0
-5.455321,50,2593.45457,0.0
-3.106078,41,2594.434999,1.0
-4.272412,45,2595.605373,1.0
-3.943133,50,2596.828266,0.0
-11.700239,50,2597.920772,0.0
-8.431309,50,2598.785753,0.0
-1.408014,32,2599.535765,1.0
-1.100974,18,2599.990054,1.0
-7.904151,50,2600.960468,0.0
-8.319895,50,2602.144283,0.0
-1.774846,50,2603.133863,0.0
-1.506406,33,2603.874835,1.0
-14.772005,50,2610.545978,0.0
-1.899183,24,2610.975083,1.0
-12.058734,50,2611.842756,0.0
-11.094308,50,2612.720288,0.0
-14.227863,50,2613.899493,0.0
-2.119706,12,2614.146061,1.0
-16.194451,50,2615.415864,0.0
-2.402986,17,2615.806971,1.0
-3.279759,16,2616.08957,1.0
-14.315805,50,2617.000475,0.0
-9.152694,50,2617.879004,0.0
-13.605481,50,2619.018172,0.0
-2.053298,50,2626.044601,0.0
-10.00052,50,2627.071897,0.0
-1.348025,50,2628.238344,0.0
-15.320088,50,2630.01185,0.0
-6.573049,33,2630.663404,1.0
-3.898181,48,2631.566336,1.0
-4.026982,50,2632.884794,0.0
-10.21494,50,2633.916363,0.0
-0.46666,11,2634.111474,1.0
-0.465769,16,2634.395529,1.0
-11.557005,50,2635.417993,0.0
-1.583738,11,2635.661796,1.0
-10.004115,50,2636.620423,0.0
-0.969898,22,2637.038699,1.0
-10.512468,50,2643.879637,0.0
-3.332666,50,2644.847753,0.0
-6.818568,50,2645.737708,0.0
-5.786531,50,2646.797455,0.0
-3.154916,20,2647.300893,1.0
-16.760596,50,2648.253805,0.0
-6.818602,50,2649.204119,0.0
-1.824733,33,2649.779886,1.0
-8.363323,50,2650.654421,0.0
-0.457627,12,2650.858823,1.0
-3.191879,32,2651.454628,1.0
-12.195606,50,2652.533814,0.0
-12.999836,50,2659.356583,0.0
-13.640612,50,2660.572188,0.0
-3.154808,48,2661.528037,1.0
-2.328686,36,2662.29865,1.0
-2.727354,13,2662.577568,1.0
-9.354079,50,2663.518709,0.0
-10.640601,50,2664.399198,0.0
-3.373583,50,2665.333213,0.0
-12.107772,50,2666.940835,0.0
-5.065127,50,2668.198948,0.0
-2.369542,13,2668.604236,1.0
-4.091028,50,2669.763376,0.0
-1.444783,17,2670.056125,1.0
-1.892435,21,2676.241181,1.0
-6.091404,50,2677.304885,0.0
-8.805457,50,2678.291489,0.0
-12.511062,50,2679.433686,0.0
-16.195523,50,2680.580206,0.0
-5.343012,50,2681.544128,0.0
-5.780719,50,2682.637905,0.0
-14.854522,50,2683.670003,0.0
-2.281771,27,2684.309167,1.0
-12.374275,50,2685.188509,0.0
-1.85567,50,2686.431221,0.0
-4.038301,50,2693.718795,0.0
-2.660318,50,2694.653589,0.0
-7.204454,50,2695.551142,0.0
-4.27262,23,2695.99402,1.0
-4.281754,50,2696.956473,0.0
-2.406799,16,2697.304341,1.0
-0.667929,8,2697.480179,1.0
-6.022097,50,2698.381662,0.0
-1.143393,42,2699.240996,1.0
-16.011907,50,2700.248382,0.0
-12.84096,50,2701.267227,0.0
-2.962184,18,2701.657626,1.0
-13.464695,50,2702.552388,0.0
-2.302465,20,2702.897281,1.0
-3.271326,14,2703.131662,1.0
-4.157778,50,2709.865768,0.0
-2.970307,35,2710.908226,1.0
-6.014076,50,2711.983058,0.0
-1.979695,10,2712.20272,1.0
-1.186506,8,2712.350586,1.0
-11.107889,50,2713.234932,0.0
-0.364798,6,2713.34144,1.0
-2.895923,17,2713.645466,1.0
-4.97769,50,2714.589556,0.0
-12.770155,50,2715.630219,0.0
-1.84381,43,2716.39071,1.0
-0.926621,7,2716.5182,1.0
-1.545642,50,2717.636665,0.0
-0.426467,16,2717.918212,1.0
-5.814338,50,2719.190341,0.0
-3.190436,24,2719.627376,1.0
-0.774536,28,2725.965977,1.0
-7.601564,50,2727.101308,0.0
-3.609529,43,2727.980076,1.0
-4.764368,50,2729.168842,0.0
-8.607691,50,2730.041027,0.0
-6.526128,50,2731.058282,0.0
-17.307999,50,2732.178246,0.0
-0.436394,9,2732.341013,1.0
-6.486004,25,2732.820864,1.0
-0.555758,19,2733.235132,1.0
-1.620571,43,2734.119079,1.0
-11.024877,50,2735.094556,0.0
-4.630334,50,2742.24202,0.0
-3.044515,17,2742.73896,1.0
-12.222352,50,2744.078906,0.0
-15.246462,50,2745.251786,0.0
-13.967244,50,2746.271066,0.0
-3.089621,23,2746.733332,1.0
-6.89438,50,2747.868076,0.0
-0.764989,28,2748.46079,1.0
-13.089183,50,2750.340268,0.0
-8.001005,50,2751.296726,0.0
-15.224662,50,2752.916272,0.0
-2.872049,17,2753.363443,1.0
-8.168748,50,2754.379698,0.0
-2.479719,50,2761.051505,0.0
-12.757069,50,2761.944308,0.0
-11.558789,50,2762.84958,0.0
-2.875926,50,2763.960832,0.0
-15.481332,50,2765.235412,0.0
-19.812343,50,2766.413432,0.0
-1.263674,31,2766.967074,1.0
-23.06644,50,2768.245528,0.0
-0.712703,16,2768.617584,1.0
-1.392378,31,2769.245806,1.0
-2.744779,16,2769.51827,1.0
-6.79047,50,2770.441333,0.0
-14.806857,50,2777.254273,0.0
-4.468937,20,2777.763291,1.0
-4.245799,46,2778.684779,1.0
-2.534983,21,2779.050109,1.0
-3.822138,24,2779.47454,1.0
-4.465938,50,2780.355178,0.0
-9.576853,50,2781.240941,0.0
-5.773119,50,2782.161735,0.0
-0.90679,32,2782.951147,1.0
-13.242991,50,2784.585669,0.0
-27.52537,50,2785.580353,0.0
-13.859342,50,2786.586073,0.0
-1.342399,23,2787.214829,1.0
-4.835492,50,2795.048471,0.0
-11.315373,50,2796.030392,0.0
-2.351625,20,2796.493005,1.0
-8.946843,50,2797.661317,0.0
-0.517172,17,2798.080887,1.0
-48.473729,50,2799.29456,0.0
-0.647313,9,2799.527924,1.0
-8.659596,50,2800.829738,0.0
-13.925167,50,2801.71392,0.0
-17.683201,50,2802.62805,0.0
-11.846221,50,2803.5724,0.0
-2.142974,40,2804.350382,1.0
-1.450326,39,2805.358812,1.0
-20.692393,50,2812.342482,0.0
-3.048166,47,2813.265616,1.0
-16.714299,50,2814.346059,0.0
-8.301372,50,2815.275904,0.0
-1.728199,14,2815.518784,1.0
-10.240043,50,2816.56352,0.0
-12.270113,50,2817.753935,0.0
-1.299104,11,2818.004334,1.0
-2.961792,14,2818.347802,1.0
-4.654866,24,2818.771691,1.0
-4.829373,50,2819.705416,0.0
-2.403674,14,2819.962484,1.0
-2.334096,50,2820.873374,0.0
-15.769685,50,2822.163872,0.0
-3.635939,27,2828.694199,1.0
-10.396766,50,2830.05148,0.0
-20.013601,50,2831.273365,0.0
-11.326257,50,2832.557183,0.0
-1.211261,18,2832.913578,1.0
-12.51162,50,2834.289049,0.0
-9.144786,50,2836.731957,0.0
-15.19395,50,2838.077541,0.0
-11.615238,50,2839.139037,0.0
-1.113605,11,2839.394198,1.0
-2.7257,24,2839.92799,1.0
-7.064503,50,2841.100936,0.0
-4.186644,50,2848.10409,0.0
-3.254536,15,2848.434859,1.0
-6.633135,50,2849.376019,0.0
-0.563716,21,2849.749836,1.0
-14.638188,50,2850.80834,0.0
-1.737398,50,2852.002417,0.0
-7.54568,50,2853.14412,0.0
-8.135101,50,2854.234571,0.0
-2.457941,32,2854.839636,1.0
-4.884631,21,2855.20254,1.0
-2.068172,35,2856.042534,1.0
-4.868981,50,2857.231555,0.0
-1.534967,11,2857.438777,1.0
-6.899561,50,2858.426505,0.0
-5.24196,21,2858.950842,1.0
-5.178165,40,2865.60559,1.0
-12.754616,50,2866.886398,0.0
-19.6172,50,2868.303384,0.0
-3.62402,15,2868.711097,1.0
-2.031841,22,2869.20397,1.0
-2.861538,18,2869.630905,1.0
-11.99436,50,2871.140636,0.0
-0.245792,5,2871.306047,1.0
-6.615566,50,2872.588995,0.0
-14.886389,50,2873.697982,0.0
-11.655395,50,2874.568483,0.0
-3.234529,18,2874.892407,1.0
-12.214717,50,2876.408598,0.0
-11.886615,50,2883.14857,0.0
-0.621089,10,2883.333959,1.0
-1.265964,10,2883.514929,1.0
-10.58281,50,2884.404784,0.0
-4.45845,50,2885.256341,0.0
-3.745146,35,2885.864147,1.0
-15.541,50,2886.78027,0.0
-15.710605,50,2887.883318,0.0
-0.613772,7,2888.057024,1.0
-15.810771,50,2889.248077,0.0
-1.986422,50,2890.178907,0.0
-6.514177,50,2891.072421,0.0
-1.310751,17,2891.378269,1.0
-6.906197,50,2892.362522,0.0
-3.991006,50,2899.338586,0.0
-0.562444,18,2899.728106,1.0
-3.57469,50,2900.637852,0.0
-1.622389,27,2901.127789,1.0
-1.157342,13,2901.4182,1.0
-3.77939,13,2901.759429,1.0
-14.464889,50,2902.859293,0.0
-3.144585,50,2903.815646,0.0
-1.027385,11,2904.084276,1.0
-6.410361,50,2905.361123,0.0
-10.557395,50,2906.625068,0.0
-1.010317,31,2907.260943,1.0
-17.494106,50,2908.297961,0.0
-3.429698,19,2908.666496,1.0
-4.917509,50,2909.564747,0.0
-2.626768,14,2915.643539,1.0
-5.467061,50,2917.027443,0.0
-2.761894,20,2917.574348,1.0
-5.143591,21,2918.311676,1.0
-1.487219,46,2919.526096,1.0
-6.24485,50,2920.886955,0.0
-1.160902,31,2921.474992,1.0
-0.513914,16,2921.749278,1.0
-0.834028,8,2921.908325,1.0
-2.200419,24,2922.407615,1.0
-3.731285,50,2923.313303,0.0
-7.580945,50,2924.271618,0.0
-0.557276,15,2924.540649,1.0
-7.541155,50,2925.395669,0.0
-2.678472,50,2926.26778,0.0
-4.505788,50,2933.057295,0.0
-0.486483,6,2933.203189,1.0
-0.512092,6,2933.342564,1.0
-7.053171,50,2934.461295,0.0
-2.202009,15,2934.785649,1.0
-13.855538,50,2935.926598,0.0
-1.405139,44,2936.890302,1.0
-2.878329,50,2937.892087,0.0
-0.941866,25,2938.354441,1.0
-12.455337,50,2939.250431,0.0
-3.043192,21,2939.697614,1.0
-7.292355,50,2940.848802,0.0
-4.502956,50,2941.766207,0.0
-0.704166,13,2941.988158,1.0
-2.90826,17,2942.285412,1.0
-7.179041,50,2949.160332,0.0
-2.202313,40,2950.170923,1.0
-7.199469,50,2951.424081,0.0
-2.891044,50,2952.577199,0.0
-13.960351,50,2953.491385,0.0
-3.48055,21,2953.883603,1.0
-7.364377,50,2954.764826,0.0
-10.89069,50,2955.794597,0.0
-7.883751,50,2956.98373,0.0
-1.522262,9,2957.180511,1.0
-5.510313,50,2958.810989,0.0
-1.058339,14,2959.153971,1.0
-11.417182,50,2960.274308,0.0
-12.826189,50,2967.292425,0.0
-14.810134,50,2968.481248,0.0
-0.547699,22,2968.873775,1.0
-0.400076,13,2969.107102,1.0
-8.63451,50,2970.005047,0.0
-13.802689,50,2970.943681,0.0
-2.993205,14,2971.212792,1.0
-17.863539,50,2972.325768,0.0
-2.156507,22,2972.851721,1.0
-14.91287,50,2974.212077,0.0
-14.280585,50,2975.097173,0.0
-7.005318,50,2976.078618,0.0
-4.61875,50,2977.115814,0.0
-9.506993,50,2983.840063,0.0
-2.414674,50,2985.127052,0.0
-1.330785,24,2985.688317,1.0
-12.993183,50,2986.584286,0.0
-2.497792,41,2987.32144,1.0
-9.616775,50,2988.197179,0.0
-3.819536,20,2988.558683,1.0
-0.862896,18,2988.89038,1.0
-2.916945,13,2989.134683,1.0
-10.602876,50,2990.191448,0.0
-7.78447,50,2991.405998,0.0
-3.61276,23,2991.879575,1.0
-1.385618,45,2992.682441,1.0
-4.255567,50,2999.348725,0.0
-4.173341,50,3000.513669,0.0
-14.138233,50,3001.735595,0.0
-3.452007,34,3002.797319,1.0
-3.228629,17,3003.121285,1.0
-0.300205,7,3003.248867,1.0
-10.28034,50,3004.201643,0.0
-1.855807,9,3004.371968,1.0
-10.184466,50,3005.336928,0.0
-5.874269,40,3006.038643,1.0
-0.580312,16,3006.36808,1.0
-1.359062,11,3006.594031,1.0
-7.356966,50,3007.630018,0.0
-4.325932,50,3008.524395,0.0
-2.443047,14,3008.777105,1.0
-4.163033,14,3009.023467,1.0
-0.721894,19,3009.367238,1.0
-2.780653,13,3009.601846,1.0
-13.231232,50,3016.308126,0.0
-4.580423,50,3017.159966,0.0
-0.310151,8,3017.298621,1.0
-1.151526,30,3017.848583,1.0
-5.474412,50,3019.004085,0.0
-1.42495,17,3019.45012,1.0
-15.801875,50,3020.422564,0.0
-15.444338,50,3021.655105,0.0
-1.684619,14,3022.036823,1.0
-2.096382,15,3022.418588,1.0
-2.011341,11,3022.682698,1.0
-1.522726,10,3022.909147,1.0
-3.365136,50,3023.823366,0.0
-1.964727,50,3024.921221,0.0
-2.076281,19,3025.260317,1.0
-1.135839,9,3025.426014,1.0
-1.287752,37,3031.886931,1.0
-3.888806,43,3032.672565,1.0
-5.076603,15,3032.942792,1.0
-1.224331,35,3033.550992,1.0
-3.696537,50,3034.638496,0.0
-0.941299,16,3035.005072,1.0
-6.766398,50,3035.968262,0.0
-12.599283,50,3036.891821,0.0
-2.777695,48,3037.822826,1.0
-0.828995,21,3038.224148,1.0
-0.337132,9,3039.116485,1.0
-15.28432,50,3040.471079,0.0
-1.15879,11,3040.702583,1.0
-1.074957,19,3041.118942,1.0
-21.429859,50,3042.536245,0.0
-8.932276,50,3049.494981,0.0
-15.998826,50,3050.722983,0.0
-0.457405,12,3051.07372,1.0
-1.402962,11,3051.389674,1.0
-7.018102,50,3052.887162,0.0
-2.045806,50,3054.043039,0.0
-3.018114,20,3054.437278,1.0
-3.269056,24,3054.868556,1.0
-0.632806,11,3055.064765,1.0
-14.482521,50,3056.445648,0.0
-1.229907,17,3057.025693,1.0
-10.871888,50,3058.259953,0.0
-1.337338,31,3058.835396,1.0
-0.604014,8,3059.004004,1.0
-5.834033,50,3060.117934,0.0
-2.424119,17,3060.629636,1.0
-3.451863,50,3061.681607,0.0
-11.577392,50,3068.36703,0.0
-12.507998,50,3069.323493,0.0
-1.303886,28,3069.999552,1.0
-6.812215,50,3070.9701,0.0
-4.328459,50,3071.882038,0.0
-1.049422,10,3072.062821,1.0
-0.590611,14,3072.306181,1.0
-11.862005,50,3073.28122,0.0
-12.100522,50,3074.705401,0.0
-8.724961,50,3075.606111,0.0
-3.932387,50,3076.649648,0.0
-4.526519,50,3077.628505,0.0
-3.436286,26,3084.08635,1.0
-0.953771,12,3084.376824,1.0
-2.673172,14,3084.728491,1.0
-1.629915,39,3086.304654,1.0
-0.486939,16,3086.593188,1.0
-8.608472,50,3087.809474,0.0
-4.243716,50,3088.732572,0.0
-0.890418,12,3088.949047,1.0
-16.105809,50,3089.846338,0.0
-8.742265,50,3091.082614,0.0
-4.135971,50,3092.157381,0.0
-9.159292,50,3093.047925,0.0
-8.388049,50,3093.999758,0.0
-1.362097,36,3094.847412,1.0
-6.360385,50,3101.590876,0.0
-14.128075,50,3102.519046,0.0
-2.452725,29,3103.084804,1.0
-1.803317,48,3104.227389,1.0
-1.857916,44,3105.004527,1.0
-10.726354,50,3105.897751,0.0
-3.659977,50,3106.794771,0.0
-1.621186,29,3107.393397,1.0
-0.840338,19,3107.79964,1.0
-0.243007,6,3107.954275,1.0
-1.85772,28,3108.760073,1.0
-3.125471,34,3109.55471,1.0
-0.831998,15,3109.814881,1.0
-11.624887,50,3110.733402,0.0
-7.59931,50,3117.790553,0.0
-4.772812,50,3118.74645,0.0
-0.683151,8,3118.898843,1.0
-3.615967,17,3119.209871,1.0
-7.586564,50,3120.31932,0.0
-8.381912,50,3121.45122,0.0
-7.023586,50,3122.483329,0.0
-15.904768,50,3124.824067,0.0
-1.386123,36,3125.593997,1.0
-9.426078,50,3126.544398,0.0
-2.201624,40,3127.433142,1.0
-0.849706,18,3127.911875,1.0
-3.260986,42,3128.853091,1.0
-2.291136,14,3129.142057,1.0
-8.010209,50,3135.864431,0.0
-2.50362,41,3136.599874,1.0
-3.741617,50,3137.598779,0.0
-1.357268,28,3138.244152,1.0
-8.415187,50,3139.510637,0.0
-11.007307,50,3140.48354,0.0
-21.908308,50,3141.672928,0.0
-2.917827,23,3142.184785,1.0
-0.733082,9,3142.379393,1.0
-9.194966,50,3143.297913,0.0
-14.488704,50,3144.521653,0.0
-0.326089,7,3144.687142,1.0
-0.492311,17,3145.07058,1.0
-11.869138,50,3146.337699,0.0
-14.847922,50,3153.262347,0.0
-10.555125,50,3154.233398,0.0
-12.917259,50,3155.30459,0.0
-3.054602,33,3155.982265,1.0
-3.741714,50,3157.096595,0.0
-2.114679,19,3157.428761,1.0
-1.220881,15,3157.689435,1.0
-3.004179,34,3158.319221,1.0
-0.838995,9,3158.499626,1.0
-0.240892,5,3158.598447,1.0
-5.144098,48,3159.64676,1.0
-14.850218,50,3160.609037,0.0
-2.75504,25,3161.058744,1.0
-2.435473,15,3161.372764,1.0
-1.717654,25,3161.956934,1.0
-15.512963,50,3169.234398,0.0
-13.639362,50,3170.236284,0.0
-8.671286,50,3171.226845,0.0
-14.981569,50,3172.354397,0.0
-7.474491,50,3173.249388,0.0
-10.669414,50,3174.152604,0.0
-8.248633,50,3175.221648,0.0
-9.756959,50,3176.314754,0.0
-1.648706,36,3177.046337,1.0
-12.137654,50,3177.936224,0.0
-4.099735,50,3178.819117,0.0
-20.235199,50,3185.839015,0.0
-15.43039,50,3186.736963,0.0
-10.844729,50,3187.910753,0.0
-3.672237,44,3188.824363,1.0
-6.784065,30,3189.404068,1.0
-0.835017,12,3189.624947,1.0
-10.918362,50,3190.953003,0.0
-9.632059,50,3192.195022,0.0
-3.082556,26,3192.709262,1.0
-16.377002,50,3194.034549,0.0
-0.98307,12,3194.272336,1.0
-0.515833,12,3194.487247,1.0
-1.890455,14,3194.733832,1.0
-3.989813,50,3195.620375,0.0
-9.89687,50,3202.510238,0.0
-1.967488,50,3203.668858,0.0
-2.730732,25,3204.17314,1.0
-0.679681,9,3204.334441,1.0
-4.809062,48,3205.265405,1.0
-1.754566,12,3205.598937,1.0
-3.552075,35,3206.575788,1.0
-16.887593,50,3208.437947,0.0
-12.517467,50,3209.361353,0.0
-1.207451,24,3209.785026,1.0
-13.929739,50,3210.802522,0.0
-1.436537,11,3211.031932,1.0
-13.309172,50,3212.097327,0.0
-1.431705,11,3212.339792,1.0
-2.936625,26,3212.955874,1.0
-13.062567,50,3220.100183,0.0
-43.155289,50,3221.062516,0.0
-0.503822,16,3221.345917,1.0
-9.253012,50,3222.799038,0.0
-10.736047,50,3223.723354,0.0
-11.864781,50,3224.69438,0.0
-1.211697,23,3225.294262,1.0
-2.400634,50,3226.501418,1.0
-1.233897,7,3226.656547,1.0
-4.624438,30,3227.345199,1.0
-8.20865,50,3228.557959,0.0
-0.758799,21,3228.949815,1.0
-12.026654,50,3230.265876,0.0
-8.888011,50,3231.426108,0.0
-3.279338,28,3237.827926,1.0
-1.678607,34,3238.493577,1.0
-0.836599,11,3238.725707,1.0
-9.494318,50,3240.145493,0.0
-3.317343,28,3240.737934,1.0
-14.875073,50,3241.801133,0.0
-2.231639,37,3242.468769,1.0
-10.480013,50,3243.364222,0.0
-7.685603,50,3244.437597,0.0
-16.182346,50,3245.693791,0.0
-10.684363,50,3246.794705,0.0
-13.048941,50,3248.25624,0.0
-3.7325,50,3255.281803,0.0
-10.106232,50,3256.434426,0.0
-8.953407,50,3257.382394,0.0
-4.232079,50,3258.37424,0.0
-0.823786,13,3258.665456,1.0
-2.061223,50,3259.899719,0.0
-3.104884,50,3261.386338,0.0
-0.37031,8,3261.690909,1.0
-16.097048,50,3263.354876,0.0
-0.921514,29,3263.878835,1.0
-0.85037,14,3264.131478,1.0
-6.781836,50,3265.020037,0.0
-1.144926,33,3265.682163,1.0
-0.910384,18,3266.037543,1.0
-2.710907,49,3272.679808,1.0
-8.911411,50,3273.84102,0.0
-1.123262,9,3274.070647,1.0
-1.255601,16,3274.51003,1.0
-2.457646,38,3275.391405,1.0
-2.390904,33,3276.099551,1.0
-1.5769,44,3276.919211,1.0
-3.49406,50,3277.855508,0.0
-4.847205,50,3278.787919,0.0
-0.56498,8,3278.933538,1.0
-3.478001,26,3279.41239,1.0
-21.07965,50,3280.613822,0.0
-14.205222,50,3281.878908,0.0
-6.594565,50,3282.774395,0.0
-0.148383,5,3282.861259,1.0
-6.210531,50,3289.663727,0.0
-11.177902,50,3290.676394,0.0
-4.304291,50,3291.622551,0.0
-9.28678,50,3293.695809,0.0
-4.318352,33,3294.508738,1.0
-14.016056,50,3295.801803,0.0
-5.610492,50,3296.737613,0.0
-13.763338,50,3297.871488,0.0
-14.003777,50,3298.754823,0.0
-1.930295,50,3299.687945,0.0
-1.128157,18,3300.113988,1.0
-12.851129,50,3306.932749,0.0
-10.712963,50,3308.101583,0.0
-15.799518,50,3309.150025,0.0
-1.167677,23,3309.5692,1.0
-9.410968,50,3310.453652,0.0
-6.249577,50,3311.337301,0.0
-3.50916,49,3312.229233,1.0
-5.046305,26,3312.687749,1.0
-6.324226,50,3313.609065,0.0
-3.022474,16,3313.961933,1.0
-5.080033,50,3315.22685,0.0
-12.9093,50,3316.184361,0.0
-15.682068,50,3322.886792,0.0
-1.502952,26,3323.376017,1.0
-2.890981,23,3323.783337,1.0
-7.0658,50,3324.671473,0.0
-7.458951,50,3325.740031,0.0
-6.458346,50,3326.764003,0.0
-3.965267,50,3327.746586,0.0
-6.075693,50,3328.723275,0.0
-0.520025,5,3328.815489,1.0
-2.136745,50,3330.535911,0.0
-15.588045,50,3331.509626,0.0
-1.693674,40,3332.284886,1.0
-7.339478,50,3339.129842,0.0
-4.093761,50,3340.177548,0.0
-13.949832,50,3341.199322,0.0
-12.678109,50,3342.071548,0.0
-14.14422,50,3342.977741,0.0
-2.429819,21,3343.382542,1.0
-5.48432,50,3344.390611,0.0
-7.914255,50,3345.441055,0.0
-1.238168,15,3345.721056,1.0
-4.708098,50,3346.658278,0.0
-10.757866,50,3347.811484,0.0
-4.462485,20,3348.243736,1.0
-3.035396,40,3354.768363,1.0
-0.66691,23,3355.188277,1.0
-0.321784,8,3355.33492,1.0
-5.732578,30,3355.882045,1.0
-9.375814,50,3356.870877,0.0
-12.294627,50,3358.030458,0.0
-3.745349,22,3358.448188,1.0
-1.717489,41,3359.242581,1.0
-1.190061,35,3360.048497,1.0
-0.289816,8,3360.232018,1.0
-2.179096,20,3360.695526,1.0
-9.006333,50,3361.951756,0.0
-14.745182,50,3363.147886,0.0
-14.167979,50,3364.028201,0.0
-4.230394,50,3365.206124,0.0
-5.304823,50,3371.877299,0.0
-6.743673,50,3372.752122,0.0
-4.199247,26,3373.908363,1.0
-2.016067,13,3374.219825,1.0
-14.275554,50,3375.503653,0.0
-2.139933,15,3375.809569,1.0
-0.545229,12,3376.044995,1.0
-2.401315,50,3376.9662,0.0
-1.400441,28,3377.477252,1.0
-1.988632,50,3378.375112,0.0
-1.870442,50,3379.297982,0.0
-1.328792,22,3379.809321,1.0
-12.812868,50,3380.90193,0.0
-6.299586,50,3381.806437,0.0
-2.64836,47,3388.443989,1.0
-5.346766,50,3389.575177,0.0
-2.159607,41,3390.376387,1.0
-3.630049,50,3391.553568,0.0
-12.503898,50,3392.482108,0.0
-6.626794,50,3393.389901,0.0
-5.741289,50,3394.26919,0.0
-2.131444,50,3395.372123,0.0
-0.820996,21,3395.920089,1.0
-7.171828,30,3396.711085,1.0
-11.203078,50,3398.022729,0.0
-14.475772,50,3404.741203,0.0
-1.771989,26,3405.201741,1.0
-1.217382,22,3405.598388,1.0
-4.586793,19,3405.999994,1.0
-4.137493,50,3407.056598,0.0
-2.065574,27,3407.671866,1.0
-2.588514,20,3408.080213,1.0
-11.823185,50,3409.027522,0.0
-2.331037,29,3409.563649,1.0
-11.583869,50,3410.741047,0.0
-11.119852,50,3411.986907,0.0
-3.726609,50,3413.084784,0.0
-1.820895,15,3413.447572,1.0
-6.213057,50,3414.785935,0.0
-0.540042,12,3415.067468,1.0
-16.064473,50,3422.377181,0.0
-11.607814,50,3423.271526,0.0
-1.280358,20,3423.682171,1.0
-8.647576,50,3424.747895,0.0
-9.064597,50,3425.697222,0.0
-1.771987,16,3426.002481,1.0
-3.538247,16,3426.292341,1.0
-1.871867,50,3427.217912,0.0
-13.415241,50,3428.64847,0.0
-8.743994,34,3429.547482,1.0
-6.707981,50,3430.450659,0.0
-16.037439,50,3431.588546,0.0
-9.333727,50,3432.604475,0.0
-4.494269,33,3439.021171,1.0
-1.89128,26,3439.486556,1.0
-17.031531,50,3440.386345,0.0
-17.017928,50,3441.530079,0.0
-4.534176,50,3442.808693,0.0
-14.26213,50,3443.756896,0.0
-9.308546,50,3445.286801,0.0
-13.91407,50,3446.21139,0.0
-1.162902,32,3446.857676,1.0
-2.18565,11,3447.054111,1.0
-3.493234,50,3447.97179,0.0
-10.196775,50,3448.886504,0.0
-0.807605,8,3449.024992,1.0
-1.194667,14,3455.109935,1.0
-1.344445,23,3455.515547,1.0
-0.418238,6,3455.620045,1.0
-2.102874,50,3456.844699,0.0
-13.244499,50,3458.046232,0.0
-2.904818,24,3458.595063,1.0
-3.686994,19,3458.983022,1.0
-2.874618,11,3459.180902,1.0
-1.025497,12,3459.40274,1.0
-1.644633,50,3460.358777,0.0
-2.878845,13,3460.658756,1.0
-16.718911,50,3462.182063,0.0
-11.920456,50,3463.13354,0.0
-13.705636,50,3464.183392,0.0
-0.724989,19,3464.750598,1.0
-2.464518,13,3465.101557,1.0
-6.070817,50,3466.029504,0.0
-1.853862,50,3472.893109,0.0
-7.764798,50,3473.848357,0.0
-2.300108,50,3474.823129,0.0
-1.973561,50,3476.19086,0.0
-18.48251,50,3477.316224,0.0
-2.897576,50,3478.317446,0.0
-1.889999,16,3478.664971,1.0
-0.183942,4,3478.763648,1.0
-10.933333,50,3480.054039,0.0
-1.613086,23,3480.591353,1.0
-2.253683,50,3481.790562,0.0
-3.965268,21,3482.228054,1.0
-1.908248,14,3482.476725,1.0
-5.861338,50,3483.372137,0.0
-0.595003,18,3489.469579,1.0
-6.950025,50,3490.723084,0.0
-1.79521,12,3490.938892,1.0
-12.09423,50,3491.973361,0.0
-1.316883,29,3492.625342,1.0
-1.567866,29,3493.140756,1.0
-15.57229,50,3494.5724,0.0
-15.608899,50,3496.125927,0.0
-2.734453,22,3496.547493,1.0
-15.07986,50,3497.444658,0.0
-2.110656,14,3497.698975,1.0
-5.503623,50,3498.602479,0.0
-3.708781,50,3499.581311,0.0
-11.391222,50,3503.06761,0.0
-4.568496,50,3504.233866,0.0
-5.903964,50,3505.513661,0.0
-2.814003,19,3506.047408,1.0
-15.678009,50,3507.234027,0.0
-13.853161,50,3508.205943,0.0
-1.119427,20,3508.653142,1.0
-8.022774,50,3509.723178,0.0
-3.806073,30,3510.245663,1.0
-0.60171,10,3510.441883,1.0
-9.276357,50,3511.520651,0.0
-14.858148,50,3512.785069,0.0
-8.797922,50,3513.991098,0.0
-1.597401,50,3517.460018,0.0
-5.020161,30,3518.096242,1.0
-10.138461,50,3519.148459,0.0
-1.694725,50,3520.651897,0.0
-6.623642,50,3521.586893,0.0
-1.186078,22,3521.976185,1.0
-8.292614,50,3522.883883,0.0
-1.500448,20,3523.281173,1.0
-16.043112,50,3524.535962,0.0
-4.935924,50,3525.447409,0.0
-5.564366,50,3526.364467,0.0
-7.496638,42,3527.233939,1.0
-0.849206,12,3528.6044,1.0
-3.309935,10,3528.838469,1.0
-5.789324,50,3532.262055,0.0
-6.836124,50,3533.151302,0.0
-7.216327,50,3534.083645,0.0
-3.789517,50,3535.349115,0.0
-8.446247,50,3536.472645,0.0
-13.510442,50,3537.422069,0.0
-16.434014,50,3538.502401,0.0
-15.241735,50,3539.423829,0.0
-11.245732,50,3540.368544,0.0
-1.232504,9,3540.528747,1.0
-1.661211,13,3540.755792,1.0
-3.337318,50,3544.033105,0.0
-1.54491,21,3544.430236,1.0
-5.309079,50,3545.31396,0.0
-4.39207,50,3546.18726,0.0
-5.702486,20,3546.551512,1.0
-6.757183,50,3547.748119,0.0
-3.033688,25,3548.188091,1.0
-11.636373,50,3549.113449,0.0
-6.426301,50,3550.030879,0.0
-9.894641,50,3551.008312,0.0
-4.216928,21,3551.509168,1.0
-9.976257,50,3552.782316,0.0
-1.622605,50,3553.739357,0.0
-12.572191,50,3557.023784,0.0
-12.8641,50,3558.181067,0.0
-9.517123,50,3559.360687,0.0
-8.811849,50,3560.504518,0.0
-1.261317,18,3560.946727,1.0
-5.074982,50,3563.268674,0.0
-7.226551,50,3564.235886,0.0
-14.951484,50,3565.293353,0.0
-14.949301,50,3566.942321,0.0
-11.866626,50,3567.998455,0.0
-1.823371,26,3568.661075,1.0
-9.312614,50,3572.23625,0.0
-11.428827,50,3573.410798,0.0
-16.987364,50,3574.768998,0.0
-11.693019,50,3575.761203,0.0
-0.839221,16,3576.044073,1.0
-11.870207,50,3577.176747,0.0
-0.501406,7,3577.39063,1.0
-10.934288,50,3578.829973,0.0
-4.879657,50,3579.821836,0.0
-5.456257,24,3580.260994,1.0
-7.007548,50,3581.509174,0.0
-10.1737,50,3582.482018,0.0
-3.525621,15,3582.749408,1.0
-5.607813,50,3586.023176,0.0
-15.797514,50,3586.920953,0.0
-5.168946,50,3587.942967,0.0
-13.79585,50,3589.274325,0.0
-0.170794,3,3589.328049,1.0
-1.220353,22,3589.713981,1.0
-11.586686,50,3590.596676,0.0
-0.189562,5,3590.687018,1.0
-17.195441,50,3591.874048,0.0
-9.65609,50,3592.836893,0.0
-13.658837,50,3593.977664,0.0
-0.450959,6,3594.083499,1.0
-1.707021,24,3594.497022,1.0
-3.318794,13,3595.567327,1.0
-12.594278,50,3596.432833,0.0
-24.730903,50,3599.854804,0.0
-8.648233,50,3600.96481,0.0
-1.08902,14,3601.214382,1.0
-1.326567,12,3601.424227,1.0
-2.345072,50,3602.419067,0.0
-13.187648,50,3603.42457,0.0
-0.319127,10,3603.601109,1.0
-4.296147,41,3604.437131,1.0
-12.795616,50,3605.539886,0.0
-1.311833,13,3605.761244,1.0
-1.791727,15,3606.068061,1.0
-9.803585,50,3607.174121,0.0
-3.480334,50,3608.313726,0.0
-3.602585,30,3608.986684,1.0
-1.123576,13,3609.22949,1.0
-6.451929,50,3612.647705,0.0
-6.279035,50,3613.613799,0.0
-1.709494,20,3614.057211,1.0
-7.74236,50,3615.181642,0.0
-0.622667,5,3615.269749,1.0
-0.587143,7,3615.42964,1.0
-4.545998,50,3616.812057,0.0
-1.183992,14,3617.108393,1.0
-1.053751,7,3617.232702,1.0
-0.513091,9,3617.397941,1.0
-11.882227,50,3618.442504,0.0
-0.882393,28,3619.135185,1.0
-4.893723,50,3620.16998,0.0
-0.762121,20,3620.64761,1.0
-13.921933,50,3621.663718,0.0
-1.661085,14,3621.919878,1.0
-7.997792,50,3622.917424,0.0
-0.836997,22,3623.313275,1.0
-2.48191,46,3626.56194,1.0
-12.881805,50,3627.866207,0.0
-8.281332,50,3628.876587,0.0
-2.439029,50,3630.231182,0.0
-1.493243,25,3630.701179,1.0
-15.553755,50,3631.930067,0.0
-6.886858,50,3633.000151,0.0
-0.821895,11,3633.194816,1.0
-9.551979,50,3634.074485,0.0
-11.3764,50,3634.994282,0.0
-2.878929,13,3635.226886,1.0
-10.131735,50,3636.419651,0.0
-10.764854,50,3641.789547,0.0
-4.474584,50,3642.655732,0.0
-9.296854,50,3643.52094,0.0
-18.153348,50,3644.770471,0.0
-15.952434,50,3645.827365,0.0
-13.758,50,3647.010045,0.0
-9.527251,50,3648.052544,0.0
-2.640447,34,3648.746138,1.0
-1.807361,16,3649.103376,1.0
-21.072172,50,3650.111831,0.0
-2.09572,19,3650.532336,1.0
-0.386066,10,3650.746576,1.0
-12.663285,50,3651.755992,0.0
-4.150587,50,3658.530116,0.0
-2.487004,25,3659.071467,1.0
-3.581106,12,3659.357857,1.0
-1.528056,22,3659.870116,1.0
-10.021212,50,3661.191491,0.0
-7.891418,50,3662.069317,0.0
-7.784314,50,3662.940273,0.0
-7.17656,50,3664.244829,0.0
-5.78443,50,3665.362634,0.0
-4.415845,16,3665.649343,1.0
-1.660767,11,3666.464915,1.0
-13.528669,50,3667.669698,0.0
-2.197542,50,3668.609451,0.0
-9.783638,50,3675.307557,0.0
-4.406792,19,3675.658871,1.0
-3.239045,43,3676.430057,1.0
-1.110102,7,3676.548187,1.0
-15.478972,50,3677.563483,0.0
-0.498025,10,3677.788792,1.0
-14.461723,50,3678.8255,0.0
-14.594691,50,3679.885164,0.0
-15.071589,50,3680.850663,0.0
-13.920205,50,3682.130481,0.0
-2.858168,29,3682.649421,1.0
-11.822739,50,3683.557421,0.0
-17.077973,50,3684.851755,0.0
-4.895656,50,3691.882754,0.0
-2.952743,50,3693.043832,0.0
-16.387801,50,3694.437461,0.0
-1.549484,35,3695.25073,1.0
-1.75152,18,3695.69152,1.0
-3.165336,50,3696.629708,0.0
-12.611058,50,3697.51605,0.0
-21.497786,50,3699.074153,0.0
-2.018383,17,3699.733035,1.0
-15.564302,50,3701.099003,0.0
-9.476348,50,3702.181997,0.0
-10.599806,50,3703.238351,0.0
-11.125217,50,3710.361732,0.0
-3.217973,13,3710.647191,1.0
-8.255906,50,3712.340354,0.0
-7.226925,50,3713.285006,0.0
-7.730796,50,3714.188527,0.0
-13.650924,50,3715.150725,0.0
-3.36308,19,3715.561319,1.0
-6.898502,50,3716.751593,0.0
-0.548237,22,3717.171061,1.0
-0.883319,10,3717.381309,1.0
-12.207813,50,3718.491482,0.0
-4.475773,18,3718.816414,1.0
-5.281478,50,3719.968539,0.0
-3.425817,50,3720.88654,0.0
-2.505033,37,3727.371462,1.0
-12.39412,50,3728.504492,0.0
-1.434446,50,3729.624961,0.0
-8.164738,50,3730.609892,0.0
-9.712075,50,3731.6204,0.0
-3.770915,50,3732.668621,0.0
-16.995799,50,3733.980307,0.0
-15.351472,50,3735.022045,0.0
-1.808052,35,3735.826859,1.0
-14.764784,50,3736.922307,0.0
-0.494932,8,3737.069299,1.0
-16.326738,50,3744.102456,0.0
-2.844015,50,3745.27249,0.0
-3.474959,50,3746.236,0.0
-11.418984,50,3747.114744,0.0
-12.742538,50,3748.026198,0.0
-11.97635,50,3748.919676,0.0
-0.619242,7,3749.040411,1.0
-9.607696,50,3750.708703,0.0
-3.903677,29,3751.20527,1.0
-2.391168,16,3751.614369,1.0
-0.933542,33,3752.604084,1.0
-2.555735,16,3752.982901,1.0
-5.339381,28,3753.601829,1.0
-2.39686,29,3754.337178,1.0
-1.170142,8,3754.535319,1.0
-4.222861,50,3761.385473,0.0
-1.362989,36,3762.016682,1.0
-5.438206,50,3762.926784,0.0
-10.949411,50,3764.155328,0.0
-2.993337,50,3765.172722,0.0
-20.335845,50,3766.682267,0.0
-1.264484,20,3767.143812,1.0
-1.284367,8,3767.33348,1.0
-15.870951,50,3768.402383,0.0
-11.575507,50,3769.477664,0.0
-7.084904,50,3770.35735,0.0
-5.879356,50,3771.28803,0.0
-1.739225,50,3778.4372,1.0
-4.487969,20,3778.953111,1.0
-2.818679,40,3779.874627,1.0
-13.918846,50,3780.785147,0.0
-13.413652,50,3781.85507,0.0
-2.797722,39,3782.603033,1.0
-2.009898,50,3783.55627,0.0
-0.212266,5,3783.680341,1.0
-5.509501,19,3784.14759,1.0
-4.422275,22,3784.756488,1.0
-3.311678,35,3785.626655,1.0
-2.466807,39,3786.494462,1.0
-0.374461,10,3786.699067,1.0
-0.343132,14,3786.973301,1.0
-4.420509,50,3787.975001,0.0
-6.977783,50,3788.931251,0.0
-0.343819,5,3794.793538,1.0
-0.892481,14,3795.064235,1.0
-4.907562,21,3796.273392,1.0
-8.263978,50,3797.494878,0.0
-5.570412,50,3798.625484,0.0
-13.292579,50,3799.700795,0.0
-6.579378,50,3800.682102,0.0
-1.668299,10,3800.856116,1.0
-6.449636,27,3801.342229,1.0
-12.944838,50,3802.49144,0.0
-7.00801,50,3803.383684,0.0
-2.040364,28,3803.95142,1.0
-4.575336,50,3804.986441,0.0
-2.975571,50,3806.417594,0.0
-1.447037,15,3812.553855,1.0
-13.173345,50,3813.555536,0.0
-1.787317,11,3813.827449,1.0
-6.358901,50,3814.8844,0.0
-9.782963,50,3815.847973,0.0
-1.258308,8,3816.020011,1.0
-4.357112,50,3817.035306,0.0
-5.310266,50,3818.02908,0.0
-2.115418,9,3818.188074,1.0
-13.627305,50,3819.178574,0.0
-9.430033,50,3820.308295,0.0
-2.597665,15,3820.569772,1.0
-23.606128,50,3821.648652,0.0
-1.137464,27,3822.123763,1.0
-6.793398,50,3828.748836,0.0
-15.198041,50,3829.782493,0.0
-3.143303,50,3830.764201,0.0
-1.693743,24,3831.184,1.0
-15.480967,50,3832.370177,0.0
-10.18915,50,3833.740124,0.0
-3.072637,50,3835.484447,0.0
-0.522826,10,3835.706511,1.0
-10.727509,50,3836.60656,0.0
-13.76933,50,3837.74428,0.0
-3.700928,16,3838.061933,1.0
-1.548312,38,3838.739191,1.0
-14.219136,50,3839.623559,0.0
-2.010062,40,3846.191149,1.0
-2.856767,38,3846.857916,1.0
-13.826793,50,3847.954912,0.0
-10.335147,50,3849.233901,0.0
-3.876952,30,3849.985754,1.0
-10.045652,50,3851.24253,0.0
-4.213791,50,3852.201953,0.0
-8.220107,50,3853.127356,0.0
-0.609774,21,3853.534387,1.0
-9.314732,50,3854.66814,0.0
-12.751329,50,3855.625886,0.0
-1.56301,20,3855.990505,1.0
-1.418767,45,3862.586488,1.0
-8.423904,50,3863.652037,0.0
-11.059591,50,3864.749586,0.0
-0.550373,14,3865.002242,1.0
-5.455127,50,3865.898593,0.0
-6.679662,50,3866.983823,0.0
-2.017654,50,3867.951103,0.0
-2.974833,17,3868.333154,1.0
-1.685422,20,3868.860808,1.0
-2.915429,20,3869.332549,1.0
-14.857299,50,3870.669514,0.0
-1.48954,16,3871.059876,1.0
-0.923915,18,3871.4873,1.0
-4.834245,50,3872.627236,0.0
-9.338117,50,3880.133723,0.0
-7.646171,50,3881.432981,0.0
-0.612951,5,3881.562332,1.0
-4.882142,50,3882.562211,0.0
-6.87362,50,3883.462918,0.0
-2.904068,50,3884.415242,0.0
-11.272302,50,3885.687279,0.0
-0.727897,10,3885.973863,1.0
-14.393283,50,3887.294106,0.0
-8.616939,50,3888.220925,0.0
-9.629352,50,3889.169252,0.0
-12.846949,50,3890.24317,0.0
-2.784733,16,3890.537844,1.0
-11.693535,50,3897.551204,0.0
-8.595897,50,3898.756696,0.0
-0.953554,36,3899.740562,1.0
-4.684255,22,3900.169117,1.0
-0.370348,11,3900.411333,1.0
-9.771439,50,3901.508095,0.0
-7.837081,50,3902.735022,0.0
-4.908376,23,3903.376878,1.0
-1.22955,46,3904.620345,1.0
-0.227452,9,3904.784711,1.0
-13.327083,50,3905.780874,0.0
-1.551887,9,3905.950379,1.0
-4.275319,50,3907.088124,0.0
-11.360801,50,3908.19216,0.0
-14.356096,50,3915.209,0.0
-11.579767,50,3916.108181,0.0
-3.828758,50,3917.024203,0.0
-12.746098,50,3917.917104,0.0
-14.706977,50,3919.904158,0.0
-0.935206,30,3920.441498,1.0
-2.270269,35,3921.141964,1.0
-9.230869,50,3922.570413,0.0
-6.506773,50,3923.941538,0.0
-2.561126,30,3924.673548,1.0
-4.461612,37,3925.35554,1.0
-0.570068,9,3925.52023,1.0
-11.880259,50,3932.575737,0.0
-5.179425,50,3933.934362,0.0
-9.00526,50,3934.849797,0.0
-14.413474,50,3935.947142,0.0
-1.525723,8,3936.140012,1.0
-1.538951,20,3936.70203,1.0
-6.484014,47,3937.770754,1.0
-8.939808,50,3938.946543,0.0
-1.136174,15,3939.291841,1.0
-1.431785,41,3940.152319,1.0
-0.456321,10,3940.337692,1.0
-13.558181,50,3941.434514,0.0
-2.836699,32,3942.094118,1.0
-9.810173,50,3943.369653,0.0
-2.485046,11,3943.623326,1.0
-1.068277,11,3943.873126,1.0
-3.321307,50,3950.825951,0.0
-23.999854,50,3951.962003,0.0
-23.509979,50,3953.322811,0.0
-11.691954,50,3954.656311,0.0
-2.605421,18,3955.269473,1.0
-2.626338,14,3955.712138,1.0
-7.306224,50,3957.101764,0.0
-2.43003,11,3957.299542,1.0
-10.05731,50,3958.500446,0.0
-13.728095,50,3959.967097,0.0
-1.374066,13,3960.276031,1.0
-9.847384,50,3962.151072,0.0
-3.283086,20,3962.620658,1.0
-5.743753,50,3969.428978,0.0
-0.41941,10,3969.638799,1.0
-13.085455,50,3970.955529,0.0
-4.239904,50,3971.999558,0.0
-6.642161,50,3973.131568,0.0
-0.215629,4,3973.223929,1.0
-3.278256,13,3973.497794,1.0
-2.214729,28,3974.097008,1.0
-8.323276,50,3975.189732,0.0
-22.963077,50,3976.579226,0.0
-1.089491,12,3976.846531,1.0
-1.241112,15,3977.194082,1.0
-13.032228,50,3978.304111,0.0
-0.419608,9,3978.522508,1.0
-8.881955,50,3979.685376,0.0
-2.330509,45,3981.08668,1.0
-1.482062,21,3981.567926,1.0
-8.647464,50,3988.311155,0.0
-1.375593,39,3989.082474,1.0
-2.507156,10,3989.302723,1.0
-18.266829,50,3990.415908,0.0
-9.03941,50,3991.620302,0.0
-1.504491,34,3992.428225,1.0
-7.815771,50,3993.348245,0.0
-2.189533,45,3994.273853,1.0
-0.910913,15,3994.595811,1.0
-11.523433,50,3995.611569,0.0
-13.435894,50,3996.735863,0.0
-9.22094,50,3997.78846,0.0
-4.055732,50,4004.633603,0.0
-3.966587,50,4006.218734,0.0
-0.38217,11,4006.519389,1.0
-4.882608,50,4008.147619,0.0
-3.437814,50,4009.259076,0.0
-10.344362,50,4010.165441,0.0
-5.940607,50,4011.113571,0.0
-10.363424,50,4012.001828,0.0
-6.75492,50,4012.958628,0.0
-9.377428,50,4014.178255,0.0
-5.326779,50,4015.294898,0.0
-2.668802,13,4015.575006,1.0
-14.689564,50,4022.4468,0.0
-5.93252,42,4023.390637,1.0
-3.847715,22,4023.902981,1.0
-1.186952,8,4024.084738,1.0
-11.297854,50,4025.136298,0.0
-13.688193,50,4026.174921,0.0
-3.682025,30,4026.904242,1.0
-1.153192,7,4027.068062,1.0
-3.867803,30,4027.903997,1.0
-0.839179,21,4028.415303,1.0
-3.404912,24,4028.902649,1.0
-5.501834,50,4029.934374,0.0
-1.342818,32,4030.692239,1.0
-12.952819,50,4031.954952,0.0
-8.979944,50,4032.911473,0.0
-6.25161,50,4039.700757,0.0
-0.963386,27,4040.196045,1.0
-0.759839,25,4040.64303,1.0
-2.145249,14,4040.896873,1.0
-14.499298,50,4041.789706,0.0
-19.130925,50,4042.993613,0.0
-2.238071,50,4044.135678,0.0
-2.533259,13,4044.370324,1.0
-6.276905,50,4045.267245,0.0
-8.63896,50,4046.938809,0.0
-3.979837,50,4048.467777,0.0
-12.040768,50,4049.549613,0.0
-0.439044,5,4049.647221,1.0
-5.305302,24,4050.109983,1.0
-1.423208,19,4056.281084,1.0
-2.46269,27,4057.241113,1.0
-19.54619,50,4059.082514,0.0
-0.514813,12,4059.468486,1.0
-4.1411,50,4060.601772,0.0
-5.399503,50,4061.506746,0.0
-8.337828,50,4062.512069,0.0
-8.015723,50,4063.468594,0.0
-15.271469,50,4064.382171,0.0
-1.692596,20,4064.825925,1.0
-10.102654,50,4065.858324,0.0
-0.534191,15,4066.1324,1.0
-19.244891,50,4067.214166,0.0
-13.041246,50,4074.415795,0.0
-13.598353,50,4075.402225,0.0
-0.517163,12,4075.627031,1.0
-1.771484,16,4075.932904,1.0
-2.641648,31,4076.486253,1.0
-12.861635,50,4077.385226,0.0
-2.052627,13,4077.682552,1.0
-9.650202,50,4078.86098,0.0
-0.320524,5,4078.984954,1.0
-11.513532,50,4080.310044,0.0
-1.669911,50,4081.237966,0.0
-0.678532,7,4081.366933,1.0
-14.848984,50,4082.262548,0.0
-1.874278,12,4082.470855,1.0
-2.639639,17,4082.78405,1.0
-1.559473,50,4083.731954,0.0
-5.20558,50,4090.590823,0.0
-0.733289,16,4090.916007,1.0
-9.216629,50,4093.208001,0.0
-7.339222,50,4094.104764,0.0
-2.708991,13,4094.328619,1.0
-10.811905,50,4095.230924,0.0
-7.845985,50,4096.356737,0.0
-11.835542,50,4097.248779,0.0
-5.907752,50,4098.178196,0.0
-13.853609,50,4099.252902,0.0
-2.049477,16,4099.545696,1.0
-14.022114,50,4100.561361,0.0
