#{"t_start": 1649952657.623665, "env_id": "PandaReachJoints-v2"}
r,l,t,is_success
-1101.008978,50,1.285002,0.0
-867.867657,50,2.126225,0.0
-1595.298463,50,3.010855,0.0
-1698.225259,50,3.938265,0.0
-667.456738,50,4.855126,0.0
-1052.945894,50,5.726255,0.0
-1166.862206,50,6.63424,0.0
-744.681005,50,7.533174,0.0
-1359.108483,50,8.392171,0.0
-1964.648847,50,9.270595,0.0
-938.078519,50,15.978783,0.0
-1323.461202,50,16.907637,0.0
-1507.704,50,17.766779,0.0
-791.80598,50,18.670455,0.0
-564.961562,50,19.583788,0.0
-2269.236803,50,20.453929,0.0
-1360.091558,50,21.351912,0.0
-2355.034865,50,22.267838,0.0
-1624.97431,50,23.192149,0.0
-1581.977529,50,24.055964,0.0
-406.200359,50,30.796626,0.0
-1062.249,50,31.653202,0.0
-1308.806064,50,32.491383,0.0
-754.387401,50,33.37099,0.0
-678.633186,50,34.2875,0.0
-997.560722,50,36.022763,0.0
-687.530845,50,36.898328,0.0
-857.787879,50,37.755714,0.0
-1339.696709,50,38.630592,0.0
-1662.652331,50,39.493834,0.0
-643.49433,50,46.154237,0.0
-1521.131159,50,46.999549,0.0
-1011.572354,50,47.926758,0.0
-694.340381,50,48.819963,0.0
-916.41482,50,49.669473,0.0
-871.498079,50,50.497127,0.0
-1460.835981,50,51.354236,0.0
-1010.00103,50,52.295475,0.0
-1632.599595,50,53.256795,0.0
-714.792967,50,54.195192,0.0
-832.165463,50,60.844967,0.0
-1390.562784,50,61.823905,0.0
-902.441839,50,62.68905,0.0
-768.905303,50,63.650482,0.0
-1223.759695,50,64.544544,0.0
-777.663429,50,65.428741,0.0
-1491.076585,50,66.395551,0.0
-1037.085424,50,67.316488,0.0
-557.57542,50,68.18393,0.0
-1411.875573,50,69.05802,0.0
-1485.968116,50,70.999663,0.0
-1117.90595,50,77.70172,0.0
-1144.02463,50,78.632174,0.0
-773.056359,50,79.553344,0.0
-968.850222,50,80.456208,0.0
-834.351672,50,81.36068,0.0
-891.432296,50,82.282256,0.0
-762.74511,50,83.185972,0.0
-712.923154,50,84.095699,0.0
-1117.390532,50,85.018843,0.0
-906.521358,50,85.930688,0.0
-881.819341,50,92.573118,0.0
-1130.511294,50,93.49834,0.0
-1366.646721,50,94.353752,0.0
-1038.450276,50,95.228162,0.0
-1148.958849,50,96.100455,0.0
-336.284602,50,97.004369,0.0
-811.29988,50,97.912637,0.0
-888.525395,50,98.848126,0.0
-964.212122,50,99.754601,0.0
-619.403614,50,100.624323,0.0
-1386.933661,50,107.267848,0.0
-1012.052421,50,108.207416,0.0
-936.235671,50,109.074467,0.0
-1112.401654,50,110.005177,0.0
-1221.280139,50,111.824558,0.0
-503.329099,50,112.745698,0.0
-720.127863,50,113.697078,0.0
-1089.20392,50,114.607816,0.0
-923.904682,50,115.564294,0.0
-985.143736,50,116.488729,0.0
-1222.230598,50,123.241153,0.0
-731.555666,50,124.212733,0.0
-1135.383115,50,125.147908,0.0
-640.797834,50,126.057971,0.0
-813.176731,50,127.004689,0.0
-813.15071,50,127.92631,0.0
-423.562611,50,128.877728,0.0
-1134.215242,50,129.853343,0.0
-1019.323397,50,130.769809,0.0
-485.274488,50,131.737765,0.0
-884.741873,50,132.701547,0.0
-959.259291,50,139.403989,0.0
-1028.185008,50,140.302566,0.0
-1196.580987,50,141.21134,0.0
-876.82358,50,142.080593,0.0
-1376.645317,50,143.019547,0.0
-1159.597677,50,143.909694,0.0
-960.800586,50,144.751953,0.0
-1075.676196,50,145.670243,0.0
-1152.002735,50,147.591748,0.0
-972.950744,50,148.529623,0.0
-1038.088247,50,155.248398,0.0
-1011.357769,50,156.171206,0.0
-661.546612,50,157.114097,0.0
-1461.042511,50,158.037474,0.0
-1136.870879,50,158.911046,0.0
-1326.115531,50,159.851099,0.0
-723.503585,50,160.834654,0.0
-759.405188,50,161.782313,0.0
-832.380787,50,162.762332,0.0
-551.696925,50,163.773168,0.0
-1309.978287,50,170.545677,0.0
-940.122225,50,171.484778,0.0
-656.213914,50,172.438141,0.0
-1023.53334,50,173.352009,0.0
-864.717527,50,174.239526,0.0
-993.876287,50,175.161942,0.0
-587.186943,50,176.153237,0.0
-759.28177,50,177.06691,0.0
-421.110905,50,178.015016,0.0
-477.547424,50,178.965773,0.0
-1136.172012,50,185.771301,0.0
-1128.594837,50,186.676471,0.0
-939.842308,50,187.566801,0.0
-464.87841,50,189.613822,0.0
-398.524967,50,190.636491,0.0
-645.360289,50,191.622438,0.0
-911.019676,50,192.506075,0.0
-862.08203,50,193.477128,0.0
-1155.053128,50,194.435667,0.0
-645.075968,50,195.398529,0.0
-923.722424,50,196.362642,0.0
-1260.341082,50,203.092565,0.0
-1018.13153,50,204.022839,0.0
-1145.945079,50,204.986703,0.0
-890.469267,50,205.903905,0.0
-626.745748,50,206.853398,0.0
-726.927626,50,207.821518,0.0
-385.078668,50,208.81883,0.0
-886.362167,50,209.791658,0.0
-316.661209,50,210.764079,0.0
-379.424537,50,211.78146,0.0
-567.288328,50,218.607399,0.0
-461.799253,41,219.434767,1.0
-735.302418,50,220.448127,0.0
-689.522719,50,221.439616,0.0
-787.229242,50,222.412262,0.0
-859.040078,50,223.368148,0.0
-1258.637465,50,224.295693,0.0
-925.719256,50,226.344428,0.0
-854.583744,50,227.342,0.0
-505.746292,50,228.30522,0.0
-702.148025,50,235.120188,0.0
-728.20011,50,236.059554,0.0
-851.076313,50,237.023023,0.0
-978.011253,50,237.935636,0.0
-639.586744,50,238.847511,0.0
-803.450041,50,239.718777,0.0
-1310.844353,50,240.647097,0.0
-821.167484,50,241.567717,0.0
-384.537325,50,242.529175,0.0
-628.377548,50,243.476628,0.0
-747.948326,50,244.470372,0.0
-767.127563,50,251.297716,0.0
-568.396179,50,252.3281,0.0
-179.057185,50,253.346192,0.0
-1210.034945,50,254.383427,0.0
-716.537592,50,255.358384,0.0
-945.52549,50,256.340858,0.0
-872.816458,50,257.309304,0.0
-1033.103248,50,258.348592,0.0
-1052.327147,50,259.359582,0.0
-1400.516349,50,260.305809,0.0
-295.567681,50,267.124583,0.0
-1097.000364,50,269.2003,0.0
-718.943222,50,270.192284,0.0
-705.14326,50,271.168791,0.0
-692.390405,50,272.141636,0.0
-780.451592,50,273.187493,0.0
-216.012625,50,274.213593,0.0
-281.7372,50,275.166121,0.0
-1039.243362,50,276.061087,0.0
-910.964649,50,277.058574,0.0
-1020.776658,50,283.869014,0.0
-848.601883,50,284.924834,0.0
-592.263039,50,285.946808,0.0
-670.027218,50,286.954422,0.0
-393.314719,50,287.960659,0.0
-692.110229,50,288.990212,0.0
-825.175459,50,290.081852,0.0
-766.388323,50,291.088758,0.0
-687.177641,50,292.10798,0.0
-697.994232,50,293.151753,0.0
-865.735995,50,300.010491,0.0
-1034.524125,50,301.014053,0.0
-898.129875,50,302.090934,0.0
-862.883158,50,303.069071,0.0
-514.258702,50,304.031031,0.0
-447.700808,50,305.109669,0.0
-575.195929,50,307.14839,0.0
-1045.204224,50,308.07733,0.0
-680.283527,50,309.104792,0.0
-509.491321,50,310.030148,0.0
-667.360681,50,316.786532,0.0
-420.415037,50,317.775498,0.0
-466.824435,50,318.849675,0.0
-902.869851,50,319.862003,0.0
-439.681063,50,320.848504,0.0
-597.230963,50,321.855753,0.0
-996.320106,50,322.847743,0.0
-647.003864,50,323.788087,0.0
-588.262162,50,324.800375,0.0
-601.096385,50,325.837688,0.0
-350.340377,50,326.821196,0.0
-541.264206,50,333.639583,0.0
-365.185676,50,334.684862,0.0
-779.650033,50,335.69482,0.0
-686.151215,50,336.720365,0.0
-884.160697,50,337.777412,0.0
-171.670712,18,338.144117,1.0
-500.088413,50,339.201545,0.0
-289.263324,50,340.232022,0.0
-888.574501,50,341.269183,0.0
-595.785918,50,342.323955,0.0
-522.718467,50,344.424242,0.0
-732.967506,50,351.251941,0.0
-447.476943,50,352.314325,0.0
-779.018756,50,353.370571,0.0
-421.521384,50,354.415372,0.0
-479.618836,50,355.477758,0.0
-367.772038,50,356.548936,0.0
-560.152113,50,357.513192,0.0
-364.151606,50,358.624185,0.0
-433.11861,34,359.346253,1.0
-334.259599,50,360.394444,0.0
-365.860754,50,367.143779,0.0
-710.292915,50,368.183584,0.0
-661.07975,50,369.288596,0.0
-814.577825,50,370.298242,0.0
-471.266954,50,371.315917,0.0
-581.324796,50,372.354552,0.0
-907.876507,50,373.382519,0.0
-288.024989,50,374.509325,0.0
-656.763832,50,375.571518,0.0
-590.925296,50,376.599478,0.0
-779.305503,50,383.362263,0.0
-39.028602,4,383.440536,1.0
-615.571692,50,384.468117,0.0
-723.001743,50,385.432838,0.0
-531.879833,50,386.507887,0.0
-639.015104,50,387.516713,0.0
-690.695931,50,389.7245,0.0
-829.844425,50,390.760957,0.0
-676.467105,50,391.803418,0.0
-619.126187,50,392.812426,0.0
-752.469533,50,393.772902,0.0
-841.02705,50,394.77722,0.0
-523.483689,50,401.685522,0.0
-438.853101,50,402.800761,0.0
-292.680379,50,403.86025,0.0
-623.117657,50,404.865743,0.0
-421.634892,50,405.803926,0.0
-434.643005,50,406.84843,0.0
-791.251588,50,407.924613,0.0
-831.14761,50,409.093232,0.0
-263.003914,50,410.12691,0.0
-443.155801,50,411.213193,0.0
-803.824905,50,418.106539,0.0
-622.119209,50,419.267185,0.0
-997.059048,50,420.392721,0.0
-545.9743,50,421.376816,0.0
-808.240424,50,422.355138,0.0
-431.232551,50,423.353463,0.0
-667.228668,50,424.41082,0.0
-736.407108,50,425.398754,0.0
-462.330511,50,426.371092,0.0
-513.084388,50,428.31067,0.0
-910.526323,50,435.155584,0.0
-627.893876,50,436.166623,0.0
-671.611079,50,437.209007,0.0
-926.670636,50,438.261055,0.0
-349.030726,50,439.324997,0.0
-273.456861,50,440.334572,0.0
-897.833585,50,441.332024,0.0
-572.494204,50,442.324846,0.0
-582.197827,50,443.323998,0.0
-571.305336,50,444.360239,0.0
-528.649574,50,451.264747,0.0
-345.465689,50,452.239718,0.0
-404.282458,50,453.189012,0.0
-1066.521828,50,454.177897,0.0
-397.214284,50,455.233313,0.0
-420.790858,50,456.18305,0.0
-686.60168,50,457.150763,0.0
-772.874265,50,458.186256,0.0
-902.477768,50,459.206985,0.0
-630.346654,50,460.172417,0.0
-611.95381,50,461.106128,0.0
-540.580576,50,468.104344,0.0
-607.810227,50,469.167036,0.0
-733.155393,50,470.221944,0.0
-779.153918,50,472.16766,0.0
-848.533361,50,473.177766,0.0
-639.508777,50,474.184918,0.0
-682.321355,50,475.20425,0.0
-404.588031,50,476.287054,0.0
-519.840033,50,477.336866,0.0
-328.477722,50,478.422256,0.0
-569.469631,50,485.30075,0.0
-552.622881,50,486.46119,0.0
-788.565944,50,487.440992,0.0
-549.384274,50,488.478562,0.0
-300.180736,50,489.49515,0.0
-604.925168,50,490.516385,0.0
-726.813193,50,491.560199,0.0
-565.440024,50,492.617612,0.0
-480.75099,50,493.689062,0.0
-650.852877,50,494.80511,0.0
-553.859414,50,501.70347,0.0
-698.135349,50,502.710391,0.0
-477.760507,30,503.30641,1.0
-546.256648,50,504.347736,0.0
-508.661183,50,505.339299,0.0
-411.817333,50,506.398072,0.0
-793.156183,50,507.464846,0.0
-466.89808,50,508.610979,0.0
-744.134065,50,510.736197,0.0
-513.239926,50,511.772367,0.0
-299.028048,50,512.825875,0.0
-572.518685,50,519.707789,0.0
-480.036189,36,520.435784,1.0
-550.480917,50,521.468078,0.0
-486.143409,50,522.502177,0.0
-682.011437,50,523.486425,0.0
-742.176799,50,524.579687,0.0
-215.697722,50,525.723176,0.0
-570.701362,50,526.77461,0.0
-737.461155,50,527.866349,0.0
-481.206265,50,528.973286,0.0
-397.500468,50,535.896466,0.0
-706.396367,50,537.003145,0.0
-459.815168,50,538.077869,0.0
-553.432334,50,539.199177,0.0
-421.934283,50,540.343174,0.0
-514.408126,50,541.344045,0.0
-315.387523,50,542.423206,0.0
-417.261034,50,543.551799,0.0
-273.085603,42,544.431529,1.0
-432.316343,50,545.505755,0.0
-1375.790807,50,546.557409,0.0
-512.154249,50,553.540653,0.0
-260.561536,36,554.366802,1.0
-594.32743,50,556.511031,0.0
-986.672315,50,557.663107,0.0
-641.026901,50,558.825869,0.0
-194.943718,50,559.987979,0.0
-616.848964,50,561.020555,0.0
-295.393862,50,562.014205,0.0
-869.106919,50,563.065666,0.0
-440.111632,50,564.111122,0.0
-725.329059,50,571.026047,0.0
-237.331646,50,572.090691,0.0
-551.36545,50,573.213679,0.0
-663.486357,50,574.207876,0.0
-358.685147,50,575.209952,0.0
-201.249752,50,576.268057,0.0
-558.385605,50,577.295443,0.0
-582.62884,50,578.275235,0.0
-574.095191,50,579.327567,0.0
-366.373391,50,580.366139,0.0
-330.426121,50,587.217399,0.0
-326.923395,50,588.281884,0.0
-882.389463,50,589.376391,0.0
-320.46986,50,590.5188,0.0
-281.590322,50,591.547395,0.0
-381.360579,50,592.591981,0.0
-526.203229,50,593.619374,0.0
-485.462055,50,595.709423,0.0
-307.197673,50,596.725168,0.0
-844.658024,50,597.986158,0.0
-848.3659,50,599.062686,0.0
-1227.79135,50,605.928741,0.0
-358.433898,50,606.950747,0.0
-690.634391,50,608.042816,0.0
-923.370033,50,609.047422,0.0
-540.907469,50,610.067861,0.0
-500.042944,50,611.18703,0.0
-569.300573,50,612.256634,0.0
-380.8847,50,613.268321,0.0
-587.208544,50,614.269441,0.0
-410.78476,44,615.188466,1.0
-507.807573,50,622.087931,0.0
-413.698807,50,623.183097,0.0
-533.225481,50,624.336689,0.0
-601.786438,50,625.381886,0.0
-906.297043,50,626.443905,0.0
-378.837588,50,627.462266,0.0
-221.739877,50,628.499566,0.0
-435.753054,50,629.526597,0.0
-352.935785,50,630.612906,0.0
-792.020468,50,631.79973,0.0
-714.842373,50,638.671918,0.0
-352.008418,50,640.960896,0.0
-733.067562,50,642.068387,0.0
-286.688447,50,643.101731,0.0
-653.503705,50,644.217965,0.0
-359.272642,50,645.294917,0.0
-547.702065,50,646.356768,0.0
-643.080021,50,647.423265,0.0
-683.929567,50,648.473147,0.0
-385.803276,50,649.477796,0.0
-517.504255,50,656.358793,0.0
-217.285073,39,657.181647,1.0
-344.879988,50,658.216513,0.0
-312.027276,50,659.261127,0.0
-330.02849,50,660.271142,0.0
-542.47023,50,661.217465,0.0
-436.025996,50,662.271866,0.0
-187.144806,50,663.389975,0.0
-517.445282,50,664.485429,0.0
-344.569197,50,665.630529,0.0
-468.974029,50,666.65434,0.0
-380.881193,50,673.581125,0.0
-368.025313,50,674.575517,0.0
-737.458516,50,675.549295,0.0
-355.20407,50,676.588478,0.0
-348.730712,50,677.712297,0.0
-684.146665,50,679.688145,0.0
-722.224756,50,680.740798,0.0
-285.685658,50,681.792299,0.0
-273.45197,50,682.854339,0.0
-1366.047243,50,683.973246,0.0
-403.696123,50,690.840396,0.0
-714.363359,50,691.910911,0.0
-263.384027,50,693.013621,0.0
-231.582063,50,694.067206,0.0
-353.448889,50,695.161838,0.0
-391.998056,50,696.289454,0.0
-214.708293,50,697.342601,0.0
-810.006246,50,698.440137,0.0
-746.83736,50,699.583527,0.0
-862.324999,50,700.675528,0.0
-269.25513,50,707.688509,0.0
-721.532837,50,708.834262,0.0
-860.162638,50,710.000651,0.0
-232.639638,50,711.137792,0.0
-578.591522,50,712.308059,0.0
-459.014402,50,713.477102,0.0
-525.751266,50,714.590235,0.0
-268.293061,50,715.621967,0.0
-1313.261099,50,716.640549,0.0
-235.340717,50,717.707927,1.0
-359.086851,50,719.773236,0.0
-420.120945,50,726.625062,0.0
-834.524033,50,727.701723,0.0
-617.761695,50,728.748494,0.0
-427.196666,50,729.796626,0.0
-501.488548,49,730.817741,1.0
-413.9988,50,731.903044,0.0
-506.617936,50,732.969931,0.0
-532.243271,50,734.068336,0.0
-957.173726,50,735.125143,0.0
-434.551731,48,736.243598,1.0
-454.394543,50,743.205156,0.0
-942.095235,50,744.29917,0.0
-473.379779,50,745.367707,0.0
-221.456474,15,745.650221,1.0
-378.273347,50,746.690516,0.0
-329.542755,50,747.712574,0.0
-391.362012,50,748.658899,0.0
-334.771684,50,749.676977,0.0
-762.871325,50,750.683685,0.0
-544.334479,50,751.728456,0.0
-589.07278,41,752.620484,1.0
-586.727882,50,759.557262,0.0
-534.494743,50,760.729387,0.0
-499.373086,50,761.823344,0.0
-497.499333,50,762.947714,0.0
-453.313319,50,764.996281,0.0
-672.321678,50,766.016358,0.0
-683.171868,50,767.076504,0.0
-643.446985,50,768.110082,0.0
-526.182082,50,769.186424,0.0
-325.471887,50,770.201948,0.0
-467.632558,50,777.155844,0.0
-300.201184,50,778.185156,0.0
-710.406465,50,779.189644,0.0
-422.169515,50,780.320209,0.0
-522.574133,50,781.401591,0.0
-859.2836,50,782.46409,0.0
-401.746119,50,783.489018,0.0
-284.71669,50,784.600399,0.0
-469.692122,50,785.575231,0.0
-623.354615,50,786.588653,0.0
-372.963395,50,793.431938,0.0
-473.093129,50,794.435896,0.0
-538.954229,50,795.432817,0.0
-458.278418,50,796.414807,0.0
-339.512863,50,797.495742,0.0
-264.011765,40,798.356737,1.0
-767.489091,50,799.46068,0.0
-477.111887,50,800.540272,0.0
-358.98839,50,801.535087,0.0
-661.890847,50,803.520693,0.0
-314.958685,50,804.552661,0.0
-750.732645,50,811.441613,0.0
-436.721633,50,812.417161,0.0
-278.593823,50,813.484641,0.0
-440.213949,50,814.606672,0.0
-500.757243,50,815.705101,0.0
-410.955962,50,816.779632,0.0
-596.463541,50,817.807823,0.0
-756.020483,50,818.794735,0.0
-637.008268,50,819.898126,0.0
-280.44125,50,820.983745,0.0
-605.434558,50,827.867468,0.0
-403.561079,27,828.412794,1.0
-914.914019,50,829.434876,0.0
-634.7996,50,830.616239,0.0
-344.593278,50,831.6102,0.0
-914.824069,50,832.676705,0.0
-1028.810114,50,833.727463,0.0
-547.607075,50,834.776792,0.0
-557.356835,50,835.869422,0.0
-599.576995,50,836.88812,0.0
-376.079967,50,838.043947,0.0
-488.160196,50,844.982807,0.0
-488.701744,50,845.959308,0.0
-368.16973,50,847.063669,0.0
-914.353175,50,848.964667,0.0
-748.188621,50,850.002742,0.0
-570.967132,50,851.125543,0.0
-414.914474,50,852.135872,0.0
-264.464387,22,852.558746,1.0
-488.793203,50,853.534538,0.0
-379.027522,50,854.518461,0.0
-810.40791,50,855.605624,0.0
-264.482435,50,862.378453,0.0
-431.184124,50,863.484504,0.0
-300.418425,35,864.208396,1.0
-507.1035,50,865.286966,0.0
-388.538337,50,866.416538,0.0
-310.52855,32,867.111371,1.0
-677.664028,50,868.12916,0.0
-426.672505,50,869.284559,0.0
-285.23234,50,870.348648,0.0
-130.650904,18,870.730455,1.0
-427.719518,50,871.790964,0.0
-361.921591,50,878.608745,0.0
-642.379954,50,879.655363,0.0
-390.077325,50,880.773701,0.0
-444.291557,50,881.891402,0.0
-348.476134,50,883.013521,0.0
-743.203328,50,884.118722,0.0
-794.995804,50,885.180934,0.0
-438.843771,45,886.234987,1.0
-344.304115,50,888.250436,0.0
-369.457659,50,889.37103,0.0
-671.102973,50,890.486525,0.0
-337.096904,50,897.438198,0.0
-431.213365,50,898.520151,0.0
-498.910155,50,899.541627,0.0
-453.490622,50,900.676295,0.0
-392.610506,50,901.698834,0.0
-645.526835,50,902.688737,0.0
-2333.762149,50,903.747696,0.0
-765.984556,50,904.845671,0.0
-278.325086,18,905.215947,1.0
-811.04025,50,906.274394,0.0
-404.31326,50,913.098712,0.0
-491.624632,50,914.233365,0.0
-644.47402,50,915.440689,0.0
-1061.567389,50,916.511549,0.0
-159.836756,33,917.232706,1.0
-823.879428,50,918.332712,0.0
-500.879877,50,919.393913,0.0
-341.709394,50,920.485496,0.0
-811.228319,50,921.514779,0.0
-613.38197,50,922.528244,0.0
-446.97486,50,923.582247,0.0
-354.604884,50,930.450188,0.0
-496.016317,50,931.553062,0.0
-179.164358,25,933.109318,1.0
-213.879269,30,933.770631,1.0
-460.04182,50,934.780469,0.0
-347.466598,50,935.795479,0.0
-782.91227,50,936.865356,0.0
-407.225049,50,937.963372,0.0
-530.265254,50,939.014727,0.0
-553.262267,50,940.155735,0.0
-531.686321,50,941.305515,0.0
-441.895806,50,948.162333,0.0
-953.364104,50,949.231918,0.0
-295.739618,38,949.988663,1.0
-436.285461,50,951.030891,0.0
-316.45186,50,952.148789,0.0
-523.968351,50,953.146082,0.0
-527.889346,50,954.253855,0.0
-222.017173,50,955.31721,0.0
-438.4613,50,956.458914,0.0
-187.585493,50,957.455154,0.0
-276.39923,50,958.57635,0.0
-234.903893,50,965.372988,0.0
-139.072322,13,965.665313,1.0
-475.630609,50,966.871753,0.0
-847.365306,50,967.928808,0.0
-307.777427,50,968.993938,0.0
-227.330955,22,969.465047,1.0
-326.571041,42,970.328814,1.0
-759.267945,50,972.263879,0.0
-419.632621,50,973.270741,0.0
-259.127102,42,974.158539,1.0
-248.000554,38,974.959018,1.0
-417.688438,50,976.051018,0.0
-401.145437,50,982.943127,0.0
-544.647071,50,984.124566,0.0
-602.690917,50,985.22491,0.0
-748.007842,50,986.431845,0.0
-421.150775,50,987.552093,0.0
-295.097342,50,988.663885,0.0
-479.30709,50,989.696903,0.0
-256.650404,50,990.703019,0.0
-585.522253,50,991.686188,0.0
-81.537237,14,991.983608,1.0
-576.035515,50,992.948472,0.0
-451.483564,50,999.802849,0.0
-416.733985,50,1000.880175,0.0
-436.796417,50,1001.905666,0.0
-500.718419,50,1002.986393,0.0
-210.714677,50,1004.085136,0.0
-644.402254,50,1005.141241,0.0
-281.222408,50,1006.290057,0.0
-382.964741,34,1006.997384,1.0
-324.041906,50,1008.071105,0.0
-523.915721,50,1009.109709,0.0
-174.374169,50,1015.912231,0.0
-329.803954,50,1018.062446,0.0
-431.525829,50,1019.290793,0.0
-669.025516,50,1020.409667,0.0
-508.477175,50,1021.511262,0.0
-417.48271,19,1021.951694,1.0
-334.48803,50,1023.093769,0.0
-425.743218,50,1024.210783,0.0
-727.323567,50,1025.318334,0.0
-430.160079,50,1026.456316,0.0
-324.813099,50,1027.577996,0.0
-429.751096,50,1034.503961,0.0
-428.182149,50,1035.614409,0.0
-280.292094,23,1036.093602,1.0
-550.205346,50,1037.200727,0.0
-292.816127,50,1038.307674,0.0
-625.389328,50,1039.378449,0.0
-387.39333,50,1040.480174,0.0
-502.087702,50,1041.598411,0.0
-356.616475,50,1042.670009,0.0
-277.559146,33,1043.374827,1.0
-280.648614,50,1044.532417,0.0
-254.966485,50,1051.473774,0.0
-785.879589,50,1052.523619,0.0
-202.306698,50,1053.657109,0.0
-313.17033,42,1054.643375,1.0
-246.821255,50,1055.767715,0.0
-706.849849,50,1057.830928,0.0
-911.248697,50,1058.875119,0.0
-320.505986,40,1059.77369,1.0
-465.120994,50,1060.979726,0.0
-600.587696,50,1062.088014,0.0
-315.102824,50,1063.202684,0.0
-374.216901,50,1069.887259,0.0
-225.904154,21,1070.335007,1.0
-274.59054,50,1071.349787,0.0
-679.070798,50,1072.420497,0.0
-637.816008,50,1073.542876,0.0
-305.05843,50,1074.641418,0.0
-896.488418,50,1075.843762,0.0
-760.907271,50,1076.936789,0.0
-433.199641,50,1078.001329,0.0
-224.168134,31,1078.753907,1.0
-331.814543,50,1079.873577,0.0
-276.490433,50,1086.791368,0.0
-984.668439,50,1087.903858,0.0
-557.991806,50,1088.989354,0.0
-589.101446,50,1090.073144,0.0
-315.460288,50,1091.190062,0.0
-341.106851,50,1092.334493,0.0
-338.664781,50,1093.457179,0.0
-299.158946,50,1094.569468,0.0
-716.042065,50,1095.73174,0.0
-219.531061,50,1097.683289,0.0
-665.241821,50,1104.649738,0.0
-488.844449,50,1105.679566,0.0
-327.326521,22,1106.169294,1.0
-427.186512,50,1107.265539,0.0
-205.457267,50,1108.38658,0.0
-327.492964,50,1109.468422,0.0
-648.427046,50,1110.547942,0.0
-1015.391327,50,1111.725772,0.0
-597.965694,50,1112.77063,0.0
-577.396114,50,1113.840709,0.0
-475.68351,50,1114.961401,0.0
-322.117589,50,1121.799788,0.0
-808.076731,50,1122.907715,0.0
-390.777999,50,1123.980976,0.0
-417.184117,50,1125.045671,0.0
-242.640111,48,1126.109149,1.0
-457.583647,50,1127.218799,0.0
-479.157548,50,1128.36921,0.0
-334.619656,41,1129.338058,1.0
-377.40925,50,1130.419725,0.0
-334.723896,50,1131.604726,0.0
-470.596332,50,1132.74653,0.0
-673.829836,50,1139.667995,0.0
-211.283335,50,1140.858249,0.0
-291.593749,50,1141.898697,0.0
-322.140854,50,1144.053943,1.0
-369.668417,50,1145.171804,0.0
-287.188006,50,1146.267906,0.0
-248.241114,50,1147.359464,0.0
-493.578326,50,1148.455774,0.0
-790.461866,50,1149.558482,0.0
-378.525689,50,1150.719226,0.0
-603.835622,50,1157.725635,0.0
-676.054638,50,1158.852297,0.0
-389.249386,50,1159.943423,0.0
-385.567257,50,1160.924204,0.0
-629.805757,50,1162.056079,0.0
-474.214871,50,1163.0995,0.0
-336.643087,50,1164.122074,0.0
-576.665639,50,1165.287414,0.0
-485.506384,50,1166.556764,0.0
-647.72591,50,1167.757419,0.0
-301.077831,50,1174.765244,0.0
-261.985062,50,1175.861433,1.0
-536.660611,50,1176.988447,0.0
-677.430466,50,1178.097274,0.0
-435.511846,50,1179.235376,0.0
-746.948859,50,1180.390956,0.0
-210.036153,25,1180.912,1.0
-639.004388,50,1182.03914,0.0
-164.763912,27,1182.656685,1.0
-572.802754,50,1184.892186,0.0
-531.279789,50,1186.015765,0.0
-164.442361,19,1186.458893,1.0
-558.368932,50,1193.305913,0.0
-147.571793,12,1193.54981,1.0
-206.474616,50,1194.678759,0.0
-688.464198,50,1195.793331,0.0
-262.044171,50,1197.0014,0.0
-467.241811,50,1198.292722,0.0
-432.518315,50,1199.390586,0.0
-154.740361,29,1199.97268,1.0
-306.41592,50,1201.02607,0.0
-808.026697,50,1202.258831,0.0
-435.038956,50,1203.485094,0.0
-268.767033,50,1210.451536,0.0
-758.883805,50,1211.551703,0.0
-427.75023,22,1211.996675,1.0
-438.934367,50,1213.086444,0.0
-81.412737,16,1213.409933,1.0
-740.198275,50,1214.394154,0.0
-383.747023,50,1215.500694,0.0
-472.518616,50,1216.578098,0.0
-354.9796,37,1217.450387,1.0
-435.159585,50,1218.58729,0.0
-502.475875,50,1219.699578,0.0
-631.929499,50,1220.725115,0.0
-387.023363,50,1227.569129,0.0
-25.541894,6,1227.695767,1.0
-288.951695,50,1228.689328,0.0
-591.907994,50,1230.694899,0.0
-846.791379,50,1231.733092,0.0
-332.218436,35,1232.417965,1.0
-441.806392,50,1233.423959,0.0
-673.661282,50,1234.509482,0.0
-1327.493627,50,1235.631123,0.0
-889.071927,50,1236.692232,0.0
-372.634134,50,1237.78874,0.0
-720.846024,50,1244.648212,0.0
-341.424317,24,1245.140971,1.0
-661.333066,50,1246.204632,0.0
-811.057579,50,1247.284864,0.0
-268.724238,50,1248.357447,0.0
-1027.644617,50,1249.522037,0.0
-884.066802,50,1250.673494,0.0
-1226.598394,50,1251.784534,0.0
-246.587395,50,1252.906372,0.0
-338.332141,50,1253.855061,0.0
-650.915056,50,1254.907744,0.0
-757.131242,50,1261.80918,0.0
-198.622599,50,1262.903199,0.0
-348.891573,50,1264.018306,0.0
-457.958846,50,1265.037065,0.0
-626.108504,50,1266.189023,0.0
-282.483329,50,1267.379536,0.0
-237.478956,50,1268.553958,0.0
-440.130707,50,1270.474207,0.0
-797.038813,50,1271.597853,0.0
-319.904572,50,1272.637768,0.0
-665.649978,50,1279.546852,0.0
-660.8512,50,1280.687644,0.0
-803.600477,50,1281.828334,0.0
-463.595424,50,1282.959532,0.0
-388.360962,50,1284.063359,0.0
-328.347724,50,1285.163198,0.0
-511.000251,50,1286.241368,0.0
-834.260977,50,1287.3934,0.0
-371.804318,50,1288.447806,0.0
-794.674291,50,1289.568419,0.0
-681.992358,50,1290.604359,0.0
-504.642928,43,1297.323395,1.0
-486.616289,32,1297.972402,1.0
-447.892023,50,1299.019414,0.0
-385.259729,50,1300.13216,0.0
-299.782103,50,1301.16103,0.0
-344.031785,50,1302.163708,0.0
-467.011749,50,1303.282863,0.0
-319.633987,50,1304.407055,0.0
-195.853486,50,1305.499118,0.0
-329.69665,50,1306.648646,0.0
-282.880027,50,1313.516377,0.0
-428.67272,50,1314.541049,0.0
-245.915547,50,1316.611171,0.0
-301.970215,21,1317.039879,1.0
-319.774088,50,1318.206944,0.0
-336.097342,50,1319.29942,0.0
-325.105825,50,1320.418762,0.0
-182.842049,50,1321.562387,0.0
-504.297112,50,1322.656742,0.0
-165.730702,50,1323.702712,0.0
-360.847535,50,1324.747867,0.0
-808.653148,50,1331.634453,0.0
-310.882566,50,1332.758953,0.0
-229.872395,50,1333.862034,0.0
-316.49563,50,1334.957074,0.0
-426.302001,50,1336.105001,0.0
-706.016336,50,1337.166661,0.0
-434.111841,50,1338.454967,0.0
-515.69274,34,1339.252991,1.0
-324.108954,50,1340.30442,0.0
-598.297063,50,1341.483946,0.0
-318.154414,50,1342.59243,0.0
-406.528067,50,1349.555224,0.0
-304.95554,50,1350.747903,0.0
-415.368622,50,1351.905267,0.0
-360.666815,50,1353.010837,0.0
-620.81559,50,1354.067293,0.0
-730.512231,50,1355.113747,0.0
-333.837437,50,1357.190185,0.0
-386.286263,50,1358.226752,0.0
-987.814651,50,1359.308978,0.0
-341.741828,50,1360.382104,0.0
-518.68147,50,1367.260178,0.0
-1561.898448,50,1368.281821,0.0
-271.833108,50,1369.314397,0.0
-624.200572,50,1370.388651,0.0
-838.987073,50,1371.419115,0.0
-234.845867,50,1372.509218,0.0
-590.144604,50,1373.662163,0.0
-760.634412,50,1374.745559,0.0
-285.058082,29,1375.404022,1.0
-188.043805,50,1376.580358,0.0
-762.962786,50,1377.671892,0.0
-121.594793,14,1383.905521,1.0
-413.490999,50,1384.93531,0.0
-218.042634,46,1385.94233,1.0
-841.880378,50,1387.02072,0.0
-721.319897,50,1388.186963,0.0
-451.025114,50,1389.341427,0.0
-147.163494,32,1390.000266,1.0
-908.575457,50,1391.154201,0.0
-707.751676,50,1392.251751,0.0
-221.520486,50,1393.283793,0.0
-355.069883,50,1394.403592,0.0
-469.743053,50,1402.219897,0.0
-173.176195,50,1403.28623,0.0
-749.891399,50,1404.428664,0.0
-888.908717,50,1405.517648,0.0
-283.702867,48,1406.580103,1.0
-442.717782,50,1407.729663,0.0
-385.260819,29,1408.348668,1.0
-355.194775,50,1409.489186,0.0
-639.66493,50,1410.616093,0.0
-589.648605,23,1411.103556,1.0
-461.279943,50,1412.22561,0.0
-697.368028,50,1419.077953,0.0
-445.104539,42,1419.940157,1.0
-396.388978,50,1420.963734,0.0
-289.987141,50,1421.985034,0.0
-596.398405,39,1422.865928,1.0
-238.475469,50,1423.927946,0.0
-326.349343,50,1425.02378,0.0
-579.769262,50,1426.105626,0.0
-707.582316,50,1427.279516,0.0
-619.583723,50,1428.434385,0.0
-682.946571,50,1429.650374,0.0
-675.201063,50,1436.60316,0.0
-390.072418,50,1437.685975,0.0
-331.577168,50,1438.830971,0.0
-663.987407,50,1439.966283,0.0
-376.241137,50,1441.008432,0.0
-654.199752,50,1443.039636,0.0
-469.497346,50,1444.119473,0.0
-379.345223,50,1445.211827,0.0
-393.69505,50,1446.350833,0.0
-354.876027,31,1447.127465,1.0
-629.091424,50,1448.348948,0.0
-193.84858,26,1454.822841,1.0
-98.756362,23,1455.319217,1.0
-488.011156,50,1456.36622,0.0
-955.091098,50,1457.504791,0.0
-484.665566,50,1458.572496,0.0
-625.804554,50,1459.648391,0.0
-677.15091,50,1460.79546,0.0
-511.925384,50,1461.867942,0.0
-578.579561,50,1462.847514,0.0
-372.645484,50,1463.879657,0.0
-281.548062,50,1464.977247,0.0
-136.597018,21,1471.240922,1.0
-387.279505,50,1472.329074,0.0
-258.857819,50,1473.36808,0.0
-342.544443,50,1474.451756,0.0
-573.724014,50,1475.505332,0.0
-705.142947,50,1476.604873,0.0
-237.002084,50,1477.604039,0.0
-462.425909,50,1478.707357,0.0
-381.979324,38,1479.504368,1.0
-545.443432,50,1480.559533,0.0
-363.104415,50,1482.800095,0.0
-421.446807,50,1489.744365,0.0
-188.087959,48,1490.800835,1.0
-692.469616,50,1491.847177,0.0
-379.003226,50,1493.013669,0.0
-312.375897,50,1494.157366,0.0
-355.133641,50,1495.186794,0.0
-110.636519,11,1495.394499,1.0
-244.397817,50,1496.447824,0.0
-300.597935,50,1497.58246,0.0
-294.329191,34,1498.362792,1.0
-349.157606,50,1499.453719,0.0
-382.732788,50,1506.270688,0.0
-413.005779,50,1507.32694,0.0
-359.783484,50,1508.372193,0.0
-546.05547,50,1509.565869,0.0
-296.080767,50,1510.75038,0.0
-400.246363,50,1511.934954,0.0
-354.624964,50,1513.04008,0.0
-321.124404,29,1513.654105,1.0
-516.52045,50,1514.773697,0.0
-307.102644,50,1515.795552,0.0
-581.094557,50,1516.932365,0.0
-140.789631,34,1523.441393,1.0
-480.896438,50,1524.448877,0.0
-828.657818,50,1525.568765,0.0
-63.338987,5,1525.675875,1.0
-1013.338671,50,1526.815722,0.0
-269.625616,27,1528.424413,1.0
-272.568862,50,1529.503218,0.0
-427.528136,50,1530.63177,0.0
-260.514963,50,1531.740414,0.0
-209.418271,50,1532.951377,0.0
-524.576656,50,1533.983576,0.0
-301.682987,50,1534.965717,0.0
-403.650489,50,1541.798425,0.0
-383.568898,50,1542.857568,0.0
-899.751667,50,1543.94454,0.0
-1136.47941,50,1545.013417,0.0
-618.410626,50,1546.045956,0.0
-783.846226,50,1547.096282,0.0
-442.259294,50,1548.156542,0.0
-133.6594,50,1549.182371,0.0
-547.900328,50,1550.250859,0.0
-775.325637,50,1551.493868,0.0
-694.134428,50,1558.374222,0.0
-364.618973,50,1559.457166,0.0
-337.338178,50,1560.468321,0.0
-540.671425,50,1561.510034,0.0
-148.117229,12,1561.769055,1.0
-734.108855,50,1562.985372,0.0
-350.926857,50,1564.08717,0.0
-292.070092,50,1565.124556,0.0
-535.541217,50,1566.115162,0.0
-503.859042,50,1568.339521,0.0
-447.938045,50,1569.561049,0.0
-272.222965,50,1576.533264,0.0
-795.543128,50,1577.624337,0.0
-489.846378,50,1578.667096,0.0
-324.337084,50,1579.770129,0.0
-672.722698,50,1580.940057,0.0
-266.069142,50,1582.014878,0.0
-483.503327,50,1583.226401,0.0
-441.108259,50,1584.271013,0.0
-850.128375,50,1585.398192,0.0
-387.429604,50,1586.411953,0.0
-268.876685,25,1586.965916,1.0
-310.653455,50,1593.911348,0.0
-632.356357,50,1595.127316,0.0
-282.825894,37,1595.934958,1.0
-189.733927,50,1597.123468,0.0
-250.052972,50,1598.244548,0.0
-292.069723,50,1599.319729,0.0
-284.846096,23,1599.829123,1.0
-631.95286,50,1600.994713,0.0
-1189.044293,50,1602.147331,0.0
-282.678166,50,1603.27208,0.0
-468.039554,50,1604.469651,0.0
-580.260069,50,1611.405792,0.0
-302.948488,43,1612.351404,1.0
-563.445647,50,1614.25529,0.0
-272.794456,28,1614.885058,1.0
-631.143938,50,1616.132776,0.0
-350.918633,42,1617.06898,1.0
-523.834903,50,1618.164933,0.0
-219.686033,23,1618.675874,1.0
-257.330807,50,1619.674775,0.0
-517.311273,50,1620.799404,0.0
-710.337895,50,1621.896131,0.0
-397.40492,50,1628.766674,0.0
-615.056024,50,1629.889661,0.0
-637.767844,50,1630.901459,0.0
-804.856606,50,1631.989564,0.0
-530.897317,50,1633.100903,0.0
-235.169291,50,1634.206197,0.0
-304.243199,50,1635.26353,0.0
-349.971005,50,1636.342119,0.0
-375.338334,50,1637.469501,0.0
-451.432795,50,1638.506851,0.0
-704.060722,50,1639.605841,0.0
-544.243979,49,1646.506858,1.0
-833.69859,50,1647.673928,0.0
-242.827918,50,1648.745107,0.0
-481.332155,50,1649.889989,0.0
-208.070455,50,1651.030395,0.0
-788.566671,50,1652.142123,0.0
-370.731342,50,1654.18224,0.0
-280.934461,50,1655.260462,0.0
-313.006914,32,1655.952054,1.0
-318.520807,50,1657.090945,0.0
-685.421584,50,1664.04432,0.0
-242.068055,50,1665.110761,0.0
-433.957481,50,1666.201641,0.0
-405.624692,50,1667.172625,0.0
-599.780945,50,1668.208553,0.0
-498.492195,50,1669.405599,0.0
-212.286379,50,1670.513327,0.0
-654.974105,50,1671.668936,0.0
-318.477697,50,1672.753765,0.0
-654.080824,50,1673.860243,0.0
-491.588914,50,1680.803695,0.0
-548.474753,50,1681.771099,0.0
-239.036065,23,1682.251318,1.0
-271.203647,50,1683.2801,0.0
-713.81737,50,1684.373199,0.0
-460.779365,29,1684.961672,1.0
-231.523958,17,1685.307748,1.0
-522.788435,50,1686.294903,0.0
-207.886661,14,1686.577629,1.0
-248.384198,50,1687.68123,0.0
-116.945257,24,1688.160934,1.0
-628.956424,50,1689.241464,0.0
-354.118561,50,1690.336578,0.0
-344.760591,50,1691.532626,0.0
-378.682756,50,1698.432234,0.0
-292.528927,50,1700.317989,0.0
-352.024381,50,1701.306821,0.0
-262.595793,50,1702.372086,0.0
-367.512871,50,1703.464128,0.0
-454.540819,50,1704.512079,0.0
-281.058556,50,1705.529913,0.0
-486.701065,50,1706.585005,0.0
-243.633342,50,1707.693671,0.0
-427.840342,50,1708.696454,0.0
-680.757186,50,1715.643099,0.0
-302.286372,50,1716.707725,0.0
-126.546367,18,1717.099719,1.0
-310.421222,50,1718.231828,0.0
-429.725333,50,1719.378229,0.0
-192.535154,50,1720.553801,0.0
-650.721392,50,1721.687288,0.0
-380.812849,50,1722.766523,0.0
-337.828201,50,1723.877006,0.0
-82.081518,22,1724.404939,1.0
-310.038234,21,1724.870795,1.0
-443.164212,27,1725.409877,1.0
-314.42328,50,1732.255962,0.0
-711.498399,50,1733.417171,0.0
-523.321286,50,1734.528507,0.0
-281.950284,50,1735.630843,0.0
-615.552655,50,1736.784189,0.0
-436.203095,48,1737.889414,1.0
-292.384305,50,1739.865036,0.0
-515.349799,50,1740.999651,0.0
-695.757893,50,1742.106182,0.0
-881.722864,50,1743.132874,0.0
-286.062153,50,1744.298744,0.0
-884.449623,50,1751.22041,0.0
-213.778035,50,1752.192381,0.0
-473.737741,50,1753.406381,0.0
-235.10648,50,1754.628164,0.0
-455.42752,50,1755.717055,0.0
-539.460114,50,1756.934171,0.0
-261.940527,50,1758.054313,0.0
-136.148579,50,1759.052084,0.0
-828.464802,50,1760.050787,0.0
-372.672268,50,1761.11733,0.0
-248.350094,22,1767.323518,1.0
-668.578146,50,1768.492222,0.0
-499.029568,50,1769.637854,0.0
-304.296136,50,1770.8324,0.0
-338.603532,50,1771.823751,0.0
-443.636498,50,1772.826454,0.0
-223.792182,50,1773.890019,0.0
-507.540453,50,1775.028676,0.0
-469.405921,50,1776.23458,0.0
-395.216237,50,1777.356758,0.0
-199.414397,50,1779.401825,0.0
-155.601299,17,1785.51306,1.0
-256.467649,50,1786.692151,0.0
-618.579733,50,1787.79999,0.0
-325.21101,50,1788.799567,0.0
-208.534663,50,1789.890176,0.0
-544.008583,50,1791.045182,0.0
-146.312031,15,1791.376653,1.0
-247.163893,50,1792.435783,0.0
-653.545452,50,1793.694748,0.0
-562.543366,50,1794.807007,0.0
-551.353918,50,1795.969272,0.0
-381.001993,50,1802.961131,0.0
-338.74473,50,1803.999796,0.0
-850.986755,50,1804.982409,0.0
-562.350531,50,1806.061209,0.0
-610.505491,44,1806.98667,1.0
-714.839737,50,1808.064775,0.0
-713.853172,50,1809.206965,0.0
-777.277398,50,1810.420078,0.0
-309.223546,32,1811.15358,1.0
-330.914182,50,1812.158513,0.0
-503.351529,50,1813.241562,0.0
-344.365455,50,1820.027437,0.0
-606.579595,50,1821.160561,0.0
-355.382991,50,1822.256922,0.0
-506.648324,50,1823.42999,0.0
-690.733978,50,1825.587133,0.0
-454.386159,50,1826.641854,0.0
-304.554187,50,1827.691213,0.0
-163.328128,50,1828.81611,0.0
-710.818044,50,1829.945243,0.0
-366.4686,50,1831.122734,0.0
-343.861535,50,1837.983767,0.0
-486.297084,50,1838.994656,0.0
-316.665259,50,1840.200499,0.0
-548.52906,50,1841.384747,0.0
-792.935482,50,1842.490286,0.0
-572.661902,50,1843.685924,0.0
-613.13975,50,1844.791815,0.0
-203.110991,50,1845.820777,0.0
-163.314513,12,1846.061188,1.0
-752.043147,50,1847.202818,0.0
-588.150772,50,1848.218335,0.0
-559.368521,50,1855.042195,0.0
-211.675031,34,1855.756508,1.0
-352.79257,50,1856.796097,0.0
-421.695142,50,1857.943903,0.0
-215.126251,18,1858.355023,1.0
-453.522515,18,1858.754549,1.0
-226.009329,50,1859.827591,0.0
-283.101614,50,1860.912426,0.0
-255.656792,19,1861.331153,1.0
-568.923541,50,1862.371758,0.0
-342.166657,50,1863.395681,0.0
-348.221244,50,1865.526783,0.0
-615.252028,50,1866.522201,0.0
-1060.197813,50,1873.462244,0.0
-675.909576,50,1874.597112,0.0
-505.316359,34,1875.314161,1.0
-429.316366,50,1876.368559,0.0
-338.040352,50,1877.554864,0.0
-312.584587,50,1878.680951,0.0
-219.309594,50,1879.824171,0.0
-304.67437,50,1880.803369,0.0
-288.68062,50,1881.86427,0.0
-421.850903,50,1882.973444,0.0
-261.831007,50,1889.891315,0.0
-341.202347,30,1890.471631,1.0
-360.519988,50,1891.527222,0.0
-277.956456,50,1892.52354,0.0
-303.347374,50,1893.520002,0.0
-549.948289,50,1894.559094,0.0
-468.266969,50,1895.688684,0.0
-121.680499,50,1896.857196,0.0
-525.366865,50,1898.053208,0.0
-360.184483,37,1898.852719,1.0
-952.706868,50,1899.870849,0.0
-140.215725,13,1900.127365,1.0
-145.000768,50,1906.950163,0.0
-354.416409,50,1908.089197,0.0
-755.449659,50,1909.179961,0.0
-380.157013,50,1911.292427,0.0
-474.10317,50,1912.408695,0.0
-564.081914,50,1913.43817,0.0
-241.829118,50,1914.510406,0.0
-317.686137,50,1915.574094,0.0
-943.532404,50,1916.698704,0.0
-378.618333,34,1917.395723,1.0
-475.916091,50,1920.957918,0.0
-467.952061,50,1922.043356,0.0
-355.076575,50,1923.162322,0.0
-700.71823,50,1924.284001,0.0
-477.142735,50,1925.400659,0.0
-404.810681,50,1926.499019,0.0
-314.712139,50,1927.610749,0.0
-622.523748,46,1928.624524,1.0
-111.205399,15,1928.921219,1.0
-557.489245,50,1929.99869,0.0
-923.637169,50,1931.089262,0.0
-557.564458,50,1934.565387,0.0
-370.076917,50,1935.655853,0.0
-685.943723,50,1936.789413,0.0
-361.224571,50,1937.880801,0.0
-739.855297,50,1938.941985,0.0
-637.529029,50,1940.03816,0.0
-386.057475,34,1940.814402,1.0
-377.879408,50,1941.906131,0.0
-187.523274,50,1944.022989,0.0
-166.125225,50,1945.160306,0.0
-604.049563,50,1946.197536,0.0
-758.885392,50,1949.638311,0.0
-488.168041,50,1950.59024,0.0
-794.357565,50,1951.687794,0.0
-185.520223,50,1952.628683,0.0
-241.24766,50,1953.747969,0.0
-602.641409,50,1954.83753,0.0
-128.358867,20,1955.349375,1.0
-312.919681,50,1956.437897,0.0
-448.63437,50,1957.530164,0.0
-250.097417,25,1958.092279,1.0
-528.435156,50,1959.185964,0.0
-77.712784,14,1959.496159,1.0
-441.841197,50,1963.025327,0.0
-446.97816,50,1964.041178,0.0
-749.730344,50,1965.117339,0.0
-286.183712,20,1965.581537,1.0
-376.478143,50,1966.677176,0.0
-198.362274,50,1967.846696,0.0
-548.169474,50,1968.899358,0.0
-340.330403,50,1969.880262,0.0
-573.743065,50,1970.900271,0.0
-203.420411,50,1971.953674,0.0
-506.787927,50,1973.066862,0.0
-350.777894,50,1978.740444,0.0
-868.742651,50,1979.94784,0.0
-447.123914,50,1982.055015,0.0
-286.541396,22,1982.477481,1.0
-523.846683,50,1983.581361,0.0
-609.06133,49,1984.708311,1.0
-87.311301,11,1984.95577,1.0
-379.51347,50,1986.013454,0.0
-782.250534,50,1987.14809,0.0
-732.524918,50,1988.205427,0.0
-275.075379,50,1989.201813,0.0
-350.759318,50,1996.05558,0.0
-409.144808,50,1997.134788,0.0
-293.399051,50,1998.243737,0.0
-446.031848,50,1999.278692,0.0
-624.400527,50,2000.33762,0.0
-1475.837954,50,2001.468676,0.0
-399.887555,50,2002.510382,0.0
-597.466756,50,2003.632104,0.0
-589.417321,33,2004.326159,1.0
-153.330034,26,2004.816818,1.0
-611.988908,50,2005.84791,0.0
-336.646102,50,2006.897307,0.0
-274.868653,50,2013.948059,0.0
-379.58577,50,2015.048424,0.0
-454.093814,50,2016.137047,0.0
-313.34502,50,2017.166271,0.0
-490.377838,50,2018.191875,0.0
-303.217132,50,2019.243116,0.0
-275.101056,50,2021.457505,0.0
-185.868114,50,2022.505469,0.0
-318.933967,50,2023.503843,0.0
-808.639469,50,2024.575171,0.0
-975.687936,50,2031.622066,0.0
-202.610331,50,2032.637862,0.0
-456.83205,50,2033.825842,0.0
-298.191752,50,2034.915246,0.0
-455.804444,50,2036.072151,0.0
-568.092203,50,2037.20278,0.0
-226.652316,40,2038.114174,1.0
-452.290942,50,2039.202477,0.0
-251.111294,50,2040.29346,0.0
-850.396142,50,2041.348318,0.0
-214.202097,50,2048.408049,0.0
-698.080932,50,2049.461279,0.0
-407.145469,50,2050.590909,0.0
-178.697423,50,2051.687604,0.0
-228.134957,50,2052.827207,0.0
-412.966952,50,2054.024858,0.0
-299.92863,50,2055.132499,0.0
-410.79074,50,2056.219293,0.0
-493.052344,50,2057.265099,0.0
-308.858274,50,2058.255038,0.0
-271.171224,12,2058.478904,1.0
-258.027996,43,2065.162145,1.0
-648.081144,50,2067.342696,0.0
-512.082418,50,2068.453555,0.0
-336.198937,41,2069.283878,1.0
-813.38391,50,2070.416435,0.0
-394.544682,50,2071.52172,0.0
-422.645299,18,2071.905877,1.0
-472.033312,50,2072.999619,0.0
-686.92601,50,2074.151452,0.0
-460.811668,50,2075.332091,0.0
-326.412326,50,2076.429528,0.0
-648.244002,50,2083.332874,0.0
-451.61087,50,2084.351313,0.0
-589.908163,50,2085.497026,0.0
-553.826007,50,2086.543008,0.0
-835.043705,50,2087.629607,0.0
-521.689652,50,2088.671335,0.0
-464.07221,50,2089.870703,0.0
-365.942496,50,2091.012696,0.0
-669.315791,50,2092.046991,0.0
-364.348363,50,2093.215202,0.0
-1395.912836,50,2094.299305,0.0
-392.724443,50,2101.328775,0.0
-446.764764,50,2102.491384,0.0
-468.278286,50,2103.610509,0.0
-330.309029,50,2104.56389,0.0
-339.253062,50,2105.661489,0.0
-616.058218,27,2107.20008,1.0
-214.648669,50,2108.267772,0.0
-223.043358,50,2109.351609,0.0
-279.57854,50,2110.465307,1.0
-654.632671,50,2111.557621,0.0
-812.008046,50,2118.461738,0.0
-178.802131,50,2119.559417,0.0
-629.667078,50,2120.682743,0.0
-311.682838,50,2121.809763,0.0
-600.041761,50,2123.025155,0.0
-750.134441,50,2124.215619,0.0
-365.836754,50,2125.374579,0.0
-573.188024,50,2126.553026,0.0
-787.214276,50,2127.644245,0.0
-274.580587,19,2128.053259,1.0
-289.196589,38,2128.937314,1.0
-205.356129,50,2135.893953,0.0
-294.330165,50,2137.019187,0.0
-212.423283,50,2138.100612,0.0
-189.467478,22,2138.624237,1.0
-759.837179,50,2139.764161,0.0
-306.189479,50,2140.862724,0.0
-891.455567,50,2141.995114,0.0
-786.042582,50,2143.066619,0.0
-386.891735,17,2143.445543,1.0
-754.801545,50,2144.592356,0.0
-116.130987,10,2144.819872,1.0
-403.251045,50,2145.894181,0.0
-249.224229,50,2147.936273,0.0
-372.447277,28,2154.334609,1.0
-726.895536,50,2155.469451,0.0
-99.335839,30,2156.13068,1.0
-246.413083,25,2156.618071,1.0
-58.756538,14,2156.952236,1.0
-281.701861,50,2158.027708,0.0
-553.149249,50,2159.146738,0.0
-905.073843,50,2160.230044,0.0
-309.911893,50,2161.291373,0.0
-142.728315,32,2162.060666,1.0
-323.531517,50,2163.225254,0.0
-964.152381,50,2164.351575,0.0
-266.395299,50,2171.316283,0.0
-509.555264,50,2172.494673,0.0
-733.173289,50,2173.705328,0.0
-475.852684,50,2174.787695,0.0
-706.775331,50,2175.884854,0.0
-420.321062,50,2177.074613,0.0
-380.923231,32,2177.724762,1.0
-203.283907,20,2178.137225,1.0
-591.312813,50,2179.204524,0.0
-292.699056,50,2180.271304,0.0
-361.037088,48,2181.328107,1.0
-961.83469,50,2182.437303,0.0
-259.7932,50,2189.37796,0.0
-452.072426,50,2190.355126,0.0
-446.023059,50,2191.437514,0.0
-242.339768,50,2192.473968,0.0
-197.19467,25,2193.885235,1.0
-774.155919,50,2194.996422,0.0
-521.994196,34,2195.790265,1.0
-570.698033,50,2196.884639,0.0
-396.066312,50,2198.028641,0.0
-38.429625,10,2198.245125,1.0
-538.014689,50,2199.352817,0.0
-621.922396,50,2206.266897,0.0
-615.756752,50,2207.454897,0.0
-909.739648,50,2208.50929,0.0
-247.835032,50,2209.565593,0.0
-499.880517,50,2210.737909,0.0
-408.217612,50,2211.849768,0.0
-231.764526,50,2212.934333,0.0
-115.899087,16,2213.254056,1.0
-232.770776,14,2213.523195,1.0
-275.541944,50,2214.637997,0.0
-411.451803,50,2215.816642,0.0
-462.582888,50,2216.939118,0.0
-334.31692,35,2223.571076,1.0
-544.199671,50,2224.757709,0.0
-214.043318,50,2225.992449,0.0
-430.619394,50,2227.060901,0.0
-138.534612,11,2227.306052,1.0
-428.224309,50,2228.366085,0.0
-738.263743,50,2229.563285,0.0
-211.070411,33,2230.396742,1.0
-257.62383,31,2231.101922,1.0
-317.298052,50,2232.11586,0.0
-692.94983,50,2234.273239,0.0
-892.143986,50,2235.377304,0.0
-459.558414,31,2236.054438,1.0
-257.087776,50,2242.964852,0.0
-625.691585,50,2244.09973,0.0
-288.263219,35,2244.93226,1.0
-696.643816,50,2246.012078,0.0
-801.30776,50,2247.185166,0.0
-346.386895,47,2248.227713,1.0
-148.823585,28,2248.811044,1.0
-556.486987,50,2249.989276,0.0
-181.50962,32,2250.712117,1.0
-209.348733,9,2250.906275,1.0
-636.731035,50,2251.949741,0.0
-308.871245,50,2253.024666,0.0
-468.058475,50,2259.923266,0.0
-683.518623,50,2261.153691,0.0
-317.781725,50,2262.183457,0.0
-705.910128,50,2263.188282,0.0
-370.722401,50,2264.250506,0.0
-387.467871,50,2265.404278,0.0
-206.307345,34,2266.186279,1.0
-701.028245,50,2267.364695,0.0
-368.347611,50,2268.529807,0.0
-862.946801,50,2269.687383,0.0
-354.223293,29,2270.339898,1.0
-135.69345,50,2277.192854,0.0
-287.7207,50,2278.256757,0.0
-455.350252,50,2279.481738,0.0
-695.207629,50,2281.489497,0.0
-205.668976,32,2282.168818,1.0
-577.966254,50,2283.14871,0.0
-770.05629,50,2284.218407,0.0
-148.917304,25,2284.772677,1.0
-440.854328,31,2285.468588,1.0
-456.899498,50,2286.605871,0.0
-370.033174,50,2287.698188,0.0
-186.660776,50,2294.604257,0.0
-385.049641,50,2295.680884,0.0
-364.255696,50,2296.783463,0.0
-430.414345,50,2297.922661,0.0
-659.317384,50,2299.089996,0.0
-469.854509,50,2300.298227,0.0
-329.32594,50,2301.440687,0.0
-310.647049,33,2302.168253,1.0
-370.869031,50,2303.242077,0.0
-292.028339,50,2304.348785,0.0
-645.019453,50,2305.434833,0.0
-106.641902,17,2311.561047,1.0
-342.479192,50,2312.59181,0.0
-240.697433,50,2313.600794,0.0
-595.956606,50,2314.753177,0.0
-305.541488,25,2315.288037,1.0
-696.96504,50,2316.367515,0.0
-787.077436,50,2317.32513,0.0
-558.477883,50,2318.308683,0.0
-407.934269,50,2320.17297,0.0
-239.331262,50,2321.320232,0.0
-664.075358,50,2322.462405,0.0
-121.1057,50,2329.529209,0.0
-324.201618,50,2330.729137,0.0
-672.697173,50,2331.889958,0.0
-317.356437,50,2333.011488,0.0
-1025.389395,50,2334.132621,0.0
-652.141565,50,2335.244633,0.0
-117.236287,12,2335.489133,1.0
-463.792403,50,2336.660948,0.0
-339.263231,50,2337.735512,0.0
-202.511265,50,2338.833155,0.0
-352.615249,50,2339.92129,0.0
-180.579689,50,2346.768033,0.0
-341.281279,50,2348.037515,0.0
-364.371043,50,2349.127102,0.0
-260.46585,50,2350.172348,0.0
-485.207717,50,2351.223238,0.0
-528.179561,50,2352.291929,0.0
-306.917395,27,2352.875921,1.0
-678.484488,50,2354.060884,0.0
-827.106921,50,2355.215694,0.0
-315.497039,19,2355.69331,1.0
-229.930878,50,2356.705711,0.0
-224.300622,50,2357.773022,0.0
-265.415612,50,2364.710349,0.0
-618.502885,50,2366.912173,0.0
-334.307674,50,2368.042324,0.0
-440.126712,50,2369.150058,0.0
-330.279357,50,2370.237087,0.0
-360.326377,50,2371.341651,0.0
-286.692806,17,2371.727765,1.0
-487.655646,50,2372.828053,0.0
-94.490268,25,2373.334414,1.0
-830.343418,50,2374.414838,0.0
-996.123458,50,2375.491674,0.0
-608.169171,50,2382.479068,0.0
-360.549679,50,2383.592983,0.0
-191.838072,50,2384.723425,0.0
-426.517267,50,2385.731502,0.0
-331.350725,50,2386.834851,0.0
-406.260585,50,2387.966779,0.0
-494.783944,50,2389.068811,0.0
-392.154422,50,2390.089976,0.0
-421.574275,50,2391.202281,0.0
-425.339554,50,2392.233845,0.0
-459.835165,50,2399.109216,0.0
-171.448448,50,2400.13785,0.0
-809.788853,50,2401.268449,0.0
-332.063796,50,2402.285532,0.0
-378.921729,26,2402.870417,1.0
-353.718177,50,2403.969994,0.0
-590.979389,50,2405.114016,0.0
-363.427927,50,2407.317758,0.0
-287.530229,50,2408.458184,0.0
-371.931981,50,2409.53775,0.0
-306.387251,50,2410.58241,0.0
-177.993882,12,2410.847863,1.0
-234.155706,50,2417.851257,0.0
-864.994789,50,2419.026132,0.0
-184.837898,50,2420.058808,0.0
-348.785917,50,2421.072605,0.0
-325.76739,50,2422.241562,1.0
-386.429002,21,2422.716963,1.0
-247.87862,50,2423.875233,0.0
-272.998872,27,2424.431452,1.0
-786.724409,50,2425.494097,0.0
-354.891689,28,2426.067913,1.0
-362.15616,50,2427.080549,0.0
-583.651881,50,2434.113756,0.0
-685.412769,50,2435.24906,0.0
-367.850346,50,2436.368608,0.0
-383.422869,50,2437.456847,0.0
-322.184539,50,2438.594148,0.0
-245.8024,50,2439.702455,0.0
-847.815575,50,2440.834125,0.0
-143.311631,11,2441.078058,1.0
-324.039746,19,2441.489246,1.0
-300.412361,50,2442.565473,0.0
-858.162552,50,2443.717541,0.0
-1259.958807,50,2444.875425,0.0
-409.141159,40,2451.67185,1.0
-593.789693,50,2453.653442,0.0
-376.237367,25,2454.177486,1.0
-319.211215,50,2455.234233,0.0
-536.312331,50,2456.346908,0.0
-270.645933,50,2457.435119,0.0
-324.091367,36,2458.195067,1.0
-362.211439,50,2459.311023,0.0
-286.327446,50,2460.333076,0.0
-256.059927,50,2461.482201,0.0
-474.807666,50,2462.558387,0.0
-726.081907,50,2469.554172,0.0
-412.362528,41,2470.498779,1.0
-178.415142,18,2470.892231,1.0
-277.082411,14,2471.187899,1.0
-307.195234,50,2472.400546,0.0
-127.296291,26,2472.964656,1.0
-301.116205,50,2474.147281,0.0
-466.499978,50,2475.354616,0.0
-642.214918,31,2476.039763,1.0
-199.123736,50,2477.160645,0.0
-681.41744,50,2478.342395,0.0
-329.605594,50,2479.355193,0.0
-523.765438,50,2480.505107,0.0
-369.48524,50,2487.498291,0.0
-394.63334,50,2488.678133,0.0
-255.527475,50,2489.836323,0.0
-363.953264,50,2490.965211,0.0
-1010.500263,50,2491.983271,0.0
-606.854242,30,2493.159814,1.0
-283.445989,50,2494.173308,0.0
-248.470484,14,2494.45728,1.0
-493.996397,50,2495.439573,0.0
-396.380253,50,2496.546519,0.0
-1026.634593,50,2497.649683,0.0
-479.488062,50,2504.539985,0.0
-514.854381,50,2505.459113,0.0
-298.005925,50,2506.59579,0.0
-982.228346,50,2507.646025,0.0
-418.761907,50,2508.701937,0.0
-762.926684,50,2509.776142,0.0
-245.794699,24,2510.286508,1.0
-227.033453,50,2511.40901,0.0
-570.779702,50,2512.487897,0.0
-654.828477,50,2513.587955,0.0
-293.668107,50,2514.658107,0.0
-478.370319,50,2521.643169,0.0
-104.801639,15,2521.947279,1.0
-378.021335,37,2522.705645,1.0
-468.320769,50,2523.788306,0.0
-401.554341,50,2524.918073,0.0
-249.878922,14,2525.19908,1.0
-530.17697,50,2526.412194,0.0
-404.477271,50,2527.527941,0.0
-153.880937,13,2527.826426,1.0
-758.119148,50,2528.933258,0.0
-691.794014,50,2530.074055,0.0
-345.972236,33,2530.806648,1.0
-60.09958,15,2531.131648,1.0
-319.493757,41,2532.956514,1.0
-184.962609,19,2539.187405,1.0
-301.375932,50,2540.176654,0.0
-269.956445,50,2541.279482,0.0
-114.052831,17,2541.624386,1.0
-412.716383,32,2542.337634,1.0
-119.957603,27,2542.926279,1.0
-374.650236,34,2543.668556,1.0
-374.835563,50,2544.68094,0.0
-223.551729,50,2545.750723,0.0
-249.714704,22,2546.184381,1.0
-437.999747,50,2547.330742,0.0
-696.795478,50,2548.434074,0.0
-747.358587,50,2549.570194,0.0
-169.674079,50,2556.464128,0.0
-777.810853,50,2557.567747,0.0
-312.54526,50,2558.616384,0.0
-408.582949,50,2559.607868,0.0
-503.306175,50,2560.692257,0.0
-206.293075,50,2561.796445,0.0
-759.780359,50,2562.893853,0.0
-354.595969,50,2564.004617,0.0
-646.50192,50,2565.042505,0.0
-513.560579,50,2566.15748,0.0
-226.940541,50,2573.097972,0.0
-490.214346,21,2573.528591,1.0
-228.59379,50,2574.650065,0.0
-210.115387,50,2575.86787,0.0
-245.406147,50,2577.014602,0.0
-469.256642,50,2579.282499,0.0
-193.254776,50,2580.460558,0.0
-262.68817,20,2580.93738,1.0
-431.125017,50,2582.145915,0.0
-195.589868,24,2582.626701,1.0
-324.487576,47,2583.69189,1.0
-279.505092,43,2584.646328,1.0
-1989.465797,50,2591.455284,0.0
-244.503947,50,2592.608094,0.0
-607.527717,50,2593.690231,0.0
-523.399901,50,2594.724452,0.0
-670.275795,50,2595.774895,0.0
-568.976397,50,2596.879316,0.0
-380.303618,50,2597.827432,0.0
-333.013791,21,2598.264449,1.0
-141.402413,32,2598.932198,1.0
-86.648105,16,2599.266757,1.0
-438.460113,50,2600.31108,0.0
-732.162832,50,2601.35501,0.0
-204.013856,50,2608.154865,0.0
-163.54965,50,2609.289084,0.0
-696.786296,50,2610.421154,0.0
-121.173244,19,2610.853314,1.0
-524.252198,50,2611.969571,0.0
-356.546582,50,2613.01398,0.0
-226.166922,50,2614.066548,0.0
-345.087148,50,2615.201682,0.0
-223.227717,19,2615.638077,1.0
-346.387097,15,2615.963509,1.0
-305.423722,45,2616.914184,1.0
-630.302019,50,2618.660523,0.0
-507.302975,50,2619.908722,0.0
-209.957685,50,2626.813847,0.0
-380.814891,50,2627.860667,0.0
-233.209212,50,2629.046402,0.0
-183.331477,26,2629.621024,1.0
-291.640766,50,2630.758754,0.0
-337.185131,50,2631.847184,0.0
-720.205505,50,2633.010325,0.0
-377.249156,50,2634.133465,0.0
-690.797694,50,2635.173834,0.0
-473.707939,50,2636.273108,0.0
-373.795894,50,2643.10156,0.0
-242.983851,15,2643.41283,1.0
-488.697429,50,2644.624932,0.0
-331.760578,50,2645.620667,0.0
-377.730866,50,2646.69162,0.0
-626.287846,50,2647.731089,0.0
-286.711537,50,2648.885581,0.0
-290.833632,50,2650.10572,0.0
-300.200893,50,2651.175774,0.0
-198.826647,50,2652.256902,0.0
-132.645946,50,2653.385644,0.0
-405.679801,50,2660.226393,0.0
-607.491465,50,2661.281224,0.0
-166.302945,22,2661.710285,1.0
-285.144842,50,2663.70445,0.0
-537.836824,50,2664.953911,0.0
-587.652538,50,2666.092209,0.0
-534.902176,50,2667.207737,0.0
-252.330091,50,2668.319129,0.0
-234.06881,50,2669.406674,0.0
-396.615877,50,2670.509309,0.0
-251.277484,23,2670.97012,1.0
-644.127309,50,2672.175911,0.0
-683.871468,50,2679.096892,0.0
-406.44456,50,2680.187329,0.0
-155.201178,23,2680.692758,1.0
-839.324133,50,2681.869757,0.0
-588.671423,50,2683.077553,0.0
-384.212923,50,2684.137782,0.0
-159.87648,50,2685.2388,0.0
-392.502671,22,2685.671827,1.0
-859.548857,50,2686.877473,0.0
-356.260768,50,2687.901605,0.0
-382.174536,50,2689.030432,0.0
-137.816946,25,2695.430398,1.0
-612.015899,50,2696.468112,0.0
-402.900081,50,2697.561382,0.0
-648.272512,50,2698.618238,0.0
-240.169382,50,2699.677379,0.0
-330.884857,46,2700.567191,1.0
-754.612332,50,2701.62507,0.0
-339.655959,50,2702.759161,0.0
-225.738487,50,2704.925203,0.0
-240.593415,47,2705.943255,1.0
-330.651602,29,2706.51634,1.0
-202.753032,21,2707.012243,1.0
-462.789463,50,2714.147393,0.0
-209.119641,50,2715.347229,0.0
-375.809341,32,2716.084553,1.0
-294.434617,50,2717.204952,0.0
-80.647879,11,2717.413851,1.0
-245.930506,50,2718.462758,0.0
-301.169043,16,2718.845026,1.0
-346.34409,50,2719.902939,0.0
-290.624279,50,2721.035461,0.0
-237.369981,50,2722.095744,0.0
-212.827897,50,2723.165014,0.0
-72.888919,25,2723.681921,1.0
-332.886886,50,2730.526883,0.0
-674.616989,50,2731.623358,0.0
-269.88549,50,2732.773499,0.0
-370.055263,32,2733.438382,1.0
-1059.241673,50,2734.398847,0.0
-456.864664,50,2735.443521,0.0
-237.068424,16,2735.796288,1.0
-713.643488,50,2736.871625,0.0
-471.928036,50,2737.914012,0.0
-689.315907,50,2739.005324,0.0
-145.784794,50,2740.060771,0.0
-872.939069,50,2741.205616,0.0
-262.514869,50,2748.173079,0.0
-481.843722,23,2748.633547,1.0
-365.38003,50,2750.479591,0.0
-260.365202,50,2751.669664,0.0
-511.076352,50,2752.817197,0.0
-828.034118,50,2753.955693,0.0
-622.620224,50,2755.080122,0.0
-267.375886,50,2756.278682,0.0
-925.434738,50,2757.439464,0.0
-183.580905,50,2758.588913,0.0
-738.57796,50,2765.455638,0.0
-179.833113,50,2766.616545,0.0
-342.955806,23,2767.116814,1.0
-574.587491,41,2768.011393,1.0
-376.256155,50,2769.092171,0.0
-158.896112,50,2770.106566,0.0
-292.958547,50,2771.200433,0.0
-278.941229,50,2772.317588,0.0
-106.789513,14,2772.634494,1.0
-171.850466,8,2772.813198,1.0
-827.200883,50,2773.915404,0.0
-473.858451,50,2775.04607,0.0
-214.691424,50,2776.285622,0.0
-210.306799,50,2783.081921,0.0
-266.675582,50,2784.158636,0.0
-476.037551,50,2785.261031,0.0
-248.348891,50,2786.324891,0.0
-614.427715,50,2787.512416,0.0
-174.479309,50,2788.71971,0.0
-548.070168,50,2790.829454,0.0
-269.936338,50,2791.899237,0.0
-239.468598,50,2793.036809,0.0
-675.976571,50,2794.236734,0.0
-290.830264,50,2801.205645,0.0
-65.811083,14,2801.514173,1.0
-818.693675,50,2802.660002,0.0
-236.55579,30,2803.34321,1.0
-181.296085,46,2804.410207,1.0
-345.539429,45,2805.410604,1.0
-362.315473,50,2806.50019,0.0
-398.639031,44,2807.42924,1.0
-687.812136,50,2808.595919,0.0
-588.733488,50,2809.660785,0.0
-341.976634,30,2810.271931,1.0
-194.549737,50,2811.37426,0.0
-215.67169,23,2811.897224,1.0
-138.276197,20,2818.16065,1.0
-487.782047,50,2819.240069,0.0
-577.101658,50,2820.355478,0.0
-311.348513,50,2821.434373,0.0
-211.80445,50,2822.49798,0.0
-444.500396,50,2823.634683,0.0
-831.664152,50,2824.886898,0.0
-181.608814,20,2825.391436,1.0
-536.408473,50,2826.551171,0.0
-461.317141,50,2827.645679,0.0
-239.833833,50,2828.743711,0.0
-303.351978,33,2829.394947,1.0
-243.670488,23,2836.70926,1.0
-441.794528,50,2837.900016,0.0
-692.890808,50,2839.05692,1.0
-636.90356,50,2840.083325,0.0
-277.109963,50,2841.252152,0.0
-272.491488,28,2841.870531,1.0
-876.427004,50,2843.0989,0.0
-614.346242,50,2844.274149,0.0
-520.566285,50,2845.236444,0.0
-609.93424,50,2846.396627,0.0
-672.713266,50,2847.589076,0.0
-8.798792,3,2847.66015,1.0
-268.430606,19,2853.915212,1.0
-660.098244,50,2855.128152,0.0
-207.948915,15,2855.438115,1.0
-215.752549,13,2855.723034,1.0
-171.720851,39,2856.653945,1.0
-837.188987,50,2857.816302,0.0
-617.935105,50,2858.976594,0.0
-607.689084,48,2859.987179,1.0
-674.369047,50,2861.078722,0.0
-592.254254,50,2862.196995,0.0
-347.679369,50,2863.334542,0.0
-331.922144,50,2864.399018,0.0
-303.01012,50,2871.32535,0.0
-328.493595,50,2872.417522,0.0
-533.49009,50,2873.469008,0.0
-375.949835,50,2874.613123,0.0
-236.090797,50,2875.762746,0.0
-244.866976,31,2877.313513,1.0
-130.152889,28,2877.99035,1.0
-543.015741,50,2879.135767,0.0
-140.730895,50,2880.149385,0.0
-339.474022,50,2881.157314,0.0
-659.958905,50,2882.214229,0.0
-690.282886,50,2889.12367,0.0
-865.533368,50,2890.278072,0.0
-180.051968,39,2891.128639,1.0
-191.538314,50,2892.256764,0.0
-674.285952,50,2893.45608,0.0
-786.518828,50,2894.588374,0.0
-563.119969,50,2895.685718,0.0
-587.137638,50,2896.758112,0.0
-549.817857,50,2897.93211,0.0
-302.634479,50,2899.062749,0.0
-194.630776,21,2899.60009,1.0
-332.606108,50,2906.506868,0.0
-551.867735,50,2907.604141,1.0
-413.126917,50,2908.677715,0.0
-842.067676,50,2909.736813,0.0
-816.172861,50,2910.759907,0.0
-110.315536,10,2910.964918,1.0
-986.145994,50,2912.088948,0.0
-804.047433,50,2913.190787,0.0
-591.311431,50,2914.356041,0.0
-298.85556,19,2914.774905,1.0
-927.368408,50,2915.82551,0.0
-706.712331,50,2917.78195,0.0
-572.02779,50,2924.719587,0.0
-233.273943,33,2925.426087,1.0
-133.358653,16,2925.732346,1.0
-320.794037,45,2926.734925,1.0
-764.70687,50,2927.928488,0.0
-543.985011,50,2929.124011,0.0
-112.883874,13,2929.409528,1.0
-514.050648,29,2930.059237,1.0
-388.289812,41,2930.913696,1.0
-523.016489,38,2931.759002,1.0
-215.190994,17,2932.128198,1.0
-717.544055,50,2933.268626,0.0
-306.667484,50,2934.244411,0.0
-377.567144,50,2935.263175,0.0
-742.331292,50,2942.203232,0.0
-616.884384,50,2943.31662,0.0
-448.078778,50,2944.448773,0.0
-549.935396,50,2945.607529,0.0
-396.261002,50,2946.698893,0.0
-373.10887,50,2947.800343,0.0
-302.269609,50,2948.813992,0.0
-826.17099,50,2949.852243,0.0
-589.133032,50,2951.023758,0.0
-408.753941,50,2952.062193,0.0
-880.546632,50,2958.930923,0.0
-576.149298,50,2959.992598,0.0
-156.405133,31,2960.690068,1.0
-158.192114,20,2961.124239,1.0
-436.81138,50,2963.096089,0.0
-309.436092,50,2964.154078,0.0
-653.03948,50,2965.317583,0.0
-594.908363,50,2966.314282,0.0
-652.449817,50,2967.341465,0.0
-451.936623,50,2968.483366,0.0
-223.744189,33,2969.151964,1.0
-178.051609,12,2969.385636,1.0
-721.253699,50,2976.271822,0.0
-235.135751,50,2977.268268,0.0
-540.614521,50,2978.380242,0.0
-560.463223,50,2979.384359,0.0
-379.125147,50,2980.528944,0.0
-378.845799,50,2981.56256,1.0
-232.647932,34,2982.287796,1.0
-300.423534,30,2983.013318,1.0
-472.197427,50,2984.127579,0.0
-314.194898,50,2985.191793,0.0
-433.309718,50,2986.325516,0.0
-221.709052,25,2986.928467,1.0
-142.585536,23,2993.238461,1.0
-368.806975,50,2994.298624,0.0
-604.830907,50,2995.468566,0.0
-229.084452,50,2996.582443,0.0
-615.613304,50,2997.653211,0.0
-517.106432,50,2998.687938,0.0
-282.232806,36,2999.402541,1.0
-382.318673,50,3000.448539,0.0
-223.417936,17,3000.775573,1.0
-287.136305,50,3002.907628,0.0
-786.554527,50,3004.01861,0.0
-195.022671,50,3010.986382,0.0
-170.595076,32,3011.606579,1.0
-18.238291,5,3011.701183,1.0
-255.359695,20,3012.149549,1.0
-439.892248,50,3013.240939,0.0
-397.025362,50,3014.260454,0.0
-581.827315,50,3015.295336,0.0
-517.437775,50,3016.457052,0.0
-272.806783,50,3017.520429,0.0
-389.174909,50,3018.657064,0.0
-371.172855,38,3019.521595,1.0
-636.747863,50,3020.787404,0.0
-469.556561,50,3021.893673,0.0
-203.97337,50,3028.772535,0.0
-341.893305,50,3029.773747,0.0
-401.280517,50,3030.835409,0.0
-162.20712,50,3031.913417,0.0
-265.294139,50,3032.976832,0.0
-245.1702,50,3034.078567,0.0
-281.958288,50,3035.26838,0.0
-241.237445,50,3036.332135,1.0
-619.246773,50,3037.482966,0.0
-236.421321,47,3038.554136,1.0
-547.867683,50,3045.549303,0.0
-607.815698,50,3046.594218,0.0
-241.124276,50,3048.617568,0.0
-299.643673,17,3049.003385,1.0
-345.719883,50,3050.031038,0.0
-332.232825,50,3051.105141,0.0
-696.84725,50,3052.24409,0.0
-372.919761,38,3053.074699,1.0
-439.421375,41,3053.913337,1.0
-653.0304,50,3055.084786,0.0
-512.836042,50,3056.197962,0.0
-902.714926,50,3063.100782,0.0
-496.621965,50,3064.063119,0.0
-176.490981,21,3064.492305,1.0
-3259.075138,50,3065.513763,0.0
-675.684498,50,3066.617633,0.0
-265.024459,26,3067.12013,1.0
-87.282018,18,3067.497209,1.0
-304.203377,50,3068.592324,0.0
-105.525889,17,3068.953409,1.0
-306.339748,50,3070.028497,0.0
-721.792478,50,3071.096628,0.0
-378.835507,50,3072.138404,1.0
-807.774159,50,3073.261367,0.0
-370.599646,34,3079.806822,1.0
-331.440135,35,3080.534504,1.0
-392.993836,50,3081.590819,0.0
-110.60207,11,3081.816543,1.0
-498.549405,50,3082.87249,0.0
-296.998313,44,3083.779793,1.0
-246.787116,50,3084.833603,0.0
-247.530944,15,3085.168605,1.0
-308.052822,50,3086.238416,0.0
-261.233937,50,3087.971342,0.0
-286.299013,50,3089.12885,0.0
-279.843909,50,3090.240204,0.0
-427.956767,50,3097.130083,0.0
-272.018164,50,3098.218771,0.0
-293.596138,50,3099.230608,0.0
-629.707698,50,3100.421204,0.0
-483.657114,50,3101.600289,0.0
-301.068812,25,3102.185064,1.0
-47.588727,25,3102.726302,1.0
-432.687526,50,3103.817,0.0
-244.843734,50,3104.830856,0.0
-536.121204,50,3105.937113,0.0
-351.560741,50,3107.172404,0.0
-414.909937,23,3107.685298,1.0
-397.306678,50,3114.59806,0.0
-165.25551,40,3115.473162,1.0
-234.076512,50,3116.5254,0.0
-472.319663,50,3117.55151,0.0
-172.489769,28,3118.200241,1.0
-387.023045,50,3119.302446,0.0
-428.692203,50,3120.375734,0.0
-275.560916,50,3121.525198,0.0
-665.504761,50,3122.63157,0.0
-281.555131,50,3123.783359,0.0
-233.720387,50,3124.945201,0.0
-390.373798,50,3131.813962,0.0
-764.192536,50,3134.041546,0.0
-335.882373,50,3135.083222,0.0
-598.654568,50,3136.184728,0.0
-774.031234,50,3137.301116,0.0
-369.371761,50,3138.394255,0.0
-600.861807,50,3139.483564,0.0
-885.736617,50,3140.53621,0.0
-296.704095,50,3141.630695,0.0
-254.648282,50,3142.701454,0.0
-157.381677,18,3143.119416,1.0
-680.654739,50,3150.079127,0.0
-437.463071,50,3151.141401,0.0
-390.474756,50,3152.306259,0.0
-53.174608,12,3152.571949,1.0
-269.388404,50,3153.746826,0.0
-854.854318,50,3154.935544,0.0
-645.279853,34,3155.669759,1.0
-122.062337,18,3156.07094,1.0
-243.556405,50,3157.139084,0.0
-314.005668,50,3158.098879,0.0
-376.311074,50,3159.112692,0.0
-151.801972,50,3160.123316,0.0
-666.760926,50,3167.098046,0.0
-304.342578,50,3168.193107,0.0
-257.077352,50,3169.249002,0.0
-403.387845,50,3170.392735,0.0
-406.154584,50,3171.450636,0.0
-386.644192,50,3172.553478,0.0
-200.531123,50,3174.242152,0.0
-281.13157,50,3175.296442,0.0
-325.297526,50,3176.372957,0.0
-524.341692,34,3177.122831,1.0
-766.414445,50,3183.988665,0.0
-887.916699,50,3185.018845,0.0
-674.374022,50,3186.191457,0.0
-351.487421,50,3187.294156,0.0
-209.064198,50,3188.469182,0.0
-528.216641,34,3189.198691,1.0
-313.482285,43,3190.066853,1.0
-251.918197,46,3190.993191,1.0
-179.855061,18,3191.373009,1.0
-82.02111,18,3191.7854,1.0
-618.283797,50,3192.797173,0.0
-196.553796,18,3193.189138,1.0
-185.252024,50,3194.336804,0.0
-281.158748,50,3201.396158,0.0
-774.138081,50,3202.583273,0.0
-201.33433,50,3203.68976,0.0
-292.380076,29,3204.277765,1.0
-345.754499,50,3205.329868,0.0
-279.235289,50,3206.401928,0.0
-500.330735,50,3207.540883,0.0
-392.491139,50,3208.54991,0.0
-341.285867,23,3209.027437,1.0
-115.511873,10,3209.238635,1.0
-453.618239,50,3210.363592,0.0
-709.866753,50,3211.411973,0.0
-277.847903,32,3212.793611,1.0
-435.856357,34,3219.325249,1.0
-631.072967,50,3220.408952,0.0
-174.233307,16,3220.748562,1.0
-333.122385,50,3221.846964,0.0
-774.066579,50,3222.962096,0.0
-269.059694,30,3223.600936,1.0
-273.048684,50,3224.634362,0.0
-375.250252,50,3225.700225,0.0
-171.994574,37,3226.50163,1.0
-368.190971,50,3227.519853,0.0
-251.879387,50,3228.569639,0.0
-417.791166,50,3235.472695,0.0
-373.728083,47,3236.517247,1.0
-764.153928,50,3237.618092,0.0
-293.267971,50,3238.802011,0.0
-122.465245,50,3240.084795,0.0
-324.642056,50,3241.274451,0.0
-444.671033,50,3242.416305,0.0
-754.024704,50,3243.623953,0.0
-343.645926,13,3243.938544,1.0
-388.318379,50,3244.980469,0.0
-402.362937,39,3245.728935,1.0
-878.959922,50,3246.79476,0.0
-170.102388,26,3253.283689,1.0
-613.562831,36,3254.172983,1.0
-210.424781,50,3255.280324,0.0
-819.343651,50,3256.323308,0.0
-461.016277,25,3256.808245,1.0
-294.441031,50,3258.792662,0.0
-337.061717,50,3259.967481,0.0
-420.013075,50,3261.128455,0.0
-93.100717,17,3261.499795,1.0
-483.890735,50,3262.626485,0.0
-402.256261,50,3263.739263,0.0
-252.763557,26,3264.276598,1.0
-232.232698,26,3264.796527,1.0
-277.08328,19,3270.951717,1.0
-642.870801,50,3272.057388,0.0
-588.320597,50,3273.145986,0.0
-693.442316,50,3274.237548,0.0
-311.730159,50,3275.244145,0.0
-106.74466,11,3275.480954,1.0
-652.6811,27,3276.06492,1.0
-278.101602,50,3277.174515,0.0
-124.555048,15,3277.484197,1.0
-237.275261,29,3278.115601,1.0
-119.649604,10,3278.32654,1.0
-313.399702,50,3279.393614,0.0
-786.224088,50,3280.483045,0.0
-172.089525,29,3281.180617,1.0
-643.955051,50,3288.279338,0.0
-196.519597,50,3289.33812,0.0
-300.883464,50,3290.348161,0.0
-70.686618,19,3290.736046,1.0
-553.289115,50,3291.83404,0.0
-594.071027,50,3292.971506,0.0
-362.309959,50,3294.118419,0.0
-113.563059,14,3294.407494,1.0
-192.611195,17,3294.756018,1.0
-359.176148,50,3295.861694,0.0
-252.982905,20,3296.241148,1.0
-873.148465,50,3297.39815,0.0
-398.291512,50,3299.394044,0.0
-733.240224,50,3306.278802,0.0
-591.275196,50,3307.451903,0.0
-881.401195,50,3308.566779,0.0
-367.14971,25,3309.046534,1.0
-160.702388,50,3310.158132,0.0
-133.857293,50,3311.202873,0.0
-94.057136,10,3311.414367,1.0
-498.764898,50,3312.571354,0.0
-635.848426,50,3313.665702,0.0
-439.446798,50,3314.759708,0.0
-838.746833,50,3315.77466,0.0
-267.90229,50,3316.894713,0.0
-590.947796,50,3323.80283,0.0
-840.229546,50,3324.917226,0.0
-427.607187,50,3325.86291,0.0
-405.827462,50,3326.942032,0.0
-237.043635,50,3327.98304,0.0
-241.16899,50,3329.171708,0.0
-232.269826,20,3329.623484,1.0
-301.709341,34,3330.396035,1.0
-234.31122,41,3331.229159,1.0
-720.726856,50,3332.338399,0.0
-706.090575,50,3333.408894,0.0
-349.615432,50,3340.31063,0.0
-255.693659,13,3340.587602,1.0
-282.166495,50,3341.76084,0.0
-164.411682,40,3342.729851,1.0
-238.421146,50,3344.782549,0.0
-439.307486,50,3345.861622,0.0
-211.115046,50,3346.931769,0.0
-242.107208,50,3348.083267,0.0
-390.256304,50,3349.188543,0.0
-742.715367,50,3350.405732,0.0
-484.917804,50,3351.486779,0.0
-487.319348,50,3358.466,0.0
-355.588998,50,3359.704071,0.0
-396.990969,50,3360.781525,0.0
-677.648893,50,3361.887771,0.0
-380.98769,50,3363.029056,0.0
-454.063957,50,3364.075171,0.0
-935.922307,50,3365.143842,0.0
-771.467865,50,3366.212381,0.0
-317.500389,50,3367.280674,0.0
-655.386307,50,3368.373803,0.0
-219.53775,50,3375.358658,0.0
-398.946866,50,3376.41105,0.0
-263.635693,50,3377.492289,0.0
-374.104264,50,3378.494729,0.0
-228.256013,18,3378.864835,1.0
-281.814315,50,3379.941913,0.0
-133.238753,16,3380.299066,1.0
-677.29794,50,3381.461991,0.0
-682.290077,50,3382.629379,0.0
-613.711833,50,3384.562214,0.0
-330.191004,30,3385.229786,1.0
-634.62271,50,3386.263353,0.0
-307.920312,30,3386.939771,1.0
-707.765133,50,3393.899052,0.0
-743.686913,50,3395.122493,0.0
-737.250179,50,3396.314113,0.0
-719.175627,50,3397.358116,0.0
-336.532833,28,3397.967246,1.0
-166.25018,11,3398.200579,1.0
-147.175832,50,3399.279609,0.0
-335.825218,41,3400.196193,1.0
-316.452675,50,3401.399957,0.0
-62.246339,18,3401.765323,1.0
-794.884426,50,3402.971825,0.0
-238.86885,25,3403.523391,1.0
-420.221941,50,3404.687434,0.0
-869.382764,50,3411.576208,0.0
-620.805668,50,3412.601986,0.0
-632.380602,50,3413.687052,0.0
-622.683713,50,3414.67931,0.0
-315.152665,50,3415.806675,0.0
-297.568526,50,3416.944039,0.0
-607.808259,50,3418.095275,0.0
-1162.82844,50,3419.244558,0.0
-387.838336,50,3420.330808,0.0
-107.95899,24,3420.875852,1.0
-308.996957,14,3421.182044,1.0
-192.149229,27,3427.629187,1.0
-478.645132,50,3428.744338,0.0
-127.449088,14,3429.029136,1.0
-465.598129,50,3430.731377,1.0
-645.685454,50,3431.80872,0.0
-2316.805905,50,3432.955286,0.0
-383.447704,50,3434.052324,0.0
-780.511646,50,3435.17027,0.0
-222.827446,50,3436.255763,0.0
-302.519546,16,3436.608093,1.0
-306.08007,50,3437.712148,0.0
-314.534014,50,3438.896033,0.0
-153.040562,23,3439.436575,1.0
-928.678817,50,3446.386397,0.0
-447.776614,50,3447.496983,0.0
-420.203564,40,3448.399799,1.0
-225.601451,19,3448.807273,1.0
-531.336276,50,3450.003072,0.0
-494.155888,50,3451.187978,0.0
-608.879819,50,3452.323039,0.0
-134.494907,25,3452.814694,1.0
-103.873861,15,3453.119885,1.0
-826.442768,50,3454.288914,0.0
-324.6186,50,3455.407363,0.0
-60.797907,21,3455.851262,1.0
-507.135249,50,3462.770152,0.0
-447.030122,50,3463.967659,0.0
-159.422562,47,3464.928083,1.0
-612.478033,50,3466.046014,0.0
-663.296574,50,3467.263186,0.0
-761.044465,50,3468.422939,0.0
-348.0417,50,3469.570737,0.0
-392.40626,50,3471.652504,0.0
-338.399359,25,3472.22531,1.0
-432.377253,50,3473.359501,0.0
-300.695284,50,3474.487162,0.0
-168.460505,13,3474.736942,1.0
-286.371783,22,3475.200371,1.0
-305.815827,22,3481.465572,1.0
-379.362966,50,3482.455184,0.0
-708.204148,50,3483.514804,0.0
-686.113461,50,3484.666909,0.0
-265.185779,23,3485.2503,1.0
-785.5658,50,3486.414951,0.0
-174.271724,13,3486.689967,1.0
-237.281855,50,3487.762377,0.0
-778.938656,50,3488.923067,0.0
-377.58069,50,3490.074451,0.0
-95.529659,17,3490.465556,1.0
-275.338557,38,3491.312431,1.0
-951.169178,50,3492.434356,0.0
-210.725915,50,3499.321872,0.0
-246.885353,18,3499.67141,1.0
-297.274365,50,3500.725071,0.0
-206.130257,50,3501.778195,0.0
-731.862255,50,3502.893007,0.0
-362.670152,49,3503.928916,1.0
-284.272982,50,3505.018956,0.0
-366.445907,50,3506.060223,0.0
-345.78181,50,3507.078937,0.0
-698.096221,50,3508.127124,0.0
-404.197285,36,3508.926867,1.0
-283.806385,50,3515.952318,0.0
-449.526555,50,3517.886897,0.0
-285.868582,50,3519.025006,0.0
-184.933678,31,3519.720542,1.0
-365.348434,36,3520.557528,1.0
-530.105367,50,3521.728992,0.0
-287.647188,23,3522.206978,1.0
-318.541902,50,3523.286575,0.0
-360.649569,50,3524.326911,0.0
-537.451206,50,3525.359927,0.0
-275.600889,50,3526.542962,0.0
-513.666849,50,3533.55405,0.0
-331.115797,17,3533.968705,1.0
-331.659412,19,3534.440671,1.0
-403.491787,23,3534.978765,1.0
-515.128364,50,3536.066981,0.0
-566.104645,50,3537.222778,0.0
-323.516785,50,3538.317295,0.0
-353.690827,50,3539.464129,0.0
-448.653685,50,3540.553983,0.0
-268.689222,40,3541.366623,1.0
-186.521047,29,3541.931422,1.0
-489.169007,50,3543.023138,0.0
-75.955299,11,3543.276055,1.0
-575.736361,50,3544.401184,0.0
-515.854423,50,3551.284211,0.0
-303.233142,50,3552.427534,0.0
-239.569192,50,3553.488549,0.0
-270.897992,50,3554.636681,0.0
-49.909509,7,3554.791737,1.0
-286.91924,50,3555.89423,0.0
-637.628591,50,3558.052504,0.0
-574.278123,50,3559.196409,0.0
-197.045489,17,3559.581095,1.0
-145.658985,50,3560.743224,0.0
-458.593433,50,3561.815033,0.0
-316.338672,50,3568.693038,0.0
-819.137979,50,3569.814767,0.0
-498.198979,50,3571.041818,0.0
-841.954204,50,3572.156378,0.0
-538.029364,50,3573.31101,0.0
-509.975445,50,3574.412773,0.0
-583.068565,50,3575.579707,0.0
-786.100368,50,3576.601782,0.0
-350.277989,50,3577.786611,0.0
-363.672823,50,3578.952761,0.0
-178.41069,50,3580.119737,0.0
-274.459822,50,3587.139088,0.0
-104.982178,20,3587.604761,1.0
-879.145031,50,3588.851544,0.0
-134.871373,21,3589.372849,1.0
-492.11829,35,3590.117768,1.0
-552.076333,50,3591.144869,0.0
-168.828575,50,3592.174791,0.0
-228.982316,27,3592.728935,1.0
-371.441171,50,3593.847969,0.0
-339.865683,50,3594.973614,0.0
-195.110283,39,3595.843575,1.0
-460.436457,50,3596.897651,0.0
-301.529598,50,3604.752045,0.0
-58.137427,10,3604.973157,1.0
-176.706817,13,3605.262221,1.0
-144.261735,15,3605.570149,1.0
-269.135285,50,3606.561119,0.0
-109.107851,12,3606.871084,1.0
-718.755299,42,3607.907903,1.0
-219.152788,50,3609.012815,0.0
-778.665066,50,3610.159853,0.0
-372.113417,50,3611.243663,0.0
-274.980637,48,3612.339442,1.0
-1174.761391,50,3613.443525,0.0
-311.365685,50,3614.497268,0.0
-518.050002,50,3621.406809,0.0
-463.819982,50,3622.500483,0.0
-298.193768,50,3623.616943,0.0
-462.545883,50,3624.66693,0.0
-272.728698,50,3625.740331,0.0
-427.122766,50,3626.85979,0.0
-397.559676,50,3627.956122,0.0
-218.917012,32,3628.601751,1.0
-135.987174,17,3628.966408,1.0
-121.289818,13,3629.256167,1.0
-207.708973,11,3629.509768,1.0
-374.229343,50,3630.678634,0.0
-312.574978,48,3631.821201,1.0
-280.153163,50,3638.796666,0.0
-364.274802,50,3639.772037,0.0
-589.495404,50,3640.973635,0.0
-86.171115,10,3641.169919,1.0
-468.782678,35,3641.89581,1.0
-196.362914,26,3642.450467,1.0
-578.410894,50,3644.436114,0.0
-893.068811,50,3645.528774,0.0
-236.006159,35,3646.310494,1.0
-259.348639,50,3647.448655,0.0
-169.455357,50,3648.569719,0.0
-115.797715,12,3648.83284,1.0
-425.835984,50,3649.969016,0.0
-589.534488,50,3657.041401,0.0
-353.684203,50,3658.2546,0.0
-534.049748,50,3659.29068,0.0
-168.130565,34,3660.037419,1.0
-533.710048,50,3661.296377,0.0
-539.244491,50,3662.527376,0.0
-139.229826,15,3662.847869,1.0
-276.851704,50,3663.952369,0.0
-87.42652,9,3664.164852,1.0
-270.479243,50,3665.288212,0.0
-450.213095,29,3665.910013,1.0
-489.368147,50,3667.054235,0.0
-674.666983,50,3668.244326,0.0
-147.021414,37,3674.946751,1.0
-252.647503,15,3675.285478,1.0
-231.491516,22,3675.762297,1.0
-585.48163,50,3676.830364,0.0
-415.239043,50,3677.999952,0.0
-187.12453,23,3678.479833,1.0
-145.835464,13,3678.755213,1.0
-111.040778,50,3679.907633,0.0
-182.669316,50,3681.080533,0.0
-81.368125,17,3681.450546,1.0
-329.264862,50,3682.581517,0.0
-550.560254,50,3683.672136,0.0
-614.078327,50,3685.784019,0.0
-240.138372,15,3686.12279,1.0
-194.492976,14,3686.427297,1.0
-372.837951,17,3692.632797,1.0
-481.104143,50,3693.869303,0.0
-373.876627,50,3695.062689,0.0
-612.64876,50,3696.167675,0.0
-305.848686,50,3697.22832,0.0
-514.597079,50,3698.275842,0.0
-329.511786,50,3699.388716,0.0
-279.155734,25,3699.899985,1.0
-158.300709,50,3701.03726,0.0
-271.555621,19,3701.483892,1.0
-769.987835,50,3702.653306,0.0
-330.50396,50,3703.862828,0.0
-713.131198,50,3710.77428,0.0
-480.293521,50,3711.852452,0.0
-226.451802,50,3712.893481,0.0
-443.012961,50,3713.962232,0.0
-80.576555,18,3714.339397,1.0
-364.395085,50,3715.473044,0.0
-277.854412,50,3716.608618,0.0
-306.803314,31,3717.291685,1.0
-290.574173,50,3718.330777,0.0
-349.521168,50,3719.474398,0.0
-619.673417,50,3720.564573,0.0
-402.602761,50,3727.475886,0.0
-193.837144,46,3728.433854,1.0
-551.622523,50,3729.574044,0.0
-330.806266,50,3731.648118,0.0
-593.918825,50,3732.714873,0.0
-507.183804,50,3733.822987,0.0
-324.010631,50,3734.863461,0.0
-82.97254,35,3735.599405,1.0
-35.87204,6,3735.729264,1.0
-240.239465,50,3736.84435,0.0
-305.069863,29,3737.521916,1.0
-803.158205,50,3738.603723,0.0
-425.461835,27,3745.093407,1.0
-217.222672,41,3745.979929,1.0
-312.233901,50,3747.08331,0.0
-314.794557,50,3748.21791,0.0
-735.501418,50,3749.382148,0.0
-195.066999,50,3750.399987,0.0
-417.725812,50,3751.54357,0.0
-551.96583,30,3752.20202,1.0
-346.946236,29,3752.857363,1.0
-305.245546,50,3753.965803,0.0
-186.205813,50,3755.14105,0.0
-797.613849,50,3756.205337,0.0
-255.08297,50,3763.177753,0.0
-430.331608,50,3764.199419,0.0
-663.830568,50,3765.230757,0.0
-342.889052,26,3765.767307,1.0
-762.354735,50,3766.690897,0.0
-212.655504,26,3767.207158,1.0
-527.531954,50,3768.315032,0.0
-997.359535,50,3769.439243,0.0
-526.92408,50,3771.457686,0.0
-378.695574,50,3772.506393,0.0
-44.027982,6,3772.614513,1.0
-270.46974,12,3772.860785,1.0
-544.842932,50,3773.943268,0.0
-138.096924,12,3780.030699,1.0
-721.301864,50,3781.154439,0.0
-248.221332,50,3782.323251,0.0
-699.785172,50,3783.476593,0.0
-299.389667,50,3784.542431,0.0
-703.927823,50,3785.721894,0.0
-612.7444,50,3786.784599,0.0
-557.199897,50,3787.913815,0.0
-294.60457,16,3788.295196,1.0
-283.836702,34,3789.053057,1.0
-317.070408,32,3789.78349,1.0
-266.595685,50,3790.848885,0.0
-118.979968,26,3797.179223,1.0
-195.597258,38,3797.992817,1.0
-323.685546,50,3799.29912,0.0
-228.793592,31,3799.979029,1.0
-235.354181,32,3800.640248,1.0
-278.238759,50,3801.824193,0.0
-194.190096,31,3802.459874,1.0
-565.038309,50,3803.586089,0.0
-559.737427,47,3804.651703,1.0
-304.239908,50,3805.669496,0.0
-566.67944,50,3806.823019,0.0
-321.576107,50,3807.895029,0.0
-355.382498,50,3814.733487,0.0
-285.365228,50,3815.797464,0.0
-380.399527,32,3817.516842,1.0
-275.616341,43,3818.527755,1.0
-607.88433,50,3819.615409,0.0
-412.309115,50,3820.734576,0.0
-222.14101,12,3820.987195,1.0
-237.907223,18,3821.370127,1.0
-384.151011,50,3822.436766,0.0
-189.109614,17,3822.798068,1.0
-263.764017,12,3823.028953,1.0
-282.147853,50,3824.124605,0.0
-324.762692,50,3825.300683,0.0
-263.457122,50,3826.39611,0.0
-865.652072,50,3833.200746,1.0
-314.329464,50,3834.291594,0.0
-234.515325,50,3835.362276,0.0
-327.935062,21,3835.831045,1.0
-657.372016,50,3837.047966,0.0
-429.084609,50,3838.074133,1.0
-483.185179,50,3839.298237,0.0
-180.846036,38,3840.081054,1.0
-101.704686,10,3840.30868,1.0
-768.224846,50,3841.403111,0.0
-286.764357,50,3842.52935,0.0
-366.009963,50,3849.516235,0.0
-659.359588,50,3850.560174,0.0
-78.122056,10,3850.770092,1.0
-473.58888,50,3851.965433,0.0
-298.384765,46,3853.009927,1.0
-610.400046,50,3854.205081,0.0
-161.694611,17,3854.59705,1.0
-262.425347,45,3855.597083,1.0
-210.753347,50,3857.384534,0.0
-103.484572,33,3858.155164,1.0
-720.360725,50,3859.260694,0.0
-240.026127,50,3860.382015,0.0
-460.352702,50,3861.478399,0.0
-522.874089,46,3868.255619,1.0
-436.071569,50,3869.322176,0.0
-465.307697,50,3870.44628,0.0
-599.264826,50,3871.671757,0.0
-274.741665,50,3872.811078,0.0
-799.354492,50,3873.920035,0.0
-95.272846,27,3874.48242,1.0
-456.167005,50,3875.529929,0.0
-179.39707,50,3876.835479,0.0
-123.248137,50,3878.009234,0.0
-197.507397,21,3878.493833,1.0
-455.583723,50,3885.448155,0.0
-91.811269,11,3885.684226,1.0
-213.492833,24,3886.239376,1.0
-241.17297,19,3886.683594,1.0
-503.770792,50,3887.771132,0.0
-221.701377,50,3888.873329,0.0
-151.818718,17,3889.189597,1.0
-418.808927,50,3890.255532,0.0
-511.730764,50,3891.324134,0.0
-227.082842,50,3892.47752,0.0
-140.069271,13,3892.762371,1.0
-247.61835,16,3893.110231,1.0
-941.529055,50,3894.192741,0.0
-218.65932,50,3895.325752,0.0
-476.374754,50,3902.178749,0.0
-273.879177,50,3904.20619,0.0
-725.650876,50,3905.283593,0.0
-549.319452,50,3906.400205,0.0
-505.949284,50,3907.443007,0.0
-345.226344,45,3908.419863,1.0
-195.611165,30,3909.060128,1.0
-606.289801,50,3910.090767,0.0
-368.196174,50,3911.260882,0.0
-464.767401,50,3912.342696,0.0
-336.541117,50,3913.53686,0.0
-610.64921,50,3920.499234,0.0
-332.224827,50,3921.625356,0.0
-331.661391,49,3922.628492,1.0
-318.73603,18,3923.002154,1.0
-1020.607,50,3924.158284,0.0
-346.496587,21,3924.624534,1.0
-339.780454,50,3925.700068,0.0
-332.196762,29,3926.348676,1.0
-403.239395,50,3927.381452,0.0
-812.821648,50,3928.454716,0.0
-704.707724,50,3929.526832,0.0
-2775.457076,50,3930.582639,0.0
-390.549972,50,3937.53893,0.0
-494.929429,50,3938.597104,0.0
-266.243606,50,3939.683305,0.0
-183.913279,34,3940.365181,1.0
-230.167176,30,3941.060033,1.0
-179.327865,18,3941.504505,1.0
-555.885523,50,3943.757943,0.0
-612.353991,50,3944.865487,0.0
-607.233509,50,3946.062942,0.0
-420.493608,50,3947.214701,0.0
-540.737504,50,3948.276484,0.0
-803.024295,50,3949.336541,0.0
-429.143633,50,3956.117694,0.0
-598.831373,50,3957.171491,0.0
-458.280732,50,3958.245131,0.0
-467.452177,47,3959.193921,1.0
-167.834901,22,3959.741006,1.0
-396.547926,50,3960.824536,0.0
-368.980126,43,3961.790518,1.0
-205.851008,20,3962.283779,1.0
-276.89007,50,3963.492634,0.0
-257.707824,50,3964.555875,0.0
-453.08885,50,3965.734212,0.0
-266.64666,39,3972.338089,1.0
-840.353178,50,3973.44516,0.0
-538.2163,50,3974.609736,0.0
-263.96656,50,3975.77227,0.0
-995.732642,50,3976.93649,0.0
-112.097584,50,3977.990983,0.0
-449.085064,50,3979.11901,0.0
-888.671864,50,3980.186599,0.0
-835.256517,50,3981.284197,0.0
-112.262772,33,3981.988004,1.0
-116.463363,33,3982.676644,1.0
-375.742287,50,3990.572969,0.0
-368.988712,34,3991.367498,1.0
-660.55334,50,3992.474998,0.0
-324.153349,50,3993.613495,0.0
-546.089648,50,3994.682389,0.0
-315.395337,50,3995.740618,0.0
-363.531623,36,3996.498666,1.0
-255.738048,50,3997.579228,0.0
-755.790121,50,3998.689611,0.0
-130.948765,24,3999.190587,1.0
-246.631753,17,3999.536873,1.0
-133.688075,19,4000.000189,1.0
-310.155269,50,4001.148256,0.0
-190.984672,24,4007.483968,1.0
-679.552601,50,4008.626822,0.0
-839.756202,50,4009.754158,0.0
-385.641354,50,4010.925235,0.0
-121.669288,14,4011.278198,1.0
-711.890202,50,4012.46634,0.0
-607.538415,50,4013.552245,0.0
-314.073073,50,4014.638548,0.0
-403.232477,50,4015.673052,0.0
-364.600607,39,4016.519503,1.0
-547.873198,50,4017.584257,0.0
-306.114643,50,4018.636126,0.0
-185.749174,13,4024.718174,1.0
-228.144469,14,4025.048529,1.0
-204.174996,28,4025.68036,1.0
-499.544917,29,4026.304337,1.0
-267.519794,50,4027.364423,0.0
-247.843088,39,4028.098389,1.0
-311.92033,41,4029.960684,1.0
-60.179976,19,4030.359924,1.0
-616.196342,50,4031.443514,0.0
-380.967595,50,4032.435402,0.0
-263.196417,50,4033.468471,0.0
-769.074839,50,4034.549927,0.0
-567.705999,50,4035.592354,0.0
-357.760577,37,4042.196143,1.0
-730.430094,50,4043.321788,0.0
-591.756573,50,4044.397903,0.0
-580.426293,50,4045.604201,0.0
-477.618662,50,4046.750619,0.0
-263.806976,48,4047.863507,1.0
-451.490881,36,4048.686593,1.0
-425.888603,38,4049.554367,1.0
-165.30999,38,4050.465138,1.0
-398.778802,25,4050.994829,1.0
-284.288646,50,4052.137776,0.0
-481.764273,32,4052.82247,1.0
-287.56501,50,4059.734585,0.0
-139.642302,18,4060.143897,1.0
-131.711712,19,4060.525504,1.0
-523.466065,50,4061.617046,0.0
-133.893257,40,4062.525845,1.0
-343.3107,50,4063.605014,0.0
-266.682589,50,4064.608691,0.0
-389.017701,31,4065.323123,1.0
-292.326229,50,4066.456099,0.0
-259.109038,22,4066.879248,1.0
-225.539926,15,4067.184318,1.0
-396.98381,50,4068.312467,0.0
-59.93323,31,4069.988729,1.0
-841.825013,50,4071.191126,0.0
-159.116615,27,4071.770709,1.0
-189.571093,34,4078.289858,1.0
-383.607919,50,4079.428462,0.0
-341.690175,50,4080.57401,0.0
-300.116396,50,4081.714155,0.0
-402.516611,30,4082.42152,1.0
-430.143973,50,4083.610702,0.0
-485.886954,44,4084.609543,1.0
-316.895907,33,4085.314558,1.0
-180.062836,50,4086.353416,0.0
-353.033563,22,4086.849781,1.0
-180.294423,21,4087.337744,1.0
-228.490576,50,4088.439906,0.0
-319.045152,50,4095.348563,0.0
-208.39025,12,4095.615325,1.0
-343.061473,28,4096.218848,1.0
-406.98532,50,4097.347261,0.0
-510.987458,50,4098.441396,0.0
-953.971847,50,4099.643426,0.0
-618.819066,29,4100.262948,1.0
-541.219975,50,4101.346101,0.0
-353.555332,50,4102.384485,0.0
-110.140853,29,4103.026867,1.0
-325.009933,50,4104.125314,0.0
-797.342181,50,4105.210973,0.0
-246.562958,20,4105.665414,1.0
-297.325217,18,4106.08582,1.0
-236.542272,25,4112.445163,1.0
-227.690211,50,4113.551537,0.0
-182.06424,50,4114.649194,0.0
-286.079105,50,4116.649176,0.0
-118.867571,29,4117.237983,1.0
-300.36161,41,4118.046019,1.0
-351.164741,50,4119.176018,0.0
-341.513578,50,4120.285981,0.0
-651.348909,50,4121.419195,0.0
-383.423095,50,4122.465927,0.0
-323.285666,17,4122.845128,1.0
-420.794777,50,4124.004878,0.0
-801.515091,50,4130.941079,0.0
-138.299887,38,4131.829754,1.0
-259.506401,43,4132.783467,1.0
-580.008937,50,4133.801488,0.0
-296.345777,50,4134.865937,0.0
-157.872949,11,4135.078061,1.0
-484.493861,50,4136.092377,0.0
-277.006503,50,4137.258647,0.0
-706.260177,50,4138.491871,0.0
-545.527072,39,4139.326475,1.0
-65.903708,11,4139.575146,1.0
-352.799533,50,4140.607606,0.0
-697.041368,50,4147.4555,0.0
-192.892683,50,4148.603333,1.0
-462.741093,50,4149.717746,0.0
-176.617301,14,4150.009421,1.0
-410.317265,27,4150.559092,1.0
-321.633248,22,4151.003196,1.0
-284.756846,20,4151.402706,1.0
-198.243785,50,4152.456712,0.0
-142.367301,31,4153.138751,1.0
-202.563255,28,4153.748278,1.0
-190.437339,24,4154.264452,1.0
-152.519607,43,4155.955856,1.0
-747.031217,50,4157.10144,0.0
-363.430755,50,4158.227253,0.0
-314.399773,38,4164.856134,1.0
-157.918695,19,4165.276735,1.0
-219.270418,50,4166.329825,0.0
-153.949396,50,4167.497626,0.0
-546.071637,50,4168.654074,0.0
-675.187974,50,4169.788389,0.0
-343.856495,50,4170.912995,0.0
-303.2243,50,4172.065245,0.0
-321.198121,50,4173.15775,0.0
-362.075134,36,4173.962545,1.0
-717.685645,50,4175.103829,0.0
-200.03011,50,4181.974805,0.0
-575.643081,50,4183.008884,0.0
-173.55207,14,4183.315073,1.0
-342.250012,28,4183.911119,1.0
-277.779123,50,4184.953521,0.0
-703.915731,50,4186.173281,0.0
-512.253043,50,4187.35563,0.0
-514.081816,50,4188.417166,0.0
-793.924878,50,4189.46118,0.0
-148.413441,50,4190.49675,0.0
-701.348485,50,4191.646449,0.0
-300.692621,50,4192.72048,0.0
-277.086475,29,4199.120274,1.0
-463.659157,50,4200.180989,0.0
-179.335898,50,4201.935581,0.0
-198.579084,50,4202.93037,0.0
-263.487032,18,4203.309604,1.0
-151.936251,40,4204.241613,1.0
-419.771052,50,4205.341602,0.0
-297.428364,27,4205.939509,1.0
-360.479692,50,4207.162595,0.0
-340.579512,50,4208.270214,0.0
-329.687581,50,4209.472585,0.0
-145.983177,34,4210.220982,1.0
-160.91121,22,4210.713419,1.0
