#{"t_start": 1649804668.982891, "env_id": "PandaReachJoints-v2"}
r,l,t,is_success
-594.264187,50,1.221784,0.0
-471.711532,50,2.187907,0.0
-607.761839,50,3.1388,0.0
-425.358231,50,4.157764,0.0
-1065.519844,50,5.205414,0.0
-600.08663,50,6.167421,0.0
-560.648934,50,7.180169,0.0
-1012.849411,50,8.190414,0.0
-680.191391,50,9.236052,0.0
-554.334473,50,10.312338,0.0
-645.383401,50,17.192109,0.0
-355.528935,50,18.153896,0.0
-537.35132,50,19.076179,0.0
-566.89207,50,20.133248,0.0
-845.365983,50,21.113812,0.0
-410.461748,50,22.151865,0.0
-362.760902,50,23.144318,0.0
-534.2774,50,24.087185,0.0
-468.767954,50,25.186536,0.0
-346.218717,50,26.166759,0.0
-717.642989,50,33.055832,0.0
-514.968476,50,34.007713,0.0
-598.755794,50,35.053088,0.0
-495.63511,50,36.06549,0.0
-489.191236,50,37.055603,0.0
-417.900942,50,38.948229,0.0
-711.570414,50,39.906263,0.0
-526.409529,50,40.857261,0.0
-488.380524,50,41.937679,0.0
-542.060464,50,42.924325,0.0
-591.97022,50,49.610116,0.0
-422.065574,50,50.652305,0.0
-515.470128,50,51.666628,0.0
-660.564544,50,52.704768,0.0
-461.515999,50,53.792221,0.0
-662.288021,50,54.717856,0.0
-565.792003,50,55.699655,0.0
-349.271619,50,56.666719,0.0
-626.130675,50,57.799518,0.0
-857.706573,50,58.926291,0.0
-582.013968,50,65.722436,0.0
-664.26477,50,66.974732,0.0
-515.118327,50,68.066665,0.0
-328.91124,50,69.019944,0.0
-415.958318,50,70.123026,0.0
-413.220436,50,71.258337,0.0
-592.083049,50,72.273468,0.0
-530.96206,50,73.364583,0.0
-535.159546,50,74.389085,0.0
-647.756135,50,75.487668,0.0
-421.701605,50,77.338321,0.0
-660.393922,50,84.180853,0.0
-569.514721,50,85.222638,0.0
-555.582572,50,86.283999,0.0
-722.259362,50,87.303923,0.0
-613.193214,50,88.467974,0.0
-410.933631,50,89.478461,0.0
-803.357858,50,90.615571,0.0
-478.688167,50,91.719212,0.0
-648.449691,50,92.891555,0.0
-791.274492,50,93.898,0.0
-649.960328,50,100.670574,0.0
-506.964328,50,101.675978,0.0
-694.220097,50,102.658679,0.0
-584.53909,50,103.596949,0.0
-478.149755,50,104.661404,0.0
-591.745656,50,105.723553,0.0
-775.520543,50,106.737042,0.0
-666.993722,50,107.766607,0.0
-602.443574,50,108.885511,0.0
-534.918821,50,109.943529,0.0
-753.406922,50,116.55998,0.0
-762.059932,50,117.499956,0.0
-671.048205,50,118.599888,0.0
-425.46463,50,119.632877,0.0
-433.87277,50,121.527155,0.0
-264.763626,50,122.456186,0.0
-579.575722,50,123.532187,0.0
-496.499615,50,124.668094,0.0
-634.35222,50,125.886275,0.0
-509.517897,50,127.102265,0.0
-308.74075,50,130.601299,0.0
-412.051852,50,131.621531,0.0
-523.692336,50,132.791792,0.0
-653.752479,50,133.848114,0.0
-378.855152,50,134.92518,0.0
-346.806992,50,136.044887,0.0
-486.647564,50,137.093654,0.0
-527.543582,50,138.166731,0.0
-400.485353,50,139.145832,0.0
-706.689096,50,140.134709,0.0
-672.721043,50,141.190739,0.0
-530.39033,50,145.001455,0.0
-323.313891,50,146.126719,0.0
-671.758682,50,147.278133,0.0
-826.15278,50,148.272811,0.0
-884.622824,50,149.357771,0.0
-473.286145,50,150.469975,0.0
-371.248265,50,151.487423,0.0
-738.584541,50,152.579151,0.0
-251.50304,50,155.000481,0.0
-685.323017,50,156.042764,0.0
-383.152264,50,162.884764,0.0
-387.213282,50,163.964573,0.0
-444.924156,50,165.021733,0.0
-553.788499,50,166.073667,0.0
-591.196563,50,167.050855,0.0
-661.697985,50,168.157324,0.0
-401.690342,50,169.200036,0.0
-432.416622,50,170.215541,0.0
-449.789399,50,171.338018,0.0
-403.960988,50,172.737007,0.0
-826.402499,50,179.689858,0.0
-671.514168,50,180.831961,0.0
-425.223293,50,181.857943,0.0
-872.217969,50,182.923797,0.0
-456.353513,50,183.894948,0.0
-361.648481,50,184.988162,0.0
-496.639311,50,186.170689,0.0
-562.680011,50,187.229066,0.0
-657.612859,50,188.452921,0.0
-545.685845,50,189.486027,0.0
-648.459304,50,196.372524,0.0
-968.280966,50,197.335634,0.0
-603.55246,50,198.368035,0.0
-372.638705,50,200.379768,0.0
-455.268322,50,201.540117,0.0
-517.486972,50,202.55073,0.0
-468.297963,50,203.619047,0.0
-446.958692,50,204.679031,0.0
-545.813403,50,205.818329,0.0
-381.356847,50,206.949272,0.0
-584.080984,50,208.134159,0.0
-489.940462,50,214.917445,0.0
-515.39585,50,215.973698,0.0
-590.760919,50,216.99144,0.0
-890.325903,50,218.069384,0.0
-490.229299,50,219.083007,0.0
-623.63939,50,220.10897,0.0
-448.261238,50,221.097369,0.0
-434.486841,50,222.318024,0.0
-567.063397,50,223.473024,0.0
-505.150866,50,224.464192,0.0
-464.698298,50,231.28612,0.0
-472.106673,50,232.276811,0.0
-399.979471,50,233.32457,0.0
-764.981389,50,234.424633,0.0
-482.096734,50,235.407474,0.0
-847.133898,50,236.455417,0.0
-603.025909,50,237.491856,0.0
-575.873401,50,239.374629,0.0
-454.686485,50,240.337524,0.0
-293.402726,50,241.374528,0.0
-528.148657,50,248.158939,0.0
-887.429186,50,249.1438,0.0
-578.571603,50,250.133119,0.0
-442.706509,50,251.251438,0.0
-379.539897,50,252.286551,0.0
-795.385824,50,253.340729,0.0
-464.043515,50,254.419544,0.0
-578.477763,50,255.430805,0.0
-589.832162,50,256.436342,0.0
-280.801492,50,257.575566,0.0
-699.350838,50,264.394632,0.0
-421.977057,50,265.445876,0.0
-531.424455,50,266.607895,0.0
-709.823964,50,267.766947,0.0
-478.799062,50,268.911441,0.0
-813.885135,50,270.07983,0.0
-529.473273,50,271.151277,0.0
-729.812903,50,272.159334,0.0
-575.999919,50,273.26607,0.0
-859.713198,50,274.346167,0.0
-515.162911,50,275.353056,0.0
-351.570278,50,282.119089,0.0
-341.978682,50,284.101789,0.0
-394.412374,50,285.162804,0.0
-520.723492,50,286.130365,0.0
-323.103581,50,287.115482,0.0
-397.808062,50,288.195699,0.0
-328.266671,50,289.290595,0.0
-453.63292,50,290.449526,0.0
-507.9835,50,291.477999,0.0
-310.778802,50,292.435317,0.0
-383.546584,50,299.217607,0.0
-490.554363,50,300.395845,0.0
-684.201117,50,301.522893,0.0
-408.433113,50,302.603574,0.0
-449.389133,50,303.632112,0.0
-644.35368,50,304.859341,0.0
-681.366664,50,305.906745,0.0
-684.519169,50,307.084274,0.0
-396.428206,50,308.141485,0.0
-678.795072,50,309.28929,0.0
-1034.075479,50,316.141437,0.0
-450.803071,50,317.237289,0.0
-349.466326,50,318.285353,0.0
-372.320493,50,319.233764,0.0
-480.81482,50,320.321519,0.0
-503.484603,50,321.333942,0.0
-527.21751,50,323.429644,0.0
-367.133208,50,324.397182,0.0
-475.739662,50,325.515601,0.0
-620.427749,50,326.492668,0.0
-371.722472,50,333.403975,0.0
-747.302143,50,334.483822,0.0
-332.865386,50,335.511039,0.0
-1010.317543,50,336.590069,0.0
-639.423888,50,337.687555,0.0
-398.114562,50,338.746868,0.0
-346.486614,50,339.719368,0.0
-450.874595,50,340.694928,0.0
-588.683721,50,341.755776,0.0
-397.629701,50,342.856924,0.0
-716.361158,50,343.894124,0.0
-618.352663,50,350.767379,0.0
-853.589111,50,351.816576,0.0
-224.224592,50,352.829613,0.0
-532.194245,50,353.921759,0.0
-311.027551,50,354.982627,0.0
-409.204532,50,356.081796,0.0
-667.584957,50,357.303361,0.0
-264.790527,50,358.394796,0.0
-1059.64375,50,359.522519,0.0
-575.184118,50,360.535261,0.0
-382.629799,50,368.473756,0.0
-488.791999,50,369.624892,0.0
-277.341358,50,370.624854,0.0
-446.187862,50,371.700755,0.0
-586.804076,50,372.827383,0.0
-408.24542,50,373.83774,0.0
-390.421285,50,374.827111,0.0
-488.091756,50,375.923843,0.0
-728.878809,50,377.066153,0.0
-1105.251114,50,378.129981,0.0
-328.994503,50,384.957236,0.0
-841.790022,50,386.010019,0.0
-624.508972,50,387.053921,0.0
-300.694929,50,388.131137,0.0
-388.517575,50,389.234443,0.0
-545.826487,50,390.235306,0.0
-515.031134,50,391.376691,0.0
-876.784416,50,392.433662,0.0
-416.600842,50,393.61067,0.0
-815.862369,50,394.67508,0.0
-520.868372,50,401.455228,0.0
-610.729361,50,402.577207,0.0
-188.853938,50,403.63733,0.0
-417.296281,50,404.670849,0.0
-675.795461,50,405.781817,0.0
-380.336011,50,407.881699,0.0
-332.583788,50,408.958726,0.0
-394.655899,50,410.02812,0.0
-714.031902,50,411.009579,0.0
-660.874614,50,412.035762,0.0
-609.53095,50,413.208696,0.0
-221.234524,50,419.969756,0.0
-839.56067,50,421.080086,0.0
-520.318749,50,422.265946,0.0
-652.400184,50,423.416448,0.0
-1023.253692,50,424.532474,0.0
-839.447143,50,425.596918,0.0
-633.622736,50,426.743019,0.0
-280.707475,50,427.741148,0.0
-482.7485,50,428.769036,0.0
-666.622584,50,429.97579,0.0
-324.155664,50,436.852282,0.0
-286.47918,50,438.01402,0.0
-547.057444,50,439.293193,0.0
-598.142545,50,440.487295,0.0
-769.749502,50,441.616966,0.0
-304.588469,50,442.619102,0.0
-472.05869,50,443.663176,0.0
-544.28069,50,444.787544,0.0
-388.408363,50,445.869134,0.0
-449.02099,50,447.900736,0.0
-460.361561,50,454.528904,0.0
-405.003426,50,455.616393,0.0
-203.8517,50,456.607345,0.0
-393.875665,50,457.708979,0.0
-704.325095,50,458.831824,0.0
-385.091625,50,459.826695,0.0
-369.581142,50,460.923438,0.0
-512.957112,50,461.968585,0.0
-531.26516,50,462.990556,0.0
-279.656825,50,464.075939,0.0
-474.217687,50,470.892956,0.0
-408.269848,50,472.155663,0.0
-504.475617,50,473.27518,0.0
-628.281188,50,474.401066,0.0
-627.843809,50,475.463697,0.0
-352.382437,50,476.491014,0.0
-715.653631,50,477.583244,0.0
-321.924496,50,478.708857,0.0
-385.299966,50,479.784287,0.0
-834.035635,50,480.919788,0.0
-405.22836,50,487.690035,0.0
-627.143549,50,488.798112,0.0
-217.109513,50,489.970426,0.0
-563.558462,50,491.014003,0.0
-334.832123,50,493.034092,0.0
-713.71378,50,494.182934,0.0
-284.320033,50,495.33622,0.0
-850.155413,50,496.398394,0.0
-311.824739,50,497.548429,0.0
-708.264891,50,498.705385,0.0
-470.549255,50,499.833481,0.0
-273.855495,50,506.701704,0.0
-582.665365,50,507.824776,0.0
-353.841058,50,508.916048,0.0
-688.546653,50,509.970343,0.0
-519.310097,50,511.091804,0.0
-675.803286,50,512.152693,0.0
-683.08599,50,513.218605,0.0
-932.439037,50,514.315828,0.0
-371.523424,50,515.441697,0.0
-305.05819,50,516.525359,0.0
-418.3899,50,523.507035,0.0
-613.869282,50,524.511758,0.0
-190.225894,50,525.676048,0.0
-555.291738,50,526.818403,0.0
-602.346989,50,528.051387,0.0
-469.899928,50,529.168891,0.0
-303.607844,50,530.226454,0.0
-811.63554,50,531.44062,0.0
-204.726959,50,533.432907,0.0
-701.107928,50,534.523633,0.0
-541.833589,50,541.481714,0.0
-593.831104,50,542.614561,0.0
-591.155197,50,543.645384,0.0
-375.623337,50,544.777529,0.0
-276.599779,50,545.838769,0.0
-462.421713,50,546.883126,0.0
-719.347301,50,547.988418,0.0
-326.717514,50,549.200615,0.0
-810.568632,50,550.371958,0.0
-270.255655,50,551.538231,0.0
-351.000775,50,558.411496,0.0
-596.995974,50,559.586068,0.0
-388.896777,50,560.682938,0.0
-451.551943,50,561.821952,0.0
-475.389031,50,562.905481,0.0
-685.04115,50,563.909942,0.0
-865.310954,50,565.160335,0.0
-552.844578,50,566.225756,0.0
-257.621239,50,567.34425,0.0
-446.138141,50,568.357719,0.0
-239.604282,50,569.447258,0.0
-432.973164,50,576.401137,0.0
-358.997278,50,577.588484,0.0
-572.69153,50,579.666047,0.0
-547.176102,50,580.806335,0.0
-871.636704,50,581.914798,0.0
-714.429635,50,582.976793,0.0
-335.795286,50,584.13257,0.0
-741.337376,50,585.280978,0.0
-697.484373,50,586.28878,0.0
-457.56846,50,587.325285,0.0
-264.523058,50,594.18203,0.0
-890.066788,50,595.276694,0.0
-593.630183,50,596.483431,0.0
-690.969931,50,597.537883,0.0
-445.301191,50,598.646537,0.0
-655.788545,50,599.754324,0.0
-434.521221,50,600.863836,0.0
-435.12091,50,601.981674,0.0
-652.977261,50,603.182968,0.0
-303.328081,50,604.329117,0.0
-422.786778,50,611.111971,0.0
-691.587343,50,612.353166,0.0
-627.578758,50,613.487519,0.0
-717.842612,50,614.640998,0.0
-349.616824,50,615.785395,0.0
-448.808826,50,616.982726,0.0
-597.813026,50,618.054185,0.0
-135.479986,27,619.642251,1.0
-659.479804,50,620.796484,0.0
-506.268824,50,621.875676,0.0
-568.897843,50,622.968247,0.0
-770.654406,50,629.858233,0.0
-388.905813,50,631.026462,0.0
-301.905671,50,632.203943,0.0
-527.755853,50,633.336048,0.0
-314.091247,50,634.316092,0.0
-697.41078,50,635.370608,0.0
-835.635238,50,636.429481,0.0
-385.244312,50,637.491459,0.0
-376.917361,50,638.505118,0.0
-637.825104,50,639.573432,0.0
-388.344092,50,646.3831,0.0
-335.588377,50,647.448256,0.0
-469.499122,50,648.64448,0.0
-262.57108,50,649.716766,0.0
-98.265492,9,649.914725,1.0
-575.028501,50,651.03103,0.0
-658.620956,50,652.186249,0.0
-405.03922,50,653.312043,0.0
-871.136327,50,654.40458,0.0
-252.064899,50,655.52566,0.0
-231.641286,50,656.615767,0.0
-266.167071,50,663.545492,0.0
-121.085006,19,664.821945,1.0
-514.198869,50,665.951049,0.0
-858.798812,50,667.129174,0.0
-587.029173,50,668.351258,0.0
-713.694493,50,669.527399,0.0
-239.432052,50,670.678397,0.0
-448.783924,50,671.793245,0.0
-326.132144,50,672.9272,0.0
-615.9168,50,674.04996,0.0
-279.420639,50,675.174847,0.0
-304.435331,50,681.978218,0.0
-382.773597,50,683.049489,0.0
-167.228981,38,683.856692,1.0
-509.143676,50,684.998517,0.0
-672.521516,50,686.12156,0.0
-448.524333,50,687.185555,0.0
-505.277436,50,688.307569,0.0
-412.836589,50,689.333554,0.0
-374.083182,50,690.288195,0.0
-646.708861,50,691.36468,0.0
-287.440425,50,698.268492,0.0
-303.035655,50,699.364789,0.0
-522.741378,50,700.431284,0.0
-240.927155,50,701.555349,0.0
-290.043725,50,702.60677,0.0
-608.564509,50,703.707132,0.0
-256.005678,50,705.594965,0.0
-407.569327,50,706.634662,0.0
-533.251589,50,707.774099,0.0
-308.969919,50,708.956019,0.0
-330.643762,50,710.030205,0.0
-461.900291,50,716.981527,0.0
-320.071406,50,718.120788,0.0
-269.626859,50,719.139703,0.0
-521.862766,50,720.168945,0.0
-476.976928,50,721.244972,0.0
-743.750239,50,722.322227,0.0
-269.831228,13,722.605738,1.0
-638.604647,50,723.728441,0.0
-222.185233,50,724.795785,0.0
-585.111807,50,725.956346,0.0
-221.554843,50,727.040669,0.0
-719.181405,50,733.974258,0.0
-235.480421,50,735.092499,0.0
-216.085119,50,736.109928,0.0
-336.161892,50,737.209692,0.0
-208.304201,50,738.257959,0.0
-217.443023,50,739.254481,0.0
-511.620913,50,740.449999,0.0
-286.658733,50,741.61179,0.0
-1072.565692,50,742.685308,0.0
-470.091265,50,744.781311,0.0
-383.697563,50,751.60937,0.0
-423.470279,50,752.678859,0.0
-162.422916,50,753.812338,0.0
-783.500508,50,755.027726,0.0
-329.668997,50,756.210162,0.0
-283.642239,50,757.270365,0.0
-586.986066,50,758.273062,0.0
-349.122754,50,759.397516,0.0
-203.932677,50,760.530411,0.0
-596.749545,50,761.604037,0.0
-226.188245,50,768.444855,0.0
-401.809672,50,769.569684,0.0
-369.31531,50,770.66508,0.0
-926.570967,50,771.864669,0.0
-236.185367,50,772.891603,0.0
-647.180911,50,773.938702,0.0
-486.014268,50,774.991098,0.0
-417.86741,50,776.027992,0.0
-173.853825,50,777.045962,0.0
-228.488809,50,778.196478,0.0
-287.505332,50,785.139202,0.0
-353.427259,50,786.226781,0.0
-669.55525,50,787.514485,0.0
-562.587915,50,788.66113,0.0
-571.587143,50,790.610737,0.0
-720.87172,50,791.764607,0.0
-407.632133,50,792.77142,0.0
-895.244422,50,793.876515,0.0
-663.44278,50,795.002807,0.0
-472.258312,50,796.137872,0.0
-391.425942,50,797.214825,0.0
-313.307973,50,804.142492,0.0
-651.315898,50,805.256553,0.0
-413.08713,50,806.402166,0.0
-602.190655,50,807.448451,0.0
-198.552933,50,808.522479,0.0
-416.079664,50,809.57204,0.0
-525.040355,50,810.681157,0.0
-230.202374,23,811.155639,1.0
-381.317941,50,812.212176,0.0
-483.582969,50,813.357981,0.0
-947.382954,50,820.243594,0.0
-1029.454437,50,821.263424,0.0
-272.642253,50,822.351857,0.0
-543.576688,50,823.428686,0.0
-216.88955,50,824.528973,0.0
-377.273927,50,825.573446,0.0
-494.69288,50,826.661651,0.0
-205.659098,50,827.788622,0.0
-377.169169,50,828.938445,0.0
-781.987737,50,831.004735,0.0
-400.310809,50,831.964172,0.0
-559.842574,50,838.748577,0.0
-618.857767,50,839.83759,0.0
-154.916402,50,841.05789,0.0
-417.707423,50,842.070122,0.0
-304.139354,50,843.047273,0.0
-547.518558,50,844.207191,0.0
-825.801248,50,845.406757,0.0
-548.70302,50,846.462346,0.0
-567.214107,50,847.536588,0.0
-685.207553,50,848.61321,0.0
-741.851736,50,855.475602,0.0
-690.276917,50,856.506437,0.0
-336.063133,50,857.58928,0.0
-275.16949,50,858.675798,0.0
-836.180804,50,859.803447,0.0
-246.891587,50,860.858058,0.0
-345.650949,50,861.888561,0.0
-286.279749,50,862.990846,0.0
-183.956283,50,864.077044,0.0
-787.994302,50,865.242747,0.0
-279.570919,50,871.997412,0.0
-160.370263,15,872.3088,1.0
-231.714959,50,873.454305,0.0
-508.026284,50,874.654471,0.0
-394.873563,50,876.620937,0.0
-799.126255,50,877.772218,0.0
-559.027565,50,878.852618,0.0
-827.454791,50,879.89635,0.0
-690.113724,50,880.896379,0.0
-451.632263,50,881.92332,0.0
-316.652414,50,883.020415,0.0
-214.306497,50,889.928159,0.0
-775.343548,50,890.998334,0.0
-522.33225,50,892.081035,0.0
-394.423941,50,893.232984,0.0
-204.326891,50,894.264871,0.0
-368.160048,50,895.28286,0.0
-451.272779,50,896.315636,0.0
-335.992761,50,897.315078,0.0
-810.481365,50,898.313898,0.0
-527.100996,50,899.487085,0.0
-348.421273,50,906.322325,0.0
-372.660745,50,907.431438,0.0
-258.893599,50,908.391623,0.0
-419.200044,50,909.442052,0.0
-294.070536,50,910.473547,0.0
-308.670614,50,911.658217,0.0
-505.74748,50,912.698242,0.0
-605.503299,50,913.718783,0.0
-220.508081,50,915.933354,0.0
-779.280736,50,916.98957,0.0
-430.152862,50,917.934146,0.0
-417.24081,50,924.765431,0.0
-446.777942,50,925.895468,0.0
-384.296075,50,926.877961,0.0
-225.238695,50,927.898629,0.0
-262.724677,50,928.883473,0.0
-299.613298,50,929.963685,0.0
-374.980138,50,931.085044,0.0
-250.410423,50,932.246834,0.0
-306.300243,50,933.386429,0.0
-248.822175,50,934.450007,0.0
-627.798506,50,941.29314,0.0
-286.484614,50,942.506565,0.0
-343.972566,50,943.625554,0.0
-323.023404,50,944.616199,0.0
-395.011397,50,945.644886,0.0
-524.885003,50,946.782549,0.0
-253.884507,50,947.926578,0.0
-206.101633,50,948.988667,0.0
-246.371571,50,950.011242,0.0
-515.34231,50,950.998643,0.0
-409.985505,50,957.686817,0.0
-348.650631,50,958.709882,0.0
-324.319883,50,960.820355,0.0
-370.171719,50,961.962301,0.0
-363.633032,50,963.006085,0.0
-376.133013,50,964.094428,0.0
-485.555779,50,965.111597,0.0
-653.021754,50,966.22347,0.0
-362.130358,50,967.284931,0.0
-531.993664,50,968.414072,0.0
-376.114563,50,975.238947,0.0
-376.34986,50,976.354551,0.0
-295.417895,50,977.42695,0.0
-292.888361,50,978.523919,0.0
-753.495116,50,979.660066,0.0
-505.248694,50,980.685408,0.0
-469.999211,50,981.664247,0.0
-193.861649,39,982.59752,1.0
-764.732415,50,983.677942,0.0
-251.491809,50,984.728463,0.0
-535.669387,50,985.777822,0.0
-193.173563,11,986.013045,1.0
-278.457153,50,992.89435,0.0
-629.538203,50,993.966414,0.0
-579.0381,50,995.085919,0.0
-574.664758,50,996.082594,0.0
-341.334132,50,997.139531,0.0
-684.121097,50,998.213094,0.0
-187.248168,50,1000.174286,0.0
-418.629857,50,1001.163068,0.0
-340.877658,50,1002.237467,0.0
-383.055987,18,1002.574011,1.0
-178.7706,50,1009.353303,0.0
-665.987359,50,1010.551676,0.0
-472.70666,50,1011.807479,0.0
-468.520215,50,1012.85307,0.0
-227.06228,50,1014.035806,0.0
-808.78013,50,1015.134089,0.0
-123.962297,16,1015.478802,1.0
-294.558948,50,1016.521731,0.0
-580.91912,50,1017.66024,0.0
-358.615649,50,1018.631424,0.0
-393.878965,50,1019.628777,0.0
-297.845788,50,1026.465738,0.0
-387.592238,50,1027.562942,0.0
-457.958012,50,1028.671206,0.0
-408.128899,50,1029.946204,0.0
-589.881192,50,1031.121514,0.0
-441.729747,50,1032.181244,0.0
-636.504233,50,1033.251471,0.0
-641.520112,50,1034.349518,0.0
-428.695121,50,1035.383788,0.0
-453.329884,50,1036.391921,0.0
-337.710744,50,1037.463683,0.0
-199.484418,50,1045.144728,0.0
-561.62015,50,1046.312785,0.0
-629.421592,50,1047.383386,0.0
-737.023338,50,1048.483795,0.0
-229.156171,13,1048.763133,1.0
-347.420896,50,1049.89699,0.0
-597.617941,50,1051.050438,0.0
-215.400637,50,1052.063856,0.0
-455.496777,50,1053.091664,0.0
-645.942857,50,1054.128632,0.0
-414.053408,50,1055.256321,0.0
-385.021299,50,1062.086651,0.0
-301.697497,35,1062.829709,1.0
-447.99039,50,1063.86963,0.0
-682.868217,50,1064.860285,0.0
-384.616434,50,1066.070477,0.0
-239.535802,50,1067.14266,0.0
-301.680393,50,1068.145801,0.0
-459.994235,50,1069.145528,0.0
-460.419869,50,1070.327716,0.0
-557.343971,50,1071.399999,0.0
-442.826525,25,1071.920526,1.0
-556.83905,50,1078.832675,0.0
-853.413231,50,1079.942256,0.0
-27.036264,5,1080.065089,1.0
-355.013225,50,1081.21106,0.0
-232.412085,50,1082.186299,0.0
-422.340222,17,1082.510747,1.0
-405.702351,50,1084.400764,0.0
-662.543689,50,1085.494993,0.0
-551.486891,50,1086.504904,0.0
-641.101164,50,1087.551871,0.0
-404.51564,50,1088.662634,0.0
-433.688398,50,1095.542035,0.0
-1188.361751,50,1096.662674,0.0
-267.900278,50,1097.671717,0.0
-464.165925,50,1098.725067,0.0
-781.2032,50,1099.840538,0.0
-730.921849,50,1100.888685,0.0
-845.138755,50,1101.929347,0.0
-700.937403,50,1103.009341,0.0
-287.588088,50,1104.130087,0.0
-371.670916,50,1105.184688,0.0
-340.589028,50,1106.347842,0.0
-427.408828,50,1113.276482,0.0
-528.054425,50,1114.305403,0.0
-838.828329,50,1115.37042,0.0
-214.046585,24,1115.901634,1.0
-495.539521,50,1116.883581,0.0
-573.29796,50,1118.006792,0.0
-518.921377,50,1119.00193,0.0
-422.124001,50,1119.985643,0.0
-430.606376,50,1121.036272,0.0
-667.343017,50,1122.089414,0.0
-376.632053,50,1129.819675,0.0
-594.014193,50,1130.928907,0.0
-221.848636,11,1131.160554,1.0
-381.471699,50,1132.216373,0.0
-522.835301,50,1133.212187,0.0
-438.366321,50,1134.257172,0.0
-256.686195,50,1135.268006,0.0
-400.024338,50,1136.497653,0.0
-432.850814,50,1137.696405,0.0
-296.944561,50,1138.804576,0.0
-279.017049,50,1139.78046,0.0
-334.368957,50,1146.6032,0.0
-512.543112,50,1147.579436,0.0
-627.942544,50,1148.685767,0.0
-456.598406,50,1149.844976,0.0
-551.533298,27,1150.422359,1.0
-304.971021,50,1151.445952,0.0
-656.542954,50,1152.471632,0.0
-726.415382,50,1153.602868,0.0
-662.50537,50,1154.703137,0.0
-77.361558,11,1154.936076,1.0
-546.886256,50,1156.031234,0.0
-444.736962,50,1157.177816,0.0
-498.846747,50,1163.986288,0.0
-398.312236,50,1165.076053,0.0
-254.893875,30,1165.690317,1.0
-167.75115,15,1166.008076,1.0
-282.267833,50,1167.054786,0.0
-287.798138,50,1169.011491,0.0
-354.733822,50,1170.116744,0.0
-276.133818,50,1171.186958,0.0
-339.418363,50,1172.264161,0.0
-833.281945,50,1173.258505,0.0
-522.568133,50,1174.32224,0.0
-324.263778,50,1181.021671,0.0
-504.940826,50,1182.09719,0.0
-368.079213,50,1183.183214,0.0
-707.173439,50,1184.249316,0.0
-263.341487,31,1184.930962,1.0
-596.480836,50,1186.113812,0.0
-494.286978,50,1187.165014,0.0
-701.449221,50,1188.179097,0.0
-456.345963,50,1189.155747,0.0
-245.960057,50,1190.193193,0.0
-262.422688,50,1191.264138,0.0
-351.872306,50,1198.104612,0.0
-340.351615,50,1199.32486,0.0
-375.102885,50,1200.39573,0.0
-285.166139,50,1201.525838,0.0
-560.202363,50,1202.623488,0.0
-313.754432,50,1203.695401,0.0
-602.847264,50,1204.761193,0.0
-724.020485,50,1205.932218,0.0
-1035.359221,50,1208.022269,0.0
-446.471712,50,1209.037137,0.0
-185.758499,17,1209.362991,1.0
-368.30477,50,1216.106162,0.0
-311.843073,50,1217.345226,0.0
-383.80061,50,1218.435468,0.0
-459.701046,50,1219.52938,0.0
-393.835896,50,1220.509729,0.0
-140.588,25,1221.026899,1.0
-555.063175,50,1222.105836,0.0
-768.512348,50,1223.284633,0.0
-427.612827,50,1224.372803,0.0
-331.794212,50,1225.452237,0.0
-358.243663,32,1226.113725,1.0
-257.058396,19,1232.248429,1.0
-363.251063,50,1233.362551,0.0
-360.092457,50,1234.545329,0.0
-741.430914,50,1235.586551,0.0
-159.728249,40,1236.385378,1.0
-203.295454,50,1237.527416,0.0
-669.841787,50,1238.62247,0.0
-582.021926,50,1239.70264,0.0
-564.702043,50,1240.826725,0.0
-209.463337,50,1241.805907,0.0
-407.987173,50,1242.8262,0.0
-469.519676,50,1249.644917,0.0
-558.539753,50,1250.854557,0.0
-582.026685,50,1252.668379,0.0
-337.596381,50,1253.748028,0.0
-267.202029,50,1254.820558,0.0
-310.372896,50,1255.879477,0.0
-358.653487,50,1257.017733,0.0
-257.07781,50,1258.212432,0.0
-515.840519,46,1259.170964,1.0
-580.375893,50,1260.456156,0.0
-562.010814,50,1267.313164,0.0
-351.436299,33,1268.006055,1.0
-161.974481,23,1268.515334,1.0
-258.037734,50,1269.678176,0.0
-276.495712,50,1270.918926,0.0
-536.790258,50,1272.126126,0.0
-383.720063,50,1273.196825,0.0
-343.841752,50,1274.376364,0.0
-448.985021,50,1275.465072,0.0
-492.751475,48,1276.583215,1.0
-185.908858,50,1277.597486,0.0
-683.986972,43,1278.658993,1.0
-122.52112,40,1285.339612,1.0
-396.059676,50,1286.436068,0.0
-213.469367,15,1286.778599,1.0
-640.05422,50,1287.922362,0.0
-864.928143,50,1289.057405,0.0
-288.183088,44,1289.951032,1.0
-640.3214,50,1290.987013,0.0
-413.927885,50,1292.057615,0.0
-542.976016,50,1293.975387,0.0
-269.600481,50,1295.004001,0.0
-212.438287,50,1296.070407,0.0
-334.382706,50,1302.918994,0.0
-441.26759,50,1303.957218,0.0
-475.023896,50,1305.00868,0.0
-256.574403,50,1306.103699,0.0
-233.358198,50,1307.203497,0.0
-488.822648,50,1308.222582,0.0
-567.872911,50,1309.298747,0.0
-136.379027,50,1310.327634,0.0
-465.542254,50,1311.390874,0.0
-470.970883,28,1312.052319,1.0
-285.369351,50,1319.010436,0.0
-341.247787,50,1320.062291,0.0
-100.793677,19,1320.440162,1.0
-493.242599,50,1321.475314,0.0
-90.297826,31,1322.259741,1.0
-686.551925,50,1323.370954,0.0
-93.848037,12,1323.608077,1.0
-413.345339,50,1324.703504,0.0
-236.080145,50,1325.806348,0.0
-545.657512,50,1326.9394,0.0
-1060.358277,50,1328.100876,0.0
-1950.906213,50,1329.211816,0.0
-644.335796,50,1336.010818,0.0
-274.580354,14,1336.331568,1.0
-457.873481,50,1338.473384,0.0
-489.121443,50,1339.78375,0.0
-315.959865,50,1340.874731,0.0
-424.842961,50,1342.006247,0.0
-300.303164,50,1343.15828,0.0
-178.020718,19,1343.535531,1.0
-438.842782,50,1344.531086,0.0
-597.215342,50,1345.588358,0.0
-532.120819,50,1346.611151,0.0
-241.139699,50,1347.682886,0.0
-422.391644,50,1354.487975,0.0
-795.351788,50,1355.544452,0.0
-280.818905,50,1356.528986,0.0
-313.375998,50,1357.560249,0.0
-276.449769,29,1358.168295,1.0
-585.733003,50,1359.380051,0.0
-266.760226,50,1360.501325,0.0
-365.326275,50,1361.598742,0.0
-571.482127,50,1362.690057,0.0
-541.923145,50,1363.946522,0.0
-379.717195,23,1364.494071,1.0
-427.459557,50,1371.405872,0.0
-573.850654,50,1372.551177,0.0
-468.49675,50,1373.679841,0.0
-359.355749,50,1374.793846,0.0
-475.563776,50,1375.852334,0.0
-439.431347,50,1376.88707,0.0
-493.486724,50,1378.747409,0.0
-222.870776,50,1379.758654,0.0
-631.997836,50,1380.915207,0.0
-234.037916,50,1381.953261,0.0
-685.528467,50,1382.981463,0.0
-272.101522,50,1389.918853,0.0
-210.010971,13,1390.245618,1.0
-289.854761,50,1391.243636,0.0
-350.231669,50,1392.262112,0.0
-171.085931,28,1392.907361,1.0
-277.295164,50,1393.904291,0.0
-400.716791,50,1394.894902,0.0
-331.008265,50,1395.996414,0.0
-310.870461,50,1397.043495,0.0
-472.758878,50,1398.114167,0.0
-369.333198,50,1399.235042,0.0
-800.239499,50,1406.137709,0.0
-342.690386,50,1407.254402,0.0
-645.737134,50,1408.450484,0.0
-983.070793,50,1409.775179,0.0
-452.60473,50,1410.767936,0.0
-650.369338,50,1411.897085,0.0
-439.772373,50,1413.140502,0.0
-343.273935,50,1414.336106,0.0
-233.559831,50,1415.405031,0.0
-554.147051,50,1416.581068,0.0
-156.168206,9,1416.784822,1.0
-790.208195,50,1424.656659,0.0
-570.765926,50,1425.666594,0.0
-590.620385,50,1426.732659,0.0
-835.981258,50,1427.771734,0.0
-387.785391,50,1428.848097,0.0
-285.118888,50,1429.928259,0.0
-379.121676,50,1431.052066,0.0
-182.222205,18,1431.467802,1.0
-287.326096,50,1432.589764,0.0
-376.165456,50,1433.753996,0.0
-663.602186,50,1434.801182,0.0
-228.129582,50,1441.649241,0.0
-422.405979,44,1442.567034,1.0
-221.334003,50,1443.596789,0.0
-585.264056,38,1444.474846,1.0
-112.596401,21,1444.968353,1.0
-141.272641,15,1445.323294,1.0
-137.23136,13,1445.628824,1.0
-448.13424,50,1446.785486,0.0
-420.187302,50,1447.792797,0.0
-156.60163,50,1448.962861,0.0
-184.572233,26,1449.4995,1.0
-224.751427,50,1450.600021,0.0
-212.459181,50,1451.715815,0.0
-703.099013,50,1458.615646,0.0
-659.049794,50,1459.728226,0.0
-643.013426,50,1460.777737,0.0
-462.618042,50,1461.874855,0.0
-265.952942,50,1462.878378,0.0
-267.694055,50,1464.948813,0.0
-784.846425,50,1466.18373,0.0
-473.868341,50,1467.330286,0.0
-198.098005,50,1468.476551,0.0
-746.878753,50,1469.640087,0.0
-171.450809,13,1469.941765,1.0
-564.757563,50,1476.848053,0.0
-63.748327,19,1477.228973,1.0
-203.096292,12,1477.463022,1.0
-264.084334,50,1478.528075,0.0
-342.044293,24,1479.031618,1.0
-102.5391,33,1479.706104,1.0
-245.183582,50,1480.910211,0.0
-436.299327,50,1482.075639,0.0
-77.285943,29,1482.755945,1.0
-593.186018,50,1483.830943,0.0
-279.716567,23,1484.287207,1.0
-564.506081,50,1485.350527,0.0
-640.999319,50,1486.392851,0.0
-11.062486,2,1486.435412,1.0
-708.533692,50,1493.193708,0.0
-146.855808,10,1493.394745,1.0
-603.082317,50,1494.48128,0.0
-326.573299,50,1495.61857,0.0
-589.433119,50,1496.743814,0.0
-350.429837,50,1497.705988,0.0
-544.225797,50,1498.748089,0.0
-315.87504,50,1499.825942,0.0
-120.061446,15,1500.153718,1.0
-400.019575,50,1501.153093,0.0
-1136.629136,50,1502.330335,0.0
-746.130725,50,1504.456949,0.0
-653.45714,50,1511.341836,0.0
-514.771752,50,1512.463926,0.0
-538.784785,50,1513.619266,0.0
-888.042378,50,1514.650163,0.0
-434.608975,50,1515.706653,0.0
-315.558859,50,1516.821392,0.0
-492.448306,50,1517.914644,0.0
-425.002452,50,1518.978813,0.0
-426.661644,30,1519.666251,1.0
-246.09622,50,1520.797595,0.0
-450.41975,50,1521.905242,0.0
-155.377195,10,1522.114364,1.0
-273.689923,35,1528.579397,1.0
-250.930928,28,1529.168596,1.0
-437.780682,50,1530.276968,0.0
-479.238137,37,1530.994756,1.0
-527.846483,50,1532.065769,0.0
-322.703921,50,1533.10227,0.0
-299.444752,12,1533.37234,1.0
-222.600143,50,1534.473201,0.0
-490.792756,50,1535.677805,0.0
-548.96047,50,1536.752304,0.0
-423.246954,50,1537.93588,0.0
-729.751001,50,1539.079101,0.0
-373.146979,50,1545.937795,0.0
-428.215073,50,1547.064358,0.0
-65.254721,9,1547.267665,1.0
-264.355911,22,1547.74758,1.0
-532.922358,50,1549.797128,0.0
-296.573625,50,1550.931684,0.0
-487.808153,50,1552.088304,0.0
-459.415621,38,1552.905779,1.0
-437.259048,20,1553.302238,1.0
-293.383569,50,1554.396776,0.0
-504.964198,50,1555.566273,0.0
-301.810147,50,1556.714796,0.0
-147.706575,21,1557.219331,1.0
-653.435538,50,1563.24563,0.0
-444.439224,50,1564.672215,0.0
-514.970849,41,1565.675971,1.0
-345.022394,50,1566.678734,0.0
-564.100532,50,1567.747231,0.0
-369.710566,50,1568.969107,0.0
-112.804349,12,1569.21369,1.0
-283.771978,30,1569.857283,1.0
-238.33073,14,1570.13366,1.0
-448.897867,38,1570.968053,1.0
-232.965571,50,1572.023695,0.0
-230.307147,16,1572.366002,1.0
-643.014008,50,1573.59729,0.0
-317.167426,50,1577.057332,0.0
-705.515879,50,1578.141262,0.0
-222.09712,19,1578.5627,1.0
-102.330903,9,1578.743643,1.0
-147.943757,50,1580.003505,0.0
-340.885362,50,1581.154234,0.0
-459.167646,50,1582.33554,0.0
-508.910443,50,1583.365032,0.0
-453.273495,50,1584.452014,0.0
-513.028764,50,1586.421782,0.0
-301.911089,50,1587.496605,0.0
-370.584494,50,1591.137905,0.0
-208.350687,50,1592.250034,0.0
-421.466914,50,1593.31983,0.0
-580.20052,50,1594.430841,0.0
-512.153362,50,1595.593181,0.0
-244.711313,23,1596.092124,1.0
-713.261341,50,1597.23459,0.0
-161.773681,50,1598.323367,0.0
-334.680502,50,1599.389224,0.0
-63.741082,8,1599.562257,1.0
-543.272841,50,1600.626648,0.0
-102.380951,20,1601.102816,1.0
-897.178036,50,1602.268118,0.0
-511.481652,50,1606.43172,0.0
-507.480216,50,1607.50425,0.0
-468.799149,50,1608.692784,0.0
-517.649727,50,1609.772255,0.0
-90.758872,21,1610.266941,1.0
-364.017811,21,1610.712939,1.0
-485.851974,24,1611.220378,1.0
-622.981783,50,1612.382833,0.0
-447.527827,50,1613.517525,0.0
-348.333088,50,1614.546427,0.0
-310.558448,50,1615.639532,0.0
-488.082386,50,1616.806277,0.0
-457.545961,50,1623.706266,0.0
-243.21229,29,1624.297376,1.0
-664.061743,50,1626.326277,0.0
-398.273157,50,1627.486756,0.0
-801.428997,50,1628.554962,0.0
-355.399207,50,1629.594004,0.0
-197.653367,50,1630.613231,0.0
-237.492838,50,1631.788045,0.0
-255.023114,50,1632.872309,0.0
-598.581435,50,1633.932436,0.0
-630.293617,50,1640.748207,0.0
-514.813609,50,1641.859922,0.0
-270.454533,50,1642.906854,0.0
-176.268358,15,1643.238707,1.0
-623.945617,50,1644.342955,0.0
-187.131641,39,1645.122832,1.0
-755.405358,50,1646.163799,0.0
-658.67017,50,1647.342486,0.0
-590.558689,50,1648.428759,0.0
-196.605236,44,1649.319885,1.0
-370.241084,50,1650.328568,0.0
-179.543848,20,1650.762028,1.0
-350.820134,50,1657.537545,0.0
-373.229708,50,1658.614688,0.0
-210.498085,50,1659.700863,0.0
-582.359285,50,1660.869299,0.0
-401.751032,50,1661.976132,0.0
-73.569596,13,1662.249761,1.0
-633.369362,50,1663.39607,0.0
-318.550409,50,1664.60744,0.0
-428.551258,50,1666.595011,0.0
-188.5127,10,1666.808612,1.0
-613.110058,50,1667.848779,0.0
-457.879052,15,1668.157074,1.0
-608.092467,50,1669.215591,0.0
-1446.652485,50,1676.013805,0.0
-259.445701,13,1676.297517,1.0
-244.307687,50,1677.350923,0.0
-112.528772,50,1678.415823,0.0
-568.445191,24,1678.948854,1.0
-267.419086,50,1680.088153,0.0
-402.868621,50,1681.310805,0.0
-282.981236,42,1682.202912,1.0
-288.870764,25,1682.721776,1.0
-430.836129,50,1683.801486,0.0
-309.134817,50,1684.828668,0.0
-230.197296,50,1685.894922,0.0
-197.401764,14,1686.171627,1.0
-273.654061,50,1693.05994,1.0
-199.960415,50,1694.166603,0.0
-939.584385,50,1695.300952,0.0
-342.94793,50,1696.322305,0.0
-290.455318,32,1696.975864,1.0
-329.079783,50,1698.023639,0.0
-234.325146,17,1698.427229,1.0
-929.392026,50,1699.657117,0.0
-839.073906,50,1700.741179,0.0
-750.728554,50,1701.877486,0.0
-295.004643,50,1702.972067,0.0
-198.982646,50,1709.864786,0.0
-154.491512,11,1710.122348,1.0
-321.519128,18,1711.406518,1.0
-308.760106,16,1711.767554,1.0
-818.151951,50,1712.801091,0.0
-337.657879,29,1713.40021,1.0
-203.457474,50,1714.563017,0.0
-280.775001,18,1715.002554,1.0
-631.657998,50,1716.059688,0.0
-304.394109,50,1717.110662,0.0
-289.252031,50,1718.233524,0.0
-665.736864,50,1719.390567,0.0
-565.016116,50,1720.519547,0.0
-854.273397,50,1727.310346,0.0
-75.147656,18,1727.706948,1.0
-392.630426,32,1728.411354,1.0
-572.125723,50,1729.501979,0.0
-264.230052,50,1730.556108,0.0
-580.43844,50,1731.735654,0.0
-715.810555,50,1732.855138,0.0
-536.534876,50,1734.008424,0.0
-634.48483,50,1735.177146,0.0
-398.670173,50,1736.270626,0.0
-247.236172,50,1737.409778,0.0
-597.82821,50,1744.278883,0.0
-374.313409,50,1745.499972,0.0
-685.537737,50,1746.601102,0.0
-259.457004,25,1747.118378,1.0
-207.619861,50,1748.256468,0.0
-362.957858,31,1748.92721,1.0
-623.299068,50,1750.046304,0.0
-333.917127,50,1751.89549,0.0
-217.736003,50,1753.032229,0.0
-459.049044,50,1754.13323,0.0
-309.265956,50,1755.197937,0.0
-261.850275,50,1756.288791,0.0
-364.569327,50,1763.141684,0.0
-348.207097,50,1764.243902,0.0
-272.227118,17,1764.645835,1.0
-527.714866,50,1765.744699,0.0
-267.72785,50,1766.896813,0.0
-677.730173,50,1767.959239,0.0
-641.622233,50,1769.008657,0.0
-207.812949,10,1769.188571,1.0
-762.622375,50,1770.209368,0.0
-291.15893,50,1771.267657,0.0
-247.0684,50,1772.370957,0.0
-415.908318,50,1779.191102,0.0
-209.095871,50,1780.335096,0.0
-824.262104,50,1781.403599,0.0
-350.801559,50,1782.447294,0.0
-546.737503,50,1783.352089,0.0
-401.168209,29,1783.956792,1.0
-315.236505,38,1784.819562,1.0
-109.313398,21,1785.276185,1.0
-247.902715,50,1786.321222,0.0
-793.310171,50,1787.538395,0.0
-238.142771,50,1788.70157,0.0
-1042.610299,50,1789.86716,0.0
-584.493994,50,1797.724024,0.0
-508.796059,50,1798.871396,0.0
-746.531694,50,1799.975349,0.0
-526.684642,50,1801.113627,0.0
-564.399319,50,1802.23872,0.0
-659.257333,50,1803.474473,0.0
-572.690908,50,1804.71217,0.0
-673.892488,50,1805.960465,0.0
-94.237908,28,1806.588831,1.0
-594.675027,50,1807.686297,0.0
-531.065663,50,1814.583189,0.0
-245.090866,50,1815.705155,0.0
-292.049217,50,1816.852423,0.0
-346.573367,50,1818.149113,0.0
-899.2488,50,1819.342871,0.0
-309.450038,25,1819.874037,1.0
-335.232602,50,1820.997378,0.0
-264.899698,27,1821.601948,1.0
-562.398431,50,1822.678762,0.0
-137.128258,35,1823.423164,1.0
-258.773343,14,1823.717956,1.0
-753.977463,50,1824.913767,0.0
-204.167836,16,1825.284039,1.0
-861.20566,50,1832.129221,0.0
-398.000684,50,1833.212547,0.0
-556.48554,50,1834.398957,0.0
-260.352554,50,1835.550874,0.0
-722.148413,50,1836.682237,0.0
-362.412838,50,1838.640403,0.0
-755.528979,50,1839.756144,0.0
-423.974423,22,1840.24403,1.0
-624.311785,50,1841.369387,0.0
-124.810964,8,1841.53962,1.0
-425.118327,39,1842.437597,1.0
-544.67953,50,1843.636815,0.0
-642.760815,32,1844.32339,1.0
-138.166887,22,1850.537104,1.0
-267.518665,50,1851.653004,0.0
-309.433309,50,1852.755769,0.0
-224.949762,27,1853.389758,1.0
-514.394388,50,1854.511723,0.0
-435.216406,50,1855.633576,0.0
-202.629223,15,1855.941274,1.0
-132.138762,27,1856.537661,1.0
-290.372308,29,1857.156417,1.0
-333.16084,50,1858.346377,0.0
-227.079648,50,1859.531056,0.0
-229.06115,23,1860.023426,1.0
-1399.524067,50,1861.142051,0.0
-568.885649,50,1868.071092,0.0
-143.695572,50,1869.151092,0.0
-506.507933,50,1870.278103,0.0
-271.988829,50,1871.495928,0.0
-218.049596,50,1872.597726,0.0
-186.015365,50,1873.735405,0.0
-431.720027,50,1874.897606,0.0
-509.006808,50,1876.046049,0.0
-455.343124,50,1877.137805,0.0
-388.778001,30,1878.710329,1.0
-295.021939,50,1879.834705,0.0
-239.018196,50,1886.742077,0.0
-312.617727,50,1887.756343,0.0
-536.762503,50,1888.930986,0.0
-465.353751,17,1889.300737,1.0
-440.393385,18,1889.701521,1.0
-702.511756,50,1890.964914,0.0
-286.979054,50,1892.215865,0.0
-243.835601,32,1892.936883,1.0
-1056.128702,50,1894.129057,0.0
-975.976271,50,1895.253264,0.0
-158.428313,15,1895.617916,1.0
-560.401234,50,1896.751774,0.0
-619.988648,50,1903.753206,0.0
-843.863513,50,1904.830853,0.0
-443.149951,50,1905.917559,0.0
-105.612761,10,1906.119566,1.0
-155.034919,50,1907.21092,0.0
-234.762299,50,1908.349893,0.0
-765.784846,50,1909.464936,0.0
-312.640028,50,1910.745402,0.0
-292.081377,50,1911.806161,0.0
-80.673027,16,1912.145749,1.0
-740.086516,50,1913.266467,0.0
-239.134773,50,1914.331916,0.0
-363.842646,50,1921.305227,0.0
-356.697306,50,1922.54295,0.0
-219.325284,50,1923.792484,0.0
-390.332712,50,1925.930303,0.0
-669.922039,50,1927.108792,0.0
-200.453924,12,1927.376154,1.0
-224.071306,36,1928.114594,1.0
-185.058275,27,1928.667695,1.0
-206.565405,13,1928.9634,1.0
-416.770985,23,1929.490986,1.0
-565.321956,50,1930.609058,0.0
-308.061298,13,1930.887592,1.0
-113.880191,41,1931.81211,1.0
-449.147038,50,1932.834165,0.0
-927.945656,50,1939.706591,0.0
-886.76716,50,1940.77335,0.0
-339.249933,38,1941.648963,1.0
-348.887057,50,1942.750487,0.0
-687.499678,50,1943.876723,0.0
-683.821965,50,1945.015851,0.0
-169.087278,50,1946.095622,0.0
-482.53853,50,1947.308702,0.0
-365.021811,50,1948.411555,0.0
-354.771211,50,1949.596353,0.0
-471.492627,50,1956.51623,0.0
-683.639022,50,1957.55836,0.0
-603.872428,50,1958.721935,0.0
-337.050455,31,1959.370274,1.0
-172.83,50,1960.484401,0.0
-450.430079,50,1961.609429,0.0
-321.221093,50,1962.680642,0.0
-131.7979,50,1963.800702,0.0
-417.162305,50,1965.794122,0.0
-521.206868,50,1967.043957,0.0
-264.698829,50,1968.115992,0.0
-285.195438,50,1974.898537,0.0
-572.783813,50,1976.042711,0.0
-414.532776,35,1976.839218,1.0
-225.780049,50,1978.011819,0.0
-180.547453,50,1979.118707,0.0
-399.835184,50,1980.237798,0.0
-314.66531,50,1981.324156,0.0
-371.315823,31,1981.990772,1.0
-726.496658,50,1983.116,0.0
-229.760214,50,1984.241557,0.0
-250.48544,50,1985.383098,0.0
-530.559856,50,1992.289265,0.0
-540.818202,50,1993.46182,0.0
-934.417094,50,1994.576914,0.0
-154.342243,50,1995.650078,0.0
-273.373169,50,1996.647522,0.0
-773.640672,50,1997.729888,0.0
-394.210809,50,1998.847504,0.0
-86.87747,11,1999.123367,1.0
-878.815201,50,2000.247545,0.0
-326.488427,50,2001.335841,0.0
-323.681069,50,2002.389504,0.0
-451.160619,50,2009.243178,0.0
-147.719654,14,2009.519565,1.0
-415.551915,50,2011.467539,0.0
-839.277486,50,2012.58981,0.0
-525.173481,50,2013.596431,0.0
-780.189992,50,2014.677379,0.0
-316.088089,50,2015.760981,0.0
-450.218104,50,2016.756373,0.0
-51.481769,5,2016.861989,1.0
-483.012678,50,2018.022343,0.0
-334.578727,50,2019.157825,0.0
-588.118935,50,2020.317191,0.0
-98.157383,9,2020.501613,1.0
-291.553428,50,2027.408158,0.0
-261.506685,21,2027.873849,1.0
-518.169365,50,2028.959449,0.0
-198.318963,50,2030.116503,0.0
-289.372281,23,2030.681893,1.0
-687.816301,50,2031.873936,0.0
-263.256017,18,2032.319424,1.0
-257.20934,50,2033.416676,0.0
-1002.577554,50,2034.561432,0.0
-525.294036,50,2035.750709,0.0
-459.01803,50,2036.818323,0.0
-117.365061,43,2037.745776,1.0
-262.741042,36,2044.327109,1.0
-599.571522,50,2045.415826,0.0
-155.927455,10,2045.605252,1.0
-758.004676,50,2046.72868,0.0
-794.243183,50,2047.885489,0.0
-561.810389,50,2048.972683,0.0
-282.469061,50,2050.020202,0.0
-329.796036,35,2051.558714,1.0
-523.345749,50,2052.728612,0.0
-268.012192,50,2053.851762,0.0
-388.14147,50,2054.956169,0.0
-203.537778,50,2061.805496,0.0
-242.561525,50,2062.994566,0.0
-192.713633,13,2063.282095,1.0
-269.743654,32,2064.012556,1.0
-139.33595,20,2064.470484,1.0
-191.18652,50,2065.550072,0.0
-171.551738,50,2066.623529,0.0
-243.872975,50,2067.713763,0.0
-355.244635,50,2068.770967,0.0
-328.5039,50,2069.785593,0.0
-302.518782,50,2070.88207,0.0
-264.166721,47,2071.813092,1.0
-742.803008,50,2078.733242,0.0
-408.280036,50,2079.845084,0.0
-410.652664,50,2080.938801,0.0
-368.04987,50,2082.028584,0.0
-872.369158,50,2083.140023,0.0
-455.272127,50,2084.341708,0.0
-385.527512,50,2085.473328,0.0
-549.5656,50,2086.653661,0.0
-574.169016,50,2087.699279,0.0
-824.786172,50,2088.88449,0.0
-96.519349,16,2089.238445,1.0
-322.892255,50,2096.218133,0.0
-83.133095,19,2096.648353,1.0
-63.025019,10,2097.747616,1.0
-556.921675,50,2098.875921,0.0
-441.4804,50,2099.984552,0.0
-203.232171,11,2100.198394,1.0
-450.369642,50,2101.293406,0.0
-314.230598,18,2101.689208,1.0
-226.369778,21,2102.13996,1.0
-431.531497,50,2103.29941,0.0
-247.640566,12,2103.566429,1.0
-520.483326,50,2104.665544,0.0
-795.349662,50,2105.755417,0.0
-396.832379,22,2106.256805,1.0
-113.802244,11,2106.5147,1.0
-490.852936,50,2107.630632,0.0
-650.347787,50,2114.56438,0.0
-255.968444,50,2115.648102,0.0
-290.110827,11,2115.870568,1.0
-432.300059,50,2116.963665,0.0
-359.431349,50,2118.132896,0.0
-232.153307,26,2118.713593,1.0
-345.128873,50,2119.823245,0.0
-475.497425,50,2120.946205,0.0
-176.547325,14,2121.279739,1.0
-338.44197,39,2122.212309,1.0
-219.150811,50,2123.313034,0.0
-291.523116,50,2124.398545,0.0
-212.499917,50,2131.365804,0.0
-500.894005,50,2132.516968,0.0
-199.246758,50,2133.635377,0.0
-709.449832,50,2134.717669,0.0
-257.251867,50,2135.779677,0.0
-634.478907,50,2136.915499,0.0
-92.51174,14,2138.044481,1.0
-210.961877,21,2138.464698,1.0
-402.209761,50,2139.608577,0.0
-480.745301,50,2140.780401,0.0
-268.015427,50,2141.800986,0.0
-92.17652,32,2142.50108,1.0
-356.883796,50,2149.359481,0.0
-397.471138,50,2150.45476,0.0
-68.712321,13,2150.711064,1.0
-429.001657,50,2151.786245,0.0
-538.413203,50,2152.865103,0.0
-300.767026,50,2153.985008,0.0
-184.122589,50,2155.074874,0.0
-383.958301,50,2156.182817,0.0
-344.650687,50,2157.29999,0.0
-737.144524,50,2158.292976,0.0
-906.801294,50,2159.371758,0.0
-402.212699,50,2166.151416,0.0
-726.536216,50,2167.187612,0.0
-431.878011,50,2168.28769,0.0
-374.728481,50,2169.345891,0.0
-386.845215,50,2170.44429,0.0
-604.958667,50,2171.496521,0.0
-545.310796,50,2172.654874,0.0
-243.767766,50,2173.724881,0.0
-242.109026,50,2174.744051,0.0
-374.418023,50,2175.88699,0.0
-403.13104,45,2177.594796,1.0
-1014.52502,50,2184.459621,0.0
-266.480421,50,2185.610743,0.0
-379.756067,50,2186.691851,0.0
-650.162887,50,2187.882342,0.0
-263.975687,18,2188.322119,1.0
-533.766909,50,2189.560879,0.0
-420.673267,50,2190.658217,0.0
-162.907277,50,2191.63859,0.0
-79.766836,7,2191.791964,1.0
-360.538766,50,2192.907719,0.0
-433.174894,50,2193.973659,0.0
-466.676258,50,2200.88896,0.0
-170.24569,22,2201.358729,1.0
-177.288014,20,2201.798796,1.0
-395.755035,50,2202.781949,0.0
-614.53108,50,2203.835713,0.0
-695.167776,50,2204.830742,0.0
-108.018392,19,2205.208754,1.0
-350.368796,37,2205.975379,1.0
-374.025772,50,2207.037274,0.0
-380.709082,46,2207.977893,1.0
-702.855312,50,2209.16129,0.0
-412.213161,50,2210.227904,0.0
-584.791416,50,2211.334671,0.0
-500.562912,50,2218.197294,0.0
-79.718339,8,2218.347193,1.0
-303.297358,50,2219.366146,0.0
-194.317583,50,2220.422971,0.0
-372.304927,50,2221.528818,0.0
-336.695303,50,2223.557411,0.0
-849.935126,50,2224.706498,0.0
-244.031761,50,2225.856495,0.0
-525.71426,50,2226.990816,0.0
-632.060123,50,2228.084038,0.0
-406.696752,50,2229.099452,0.0
-654.996616,50,2235.909633,0.0
-1026.67081,50,2236.966611,0.0
-109.022447,12,2237.236125,1.0
-211.535027,50,2238.363737,0.0
-1200.323971,50,2239.391283,0.0
-474.871453,50,2240.48336,0.0
-552.673743,50,2241.537708,0.0
-312.878316,50,2242.561373,0.0
-88.167688,13,2242.810465,1.0
-880.307246,50,2243.881316,0.0
-598.138815,50,2244.949265,0.0
-442.028165,50,2246.065964,0.0
-538.746873,50,2252.946168,0.0
-246.762432,50,2254.099107,0.0
-137.799804,17,2254.443415,1.0
-365.111105,50,2255.579833,0.0
-391.852927,26,2256.136599,1.0
-238.141173,50,2257.114903,0.0
-586.932835,50,2258.283099,0.0
-391.753648,50,2259.30505,0.0
-797.594496,50,2260.413114,0.0
-202.732713,50,2262.238029,0.0
-430.230347,50,2263.252545,0.0
-433.320618,45,2270.026189,1.0
-51.200125,16,2270.406942,1.0
-640.367009,50,2271.527436,0.0
-515.089553,50,2272.728539,0.0
-497.229163,50,2273.791785,0.0
-417.555507,50,2274.884706,0.0
-129.92734,50,2276.003592,0.0
-251.391134,50,2277.066669,0.0
-425.211481,50,2278.19488,0.0
-195.856555,50,2279.368722,0.0
-814.184412,30,2280.020725,1.0
-946.041108,50,2287.039858,0.0
-710.43828,50,2288.148152,0.0
-213.130889,50,2289.302741,0.0
-88.582173,11,2289.531917,1.0
-316.014869,50,2290.553025,0.0
-490.140578,50,2291.656806,0.0
-339.595649,50,2292.815581,0.0
-876.983763,50,2294.063694,0.0
-596.458198,50,2295.082217,0.0
-548.656429,50,2296.115669,0.0
-406.628154,50,2297.132147,0.0
-481.896667,50,2304.100505,0.0
-849.541716,50,2305.211228,0.0
-182.573019,35,2306.011716,1.0
-622.564268,50,2307.975508,0.0
-316.460241,50,2309.031311,0.0
-260.100093,50,2310.099301,0.0
-518.080735,50,2311.259397,0.0
-636.291825,50,2312.318492,0.0
-389.425146,50,2313.446639,0.0
-169.723004,50,2314.588784,0.0
-373.967041,50,2315.705169,0.0
-369.303394,50,2322.593294,0.0
-124.607182,18,2322.985855,1.0
-423.229867,50,2324.107835,0.0
-605.375087,50,2325.253235,0.0
-795.759122,50,2326.384192,0.0
-570.485487,50,2327.522219,0.0
-350.137197,50,2328.635696,0.0
-350.854779,50,2329.740282,0.0
-250.954431,50,2330.824008,0.0
-346.338843,50,2331.829812,0.0
-1064.122163,50,2332.959953,0.0
-251.735733,12,2333.211087,1.0
-1020.67036,50,2340.035614,0.0
-390.945265,50,2341.114095,0.0
-358.732939,50,2342.317586,0.0
-296.191916,50,2343.466753,0.0
-194.747206,50,2344.591397,0.0
-355.439407,50,2345.645977,0.0
-270.45186,50,2346.807802,0.0
-430.157249,50,2348.698794,0.0
-431.687584,50,2349.89004,0.0
-133.86974,34,2350.632671,1.0
-183.569947,13,2350.900161,1.0
-332.793494,50,2357.726958,0.0
-451.656607,50,2358.739665,0.0
-627.084788,50,2359.899223,0.0
-476.862456,50,2360.96298,0.0
-419.274928,50,2362.094765,0.0
-171.776056,29,2362.670996,1.0
-291.974278,50,2363.699141,0.0
-343.925167,50,2364.713793,0.0
-533.26518,50,2365.797165,0.0
-407.940205,50,2366.93728,0.0
-331.472348,50,2373.870178,0.0
-401.692034,33,2374.56713,1.0
-502.126796,50,2375.655933,0.0
-280.538228,50,2376.810626,0.0
-564.937342,50,2377.874027,0.0
-462.235472,50,2379.014577,0.0
-804.62425,50,2380.105504,0.0
-458.209973,50,2381.107853,0.0
-521.130675,50,2382.279587,0.0
-479.804334,50,2383.365211,0.0
-469.569756,50,2384.481121,0.0
-457.793376,50,2391.427748,0.0
-647.165094,50,2392.532624,0.0
-389.486385,50,2394.464278,0.0
-316.105073,21,2394.881418,1.0
-161.374359,50,2395.960766,0.0
-746.893293,50,2397.011435,0.0
-263.673052,50,2398.063416,0.0
-350.494626,50,2399.136585,0.0
-390.110347,50,2400.187585,0.0
-244.381986,16,2400.500431,1.0
-281.980542,50,2401.563031,0.0
-146.002521,12,2401.808723,1.0
-151.899495,31,2402.445018,1.0
-191.622784,50,2409.324818,0.0
-226.140744,50,2410.430936,0.0
-278.135731,50,2411.553136,0.0
-236.474291,50,2412.486277,0.0
-153.627993,50,2413.527313,0.0
-587.252534,50,2414.605755,0.0
-890.949457,50,2415.669179,0.0
-613.181284,50,2416.695528,0.0
-138.67044,20,2417.102669,1.0
-184.829725,50,2418.201859,0.0
-543.612693,50,2419.294177,0.0
-660.485504,50,2426.065563,0.0
-418.073113,50,2427.137182,0.0
-232.263176,50,2428.260666,0.0
-390.721371,50,2429.358787,0.0
-678.456896,50,2430.4577,0.0
-733.811694,50,2431.622122,0.0
-217.329308,50,2433.556772,0.0
-188.318096,50,2434.692756,0.0
-803.527434,50,2435.655453,0.0
-889.753586,50,2436.682966,0.0
-377.854797,50,2443.61027,0.0
-640.8209,50,2444.687873,0.0
-170.122226,14,2444.973313,1.0
-283.785525,50,2445.989185,0.0
-272.657802,23,2446.448954,1.0
-428.375057,50,2447.506414,0.0
-670.186899,50,2448.592806,0.0
-212.34751,31,2449.307472,1.0
-537.276472,50,2450.373059,0.0
-175.570811,21,2450.820643,1.0
-264.742365,50,2451.811759,0.0
-381.47394,50,2452.959129,0.0
-361.858468,50,2459.874323,0.0
-217.101683,50,2460.982372,0.0
-446.763284,50,2462.087113,0.0
-315.362971,43,2462.946176,1.0
-1061.311725,50,2464.039261,0.0
-167.333396,50,2465.074126,0.0
-400.948483,50,2466.116991,0.0
-482.882231,50,2467.265092,0.0
-261.365411,50,2468.355232,0.0
-385.185025,50,2469.438306,0.0
-854.827422,50,2470.519855,0.0
-669.975833,50,2478.353036,0.0
-115.758426,50,2479.383588,0.0
-580.141263,50,2480.440691,0.0
-314.947956,50,2481.554098,0.0
-413.762096,21,2482.02127,1.0
-350.59147,50,2483.219361,0.0
-714.494231,50,2484.328698,0.0
-454.974422,50,2485.345797,0.0
-202.005812,50,2486.411713,0.0
-513.897202,50,2487.507183,0.0
-402.478433,50,2494.42492,0.0
-463.977882,27,2495.025698,1.0
-268.822749,50,2496.120545,0.0
-291.159324,50,2497.178326,0.0
-203.827286,50,2498.267311,0.0
-165.071462,50,2499.337647,0.0
-884.405551,50,2500.314111,0.0
-338.545951,50,2501.29076,0.0
-665.362128,50,2502.275789,0.0
-684.633978,50,2503.371122,0.0
-82.699164,12,2503.655784,1.0
-546.778292,50,2504.777409,0.0
-242.880873,50,2511.720024,0.0
-205.932138,50,2512.809566,0.0
-322.618754,28,2513.535971,1.0
-832.715234,50,2514.808166,0.0
-611.758286,50,2515.947533,0.0
-183.140041,50,2517.806532,0.0
-291.512658,50,2518.98563,0.0
-98.887502,24,2519.475774,1.0
-458.342206,50,2520.628001,0.0
-696.038537,50,2521.810335,0.0
-339.932475,26,2522.400046,1.0
-174.757574,21,2522.903272,1.0
-733.908822,50,2529.783394,0.0
-297.986487,50,2530.896357,0.0
-886.426649,50,2532.044022,0.0
-193.834321,50,2533.154978,0.0
-277.850973,50,2534.300144,0.0
-193.563876,50,2535.368693,0.0
-370.896458,50,2536.454347,0.0
-260.015605,50,2537.529519,0.0
-81.775022,17,2537.873746,1.0
-467.537866,50,2538.968138,0.0
-516.181399,50,2540.057738,0.0
-449.133834,36,2546.632322,1.0
-370.862242,50,2547.681046,0.0
-777.308583,50,2548.6748,0.0
-833.919223,50,2549.667708,0.0
-514.068089,50,2550.84204,0.0
-633.946572,50,2551.846942,0.0
-1027.995327,50,2552.989141,0.0
-581.944622,50,2554.215267,0.0
-375.959619,50,2555.21757,0.0
-298.804186,50,2556.288164,0.0
-493.667328,50,2558.408807,0.0
-517.351118,50,2565.372035,0.0
-476.350531,24,2565.905896,1.0
-727.274393,50,2567.078104,0.0
-270.024361,50,2568.083308,0.0
-720.134875,50,2569.222085,0.0
-560.632147,50,2570.382268,0.0
-343.82792,50,2571.483378,0.0
-445.242246,50,2572.540514,0.0
-374.76933,24,2573.085562,1.0
-126.814047,50,2574.198577,0.0
-367.129407,50,2575.293595,0.0
-614.450982,50,2582.225729,0.0
-464.476923,50,2583.310024,0.0
-591.182131,50,2584.453077,0.0
-316.671065,50,2585.520708,0.0
-219.297121,16,2585.875118,1.0
-325.588788,50,2586.864369,0.0
-212.365942,18,2587.232531,1.0
-286.119665,46,2588.162583,1.0
-543.344093,50,2589.340183,0.0
-253.551753,50,2590.491979,0.0
-155.170567,38,2591.352576,1.0
-757.225846,50,2592.448562,0.0
-321.394319,50,2599.291205,0.0
-515.153002,50,2600.460685,0.0
-853.583586,50,2601.654222,0.0
-729.340748,50,2602.77123,0.0
-656.663248,50,2604.907809,0.0
-232.445878,17,2605.334736,1.0
-359.504751,50,2606.466385,0.0
-176.036189,40,2607.399412,1.0
-339.512715,36,2608.146904,1.0
-584.34511,50,2609.279069,0.0
-232.753885,50,2610.411292,0.0
-208.958019,50,2617.250618,0.0
-616.410958,50,2618.367748,0.0
-370.854422,50,2619.43647,0.0
-645.093985,50,2620.583209,0.0
-781.599459,50,2621.672457,0.0
-346.187397,50,2622.790262,0.0
-29.662343,8,2622.994637,1.0
-192.089505,40,2624.073844,1.0
-373.909105,50,2625.190573,0.0
-452.726167,50,2626.286995,0.0
-349.653928,50,2627.444534,0.0
-280.634378,21,2627.93312,1.0
-281.938248,50,2634.811066,0.0
-282.703025,50,2635.969384,0.0
-538.32376,50,2637.108912,0.0
-115.527418,13,2637.415115,1.0
-291.518805,50,2638.602251,0.0
-183.803632,39,2639.417151,1.0
-139.122819,33,2640.151139,1.0
-217.186778,50,2641.246725,0.0
-310.418443,50,2642.34047,0.0
-316.588197,50,2643.400634,0.0
-381.305072,50,2645.450994,0.0
-238.485994,50,2646.471127,0.0
-614.041789,50,2653.365929,0.0
-220.842825,50,2654.398112,0.0
-215.310271,50,2655.472845,0.0
-659.492373,50,2656.591259,0.0
-271.980398,25,2657.185915,1.0
-476.069794,50,2658.319194,0.0
-194.548662,50,2659.404157,0.0
-383.468277,23,2659.917686,1.0
-583.998033,50,2660.95555,0.0
-306.136087,50,2661.9869,0.0
-418.110706,50,2663.128641,0.0
-114.263193,40,2669.778952,1.0
-424.231997,50,2670.867034,0.0
-229.399896,50,2671.93345,0.0
-774.043754,50,2673.090582,0.0
-340.123065,50,2674.287967,0.0
-571.907668,50,2675.338259,0.0
-496.26707,38,2676.156638,1.0
-442.139568,50,2677.259839,0.0
-332.532043,50,2678.45112,0.0
-169.067703,50,2679.763424,0.0
-482.68419,50,2686.856301,0.0
-241.340913,50,2687.939409,0.0
-600.671376,50,2688.966529,0.0
-120.67761,36,2690.582603,1.0
-513.135574,50,2691.596126,0.0
-321.89355,47,2692.595905,1.0
-804.315694,50,2693.761177,0.0
-771.089747,50,2694.872348,0.0
-638.925808,50,2696.018623,0.0
-818.141662,50,2697.180677,0.0
-475.244827,50,2698.258426,0.0
-569.939826,50,2705.124995,0.0
-713.693575,50,2706.186555,0.0
-137.289398,50,2707.302758,0.0
-531.740921,50,2708.414613,0.0
-590.83912,50,2709.579358,0.0
-2.342136,1,2709.603912,1.0
-419.940401,50,2710.713181,0.0
-380.263798,50,2711.75647,0.0
-943.921973,50,2712.878284,0.0
-257.138324,50,2714.059273,0.0
-340.403736,22,2714.567792,1.0
-823.190023,50,2715.692084,0.0
-393.207417,50,2722.461008,0.0
-586.305874,50,2723.571857,0.0
-663.337979,50,2724.667483,0.0
-117.931695,50,2725.703398,0.0
-315.305661,50,2726.744214,0.0
-638.134551,50,2727.974169,0.0
-337.135555,50,2729.037417,0.0
-371.18548,50,2731.353653,0.0
-636.783804,50,2732.49084,0.0
-640.908418,50,2733.628326,0.0
-365.473788,22,2734.047518,1.0
-267.35478,43,2740.718774,1.0
-764.53922,50,2741.963706,0.0
-2983.816239,50,2743.068607,0.0
-175.154092,18,2743.467073,1.0
-220.045202,50,2744.56987,0.0
-1035.243414,50,2745.674045,0.0
-489.098828,50,2746.792349,0.0
-535.185716,50,2747.867027,0.0
-421.673513,50,2749.057673,0.0
-536.596554,50,2750.131087,0.0
-458.630045,50,2751.201036,0.0
-256.275441,50,2757.961529,0.0
-279.81624,50,2759.088675,0.0
-223.129337,50,2760.258185,0.0
-687.450172,50,2761.336635,0.0
-884.768068,50,2762.517605,0.0
-367.529742,50,2763.54903,0.0
-405.008958,50,2764.694029,0.0
-81.936414,16,2765.02936,1.0
-364.328242,50,2766.019562,0.0
-827.725649,50,2767.160337,0.0
-497.444458,15,2767.483357,1.0
-719.789242,50,2774.415148,0.0
-586.449885,50,2775.473949,0.0
-324.606748,16,2776.847915,1.0
-242.234486,18,2777.236862,1.0
-429.22883,50,2778.358726,0.0
-639.365546,50,2779.460514,0.0
-623.31202,50,2780.622989,0.0
-284.674685,24,2781.102496,1.0
-132.614437,50,2782.343215,0.0
-318.094482,50,2783.495876,0.0
-353.598524,50,2784.61075,0.0
-423.746961,50,2785.710369,0.0
-245.643389,50,2792.707059,0.0
-535.792408,23,2793.217462,1.0
-841.338287,50,2794.373185,0.0
-629.734887,50,2795.529432,0.0
-584.532914,50,2796.622617,0.0
-500.522902,50,2797.691516,0.0
-227.090865,36,2798.483334,1.0
-265.519859,50,2799.567563,0.0
-711.213774,50,2800.678627,0.0
-541.894271,50,2801.68467,0.0
-202.093048,50,2802.772585,0.0
-188.55706,50,2809.652254,0.0
-529.027177,50,2810.717319,0.0
-666.979087,50,2811.836103,0.0
-262.199662,50,2812.915761,0.0
-319.546637,50,2814.040744,0.0
-936.151161,50,2815.159627,0.0
-271.774618,50,2817.093769,0.0
-203.562172,50,2818.167422,0.0
-197.30174,18,2818.604949,1.0
-80.094963,34,2819.329835,1.0
-611.660473,50,2820.362607,0.0
-399.237386,19,2820.828421,1.0
-23.830144,7,2821.004158,1.0
-316.337758,50,2827.905408,0.0
-629.345217,50,2829.084604,0.0
-326.742865,50,2830.237643,0.0
-78.055361,11,2830.507905,1.0
-561.452283,50,2831.84078,0.0
-262.4904,14,2832.151273,1.0
-514.623557,26,2832.725063,1.0
-296.490839,19,2833.168738,1.0
-487.743466,50,2834.314458,0.0
-243.7261,50,2835.462518,0.0
-199.70865,50,2836.613163,0.0
-398.486903,19,2837.030468,1.0
-700.748854,50,2838.106741,0.0
-358.332668,50,2839.199627,0.0
-198.879235,31,2845.446544,1.0
-813.043478,50,2846.610834,0.0
-661.158398,50,2847.763092,0.0
-363.107271,50,2848.91886,0.0
-389.361484,50,2849.90271,0.0
-443.552522,50,2851.044897,0.0
-1046.493565,50,2852.273608,0.0
-347.839741,50,2853.390335,0.0
-600.602131,50,2854.526173,0.0
-127.834784,8,2854.722977,1.0
-304.504244,50,2855.807564,0.0
-670.154811,50,2863.156999,0.0
-194.172066,28,2863.779681,1.0
-329.212151,50,2864.934142,0.0
-361.913091,50,2866.124029,0.0
-765.684297,50,2867.257119,0.0
-280.332516,50,2868.393529,0.0
-144.28468,18,2868.768399,1.0
-412.077754,45,2869.867444,1.0
-459.280939,50,2871.010011,0.0
-476.218894,50,2872.166694,0.0
-223.99996,27,2872.784728,1.0
-464.037125,50,2873.883581,0.0
-145.765094,8,2874.045541,1.0
-345.581838,50,2880.996395,0.0
-611.266241,50,2882.101485,0.0
-534.263366,50,2883.174367,0.0
-279.675919,39,2884.047214,1.0
-249.439323,22,2884.524162,1.0
-1707.227501,50,2885.555322,0.0
-941.088836,50,2886.626152,0.0
-355.057692,50,2887.721607,0.0
-335.963261,50,2888.884051,0.0
-55.694428,15,2889.238401,1.0
-329.788866,50,2890.372759,0.0
-120.41644,24,2890.917593,1.0
-529.546029,50,2897.907756,0.0
-242.131383,50,2898.960727,0.0
-110.701362,13,2899.250628,1.0
-751.991799,50,2900.373647,0.0
-521.531824,50,2901.503189,0.0
-540.54897,50,2903.438564,0.0
-236.468087,50,2904.633118,0.0
-247.140225,50,2905.630991,0.0
-361.436295,50,2906.752649,0.0
-180.588759,18,2907.102182,1.0
-564.548264,50,2908.158026,0.0
-87.263969,16,2908.501586,1.0
-312.016424,50,2915.45338,0.0
-420.25014,24,2915.975899,1.0
-488.107709,50,2917.18614,0.0
-97.143764,12,2917.463619,1.0
-556.425306,50,2918.533343,0.0
-385.00997,13,2918.798354,1.0
-727.549301,50,2919.907004,0.0
-387.804597,37,2920.712373,1.0
-85.176592,25,2921.319396,1.0
-866.953447,50,2922.539796,0.0
-243.392983,13,2922.853588,1.0
-159.714976,43,2923.904701,1.0
-366.839293,50,2925.030721,0.0
-324.77562,19,2925.461068,1.0
-448.43761,50,2926.658916,0.0
-181.117942,50,2933.569377,0.0
-290.070397,23,2934.018128,1.0
-480.615833,50,2935.180278,0.0
-243.904157,37,2935.982101,1.0
-205.444245,50,2937.12451,0.0
-361.420483,50,2938.312643,0.0
-773.10439,50,2939.436684,0.0
-308.690975,50,2940.653511,0.0
-363.24055,50,2941.848601,0.0
-513.05711,50,2942.970716,0.0
-109.578503,15,2943.321875,1.0
-342.046992,50,2945.31892,0.0
-507.741885,50,2952.148634,0.0
-236.949485,50,2953.229435,0.0
-277.41816,22,2953.691546,1.0
-293.083798,50,2954.797835,0.0
-267.174718,50,2955.863402,0.0
-393.892415,50,2957.055004,0.0
-559.746763,50,2958.24986,0.0
-342.008246,21,2958.759643,1.0
-259.729479,50,2959.947133,0.0
-434.084228,19,2960.340667,1.0
-692.488998,50,2961.445252,0.0
-387.302249,50,2962.666626,0.0
-178.18072,29,2969.056995,1.0
-585.521825,26,2969.659407,1.0
-1033.225872,50,2970.820721,0.0
-565.774054,50,2972.019836,0.0
-202.982316,50,2973.098462,0.0
-705.696539,50,2974.278138,0.0
-504.370303,50,2975.424552,0.0
-441.568665,50,2976.651193,0.0
-214.099332,17,2977.055942,1.0
-632.561115,50,2978.151967,0.0
-683.442695,50,2979.298503,0.0
-208.154876,40,2980.133652,1.0
-338.544573,20,2986.345209,1.0
-528.093941,50,2987.536159,0.0
-775.608783,50,2988.748344,0.0
-61.150676,20,2989.225987,1.0
-244.066024,50,2991.124771,0.0
-157.652763,50,2992.189865,0.0
-433.097556,50,2993.338755,0.0
-598.235015,50,2994.461764,0.0
-326.959146,50,2995.53467,0.0
-665.203571,50,2996.651329,0.0
-428.200583,50,2997.829451,0.0
-400.432372,50,3004.664138,0.0
-318.607809,50,3005.840261,0.0
-597.395538,50,3006.903007,0.0
-461.965723,50,3008.053061,0.0
-289.543985,50,3009.079827,0.0
-413.956624,50,3010.163703,0.0
-510.582049,50,3011.312652,0.0
-631.924824,50,3012.47921,0.0
-121.323527,35,3013.270497,1.0
-604.230913,50,3014.421156,0.0
-539.223469,20,3014.905139,1.0
-225.284083,50,3021.916221,0.0
-342.142351,50,3023.06357,0.0
-253.633843,50,3024.171685,0.0
-580.557638,50,3025.300641,0.0
-360.665971,50,3026.392806,0.0
-491.683563,50,3027.487327,0.0
-416.753643,50,3028.626297,0.0
-314.462699,50,3029.717964,0.0
-567.577358,50,3031.714253,0.0
-456.683321,50,3032.773692,0.0
-60.693422,8,3032.957505,1.0
-449.923179,50,3039.870618,0.0
-269.585168,50,3040.968176,0.0
-386.735736,50,3042.144919,0.0
-271.410251,50,3043.253288,0.0
-607.144917,50,3044.293414,0.0
-655.939493,50,3045.403073,0.0
-318.497782,27,3045.999688,1.0
-162.663268,21,3046.426757,1.0
-407.403075,50,3047.495032,0.0
-492.155249,50,3048.693944,0.0
-207.602775,50,3049.866766,0.0
-348.937367,50,3056.728514,0.0
-97.742423,32,3057.396545,1.0
-196.853278,50,3058.464347,0.0
-148.126287,50,3059.54261,0.0
-292.462821,50,3060.593663,0.0
-741.148912,50,3061.643025,0.0
-465.906318,50,3062.818245,0.0
-256.076837,50,3063.926141,0.0
-148.775987,12,3064.171093,1.0
-390.218001,41,3065.057596,1.0
-233.229246,20,3065.486166,1.0
-486.22277,50,3066.631393,0.0
-762.474368,50,3067.698889,0.0
-292.840217,16,3073.800823,1.0
-40.056434,8,3073.981181,1.0
-502.898997,29,3074.564873,1.0
-859.075843,50,3075.675449,0.0
-333.005605,50,3077.881239,0.0
-231.770146,50,3079.051909,0.0
-196.098224,50,3080.275687,0.0
-609.861982,50,3081.41651,0.0
-517.292313,50,3082.657247,0.0
-465.17366,44,3083.682117,1.0
-598.253559,50,3084.715392,0.0
-404.921877,22,3085.231783,1.0
-251.432763,50,3092.091558,0.0
-473.639519,50,3093.221578,0.0
-325.288032,30,3093.847422,1.0
-346.397754,50,3094.934376,0.0
-510.081161,50,3096.083338,0.0
-43.625025,8,3096.265915,1.0
-840.00957,50,3097.452209,0.0
-462.885855,50,3098.608797,0.0
-255.947401,24,3099.139657,1.0
-322.818542,50,3100.188351,0.0
-449.547473,50,3101.309103,0.0
-549.36224,27,3101.875077,1.0
-626.977014,50,3103.093658,0.0
-186.357384,21,3103.572934,1.0
-542.084612,50,3110.327907,0.0
-437.048998,50,3111.428905,0.0
-539.086282,50,3112.455672,0.0
-651.169038,50,3113.479284,0.0
-405.027195,32,3114.173483,1.0
-56.068018,5,3114.275606,1.0
-385.363599,50,3115.28937,0.0
-202.457456,50,3116.351509,1.0
-280.66272,28,3117.895661,1.0
-114.715842,17,3118.278597,1.0
-401.194734,50,3119.424754,0.0
-538.284067,49,3120.437688,1.0
-476.494038,41,3127.050856,1.0
-483.423505,50,3128.222707,0.0
-378.476271,50,3129.416905,0.0
-638.926689,50,3130.623639,0.0
-183.222951,50,3131.840288,0.0
-99.226344,13,3132.149369,1.0
-319.153424,50,3133.281491,0.0
-452.472813,50,3134.335484,0.0
-259.989835,50,3135.450269,0.0
-531.262086,30,3136.103066,1.0
-301.246043,50,3137.198828,0.0
-337.247025,50,3138.401456,0.0
-430.55205,50,3145.240635,0.0
-179.611438,25,3145.717529,1.0
-425.989759,29,3146.329948,1.0
-606.092476,50,3147.446832,0.0
-388.258197,50,3148.520566,0.0
-478.393099,50,3149.666559,0.0
-419.969851,50,3150.845562,0.0
-455.410804,50,3151.878511,0.0
-708.290009,38,3152.643219,1.0
-341.443349,50,3153.791643,0.0
-444.027395,26,3154.324517,1.0
-332.28612,50,3155.452386,0.0
-574.49734,50,3162.323949,0.0
-258.69184,50,3164.235367,0.0
-643.448274,50,3165.358451,0.0
-259.178863,12,3165.621008,1.0
-365.875478,50,3166.683299,0.0
-483.728766,50,3167.813615,0.0
-741.348214,50,3169.01661,0.0
-1071.329101,50,3170.158973,0.0
-111.471115,22,3170.649094,1.0
-443.686896,50,3171.80219,0.0
-171.932942,16,3172.153774,1.0
-809.365455,50,3173.298614,0.0
-379.892752,50,3180.123765,0.0
-358.67756,23,3180.565433,1.0
-259.164698,50,3181.600418,0.0
-384.789691,50,3182.658257,0.0
-494.043693,37,3183.44395,1.0
-561.720166,50,3184.595033,0.0
-183.743954,50,3185.662164,0.0
-459.271044,50,3186.805675,0.0
-743.694151,50,3187.880922,0.0
-542.834292,50,3189.014363,0.0
-578.405594,50,3190.11656,0.0
-343.293237,50,3196.897267,0.0
-744.046007,50,3198.035522,0.0
-451.464412,50,3199.158941,0.0
-200.312002,11,3199.396132,1.0
-407.272885,48,3200.452129,1.0
-171.983798,15,3200.761679,1.0
-491.030869,50,3201.876675,0.0
-398.919426,50,3203.882772,0.0
-769.05522,50,3204.89401,0.0
-522.905995,50,3205.967581,0.0
-457.173568,50,3207.042997,0.0
-171.522716,17,3207.37071,1.0
-64.870926,5,3207.478133,1.0
-605.23129,50,3214.322299,0.0
-657.502819,30,3215.061816,1.0
-560.397404,50,3216.159341,0.0
-716.934703,50,3217.291713,0.0
-192.396769,13,3217.581774,1.0
-366.147253,50,3218.655658,0.0
-423.221031,50,3219.739469,0.0
-430.096125,50,3220.736594,0.0
-1088.910444,50,3221.807581,0.0
-105.513658,15,3222.145807,1.0
-382.574005,50,3223.168493,0.0
-568.619739,50,3224.280308,0.0
-315.610338,22,3224.753444,1.0
-386.595315,29,3231.032697,1.0
-148.729889,19,3231.424314,1.0
-874.853466,50,3232.577041,0.0
-735.4529,50,3233.683259,0.0
-448.855026,50,3234.859646,0.0
-915.112318,50,3236.021628,0.0
-456.547062,33,3236.798505,1.0
-93.277325,29,3237.451521,1.0
-266.625705,17,3237.846531,1.0
-601.654405,50,3238.89871,0.0
-347.407821,50,3240.025883,0.0
-196.900967,50,3241.17375,0.0
-389.060985,50,3243.137789,0.0
-129.583504,12,3249.053769,1.0
-288.014807,50,3250.198026,0.0
-166.174303,19,3250.591624,1.0
-463.535489,50,3251.73963,0.0
-218.548062,50,3252.93044,0.0
-203.43235,21,3253.422548,1.0
-836.479227,50,3254.620917,0.0
-328.793316,50,3255.71488,0.0
-365.129153,19,3256.117492,1.0
-569.586829,50,3257.309006,0.0
-113.223267,20,3257.749249,1.0
-743.902669,50,3258.875768,0.0
-673.248654,50,3259.98103,0.0
-298.800182,35,3266.507487,1.0
-343.70621,50,3267.489492,0.0
-159.8446,16,3267.836677,1.0
-403.059137,50,3268.978516,0.0
-773.953487,50,3270.170687,0.0
-304.103249,32,3270.870165,1.0
-675.203834,50,3271.984404,0.0
-235.454121,24,3272.48553,1.0
-242.674862,40,3273.323548,1.0
-146.732135,24,3273.846394,1.0
-949.019119,50,3274.975467,0.0
-213.338941,15,3275.335676,1.0
-320.643517,50,3276.413863,0.0
-493.927546,50,3283.137055,0.0
-345.448518,50,3284.170256,0.0
-250.455007,21,3284.591273,1.0
-172.50262,50,3285.701329,0.0
-200.586688,50,3286.826123,0.0
-351.276215,50,3288.829864,0.0
-707.049659,50,3289.878139,0.0
-679.739601,50,3291.061918,0.0
-230.863304,50,3292.119431,0.0
-172.228818,39,3292.980459,1.0
-303.30735,50,3294.122657,0.0
-684.950178,39,3294.96225,1.0
-170.701448,11,3295.211031,1.0
-411.579758,33,3298.356796,1.0
-402.839591,50,3299.514594,0.0
-531.474347,50,3300.611655,0.0
-234.66728,50,3301.788672,0.0
-261.690448,29,3302.436117,1.0
-177.086138,50,3303.386828,0.0
-390.503968,50,3304.38498,0.0
-374.629553,19,3304.765142,1.0
-701.285302,50,3305.918116,0.0
-419.233766,32,3306.602909,1.0
-563.575761,50,3307.690925,1.0
-406.070544,41,3308.601102,1.0
-370.782355,50,3312.115356,0.0
-211.619288,50,3313.264466,0.0
-658.249725,50,3314.396059,0.0
-1155.197103,50,3315.480327,0.0
-364.144691,50,3316.447862,0.0
-122.587933,7,3316.596439,1.0
-307.508264,35,3317.355521,1.0
-328.129725,17,3317.694148,1.0
-215.77308,50,3318.797938,0.0
-774.714605,50,3319.963094,0.0
-639.210993,50,3322.179186,0.0
-362.373012,50,3323.264965,0.0
-229.464414,23,3326.168821,1.0
-155.040673,50,3327.351694,0.0
-254.543111,50,3328.491929,0.0
-166.629049,10,3328.729157,1.0
-761.281878,50,3329.819593,0.0
-178.301164,28,3330.435668,1.0
-141.825903,11,3330.680717,1.0
-1126.508124,50,3331.795705,0.0
-1214.465316,50,3332.945376,0.0
-152.662934,50,3334.105785,0.0
-539.606311,50,3335.163347,0.0
-684.266857,50,3336.301099,0.0
-285.467696,50,3337.499647,0.0
-500.568528,50,3341.087506,0.0
-545.823705,50,3342.176714,0.0
-311.197035,50,3343.391641,0.0
-202.258216,50,3344.465997,0.0
-471.817454,50,3345.556209,0.0
-286.791738,50,3346.571898,0.0
-148.013947,11,3346.805251,1.0
-949.092758,50,3347.924647,0.0
-87.560965,13,3348.263631,1.0
-637.029116,50,3349.339126,0.0
-718.020552,50,3350.477122,0.0
-97.669948,7,3350.617596,1.0
-820.71743,50,3354.150743,0.0
-246.184097,20,3354.578907,1.0
-172.810017,45,3355.554796,1.0
-315.848426,50,3356.636153,0.0
-214.499302,31,3358.07852,1.0
-245.153861,50,3359.19586,0.0
-201.558635,50,3360.344055,0.0
-388.3914,50,3361.446073,0.0
-199.132758,31,3362.102755,1.0
-369.651258,28,3362.689349,1.0
-556.249643,50,3363.753939,0.0
-217.010381,50,3364.871832,0.0
-436.879695,50,3368.342859,0.0
-836.027575,50,3369.515616,0.0
-279.87694,50,3370.592207,0.0
-94.440145,10,3370.806762,1.0
-565.717456,50,3371.922277,0.0
-532.409316,41,3372.711003,1.0
-469.490638,50,3373.728563,0.0
-350.798051,50,3374.824086,0.0
-311.32572,50,3375.892938,0.0
-130.977245,14,3376.185156,1.0
-28.075772,7,3376.33831,1.0
-320.705515,50,3377.502379,0.0
-50.970531,7,3377.66796,1.0
-512.798431,50,3378.783517,0.0
-499.073388,50,3382.249622,0.0
-106.528309,15,3382.586272,1.0
-391.076924,28,3383.191005,1.0
-476.281753,21,3383.642416,1.0
-429.606069,50,3384.796967,0.0
-166.727842,23,3385.310242,1.0
-335.942891,50,3386.343302,0.0
-274.538663,15,3386.673089,1.0
-593.671531,28,3387.298377,1.0
-580.830263,50,3388.437507,0.0
-225.226979,50,3389.459548,0.0
-184.733373,21,3389.880653,1.0
-306.328384,50,3391.857096,0.0
-420.637656,50,3392.904809,0.0
-536.338231,50,3396.434821,0.0
-221.504539,18,3396.851268,1.0
-166.536588,20,3397.323574,1.0
-304.887485,14,3397.617402,1.0
-224.187663,50,3398.770783,0.0
-631.063451,50,3399.875281,0.0
-133.868617,47,3400.910622,1.0
-423.450183,50,3402.07589,0.0
-344.959579,50,3403.108473,0.0
-278.491171,50,3404.161045,0.0
-563.484552,50,3405.197291,0.0
-419.354565,50,3406.365856,0.0
-473.425221,50,3409.844769,0.0
-521.963224,50,3410.946863,0.0
-315.255147,50,3412.156945,0.0
-760.835701,50,3413.295696,0.0
-122.648665,50,3414.350117,0.0
-188.261331,50,3415.507645,0.0
-181.696416,50,3416.665049,0.0
-246.182933,28,3417.241954,1.0
-51.533247,5,3417.334386,1.0
-153.263672,20,3417.757542,1.0
-641.044769,50,3418.848544,0.0
-719.130982,50,3419.888171,0.0
-382.706834,27,3420.445202,1.0
-529.192786,50,3424.021243,0.0
-283.737263,50,3425.195945,0.0
-424.462915,50,3427.123661,0.0
-684.19335,50,3428.215379,0.0
-717.70497,50,3429.352329,0.0
-430.23992,50,3430.508961,0.0
-505.10795,50,3431.705962,0.0
-269.116538,26,3432.275773,1.0
-193.70564,18,3432.709101,1.0
-680.779759,50,3433.933413,0.0
-777.749787,50,3435.015915,0.0
-522.254574,50,3438.472743,0.0
-365.156732,24,3439.060698,1.0
-830.689017,50,3440.203075,0.0
-213.873712,50,3441.301273,0.0
-191.900976,50,3442.380156,0.0
-1023.389076,50,3443.542061,0.0
-376.352405,33,3444.303905,1.0
-417.240472,50,3445.384024,0.0
-452.226349,50,3446.54578,0.0
-428.207396,50,3447.72899,0.0
-546.610358,50,3448.832545,0.0
-138.527018,25,3449.386016,1.0
-570.945429,50,3452.955896,0.0
-353.889347,50,3454.068146,0.0
-509.551996,50,3455.154575,0.0
-264.39475,50,3456.229064,0.0
-351.25398,50,3457.329422,0.0
-219.905154,20,3457.791324,1.0
-236.782862,50,3458.868545,0.0
-417.977782,50,3460.842669,0.0
-134.734866,10,3461.077744,1.0
-340.869517,50,3462.119041,0.0
-791.127167,50,3463.233228,0.0
-605.095132,50,3464.41909,0.0
-42.864207,6,3464.541338,1.0
-517.589289,40,3467.744916,1.0
-786.979827,50,3468.849297,0.0
-168.308521,50,3470.05479,0.0
-281.650465,50,3471.166022,0.0
-724.720475,50,3472.418662,0.0
-623.483756,50,3473.595932,0.0
-420.538314,50,3474.681049,0.0
-559.003382,50,3475.903236,0.0
-179.135126,50,3477.030609,0.0
-157.273529,18,3477.39042,1.0
-83.61873,27,3478.009734,1.0
-289.332957,50,3481.48479,0.0
-229.11053,50,3482.621681,0.0
-242.089139,27,3483.262379,1.0
-286.465075,13,3483.539536,1.0
-396.932526,50,3484.67315,0.0
-393.636955,25,3485.19641,1.0
-359.702202,50,3486.48507,0.0
-568.906116,50,3487.703261,0.0
-179.523089,18,3488.105216,1.0
-371.739237,48,3489.131129,1.0
-202.553657,30,3489.839052,1.0
-694.106783,50,3491.099678,0.0
-286.180408,50,3492.224417,0.0
-153.788435,17,3492.60301,1.0
-408.304606,50,3496.179454,0.0
-585.972868,50,3497.868101,0.0
-404.811369,41,3498.77044,1.0
-516.696496,50,3499.886337,0.0
-541.485519,50,3501.05988,0.0
-59.331355,10,3501.295764,1.0
-288.28216,24,3501.825366,1.0
-458.960115,50,3502.972981,0.0
-820.83407,50,3504.048253,0.0
-492.363603,32,3504.780102,1.0
-404.761973,27,3505.404694,1.0
-127.034195,13,3505.690247,1.0
-235.942554,50,3506.754185,0.0
-482.421586,40,3509.960167,1.0
-552.25764,29,3510.574139,1.0
-384.036821,41,3511.502578,1.0
-210.067997,26,3512.07368,1.0
-370.777529,50,3513.184243,0.0
-164.160135,44,3514.128331,1.0
-212.79085,9,3514.324854,1.0
-592.843992,50,3515.456458,0.0
-552.180036,45,3516.496358,1.0
-456.385669,50,3517.608862,0.0
-487.374561,50,3518.672659,0.0
-509.516119,50,3519.791526,0.0
-435.636829,50,3520.930653,0.0
-644.850968,50,3524.499754,0.0
-635.739483,50,3525.704389,0.0
-178.390176,20,3526.122331,1.0
-554.438345,50,3527.305298,0.0
-483.923325,50,3528.381705,0.0
-911.670883,50,3529.454091,0.0
-469.622821,50,3531.248734,0.0
-211.265223,50,3532.367924,0.0
-418.285442,50,3533.435839,0.0
-532.336123,50,3534.574047,0.0
-245.457402,50,3538.066784,0.0
-213.629106,16,3538.452472,1.0
-331.329897,31,3539.146411,1.0
-122.071526,9,3539.327863,1.0
-734.100072,50,3540.498136,0.0
-480.391227,50,3541.615396,0.0
-228.654514,14,3541.911416,1.0
-390.892101,23,3542.395702,1.0
-255.178883,50,3543.493759,0.0
-541.0711,50,3544.555092,0.0
-621.525523,50,3545.612836,0.0
-83.885144,16,3545.978138,1.0
-175.114866,15,3546.293712,1.0
-152.733984,12,3546.564068,1.0
-194.885878,50,3547.614187,0.0
-396.795036,40,3548.445695,1.0
-227.60575,12,3548.691753,1.0
-468.794041,50,3555.585211,0.0
-607.214667,46,3556.498651,1.0
-447.215049,50,3557.594202,0.0
-230.944157,50,3558.713693,0.0
-124.678359,8,3558.89747,1.0
-165.92406,43,3559.79013,1.0
-240.108773,24,3560.331495,1.0
-1005.956318,50,3561.454862,0.0
-476.855776,34,3562.188829,1.0
-82.888938,14,3562.511998,1.0
-359.681529,32,3563.197149,1.0
-361.947,50,3564.327715,0.0
-125.186042,9,3564.517156,1.0
-77.353451,24,3565.03552,1.0
-168.269401,22,3565.503711,1.0
-369.308344,18,3566.987962,1.0
-719.793952,50,3573.804501,0.0
-146.992476,16,3574.16291,1.0
-97.944596,25,3574.719466,1.0
-227.219594,35,3575.495198,1.0
-410.486406,50,3576.535229,0.0
-587.989324,50,3577.662459,0.0
-354.890911,24,3578.187018,1.0
-456.616511,50,3579.310934,0.0
-673.101121,50,3580.495065,0.0
-140.499459,50,3581.540898,0.0
-529.042997,50,3582.630942,0.0
-286.284571,13,3582.906093,1.0
-670.421727,50,3584.01291,0.0
-754.484618,50,3590.920913,0.0
-261.171395,50,3592.042881,0.0
-488.031402,50,3593.181969,0.0
-130.144993,50,3594.245293,0.0
-479.75212,50,3595.437797,0.0
-289.150237,50,3596.514643,0.0
-752.027204,50,3597.699121,0.0
-339.144655,50,3598.855335,0.0
-482.833317,50,3599.990485,0.0
-415.840476,36,3600.747253,1.0
-865.696099,50,3607.713915,0.0
-1129.541555,50,3608.825795,0.0
-131.32689,50,3609.961851,0.0
-457.372073,50,3611.141261,0.0
-555.185983,50,3613.141181,0.0
-168.616532,18,3613.517042,1.0
-366.863014,50,3614.633895,0.0
-282.419332,15,3614.921654,1.0
-1197.973853,50,3615.929015,0.0
-415.735865,39,3616.74506,1.0
-608.268239,50,3617.933399,0.0
-473.831746,50,3619.143637,0.0
-1046.7455,50,3626.042853,0.0
-398.112562,50,3627.193505,0.0
-162.305857,50,3628.289386,0.0
-593.997225,50,3629.456935,0.0
-574.417522,50,3630.637266,0.0
-198.440815,50,3631.760463,0.0
-678.724449,50,3632.968145,0.0
-412.269882,50,3634.119725,0.0
-316.04506,50,3635.276632,0.0
-350.762382,50,3636.475316,0.0
-180.455183,27,3637.097227,1.0
-213.249096,50,3643.878183,0.0
-268.252452,50,3645.016038,0.0
-213.618622,50,3646.102681,0.0
-439.75729,50,3647.340014,0.0
-623.331491,50,3648.402292,0.0
-378.198907,50,3649.587826,0.0
-134.975028,18,3649.91781,1.0
-573.482767,50,3650.989912,0.0
-163.201361,50,3652.096644,0.0
-359.068361,50,3653.962426,0.0
-190.705093,23,3654.518507,1.0
-225.228018,50,3658.047897,0.0
-315.414515,26,3658.653177,1.0
-452.809386,39,3659.50875,1.0
-123.451848,9,3659.688758,1.0
-272.174467,50,3660.715309,0.0
-142.613219,26,3661.317671,1.0
-165.555936,12,3661.568348,1.0
-794.39743,50,3662.770066,0.0
-221.498011,16,3663.118222,1.0
-578.782574,50,3664.284896,0.0
-69.830675,13,3664.596019,1.0
-131.589611,50,3665.777328,0.0
-560.70503,50,3667.00526,0.0
-590.024529,50,3668.170378,0.0
-134.072441,50,3669.279608,0.0
-187.289294,50,3672.835265,0.0
-323.049177,50,3673.948372,0.0
-536.772449,50,3675.090766,0.0
-359.219439,50,3676.215309,0.0
-180.341169,27,3676.80474,1.0
-187.842292,29,3677.443625,1.0
-541.101418,50,3678.57539,0.0
-376.383957,30,3679.290831,1.0
-642.563003,50,3680.446985,0.0
-196.464577,50,3681.592293,0.0
-169.565128,31,3682.31224,1.0
-566.940006,50,3685.777157,0.0
-899.769465,50,3686.917807,0.0
-470.196368,50,3687.972249,0.0
-293.576002,50,3689.887872,0.0
-611.055894,50,3691.092886,0.0
-168.386596,19,3691.633343,1.0
-177.055786,31,3692.351608,1.0
-181.377514,15,3692.709442,1.0
-466.804731,50,3693.997612,0.0
-426.301625,50,3695.182777,0.0
-299.585729,25,3695.832051,1.0
-742.442226,50,3697.120644,0.0
-389.680542,50,3698.295693,0.0
-216.845371,50,3701.926508,0.0
-117.69582,14,3702.236982,1.0
-531.775469,50,3703.346395,0.0
-435.498602,24,3703.879395,1.0
-174.461451,10,3704.088134,1.0
-285.500041,19,3704.521172,1.0
-217.130867,50,3705.715306,0.0
-904.49692,50,3706.853942,0.0
-329.704507,50,3707.925017,0.0
-352.563259,50,3709.004837,0.0
-72.360423,9,3709.224486,1.0
-592.80907,50,3710.38132,0.0
-261.209506,50,3711.435007,0.0
-393.051167,50,3712.50525,0.0
-740.841555,50,3716.199016,0.0
-92.589959,50,3717.336535,0.0
-890.492247,50,3718.504015,0.0
-964.026649,50,3719.671065,0.0
-691.994283,50,3720.812527,0.0
-148.657411,50,3721.980112,0.0
-344.605783,50,3723.215108,0.0
-475.809603,50,3725.200874,0.0
-227.122829,50,3726.2633,0.0
-368.088913,39,3727.10675,1.0
-200.843279,50,3730.682796,0.0
-448.440499,50,3731.845996,0.0
-404.128146,50,3732.963635,0.0
-445.908763,50,3734.181206,0.0
-410.165203,50,3735.360807,0.0
-40.488824,12,3735.670667,1.0
-290.792329,21,3736.158867,1.0
-187.179525,50,3737.355007,0.0
-701.116808,50,3738.600639,0.0
-316.091064,50,3739.797731,0.0
-207.250812,50,3741.042796,0.0
-186.493125,50,3742.112198,0.0
-323.069715,50,3745.65929,0.0
-524.049439,50,3746.92023,0.0
-88.756439,22,3747.409329,1.0
-280.039162,50,3748.516757,0.0
-694.363449,50,3749.771446,0.0
-326.457656,50,3750.81441,0.0
-293.825035,36,3751.571981,1.0
-409.829754,50,3752.60408,0.0
-390.621342,50,3753.762423,0.0
-662.864572,50,3754.912141,0.0
-495.332907,50,3756.028941,0.0
-650.064735,50,3759.545307,0.0
-621.619289,50,3761.622751,0.0
-250.248453,50,3762.730222,0.0
-603.112851,50,3763.973478,0.0
-75.384793,7,3764.130348,1.0
-247.79537,50,3765.398915,0.0
-88.177058,16,3765.744517,1.0
-432.289954,50,3766.883994,0.0
-403.660741,50,3768.023693,0.0
-536.316917,50,3769.197474,0.0
-298.763683,37,3770.087329,1.0
-772.737791,50,3771.221883,0.0
-512.890252,50,3774.716863,0.0
-193.764161,50,3775.76985,0.0
-309.185746,37,3776.646381,1.0
-334.319315,50,3777.773114,0.0
-668.319448,50,3778.91443,0.0
-325.651528,50,3780.02026,0.0
-384.145034,50,3781.238241,0.0
-436.049198,30,3781.936868,1.0
-625.713217,50,3783.111806,0.0
-182.836677,28,3783.698169,1.0
-639.833068,50,3784.765985,0.0
-500.089243,50,3788.34322,0.0
-246.20209,50,3789.473362,0.0
-598.516125,50,3790.598263,0.0
-206.958783,50,3791.74429,0.0
-498.516822,40,3792.637282,1.0
-443.482699,50,3793.835022,0.0
-556.075783,50,3794.957138,0.0
-633.987145,50,3796.645005,0.0
-223.056233,50,3797.831144,0.0
-1011.553736,50,3798.985484,0.0
-367.371442,46,3800.023532,1.0
-707.044336,50,3804.363656,0.0
-452.869997,19,3804.772974,1.0
-122.282411,25,3805.33711,1.0
-554.380173,50,3806.523565,0.0
-569.661899,50,3807.659956,0.0
-255.434318,50,3808.813583,0.0
-497.608708,50,3809.930552,0.0
-449.297893,50,3811.271845,0.0
-147.748538,50,3812.449078,0.0
-291.17474,14,3812.729204,1.0
-281.10783,50,3813.827482,0.0
-919.84085,50,3815.004128,0.0
-638.545193,50,3821.965764,0.0
-205.087686,13,3822.282899,1.0
-756.377542,50,3823.437515,0.0
-571.142019,50,3824.53917,0.0
-155.521968,9,3824.735125,1.0
-588.182469,50,3825.8391,0.0
-450.16896,50,3827.096035,0.0
-488.69336,50,3828.370327,0.0
-356.432544,50,3829.399312,0.0
-427.725643,50,3830.646218,0.0
-40.030218,4,3830.751301,1.0
-443.388793,50,3831.913281,0.0
-222.284533,50,3838.82669,0.0
-354.46441,50,3840.724781,0.0
-491.380931,50,3841.880265,0.0
-219.047432,50,3843.10135,0.0
-293.553842,46,3844.059275,1.0
-543.881118,50,3845.230281,0.0
-470.224536,50,3846.401862,0.0
-155.748633,50,3847.682854,0.0
-60.755707,8,3847.875422,1.0
-237.479001,50,3849.042896,0.0
-663.015179,50,3850.192483,0.0
-620.837662,50,3851.409858,0.0
-717.055438,50,3858.326482,0.0
-271.843672,50,3859.568096,0.0
-375.006654,29,3860.218371,1.0
-512.945158,50,3861.314727,0.0
-377.611456,50,3862.408709,0.0
-200.939775,17,3862.787668,1.0
-132.983261,16,3863.154914,1.0
-433.229229,50,3864.265519,0.0
-587.278127,50,3865.358188,0.0
-295.323074,21,3865.831633,1.0
-223.423986,12,3866.101238,1.0
-754.965748,50,3867.405441,0.0
-335.046152,50,3868.623251,0.0
-479.808843,38,3875.121892,1.0
-459.971356,24,3875.664258,1.0
-136.723109,22,3876.162013,1.0
-206.645448,50,3877.454461,0.0
-325.037408,50,3878.677185,0.0
-177.004037,23,3879.164643,1.0
-710.916389,50,3880.239822,0.0
-322.611573,50,3882.286486,0.0
-55.609912,12,3882.627559,1.0
-158.49409,50,3883.838892,0.0
-506.881036,50,3885.042017,0.0
-556.104726,50,3886.207271,0.0
-432.221935,38,3887.141859,1.0
-319.236098,50,3894.0623,0.0
-140.140816,11,3894.29521,1.0
-287.954891,50,3895.453386,0.0
-439.91795,50,3896.578519,0.0
-234.947623,18,3896.967773,1.0
-319.391,33,3897.685221,1.0
-888.424072,50,3898.922262,0.0
-380.128071,50,3900.02515,0.0
-168.233033,15,3900.355847,1.0
-153.251037,20,3900.814238,1.0
-242.67129,50,3902.002779,0.0
-424.442256,30,3902.681362,1.0
-282.386658,17,3903.043771,1.0
-534.579886,50,3904.44792,0.0
-485.429614,50,3911.472041,0.0
-420.355274,31,3912.1612,1.0
-132.991106,27,3912.783975,1.0
-428.403767,50,3913.812255,0.0
-403.859631,50,3914.971468,0.0
-320.537337,50,3916.114582,0.0
-509.723204,50,3917.251548,0.0
-569.80718,50,3918.446443,0.0
-409.918977,50,3919.618601,0.0
-316.977307,50,3920.744292,0.0
-392.402818,50,3921.865658,0.0
-517.203831,50,3929.659556,0.0
-508.304319,31,3930.334872,1.0
-264.395343,50,3931.5137,0.0
-216.478417,50,3932.624565,0.0
-638.075594,50,3933.692664,0.0
-402.810596,50,3934.994269,0.0
-211.280372,50,3936.132833,0.0
-857.11267,50,3937.244467,0.0
-581.352119,50,3938.645063,0.0
-332.668477,50,3939.750284,0.0
-332.407571,50,3940.93306,0.0
-501.276128,50,3947.847438,0.0
-298.507139,50,3948.963825,0.0
-166.449936,50,3950.127682,0.0
-422.688982,50,3951.376475,0.0
-590.086406,50,3952.497558,0.0
-333.354761,50,3953.709653,0.0
-181.539099,50,3954.91625,0.0
-597.405814,50,3956.037897,0.0
-181.01312,50,3957.279623,0.0
-628.215895,50,3958.489285,0.0
-343.53547,50,3965.492338,0.0
-770.148702,50,3966.612674,0.0
-478.728397,50,3967.685572,0.0
-556.767797,50,3968.748103,0.0
-533.085679,50,3970.794312,0.0
-263.788632,20,3971.246886,1.0
-697.308135,50,3972.499433,0.0
-340.575056,50,3973.779305,0.0
-145.09415,50,3975.02244,0.0
-448.98443,50,3976.239837,0.0
-574.906473,50,3977.403098,1.0
-383.479804,38,3983.972089,1.0
-705.076201,50,3985.076462,0.0
-108.796194,50,3986.343801,0.0
-534.239353,50,3987.476024,0.0
-358.936199,50,3988.675506,0.0
-283.433496,50,3989.770311,0.0
-484.278752,50,3990.886382,0.0
-158.373675,22,3991.414923,1.0
-552.45243,50,3992.487717,0.0
-116.566753,11,3992.733544,1.0
-418.062466,36,3993.504356,1.0
-258.680787,50,3994.573111,0.0
-451.18381,37,3995.431632,1.0
-367.077624,20,4001.652544,1.0
-672.91392,50,4002.841035,0.0
-155.553794,10,4003.068734,1.0
-647.157009,50,4004.18375,0.0
-720.152039,50,4005.336761,0.0
-59.22327,23,4005.837997,1.0
-725.563266,50,4006.944606,0.0
-364.270086,50,4008.090042,0.0
-300.028654,50,4009.156606,0.0
-478.095482,50,4010.282322,0.0
-293.337868,50,4012.208122,0.0
-559.547545,25,4012.766073,1.0
-653.337416,50,4019.753877,0.0
-314.101049,50,4020.958554,0.0
-645.654237,50,4022.098311,0.0
-194.480806,50,4023.210444,0.0
-441.541608,50,4024.350586,0.0
-369.904359,50,4025.523178,0.0
-584.985036,50,4026.705331,0.0
-283.876239,50,4027.735965,0.0
-341.308347,18,4028.131157,1.0
-370.502271,38,4029.021036,1.0
-385.325656,50,4030.212412,0.0
-299.223746,50,4037.133757,0.0
-707.641724,50,4038.324979,0.0
-194.924855,49,4039.415043,1.0
-132.109445,50,4040.553672,0.0
-551.801103,50,4041.845832,0.0
-321.185505,50,4043.061317,0.0
-828.055574,50,4044.163311,0.0
-688.350554,50,4045.233024,0.0
-281.974732,50,4046.430001,0.0
-535.0673,50,4047.596229,0.0
-199.072932,50,4048.753472,0.0
-448.256315,50,4055.591567,0.0
-391.759139,50,4056.711052,0.0
-125.844417,16,4057.080215,1.0
-246.646005,23,4058.506172,1.0
-194.423811,50,4059.611593,0.0
-191.741765,25,4060.175594,1.0
-242.793127,50,4061.297815,0.0
-322.044528,50,4062.465742,0.0
-1126.478999,50,4063.674955,0.0
-441.887654,50,4064.88894,0.0
-411.113147,15,4065.219044,1.0
-480.271155,50,4066.375947,0.0
-176.14276,12,4066.662692,1.0
-694.909186,50,4073.584735,0.0
-187.172576,50,4074.711267,0.0
-558.615731,50,4075.848112,0.0
-388.270055,39,4076.84128,1.0
-750.791899,50,4077.949321,0.0
-423.647814,50,4079.110489,0.0
-265.415704,50,4080.26831,0.0
-507.658825,29,4080.960064,1.0
-133.075834,50,4082.122933,0.0
-305.126339,21,4082.600965,1.0
-625.385602,50,4083.717548,0.0
-242.182344,50,4090.571019,0.0
-262.319416,50,4091.722776,0.0
-84.70052,18,4092.109019,1.0
-210.508008,16,4092.471695,1.0
-217.589044,50,4093.586951,0.0
-231.863945,50,4094.779786,0.0
-144.883674,20,4095.259293,1.0
-116.548026,17,4095.662564,1.0
-500.89801,50,4096.793555,0.0
-282.426228,23,4097.256649,1.0
-295.302326,17,4097.629984,1.0
-369.925347,50,4099.644861,1.0
-180.430319,50,4100.82245,0.0
-387.641483,42,4101.80022,1.0
-455.586262,50,4102.954324,0.0
-279.481765,50,4110.061633,0.0
-689.771435,50,4111.37183,0.0
-275.75205,50,4112.499709,0.0
-303.463281,50,4113.629853,0.0
-425.403609,48,4114.721075,1.0
-366.289552,50,4115.922762,0.0
-239.066848,14,4116.267803,1.0
-65.06916,12,4116.562692,1.0
-319.104326,44,4117.540952,1.0
-773.013289,50,4118.81695,0.0
-339.471284,50,4119.842771,0.0
-427.893558,41,4120.816965,1.0
-684.652072,50,4127.807871,0.0
-87.47626,40,4128.766247,1.0
-437.260788,50,4130.155494,0.0
-370.560307,38,4131.064999,1.0
-794.973548,50,4132.121483,0.0
-174.46455,15,4132.476977,1.0
-468.135332,50,4133.831433,0.0
-195.23604,50,4135.056452,0.0
-489.991228,50,4136.284475,0.0
-65.828778,24,4136.838712,1.0
-241.611596,50,4138.005021,0.0
-286.271025,50,4139.163883,0.0
-231.317939,50,4146.097341,0.0
-150.581921,16,4146.481078,1.0
-167.244634,27,4147.784713,1.0
-193.627095,50,4149.037262,0.0
-729.589492,50,4150.275987,0.0
-613.94826,50,4151.49794,0.0
-215.945862,34,4152.344121,1.0
-523.396412,50,4153.481326,0.0
-388.485356,28,4154.110505,1.0
-237.259144,50,4155.296781,0.0
-218.492115,50,4156.382445,0.0
-194.03412,50,4157.579963,0.0
