#{"t_start": 1650821789.0693526, "env_id": "PandaReach-v2"}
r,l,t,is_success
-653.809796,50,1.018144,0.0
-886.695951,50,1.872963,0.0
-858.330946,50,2.743975,0.0
-405.807786,50,3.628335,0.0
-1049.026424,50,4.482615,0.0
-835.371523,50,5.366332,0.0
-1042.762429,50,6.247159,0.0
-1085.462717,50,7.109926,0.0
-1035.622414,50,7.986093,0.0
-1101.296703,50,8.860859,0.0
-908.296882,50,15.421103,0.0
-764.713632,50,16.316152,0.0
-964.537252,50,17.175466,0.0
-740.196272,50,18.044858,0.0
-935.224328,50,18.919049,0.0
-447.638782,50,19.788927,0.0
-900.723743,50,20.642883,0.0
-940.92428,50,21.510126,0.0
-562.647287,50,22.391628,0.0
-649.594265,50,23.265064,0.0
-352.129905,50,29.827798,0.0
-836.693716,50,30.691037,0.0
-892.708353,50,31.566375,0.0
-722.735038,50,32.43746,0.0
-824.739373,50,33.318954,0.0
-1083.627299,50,35.143547,0.0
-1239.807966,50,36.017099,0.0
-798.814429,50,36.892181,0.0
-715.274659,50,37.783722,0.0
-1068.800286,50,38.661986,0.0
-787.141873,50,45.242177,0.0
-588.249396,50,46.154182,0.0
-675.530646,50,47.041985,0.0
-820.704998,50,47.93925,0.0
-920.72292,50,48.829548,0.0
-484.718511,50,49.702301,0.0
-487.087408,50,50.614904,0.0
-872.305056,50,51.503335,0.0
-781.977656,50,52.381767,0.0
-645.582482,50,53.306716,0.0
-907.918805,50,59.861225,0.0
-548.571362,50,60.730164,0.0
-818.128143,50,61.631232,0.0
-723.072456,50,62.502944,0.0
-438.975078,50,63.365748,0.0
-567.126547,50,64.248233,0.0
-495.46653,50,65.136034,0.0
-439.099125,50,66.015781,0.0
-900.970964,50,66.890356,0.0
-726.647528,50,67.795683,0.0
-399.629926,50,69.785753,0.0
-861.173079,50,73.365495,0.0
-486.875202,50,74.269641,0.0
-791.589979,50,75.17535,0.0
-553.392127,50,76.075402,0.0
-615.464881,50,76.962055,0.0
-664.217979,50,77.870086,0.0
-507.060149,50,78.815066,0.0
-755.348996,50,79.71669,0.0
-771.303953,50,80.611911,0.0
-521.499391,50,81.493591,0.0
-563.777275,50,84.713499,0.0
-547.755891,50,85.610403,0.0
-737.677769,50,86.491374,0.0
-517.404284,50,87.35965,0.0
-511.483357,50,88.252747,0.0
-745.550641,50,89.117713,0.0
-533.352838,50,90.022141,0.0
-867.11954,50,90.912199,0.0
-310.337525,50,91.814121,0.0
-415.22475,50,92.725864,0.0
-716.113947,50,96.18014,0.0
-544.086472,50,97.089392,0.0
-641.494393,50,98.019263,0.0
-872.396972,50,98.925079,0.0
-893.038023,50,100.809789,0.0
-449.107234,50,101.706942,0.0
-575.543531,50,102.617384,0.0
-573.151414,50,103.502979,0.0
-469.77845,50,104.394286,0.0
-452.006674,50,105.296187,0.0
-635.930878,50,111.888532,0.0
-354.057833,50,112.878381,0.0
-478.272448,50,113.790087,0.0
-874.297069,50,114.686465,0.0
-666.055933,50,115.587802,0.0
-299.023161,50,116.54141,0.0
-256.87509,37,117.246408,1.0
-384.284794,50,118.181172,0.0
-404.717816,50,119.10959,0.0
-429.794175,50,120.080332,0.0
-693.306779,50,121.043812,0.0
-718.517593,50,127.700039,0.0
-590.119094,50,128.609009,0.0
-347.907497,50,129.526491,0.0
-467.242113,50,130.448381,0.0
-974.671093,50,131.378593,0.0
-368.559353,50,132.260051,0.0
-673.296801,50,133.17121,0.0
-477.809995,50,134.068989,0.0
-391.887147,50,136.030724,0.0
-494.853664,50,136.964339,0.0
-713.336785,50,143.571857,0.0
-684.908949,50,144.521999,0.0
-354.456524,50,145.433067,0.0
-514.887817,50,146.377452,0.0
-321.589561,50,147.274193,0.0
-658.199156,50,148.211919,0.0
-327.486419,50,149.138992,0.0
-311.917937,50,150.054469,0.0
-407.245927,50,150.977803,0.0
-548.537855,50,151.871349,0.0
-839.169555,50,158.493622,0.0
-413.605993,50,159.419754,0.0
-302.92339,50,160.355914,0.0
-645.845299,50,161.270057,0.0
-543.775939,50,162.159388,0.0
-939.010903,50,163.06601,0.0
-336.781405,50,163.968689,0.0
-437.036483,50,164.884063,0.0
-666.58912,50,165.802136,0.0
-595.584885,50,166.712215,0.0
-506.337107,50,167.62524,0.0
-801.42641,50,174.224826,0.0
-430.363032,50,175.163086,0.0
-479.025104,50,177.433634,0.0
-386.659058,50,178.363432,0.0
-366.666674,50,179.271183,0.0
-270.042665,50,180.244327,0.0
-380.695541,50,181.126531,0.0
-315.779117,50,182.074942,0.0
-819.931039,50,182.990146,0.0
-809.420922,50,183.949261,0.0
-408.77106,50,190.632493,0.0
-394.281628,50,191.554676,0.0
-412.074825,50,192.5147,0.0
-449.319976,50,193.422667,0.0
-768.172985,50,194.324571,0.0
-858.761212,50,195.23575,0.0
-316.440902,50,196.155693,0.0
-744.397755,50,197.05978,0.0
-317.787757,42,197.906249,1.0
-326.851211,50,198.845116,0.0
-329.263155,45,205.381601,1.0
-385.521306,50,206.276545,0.0
-268.251613,50,207.259949,0.0
-513.469211,50,208.227414,0.0
-280.819179,50,209.17837,0.0
-388.614437,50,210.108018,0.0
-940.028219,50,211.029146,0.0
-452.904819,50,213.063669,0.0
-322.70627,50,214.062479,0.0
-285.765405,50,214.989631,0.0
-453.37142,50,215.976824,0.0
-339.009234,50,222.594625,0.0
-402.412567,50,223.504402,0.0
-460.119217,50,224.406839,0.0
-340.629007,50,225.324136,0.0
-915.524997,50,226.228396,0.0
-812.681228,50,227.154102,0.0
-354.999695,50,228.09017,0.0
-464.975843,50,229.012802,0.0
-493.923657,50,229.942003,0.0
-282.957735,50,230.907118,0.0
-302.643365,50,237.592921,0.0
-288.355645,50,238.578346,0.0
-364.942097,50,239.515336,0.0
-490.178712,50,240.448829,0.0
-469.23766,50,241.397207,0.0
-282.923563,50,242.35577,0.0
-405.349109,50,243.298441,0.0
-476.251051,50,244.240485,0.0
-919.086908,50,245.180284,0.0
-517.81742,50,246.082054,0.0
-550.794439,50,252.76013,0.0
-507.351569,50,254.705494,0.0
-389.385006,50,255.636609,0.0
-354.092509,50,256.540256,0.0
-424.580924,50,257.479762,0.0
-337.80584,50,258.422493,0.0
-746.131083,50,259.335081,0.0
-351.928739,50,260.285525,0.0
-274.217655,50,261.26428,0.0
-324.356,50,262.18447,0.0
-862.113526,50,268.829713,0.0
-242.249378,50,269.768073,0.0
-287.263098,50,270.692154,0.0
-370.000001,50,271.611579,0.0
-717.841996,50,272.534921,0.0
-235.027917,50,273.459782,0.0
-441.122539,50,274.439454,0.0
-336.333553,50,275.402984,0.0
-912.464599,50,276.299222,0.0
-249.620497,50,277.252417,0.0
-349.473218,50,278.204556,0.0
-390.724418,50,284.830638,0.0
-226.239766,50,285.875473,0.0
-398.802691,50,286.843432,0.0
-722.771788,50,287.809905,0.0
-238.563544,50,288.735889,0.0
-389.120082,50,290.580906,0.0
-915.248162,50,291.563371,0.0
-390.83548,50,292.53296,0.0
-681.737368,50,293.458567,0.0
-743.146942,50,294.427133,0.0
-803.584588,50,301.114905,0.0
-343.269327,50,302.087469,0.0
-255.483564,50,303.070345,0.0
-344.280669,50,304.024251,0.0
-285.925744,50,304.986656,0.0
-337.176079,50,305.93767,0.0
-344.271984,50,306.857358,0.0
-451.415764,50,307.818682,0.0
-256.233778,50,308.770438,0.0
-567.723054,50,309.713004,0.0
-275.347507,50,316.334889,0.0
-321.343855,50,317.284879,0.0
-894.583286,50,318.236192,0.0
-66.521409,10,318.422834,1.0
-144.114123,28,318.967607,1.0
-232.972111,50,319.930225,0.0
-133.014894,19,320.300642,1.0
-337.617165,50,321.266937,0.0
-245.039318,50,322.197715,0.0
-870.087524,50,323.150814,0.0
-898.339898,50,324.111196,0.0
-307.425549,50,325.095876,0.0
-280.135182,50,332.679173,0.0
-298.587271,50,333.688868,0.0
-244.436264,50,334.656942,0.0
-259.004886,50,335.677053,0.0
-229.614085,50,336.648714,0.0
-492.207073,50,337.627197,0.0
-708.622878,50,338.640045,0.0
-748.081206,50,339.674407,0.0
-306.82225,50,340.615877,0.0
-278.209558,50,341.580286,0.0
-518.860397,50,348.23328,0.0
-298.43707,50,349.226075,0.0
-580.867617,50,350.213692,0.0
-415.940492,50,351.144383,0.0
-326.385277,50,352.097837,0.0
-948.701157,50,353.045392,0.0
-850.618944,50,354.02494,0.0
-628.595349,50,355.008546,0.0
-915.989755,50,355.930649,0.0
-292.299793,50,356.984519,0.0
-425.325523,50,357.912443,0.0
-950.127591,50,364.548156,0.0
-262.536606,50,365.456943,0.0
-148.315311,22,365.849117,1.0
-666.390935,50,366.788105,0.0
-501.82617,50,368.712314,0.0
-241.776367,50,369.74041,0.0
-217.758315,50,370.730812,0.0
-678.213683,50,371.701212,0.0
-260.644516,50,372.671808,0.0
-255.462793,50,373.657104,0.0
-399.569559,50,380.336,0.0
-947.072867,50,381.310359,0.0
-248.231583,50,382.339882,0.0
-285.830627,40,383.135221,1.0
-189.109509,50,384.144742,0.0
-262.305878,50,385.10144,0.0
-547.346688,50,386.091867,0.0
-578.699055,50,387.127942,0.0
-286.720227,50,388.143768,0.0
-508.232307,50,389.101495,0.0
-161.203448,30,389.716499,1.0
-203.129236,50,396.46941,0.0
-288.708743,50,397.41832,0.0
-272.470004,50,398.371686,0.0
-758.053981,50,399.365861,0.0
-796.754008,50,400.317595,0.0
-225.19948,50,401.285597,0.0
-647.606854,50,402.297315,0.0
-312.717954,50,403.345815,0.0
-831.570938,50,404.292816,0.0
-209.302878,50,406.23785,0.0
-281.32494,50,407.194453,0.0
-393.379238,50,413.832462,0.0
-246.312112,50,414.850036,0.0
-859.662176,50,415.893821,0.0
-726.077714,50,416.954365,0.0
-246.115429,50,417.936288,0.0
-384.898266,50,418.968385,0.0
-284.10454,50,419.992712,0.0
-624.266628,50,421.053854,0.0
-212.423841,50,422.205247,0.0
-298.068388,50,423.283264,0.0
-232.422815,50,429.927451,0.0
-820.817619,50,430.874488,0.0
-707.747273,50,431.843387,0.0
-231.758731,50,432.854998,0.0
-773.837226,50,433.850613,0.0
-874.280887,50,434.858471,0.0
-557.795009,50,435.943303,0.0
-209.593313,50,436.897168,0.0
-908.745952,50,437.981856,0.0
-281.608874,50,439.055064,0.0
-359.097401,50,445.589604,0.0
-723.619061,50,446.502852,0.0
-306.265869,50,447.440726,0.0
-759.017235,50,449.339979,0.0
-344.438936,50,450.419381,0.0
-268.94253,50,451.468749,0.0
-566.203349,50,452.488225,0.0
-498.680457,50,453.489642,0.0
-306.100232,50,454.488746,0.0
-618.996592,50,455.477842,0.0
-501.677287,50,462.122304,0.0
-296.55344,50,463.14207,0.0
-924.907293,50,464.060451,0.0
-522.651126,50,465.014081,0.0
-223.616616,50,466.019214,0.0
-246.935067,50,466.95951,0.0
-886.765751,50,467.927006,0.0
-771.239484,50,468.878686,0.0
-276.077459,50,469.8916,0.0
-287.867339,50,470.902915,0.0
-227.922577,50,477.504555,0.0
-779.745889,50,478.431091,0.0
-203.477291,50,479.427169,0.0
-217.729002,50,480.389605,0.0
-435.469139,50,481.516907,0.0
-214.226605,50,482.554793,0.0
-207.495911,50,483.494902,0.0
-825.731828,50,484.422478,0.0
-862.623553,50,486.278352,0.0
-815.475049,50,487.299502,0.0
-303.123919,50,488.265108,0.0
-923.054246,50,494.915473,0.0
-703.062515,50,495.873262,0.0
-685.244772,50,496.885035,0.0
-599.729544,50,497.920736,0.0
-868.359906,50,498.926051,0.0
-260.147359,50,499.893099,0.0
-220.594653,50,500.957475,0.0
-313.253908,50,501.967854,0.0
-107.116429,18,502.335554,1.0
-190.928169,50,503.362954,0.0
-322.413816,50,504.326202,0.0
-314.872209,50,510.9434,0.0
-294.058581,50,511.945081,0.0
-131.072107,20,512.35539,1.0
-704.443111,50,513.524551,0.0
-103.118167,14,513.882208,1.0
-870.567887,50,514.87976,0.0
-805.315512,50,515.879467,0.0
-499.125206,50,516.832868,0.0
-439.940775,50,517.806071,0.0
-160.854081,30,518.420331,1.0
-358.821718,50,519.451744,0.0
-250.077807,50,520.494035,0.0
-914.484093,50,527.15496,0.0
-719.854049,50,529.265124,0.0
-674.106041,50,530.27354,0.0
-239.780699,50,531.237611,0.0
-269.318023,50,532.17281,0.0
-406.390251,50,533.131152,0.0
-282.011662,50,534.097337,0.0
-377.192676,50,535.131478,0.0
-405.581643,50,536.153167,0.0
-576.323667,50,537.147494,0.0
-53.282883,12,537.391603,1.0
-236.530718,50,544.174311,0.0
-127.692444,30,544.747385,1.0
-510.843895,50,545.753955,0.0
-87.964003,17,546.079396,1.0
-395.71369,50,547.004472,0.0
-252.155378,50,548.001108,0.0
-726.207623,50,548.976828,0.0
-556.093227,50,549.963332,0.0
-336.064104,50,550.905505,0.0
-182.987862,39,551.664062,1.0
-781.537148,50,552.760677,0.0
-390.387325,50,559.542582,0.0
-731.787656,50,560.529189,0.0
-96.121006,21,560.925536,1.0
-624.061973,50,561.865244,0.0
-944.184293,50,562.788179,0.0
-630.494852,50,563.790625,0.0
-867.311551,50,564.828454,0.0
-239.651306,50,567.003157,0.0
-244.707347,50,568.058322,0.0
-260.146966,50,569.108532,0.0
-241.779199,50,570.128346,0.0
-715.580189,50,576.74249,0.0
-163.052528,50,577.799766,0.0
-567.252537,50,578.779793,0.0
-282.179967,50,579.736117,0.0
-762.328418,50,580.726843,0.0
-722.7142,50,581.753565,0.0
-876.646135,50,582.738054,0.0
-128.658456,33,583.460962,1.0
-706.104156,50,584.427706,0.0
-774.62498,50,585.483467,0.0
-273.167582,50,592.165046,0.0
-201.467067,50,593.248974,0.0
-264.207346,50,594.228211,0.0
-235.6378,50,595.182175,0.0
-206.404627,50,596.169248,0.0
-577.771019,50,597.214195,0.0
-311.795022,50,598.31013,0.0
-248.96132,50,599.362039,0.0
-108.508978,28,599.925615,1.0
-866.653775,50,600.94286,0.0
-358.477528,50,601.954202,0.0
-280.556581,50,608.656409,0.0
-209.787129,50,610.646733,0.0
-250.637031,50,611.615318,0.0
-336.86179,50,612.564144,0.0
-853.127972,50,613.616207,0.0
-248.214968,50,614.648667,0.0
-228.719432,50,615.687552,0.0
-481.928545,50,616.758675,0.0
-215.046129,50,617.747701,0.0
-809.616434,50,618.710245,0.0
-197.45039,50,625.444993,0.0
-249.129009,50,626.458257,0.0
-728.147434,50,627.473329,0.0
-927.06584,50,628.454195,0.0
-440.72012,50,629.485069,0.0
-288.982609,50,630.403872,0.0
-228.052894,50,631.525324,0.0
-374.338522,50,632.512515,0.0
-191.578736,50,633.49241,0.0
-247.166429,50,634.470818,0.0
-317.498874,50,635.478518,0.0
-248.930944,50,642.333596,0.0
-323.702977,50,643.315366,0.0
-310.251272,50,644.378459,0.0
-244.326482,50,645.312225,0.0
-602.73246,50,646.350887,0.0
-355.983278,50,648.24352,0.0
-272.755782,50,649.3196,0.0
-236.634281,50,650.378465,0.0
-141.139635,36,651.118128,1.0
-468.086416,50,652.145133,0.0
-262.172956,50,658.858379,0.0
-782.139188,50,659.90073,0.0
-585.090151,50,660.936883,0.0
-248.445747,50,662.021936,0.0
-319.416608,50,663.079057,0.0
-593.504792,50,664.105892,0.0
-233.666673,50,665.126447,0.0
-195.64443,50,666.156842,0.0
-445.83077,50,667.21537,0.0
-215.884755,50,668.26851,0.0
-92.893806,13,668.530226,1.0
-264.592959,50,675.466414,0.0
-433.19302,50,676.454551,0.0
-95.592184,12,676.691919,1.0
-243.422217,50,677.747811,0.0
-163.019163,50,678.898513,0.0
-817.896513,50,680.026602,0.0
-160.665955,28,680.649715,1.0
-222.294832,50,681.681271,0.0
-304.61782,47,682.699438,1.0
-904.426026,50,683.809937,0.0
-36.201657,7,683.983439,1.0
-898.153716,50,685.021045,0.0
-314.72665,50,687.097253,0.0
-314.834341,50,694.013856,0.0
-485.457502,50,695.004429,0.0
-204.479779,50,696.000945,0.0
-568.993259,50,697.021654,0.0
-272.204732,50,698.052253,0.0
-359.393718,50,699.172534,0.0
-711.507085,50,700.190559,0.0
-269.522322,50,701.233643,0.0
-217.721807,50,702.34898,0.0
-213.577682,50,703.386439,0.0
-899.857455,50,710.092498,0.0
-675.555679,50,711.044434,0.0
-238.378668,50,712.042114,0.0
-324.036324,50,713.077732,0.0
-312.631205,50,714.13756,0.0
-226.652424,50,715.165278,0.0
-610.62995,50,716.109107,0.0
-144.134516,50,717.155937,0.0
-77.000758,10,717.391305,1.0
-340.927122,50,718.468877,0.0
-915.323727,50,719.446881,0.0
-295.185885,50,726.251954,0.0
-675.158063,50,727.20833,0.0
-235.894606,50,728.224227,0.0
-223.974875,50,729.299058,0.0
-513.152198,50,731.280187,0.0
-492.794954,50,732.378305,0.0
-204.00227,50,733.554814,0.0
-211.342944,50,734.550357,0.0
-270.511484,50,735.619052,0.0
-388.888809,50,736.574564,0.0
-217.539879,50,743.413866,0.0
-174.784222,50,744.618276,0.0
-446.269488,50,745.691249,0.0
-449.977507,50,746.727304,0.0
-642.513969,50,747.722172,0.0
-389.892297,50,748.771111,0.0
-402.181754,50,749.909363,0.0
-97.185776,20,750.362201,1.0
-188.855648,50,751.402935,0.0
-416.570809,50,752.42911,0.0
-209.313995,26,753.024044,1.0
-213.945476,50,759.815351,0.0
-229.307021,50,760.864963,0.0
-562.790867,50,761.83891,0.0
-145.559284,50,762.939845,0.0
-198.395262,50,763.963991,0.0
-668.712237,50,765.006247,0.0
-740.444738,50,766.022116,0.0
-224.256601,50,767.115484,0.0
-93.942691,16,767.493383,1.0
-824.535866,50,768.605972,0.0
-863.09325,50,770.690157,0.0
-605.743352,50,777.495536,0.0
-455.230473,50,778.560317,0.0
-181.812874,50,779.58279,0.0
-260.036805,50,780.592347,0.0
-383.563591,50,781.591898,0.0
-232.836807,50,782.597554,0.0
-131.871126,28,783.162432,1.0
-665.366065,50,784.305149,0.0
-267.933923,50,785.292628,0.0
-218.023898,50,786.40661,0.0
-432.075382,50,787.509625,0.0
-55.253451,10,787.741451,1.0
-259.466944,50,794.533014,0.0
-370.520661,50,795.589207,0.0
-212.202632,48,796.60334,1.0
-361.559795,50,797.68829,0.0
-274.896415,50,798.732574,0.0
-246.714781,50,799.780865,0.0
-226.872303,50,800.794574,0.0
-311.347989,50,801.77722,0.0
-220.657606,50,802.830697,0.0
-761.007272,50,803.955894,0.0
-244.027655,50,810.702416,0.0
-245.256386,50,811.807274,0.0
-925.083258,50,812.779802,0.0
-289.091054,50,814.749005,0.0
-217.570462,50,815.831447,0.0
-344.973395,50,816.901078,0.0
-676.834199,50,817.951866,0.0
-231.342434,50,819.000507,0.0
-194.918252,50,820.041878,0.0
-634.4802,50,821.172978,0.0
-508.201548,50,827.934305,0.0
-312.852195,50,829.010246,0.0
-246.715346,50,830.076417,0.0
-396.732751,50,831.102866,0.0
-462.978265,50,832.195508,0.0
-554.393458,50,833.242929,0.0
-197.694928,39,834.02927,1.0
-453.410561,50,835.13805,0.0
-174.312475,50,836.171502,0.0
-183.215564,50,837.236541,0.0
-205.002476,50,838.350586,0.0
-188.270583,50,845.070294,0.0
-165.512862,50,846.052889,0.0
-244.578834,50,847.060329,0.0
-219.289964,50,848.21594,0.0
-615.704721,50,849.268673,0.0
-689.551711,50,850.272344,0.0
-269.700535,50,851.415326,0.0
-622.975003,50,853.310215,0.0
-242.768875,50,854.382728,0.0
-280.830598,50,855.43063,0.0
-480.887528,50,862.232291,0.0
-147.652211,50,863.302617,0.0
-901.996316,50,864.301865,0.0
-437.910142,50,865.348963,0.0
-294.859108,50,866.391922,0.0
-620.292294,50,867.418525,0.0
-471.699355,50,868.504225,0.0
-242.469883,50,869.755378,0.0
-672.715852,50,870.789781,0.0
-216.041789,30,871.448583,1.0
-190.134801,50,872.493505,0.0
-528.677902,50,879.310958,0.0
-135.768984,34,880.123548,1.0
-231.137362,50,881.33711,0.0
-282.811067,50,882.352744,0.0
-208.206403,50,883.396353,0.0
-453.480535,50,884.438205,0.0
-410.195734,50,885.530368,0.0
-178.35123,50,886.658147,0.0
-280.99924,50,887.732521,0.0
-915.510182,50,888.747772,0.0
-182.043707,50,895.496747,0.0
-644.590577,50,896.527588,0.0
-68.60883,15,897.928563,1.0
-271.947536,50,899.001157,0.0
-76.173068,21,899.463579,1.0
-635.499927,50,900.548526,0.0
-133.035474,26,901.192103,1.0
-422.199349,50,902.302277,0.0
-250.484589,50,903.446068,0.0
-164.975157,50,904.529452,0.0
-455.2869,50,905.624257,0.0
-217.732904,50,906.722098,0.0
-101.604186,21,907.226835,1.0
-380.386013,50,913.977065,0.0
-148.720764,50,915.129112,0.0
-256.179837,50,916.219867,0.0
-195.335921,50,917.243051,0.0
-563.123389,50,918.358788,0.0
-153.593905,29,919.012143,1.0
-869.557234,50,920.036217,0.0
-813.929548,50,921.214201,0.0
-435.941415,50,922.274924,0.0
-889.140433,50,923.421108,0.0
-666.874006,50,930.261982,0.0
-402.143239,50,931.370328,0.0
-169.863995,50,932.545057,0.0
-237.89933,50,933.579033,0.0
-144.703869,50,934.659115,0.0
-637.60906,50,935.635189,0.0
-211.2282,38,936.391307,1.0
-132.026918,46,938.429109,1.0
-428.243027,50,939.341226,0.0
-299.936512,50,940.447193,0.0
-840.396578,50,941.47358,0.0
-240.610696,50,948.211554,0.0
-84.589977,12,948.495671,1.0
-843.811248,50,949.597671,0.0
-607.164178,50,950.600665,0.0
-123.629195,30,951.192699,1.0
-189.550031,45,952.1589,1.0
-239.451227,50,953.253728,0.0
-228.07076,50,954.514201,0.0
-718.683084,50,955.572848,0.0
-811.487145,50,956.560661,0.0
-290.003653,50,957.623701,0.0
-251.255985,50,964.456204,0.0
-151.849558,50,965.614303,0.0
-158.513395,50,966.641343,0.0
-333.425036,50,967.814795,0.0
-283.539644,50,968.934869,1.0
-97.49821,23,969.440294,1.0
-648.366877,50,970.613307,0.0
-291.821519,50,971.704256,0.0
-942.508258,50,972.738725,0.0
-428.178807,50,973.683712,0.0
-393.856768,50,974.682928,0.0
-470.315524,50,981.459786,0.0
-629.059902,50,983.488363,0.0
-195.562788,50,984.53234,0.0
-188.308612,50,985.553569,0.0
-337.241934,50,986.585148,0.0
-507.840935,50,987.689462,0.0
-661.034493,50,988.727679,0.0
-283.232174,50,989.72017,0.0
-206.023076,50,990.903636,0.0
-744.289341,50,991.957739,0.0
-350.336645,50,998.769375,0.0
-203.400464,50,999.844695,1.0
-384.968416,50,1001.005587,0.0
-195.897886,42,1001.901349,1.0
-217.553996,50,1002.912563,0.0
-193.461766,50,1003.997261,0.0
-308.760506,50,1005.032022,0.0
-573.662942,50,1006.150754,0.0
-368.535775,50,1007.160841,0.0
-545.416923,50,1008.402104,0.0
-263.793241,50,1009.443085,0.0
-200.662449,35,1015.990639,1.0
-146.256626,50,1017.151512,0.0
-663.627977,50,1018.191434,0.0
-167.9584,50,1019.271886,0.0
-391.003744,50,1020.400371,0.0
-141.306901,32,1021.89702,1.0
-216.733895,50,1022.939639,0.0
-265.646599,50,1024.109333,0.0
-482.37917,50,1025.099329,0.0
-256.439256,50,1026.151464,0.0
-441.980788,50,1027.240819,0.0
-233.482079,50,1034.051538,0.0
-186.52496,50,1035.202954,0.0
-144.069135,27,1035.815549,1.0
-196.120176,46,1036.793473,1.0
-720.844613,50,1037.823515,0.0
-265.260391,50,1039.017384,0.0
-200.507686,50,1040.266275,0.0
-56.209204,9,1040.477119,1.0
-66.578667,18,1040.863249,1.0
-393.828786,50,1041.926272,0.0
-170.086558,50,1043.080593,0.0
-657.561879,50,1044.175354,0.0
-824.096573,50,1050.95124,0.0
-186.241937,50,1052.005195,0.0
-835.81811,50,1053.179319,0.0
-245.101632,50,1054.292863,0.0
-373.599654,50,1055.450393,0.0
-343.605278,50,1056.647288,0.0
-413.926221,50,1057.631106,0.0
-211.606873,50,1058.718002,0.0
-443.271795,50,1059.833291,0.0
-391.770394,50,1061.857324,0.0
-852.15431,50,1068.663389,0.0
-293.09704,50,1069.640065,0.0
-465.020744,50,1070.71078,0.0
-360.189722,50,1071.879465,0.0
-228.283704,50,1073.128987,0.0
-211.046041,50,1074.38885,0.0
-259.69419,50,1075.690117,0.0
-95.931882,20,1076.139463,1.0
-592.499055,50,1077.268806,0.0
-178.862429,50,1078.464378,0.0
-161.163496,50,1079.521508,0.0
-245.163683,50,1086.315072,0.0
-216.728804,50,1087.367734,0.0
-830.082458,50,1088.445629,0.0
-552.375742,50,1089.48837,0.0
-498.493377,50,1090.53121,0.0
-330.939918,50,1091.741051,0.0
-245.239197,50,1093.026293,0.0
-260.335874,50,1094.174616,0.0
-359.106356,50,1095.295496,0.0
-318.034502,50,1096.399815,0.0
-95.086838,27,1097.002426,1.0
-390.361894,50,1103.828627,0.0
-186.318068,50,1104.995706,0.0
-897.780804,50,1106.117089,0.0
-896.423217,50,1108.4534,0.0
-510.581333,50,1109.793228,0.0
-608.235127,50,1110.854486,0.0
-241.859653,50,1111.985603,0.0
-55.70214,10,1112.224757,1.0
-243.567298,50,1113.292518,0.0
-385.134982,50,1114.403369,0.0
-431.069284,50,1115.457785,0.0
-359.274694,50,1122.318824,0.0
-289.545508,50,1123.449231,0.0
-306.703279,50,1124.499975,0.0
-658.895237,50,1125.554373,0.0
-455.305303,50,1126.607202,0.0
-572.710316,50,1127.674251,0.0
-79.090093,7,1127.823312,1.0
-174.056061,45,1128.747076,1.0
-197.41113,50,1130.029716,0.0
-266.159343,50,1131.129763,0.0
-277.050679,50,1132.229061,0.0
-526.201266,50,1139.126518,0.0
-150.189196,34,1139.858525,1.0
-373.725592,50,1140.937756,0.0
-138.000139,30,1141.684014,1.0
-228.558132,50,1142.81697,0.0
-222.909399,50,1143.983523,0.0
-310.681494,50,1145.158709,0.0
-402.194244,50,1146.285275,0.0
-247.594173,50,1147.349498,0.0
-102.738655,15,1147.72378,1.0
-866.321193,50,1149.941068,0.0
-753.197055,50,1150.961826,0.0
-888.461639,50,1157.690506,0.0
-209.513747,50,1158.829208,0.0
-42.635661,7,1158.968696,1.0
-226.299391,50,1160.210836,0.0
-418.23432,50,1161.400888,0.0
-179.429318,50,1162.62718,0.0
-143.792625,27,1163.188633,1.0
-553.841368,50,1164.399735,0.0
-766.61366,50,1165.476451,0.0
-200.77765,50,1166.459708,0.0
-233.34131,50,1167.558724,0.0
-523.946786,50,1174.537158,0.0
-57.077362,9,1174.741751,1.0
-142.02108,18,1175.103303,1.0
-166.733164,50,1176.288397,0.0
-881.092159,50,1177.383461,0.0
-161.361572,50,1178.438083,0.0
-157.9668,50,1179.560252,0.0
-195.8621,46,1180.509259,1.0
-285.390139,50,1181.543434,0.0
-233.207246,50,1182.604631,0.0
-62.677734,7,1182.743775,1.0
-234.967778,50,1183.927863,0.0
-789.629839,50,1185.007582,0.0
-366.246716,50,1191.856919,0.0
-921.328748,50,1192.907166,0.0
-372.268372,50,1194.90302,0.0
-787.772735,50,1195.975211,0.0
-665.456287,50,1197.178608,0.0
-508.613545,50,1198.225585,0.0
-364.379653,50,1199.321529,0.0
-405.123027,50,1200.454911,0.0
-655.900449,50,1201.64643,0.0
-188.717449,50,1202.678376,0.0
-172.968535,50,1209.463301,0.0
-72.88433,8,1209.629558,1.0
-335.827554,50,1210.882946,0.0
-196.977407,50,1212.038833,0.0
-202.876124,50,1213.235497,0.0
-255.317013,40,1214.157654,1.0
-206.649853,50,1215.483527,0.0
-617.236834,50,1216.505047,0.0
-232.233089,50,1217.604046,0.0
-550.646197,50,1218.625494,0.0
-100.191375,21,1219.075871,1.0
-514.122528,50,1220.207168,0.0
-333.966209,50,1226.932806,0.0
-194.831348,50,1228.166219,0.0
-601.628071,50,1229.337863,0.0
-824.398689,50,1230.423635,0.0
-141.2348,29,1231.087065,1.0
-162.192716,43,1232.00556,1.0
-224.83545,50,1233.18229,0.0
-272.065224,50,1234.338398,0.0
-270.898228,50,1236.83306,0.0
-67.086444,9,1237.037305,1.0
-126.899719,28,1237.574976,1.0
-184.178219,50,1238.680974,0.0
-206.878262,50,1245.510258,0.0
-763.339396,50,1246.624782,0.0
-779.083026,50,1247.761738,0.0
-745.50637,50,1248.994185,0.0
-319.258682,50,1250.145176,0.0
-654.782214,50,1251.272293,0.0
-731.205547,50,1252.399782,0.0
-871.29653,50,1253.537821,0.0
-633.00477,50,1254.612338,0.0
-852.858561,50,1255.686601,0.0
-543.9575,50,1262.476665,0.0
-230.610839,50,1263.555595,0.0
-277.250245,50,1264.689762,0.0
-253.069164,50,1265.816433,0.0
-219.454121,50,1267.096334,0.0
-709.274862,50,1268.109147,0.0
-694.079317,50,1269.154692,0.0
-761.20067,50,1270.231339,0.0
-178.275591,50,1271.373076,0.0
-42.738028,9,1271.577591,1.0
-197.926871,50,1272.740576,0.0
-206.055447,50,1279.561955,0.0
-279.880539,50,1280.660954,0.0
-382.443951,50,1282.659894,0.0
-56.208168,7,1282.822755,1.0
-502.184544,50,1283.969718,0.0
-656.665966,50,1285.039203,0.0
-220.017591,50,1286.151669,0.0
-243.057763,50,1287.249177,0.0
-237.863836,50,1288.410353,0.0
-156.551722,50,1289.548724,0.0
-369.595407,50,1290.561536,0.0
-184.484536,50,1297.325647,0.0
-247.533053,50,1298.309108,0.0
-132.965722,27,1298.908521,1.0
-182.556806,50,1299.937923,0.0
-768.433868,50,1300.979168,0.0
-173.415801,50,1302.094113,0.0
-680.347476,50,1303.183551,0.0
-189.045712,50,1304.338575,0.0
-185.183984,50,1305.371069,0.0
-313.667255,50,1306.482418,0.0
-486.398921,50,1307.609143,0.0
-282.797085,50,1314.506191,0.0
-550.602382,50,1315.631921,0.0
-286.934533,50,1316.740164,0.0
-113.495777,15,1317.126829,1.0
-787.264577,50,1318.190096,0.0
-521.693449,50,1319.245442,0.0
-259.031161,50,1320.283896,0.0
-217.233285,36,1322.14153,1.0
-140.272053,50,1323.315043,0.0
-251.76141,50,1324.325615,0.0
-911.684428,50,1325.458026,0.0
-858.253848,50,1332.268163,0.0
-538.151227,50,1333.270758,0.0
-903.099805,50,1334.256544,0.0
-661.310614,50,1335.295221,0.0
-407.668148,50,1336.3528,0.0
-166.137238,50,1337.491266,0.0
-365.820704,50,1338.57261,0.0
-499.210239,50,1339.623902,0.0
-236.492989,50,1340.643396,0.0
-95.85016,24,1341.138936,1.0
-342.189651,50,1342.175204,0.0
-348.95392,50,1348.953801,0.0
-862.742985,50,1349.999395,0.0
-126.878094,31,1350.704503,1.0
-679.241407,50,1351.747353,0.0
-159.816319,33,1352.468375,1.0
-205.723798,50,1353.563699,0.0
-424.823602,50,1354.646552,0.0
-158.090707,50,1355.669317,0.0
-403.876951,50,1356.705322,0.0
-235.31773,50,1357.789496,0.0
-920.777092,50,1358.931109,0.0
-486.336462,50,1366.636328,0.0
-153.570023,50,1367.828563,0.0
-190.36209,50,1369.01785,0.0
-303.820041,50,1370.183504,0.0
-359.012578,50,1371.352614,0.0
-51.631098,14,1371.662233,1.0
-191.290955,50,1372.82071,0.0
-102.098872,36,1373.752101,1.0
-686.134051,50,1374.835891,0.0
-871.926021,50,1375.866459,0.0
-392.646712,50,1376.963028,0.0
-209.28835,50,1383.909568,0.0
-330.830197,50,1385.050152,0.0
-210.472898,50,1386.105899,0.0
-175.774306,50,1387.23575,0.0
-734.989922,50,1388.396209,0.0
-68.870514,11,1388.668657,1.0
-346.565334,50,1389.799832,0.0
-295.083512,50,1391.011938,0.0
-206.354131,50,1392.078601,0.0
-723.346948,50,1393.113259,0.0
-444.619265,50,1394.188359,0.0
-667.000812,50,1400.964666,0.0
-220.58514,50,1402.091673,0.0
-402.459716,50,1403.200635,0.0
-201.545867,49,1404.396446,1.0
-157.768805,50,1405.588304,0.0
-119.151811,33,1407.339863,1.0
-390.357853,50,1408.374176,0.0
-305.109374,50,1409.389657,0.0
-887.22671,50,1410.44276,0.0
-177.97991,50,1411.630483,0.0
-70.394737,16,1412.00562,1.0
-322.425124,50,1413.169697,0.0
-693.586278,50,1419.995572,0.0
-220.559069,50,1421.167926,0.0
-447.716014,50,1422.275979,0.0
-630.750732,50,1423.359111,0.0
-611.162697,50,1424.468931,0.0
-152.313615,24,1425.042564,1.0
-136.807784,50,1426.165971,0.0
-374.738295,50,1427.287399,0.0
-204.989382,50,1428.38099,0.0
-416.945435,50,1429.487895,0.0
-489.018136,50,1436.334414,0.0
-258.407515,50,1437.562845,0.0
-900.337596,50,1438.634638,0.0
-205.671834,50,1439.760631,0.0
-181.372097,50,1440.959537,0.0
-139.536565,50,1442.045168,0.0
-511.280008,50,1443.227946,0.0
-103.433581,18,1443.614508,1.0
-202.775795,50,1444.746557,0.0
-182.728832,50,1446.011859,0.0
-113.684708,50,1448.279994,0.0
-719.047493,50,1455.115721,0.0
-251.359744,50,1456.190025,0.0
-77.847747,16,1456.572915,1.0
-208.996391,50,1457.816701,0.0
-193.896364,50,1459.006333,0.0
-723.011811,50,1460.24339,0.0
-168.122479,35,1460.989256,1.0
-155.389962,50,1462.040754,0.0
-124.047272,19,1462.470391,1.0
-654.197748,50,1463.583199,0.0
-174.762215,50,1464.800529,0.0
-173.122195,50,1465.95968,0.0
-220.035973,50,1472.755308,0.0
-113.502096,13,1473.059718,1.0
-688.159953,50,1474.255714,0.0
-391.606724,50,1475.440229,0.0
-218.045361,50,1476.638109,0.0
-81.300624,12,1476.900587,1.0
-123.165536,25,1477.46938,1.0
-623.916537,50,1478.510303,0.0
-926.762052,50,1479.574493,0.0
-223.194173,50,1480.737728,0.0
-453.066304,50,1481.872234,0.0
-82.948102,16,1482.232314,1.0
-827.167894,50,1483.435473,0.0
-198.066834,50,1490.238945,0.0
-748.862034,50,1491.440272,0.0
-672.523441,50,1492.537039,0.0
-183.59876,50,1494.605808,0.0
-276.79219,50,1495.637498,0.0
-184.496154,50,1496.700987,0.0
-278.097062,50,1497.855569,0.0
-628.683408,50,1498.939407,0.0
-116.914325,25,1499.503129,1.0
-182.428176,50,1500.609301,0.0
-162.002833,50,1501.854264,0.0
-149.31402,42,1508.53601,1.0
-226.277045,50,1509.666569,0.0
-159.140496,50,1510.994387,0.0
-224.103504,50,1512.181058,0.0
-391.802716,50,1513.361477,0.0
-163.561644,50,1514.403342,0.0
-92.399652,10,1514.616032,1.0
-514.685649,50,1515.619339,0.0
-404.459354,50,1516.713333,0.0
-212.470921,50,1517.865697,0.0
-188.477612,50,1519.135264,0.0
-632.679711,50,1525.962516,0.0
-342.031907,50,1527.147061,0.0
-241.513827,50,1528.338567,0.0
-736.625696,50,1529.502723,0.0
-148.545752,50,1530.708889,0.0
-211.561562,47,1531.709419,1.0
-441.293494,50,1532.747221,0.0
-456.277943,50,1533.962723,0.0
-904.895587,50,1535.827651,0.0
-126.080697,30,1536.440172,1.0
-167.913992,50,1537.562344,0.0
-457.135932,50,1544.367646,0.0
-125.824836,32,1545.129438,1.0
-666.133428,50,1546.212362,0.0
-626.323934,50,1547.310215,0.0
-286.335299,50,1548.40134,0.0
-418.696587,50,1549.679214,0.0
-199.769928,50,1550.951643,0.0
-241.878127,50,1552.118292,0.0
-168.281846,50,1553.214928,0.0
-186.43402,50,1554.31626,0.0
-876.813462,50,1561.108391,0.0
-210.921966,50,1562.318666,0.0
-663.786387,50,1563.457074,0.0
-234.444168,50,1564.615046,0.0
-858.657147,50,1565.698579,0.0
-320.572753,50,1566.860332,0.0
-569.045604,50,1567.93869,0.0
-263.342778,50,1569.14803,0.0
-171.624487,50,1570.200979,0.0
-392.981938,50,1571.527285,0.0
-165.054056,31,1572.299062,1.0
-675.151609,50,1579.28724,0.0
-213.814925,50,1580.667916,0.0
-759.044073,50,1582.637188,0.0
-223.09371,50,1583.776346,0.0
-696.961349,50,1584.928821,0.0
-489.184261,50,1586.057175,0.0
-174.525216,50,1587.252208,0.0
-230.622611,50,1588.508096,0.0
-155.314956,34,1589.308247,1.0
-229.55173,50,1590.567222,0.0
-189.646193,50,1597.472005,0.0
-903.611028,50,1598.537866,0.0
-167.129791,45,1599.59247,1.0
-844.638205,50,1600.655709,0.0
-217.510786,50,1601.740438,0.0
-303.980897,50,1602.85382,0.0
-396.011368,50,1604.040439,0.0
-222.726998,50,1605.198997,0.0
-255.840247,50,1606.462357,0.0
-778.391594,50,1607.600335,0.0
-464.932182,50,1608.606763,0.0
-489.338688,50,1615.551312,0.0
-142.782354,50,1616.691995,0.0
-521.905523,50,1617.796133,0.0
-92.170407,19,1618.194546,1.0
-807.949718,50,1619.215481,0.0
-852.171019,50,1620.269941,0.0
-175.548588,50,1621.363728,0.0
-354.355772,50,1623.262784,0.0
-750.909298,50,1624.304712,0.0
-598.156191,50,1625.576977,0.0
-508.5317,50,1626.677718,0.0
-780.751184,50,1633.490989,0.0
-783.192888,50,1634.531484,0.0
-765.487871,50,1635.652834,0.0
-152.078635,50,1636.702033,0.0
-235.35571,50,1637.703704,0.0
-749.453226,50,1638.900355,0.0
-911.93195,50,1640.034182,0.0
-285.82628,50,1641.096003,0.0
-234.169163,50,1642.149085,0.0
-782.59852,50,1643.254014,0.0
-869.230798,50,1650.062795,0.0
-561.820094,50,1651.288205,0.0
-157.560844,35,1652.116409,1.0
-257.641148,50,1653.265813,0.0
-46.443795,8,1653.44638,1.0
-146.379726,50,1654.57303,0.0
-276.104652,50,1655.687104,0.0
-530.247513,50,1656.808535,0.0
-178.504624,50,1658.02795,0.0
-133.522123,33,1658.728266,1.0
-893.227403,50,1659.780767,0.0
-913.522692,50,1660.787158,0.0
-193.351426,50,1667.697875,0.0
-295.165586,50,1669.559526,0.0
-929.229013,50,1670.613071,0.0
-104.287479,11,1670.880102,1.0
-378.222742,50,1672.041205,0.0
-164.2301,32,1672.731518,1.0
-205.900203,50,1673.810369,0.0
-333.885053,50,1675.018554,0.0
-121.084098,50,1676.202145,0.0
-384.872705,50,1677.303507,0.0
-778.354186,50,1678.456056,0.0
-141.599549,50,1685.342288,0.0
-793.585324,50,1686.404045,0.0
-859.812996,50,1687.461523,0.0
-185.228832,50,1688.666979,1.0
-116.272485,31,1689.548583,1.0
-840.570228,50,1690.624608,0.0
-408.451369,50,1691.829906,0.0
-106.026653,16,1692.252577,1.0
-210.090366,49,1693.382434,1.0
-499.307754,50,1694.516309,0.0
-281.440838,50,1695.574068,0.0
-352.608632,50,1702.371674,0.0
-166.363715,50,1703.496943,0.0
-205.802748,50,1704.710942,0.0
-127.278379,32,1705.429713,1.0
-222.716498,50,1706.631833,0.0
-158.564068,50,1707.795658,0.0
-156.559504,50,1709.939332,0.0
-141.166014,50,1711.010499,0.0
-222.022179,50,1712.157945,0.0
-834.512685,50,1713.233745,0.0
-280.959571,50,1714.32433,0.0
-184.278484,50,1721.238152,0.0
-273.633556,50,1722.499106,0.0
-683.385809,50,1723.694288,0.0
-505.625379,50,1724.800994,0.0
-812.297236,50,1725.922186,0.0
-102.13698,21,1726.445235,1.0
-258.819199,49,1727.499605,1.0
-415.061163,50,1728.731715,0.0
-83.482876,34,1729.602849,1.0
-239.886413,50,1730.673046,0.0
-286.348821,50,1731.825837,0.0
-146.790253,50,1738.727425,0.0
-363.062895,50,1739.961252,0.0
-136.035538,50,1741.125937,0.0
-127.356542,50,1742.326798,0.0
-219.485139,50,1743.435611,0.0
-284.058928,50,1744.596015,0.0
-241.49968,50,1745.999781,0.0
-729.810458,50,1747.209875,0.0
-519.23215,50,1748.373868,0.0
-449.272844,50,1749.473119,0.0
-643.574456,50,1757.447555,0.0
-733.553723,50,1758.52851,0.0
-134.637488,50,1759.640178,0.0
-105.7048,18,1760.034565,1.0
-370.673272,50,1761.168622,0.0
-173.694573,50,1762.32748,0.0
-283.832174,50,1763.588981,0.0
-926.483163,50,1764.72548,0.0
-226.889324,50,1765.819868,0.0
-651.435986,50,1767.002405,0.0
-244.209438,50,1768.237638,0.0
-481.298311,50,1774.979929,0.0
-211.924643,50,1776.075262,0.0
-164.07931,50,1777.260871,0.0
-228.681705,50,1778.369251,0.0
-671.921782,50,1779.415631,0.0
-150.351301,23,1779.997076,1.0
-678.506711,50,1781.352059,0.0
-613.322957,50,1782.519792,0.0
-215.821198,50,1783.616031,0.0
-486.379045,50,1784.775147,0.0
-420.615574,50,1785.932457,0.0
-304.02024,50,1792.890709,0.0
-154.227252,50,1794.102053,0.0
-221.381992,50,1795.40917,0.0
-861.586426,50,1796.592462,0.0
-114.022587,29,1797.233988,1.0
-255.004655,50,1799.349488,0.0
-227.688085,50,1800.448477,0.0
-183.472489,50,1801.662129,0.0
-261.80206,50,1802.760128,0.0
-806.68366,50,1803.848603,0.0
-161.862192,50,1805.009862,0.0
-213.584548,50,1811.840576,0.0
-167.617942,31,1812.543787,1.0
-202.062026,50,1813.618796,0.0
-197.945843,50,1814.800896,0.0
-260.504776,50,1815.850124,0.0
-208.644082,50,1817.05171,0.0
-255.966513,50,1818.167355,0.0
-359.643564,50,1819.237011,0.0
-226.089867,50,1820.355074,0.0
-187.41842,50,1821.46192,0.0
-178.274174,50,1828.332121,0.0
-381.925037,50,1829.592679,0.0
-894.196825,50,1830.764372,0.0
-545.387759,50,1832.084814,0.0
-274.500019,50,1833.321887,0.0
-183.201708,50,1834.610267,0.0
-273.137636,50,1835.873072,0.0
-199.110865,50,1837.019563,0.0
-250.260115,50,1838.386855,0.0
-208.525629,50,1840.544622,0.0
-198.528464,50,1841.72155,0.0
-922.178522,50,1848.599938,0.0
-906.544718,50,1849.619355,0.0
-387.051537,50,1850.75758,0.0
-249.365271,50,1851.872993,0.0
-104.435664,16,1852.223927,1.0
-114.8026,31,1852.904531,1.0
-516.68644,50,1854.090284,0.0
-861.570911,50,1855.123323,0.0
-95.702954,28,1855.730008,1.0
-661.489562,50,1856.852332,0.0
-163.986929,50,1857.926478,0.0
-269.908117,50,1864.773388,0.0
-230.98769,50,1865.827108,0.0
-127.025551,25,1866.392152,1.0
-391.617924,50,1867.606431,0.0
-670.807819,50,1868.792033,0.0
-291.820441,50,1869.987265,0.0
-177.523551,50,1871.222508,0.0
-240.06879,50,1872.345998,0.0
-711.688189,50,1873.372461,0.0
-154.082365,42,1874.380165,1.0
-442.734379,50,1875.501013,0.0
-79.820984,17,1875.921332,1.0
-205.849817,45,1882.746926,1.0
-879.17894,50,1883.854773,0.0
-175.975417,50,1884.981361,0.0
-167.903348,50,1887.539395,0.0
-88.724903,22,1887.996289,1.0
-367.171814,50,1889.115921,0.0
-159.350396,50,1890.196085,0.0
-221.857815,50,1891.443105,0.0
-291.079422,50,1892.573271,0.0
-139.578236,50,1893.689367,0.0
-262.451984,50,1894.763528,0.0
-140.613749,50,1901.614692,0.0
-921.577231,50,1902.905479,0.0
-815.611514,50,1904.156876,0.0
-640.805999,50,1905.364027,0.0
-221.805031,50,1906.589496,0.0
-888.050224,50,1907.659043,0.0
-85.295411,18,1908.044685,1.0
-174.468748,50,1909.225676,0.0
-384.606096,50,1910.322743,0.0
-91.103963,10,1910.535624,1.0
-371.976938,50,1911.598347,0.0
-145.885361,50,1918.439108,0.0
-547.898275,50,1919.429896,0.0
-131.402527,50,1920.573354,0.0
-201.756603,50,1921.66817,0.0
-211.050889,50,1922.740724,0.0
-515.586256,50,1924.004592,0.0
-272.266189,50,1925.241446,0.0
-670.476241,50,1926.345956,0.0
-265.722641,50,1928.675346,0.0
-350.865308,50,1929.804826,0.0
-265.27831,50,1930.888045,0.0
-160.690712,36,1937.329037,1.0
-399.394623,50,1938.637782,0.0
-548.228838,50,1939.952512,0.0
-116.838113,18,1940.360147,1.0
-163.794855,50,1941.586231,0.0
-652.161903,50,1942.720625,0.0
-49.545222,7,1942.890763,1.0
-237.084504,50,1944.118543,0.0
-324.818426,50,1945.2041,0.0
-184.827297,50,1946.344592,0.0
-85.468117,9,1946.567594,1.0
-98.636249,17,1947.003059,1.0
-189.890065,50,1948.267991,0.0
-88.814662,50,1955.217649,0.0
-203.257525,50,1956.3673,0.0
-229.684838,50,1957.524246,0.0
-314.956026,50,1958.716437,0.0
-199.340546,50,1960.039874,0.0
-245.311846,50,1961.233778,0.0
-73.982583,14,1961.566513,1.0
-711.61759,50,1962.845366,0.0
-70.507308,17,1963.263283,1.0
-606.521012,50,1964.383658,0.0
-468.389229,50,1965.872828,0.0
-260.785253,50,1967.219218,0.0
-625.149569,50,1974.210151,0.0
-447.515202,50,1975.354607,0.0
-172.663864,50,1977.73743,0.0
-645.980604,50,1978.776987,0.0
-181.047417,50,1979.867039,0.0
-245.390852,50,1980.976753,0.0
-351.260948,50,1982.074039,0.0
-676.733565,50,1983.168701,0.0
-231.350793,50,1984.417282,0.0
-381.784798,50,1985.637698,0.0
-128.481985,50,1992.44697,0.0
-150.398746,28,1993.0067,1.0
-237.413801,50,1994.068789,0.0
-245.153268,50,1995.194119,0.0
-237.717937,50,1996.360063,0.0
-500.773342,50,1997.463481,0.0
-536.821508,50,1998.699158,0.0
-606.547263,50,1999.980758,0.0
-927.881991,50,2001.179419,0.0
-193.559218,50,2002.526727,0.0
-85.367867,8,2002.703285,1.0
-178.777753,50,2003.793716,0.0
-134.530071,50,2010.794783,0.0
-143.128307,50,2011.93565,0.0
-763.418991,50,2013.033792,0.0
-270.169682,50,2014.247879,0.0
-406.371118,50,2015.469716,0.0
-147.292361,28,2016.14917,1.0
-355.432808,50,2018.615613,0.0
-584.210177,50,2019.932076,0.0
-698.945672,50,2021.180807,0.0
-297.775344,50,2022.318005,0.0
-368.035354,50,2029.325712,0.0
-511.311923,50,2030.478688,0.0
-161.789385,50,2031.542778,0.0
-85.055425,15,2031.896942,1.0
-256.825675,50,2033.21691,0.0
-240.268808,50,2034.633237,0.0
-211.887046,50,2036.016509,0.0
-607.666532,50,2037.285931,0.0
-872.52149,50,2038.441047,0.0
-133.526542,50,2039.618638,0.0
-195.8219,50,2040.746757,0.0
-207.53776,50,2047.623553,0.0
-171.609001,50,2048.741123,0.0
-255.151288,50,2049.903014,0.0
-889.948189,50,2051.154904,0.0
-467.859538,50,2052.269887,0.0
-82.100992,20,2052.714272,1.0
-805.485796,50,2053.871707,0.0
-170.50744,50,2055.055807,0.0
-187.94513,50,2056.305282,0.0
-315.2767,50,2057.617469,0.0
-266.348166,50,2058.781873,0.0
-831.32934,50,2065.670963,0.0
-85.305475,26,2067.29825,1.0
-152.580781,50,2068.385711,0.0
-306.923072,50,2069.53123,0.0
-123.329494,32,2070.333946,1.0
-242.005761,50,2071.467162,0.0
-51.990242,12,2071.716128,1.0
-878.651923,50,2072.965074,0.0
-335.379509,50,2074.202855,0.0
-170.827928,46,2075.334155,1.0
-152.037993,50,2076.631822,0.0
-318.253636,50,2077.830094,0.0
-503.291328,50,2084.658669,0.0
-283.285136,50,2085.73384,0.0
-168.611199,50,2086.806526,0.0
-250.13824,50,2088.197402,0.0
-146.243595,50,2089.419841,0.0
-109.089208,23,2089.931113,1.0
-173.233721,49,2091.005345,1.0
-90.949902,14,2091.365841,1.0
-197.812554,50,2092.611911,0.0
-144.143133,50,2093.815448,0.0
-871.679552,50,2094.984385,0.0
-579.055588,50,2101.880971,0.0
-247.363417,50,2103.058044,0.0
-223.717007,50,2104.18154,0.0
-752.21111,50,2105.217419,0.0
-562.113236,50,2106.451774,0.0
-646.76083,50,2107.513378,0.0
-625.606351,50,2109.663581,0.0
-326.215629,50,2110.854262,0.0
-758.716607,50,2111.929673,0.0
-519.963041,50,2113.028819,0.0
-717.683325,50,2114.152282,0.0
-123.143944,50,2121.092979,0.0
-203.698768,47,2122.125499,1.0
-200.953586,50,2123.219732,0.0
-283.199629,48,2124.313921,1.0
-112.447438,22,2124.777396,1.0
-131.726832,23,2125.348359,1.0
-66.348645,14,2125.685079,1.0
-825.425067,50,2126.974534,0.0
-233.584474,50,2128.17852,0.0
-206.214388,50,2129.511833,0.0
-233.784052,50,2130.766546,0.0
-259.67686,50,2131.854,0.0
-55.679231,5,2131.966784,1.0
-505.78057,50,2138.86603,0.0
-851.762123,50,2140.094698,0.0
-52.702639,6,2140.231802,1.0
-185.963347,50,2141.539049,0.0
-216.305658,50,2142.679914,0.0
-142.277338,50,2143.777165,0.0
-160.671026,21,2144.270824,1.0
-60.033367,16,2144.614117,1.0
-228.904339,50,2145.738139,0.0
-368.483787,50,2146.89833,0.0
-89.817797,24,2147.411622,1.0
-429.841876,50,2148.498396,0.0
-135.739328,50,2150.830999,0.0
-203.273374,50,2157.6747,0.0
-332.593596,50,2158.73694,0.0
-745.050554,50,2159.82132,0.0
-164.369191,50,2161.058746,0.0
-145.271632,50,2162.22001,0.0
-319.703164,50,2163.323834,0.0
-399.976385,50,2164.367445,0.0
-239.067944,50,2165.569417,0.0
-362.88529,50,2166.757404,0.0
-367.760657,50,2167.892223,0.0
-103.137579,23,2174.102888,1.0
-180.620149,50,2175.195952,0.0
-131.011745,50,2176.314366,0.0
-223.557634,50,2177.437279,0.0
-133.271906,20,2177.939758,1.0
-340.266298,50,2179.02209,0.0
-649.801052,50,2180.090013,0.0
-781.215716,50,2181.17003,0.0
-475.332054,50,2182.354979,0.0
-784.252886,50,2183.463088,0.0
-360.605509,50,2184.586807,0.0
-175.500176,34,2185.384926,1.0
-296.660668,50,2192.532207,0.0
-112.762342,24,2193.100045,1.0
-422.770684,50,2194.439098,0.0
-214.519312,50,2195.657914,0.0
-117.433562,50,2197.93656,0.0
-624.314894,50,2199.066104,0.0
-233.787815,50,2200.180253,0.0
-264.784151,50,2201.391836,0.0
-243.04556,50,2202.540782,0.0
-364.399666,50,2203.627521,0.0
-121.658769,40,2204.58356,1.0
-903.773728,50,2211.331887,0.0
-57.613417,12,2211.598327,1.0
-154.720337,38,2212.434712,1.0
-172.608009,32,2213.13817,1.0
-202.8453,50,2214.218482,0.0
-480.587823,50,2215.386288,0.0
-143.451373,38,2216.210718,1.0
-348.971268,50,2217.213574,0.0
-144.432003,50,2218.268918,0.0
-221.929811,50,2219.383478,0.0
-85.739491,19,2219.831785,1.0
-151.968249,30,2220.527817,1.0
-780.872922,50,2227.403679,0.0
-48.911858,6,2227.547711,1.0
-618.133867,50,2228.774032,0.0
-165.860292,50,2230.080973,0.0
-906.884262,50,2231.246541,0.0
-251.337659,50,2232.345744,0.0
-64.838861,13,2232.628787,1.0
-876.784197,50,2233.677539,0.0
-220.613939,50,2234.725302,0.0
-194.767037,50,2235.763287,0.0
-396.334346,50,2236.895738,0.0
-232.124838,50,2239.247318,0.0
-101.07028,24,2239.798595,1.0
-201.17011,50,2246.761808,0.0
-285.160525,50,2247.835408,0.0
-913.643152,50,2248.997782,0.0
-448.201836,50,2250.146437,0.0
-292.745071,50,2251.270535,0.0
-227.274164,50,2252.445991,0.0
-87.076178,23,2253.049068,1.0
-101.277781,28,2253.702176,1.0
-379.72333,50,2254.768258,0.0
-89.66364,11,2255.018473,1.0
-221.574471,50,2256.246296,0.0
-183.812333,50,2257.521192,0.0
-698.964809,50,2264.404139,0.0
-162.904189,50,2265.495373,0.0
-174.144215,44,2266.723053,1.0
-359.79007,50,2267.93966,0.0
-200.370666,50,2269.09966,0.0
-302.28913,50,2270.323442,0.0
-52.109069,10,2270.562617,1.0
-350.664469,50,2271.76052,0.0
-516.399368,50,2272.968094,0.0
-512.014253,50,2274.10127,0.0
-257.648551,50,2275.401681,0.0
-487.019393,50,2282.26172,0.0
-347.066857,50,2283.381915,0.0
-628.214288,50,2284.553518,0.0
-176.620391,50,2286.711384,0.0
-772.525086,50,2287.811114,0.0
-365.522111,50,2289.198834,0.0
-243.953128,50,2290.384153,0.0
-387.965553,50,2291.469434,0.0
-542.060526,50,2292.555594,0.0
-155.775952,50,2293.702156,0.0
-534.107088,50,2300.541068,0.0
-47.052052,8,2300.715634,1.0
-84.64646,19,2301.181135,1.0
-765.675258,50,2302.264327,0.0
-809.220484,50,2303.462926,0.0
-88.612268,26,2304.047711,1.0
-198.524315,50,2305.190183,0.0
-213.193285,50,2306.40852,0.0
-569.338685,50,2307.688321,0.0
-340.570569,50,2308.878976,0.0
-289.71528,50,2310.049484,0.0
-585.456663,50,2311.218973,0.0
-500.964221,50,2318.121524,0.0
-393.348431,50,2319.328479,0.0
-88.111517,10,2319.583934,1.0
-662.455017,50,2320.850853,0.0
-326.737165,50,2322.074756,0.0
-171.321834,50,2323.416226,0.0
-46.592983,9,2323.638917,1.0
-276.031097,50,2324.753293,0.0
-766.141177,50,2325.797058,0.0
-191.849453,50,2328.013874,0.0
-275.548005,50,2329.194039,0.0
-342.334346,50,2330.479491,0.0
-683.844922,50,2337.273118,0.0
-220.381795,50,2338.396015,0.0
-223.037269,50,2339.584381,0.0
-137.244893,22,2340.12091,1.0
-289.202233,50,2341.47808,0.0
-850.880768,50,2342.608388,0.0
-163.119018,50,2343.698556,0.0
-599.115079,50,2344.906644,0.0
-731.067719,50,2346.153809,0.0
-708.457692,50,2347.512468,0.0
-575.235155,50,2348.799624,0.0
-161.497354,50,2355.70871,0.0
-95.334121,12,2355.974488,1.0
-829.584156,50,2356.987749,0.0
-838.878276,50,2358.044778,0.0
-300.192955,50,2359.281954,0.0
-303.342663,50,2360.43903,0.0
-327.905673,50,2361.683519,0.0
-536.477681,50,2362.781047,0.0
-535.955699,50,2363.884982,0.0
-342.956615,50,2365.025669,0.0
-538.589526,50,2366.311596,0.0
-102.489296,19,2366.816837,1.0
-237.366658,50,2373.74047,0.0
-350.345639,50,2376.257514,0.0
-253.542753,50,2377.457009,0.0
-96.814702,12,2377.753994,1.0
-292.23256,50,2379.046298,0.0
-223.87874,50,2380.30097,0.0
-226.118091,50,2381.577925,0.0
-486.489442,50,2382.684266,0.0
-245.57184,50,2384.01684,0.0
-166.525293,50,2385.152221,0.0
-586.978317,50,2386.249857,0.0
-375.286711,50,2393.044248,0.0
-521.072253,50,2394.099777,0.0
-356.499492,50,2395.251462,0.0
-510.970926,50,2396.328417,0.0
-174.935228,50,2397.561836,0.0
-208.65303,50,2398.718585,0.0
-50.990533,7,2398.902803,1.0
-680.450646,50,2400.083327,0.0
-66.430957,11,2400.308852,1.0
-841.224132,50,2401.311855,0.0
-177.965745,50,2402.606926,0.0
-85.033917,12,2402.902141,1.0
-720.327968,50,2409.792627,0.0
-264.643439,50,2410.955833,0.0
-104.101502,22,2411.408058,1.0
-183.656059,50,2412.587181,0.0
-64.305553,11,2412.848938,1.0
-708.852705,50,2413.993741,0.0
-207.079988,50,2415.203026,0.0
-403.546824,50,2416.326928,0.0
-113.966973,19,2417.848806,1.0
-374.793342,50,2418.944675,0.0
-156.356933,48,2419.980673,1.0
-784.649877,50,2421.43992,0.0
-825.383653,50,2428.235737,0.0
-274.615208,50,2429.674556,0.0
-224.964326,50,2430.887729,0.0
-605.211642,50,2432.085861,0.0
-714.773793,50,2433.256167,0.0
-180.935646,50,2434.40529,0.0
-182.29548,50,2435.682215,0.0
-341.963405,50,2436.739201,0.0
-127.873563,24,2437.276793,1.0
-482.931059,50,2438.309963,0.0
-250.938043,50,2439.519257,0.0
-321.022771,50,2446.4195,0.0
-130.86803,39,2447.444597,1.0
-164.040827,50,2448.616472,0.0
-196.756937,50,2449.881849,0.0
-592.207188,50,2451.203055,0.0
-369.363016,50,2452.476933,0.0
-345.033054,50,2453.583928,0.0
-242.783107,50,2454.770833,0.0
-132.276572,30,2455.439761,1.0
-296.208337,50,2456.519238,0.0
-630.116015,50,2457.705175,0.0
-617.265578,50,2464.512212,0.0
-149.469579,39,2466.176785,1.0
-697.442504,50,2467.410126,0.0
-495.02464,50,2468.527657,0.0
-261.208122,50,2469.696189,0.0
-642.123411,50,2470.828374,0.0
-278.451298,50,2471.90901,0.0
-357.494379,50,2473.028008,0.0
-304.105254,50,2474.200883,0.0
-217.849709,50,2475.273643,0.0
-291.437288,50,2476.448604,0.0
-230.464609,50,2483.478965,0.0
-790.299547,50,2484.669486,0.0
-286.705347,50,2485.855226,0.0
-213.584523,50,2487.076267,0.0
-217.974957,50,2488.246957,0.0
-251.774235,50,2489.397401,0.0
-168.248957,50,2490.557209,0.0
-162.348487,50,2491.662729,0.0
-106.93585,29,2492.262809,1.0
-706.517457,50,2493.327191,0.0
-554.600239,50,2500.130123,0.0
-365.132992,50,2501.261626,0.0
-257.402828,50,2502.378845,0.0
-122.202368,50,2503.532517,0.0
-795.266596,50,2504.607274,0.0
-106.281593,18,2505.03815,1.0
-478.43994,50,2506.955467,0.0
-116.972814,34,2507.664334,1.0
-595.91576,50,2508.766482,0.0
-897.040653,50,2509.99545,0.0
-323.460223,50,2511.457166,0.0
-160.187793,50,2518.387455,0.0
-187.01257,50,2519.554775,0.0
-289.125371,50,2520.79889,0.0
-632.316061,50,2521.836447,0.0
-543.649606,50,2522.919112,0.0
-162.713174,47,2523.982713,1.0
-121.740654,24,2524.538064,1.0
-172.528929,46,2525.591797,1.0
-180.510731,50,2526.79615,0.0
-192.505233,50,2528.061347,0.0
-614.499722,50,2529.273164,0.0
-87.950172,17,2529.66371,1.0
-175.393685,50,2536.547484,0.0
-129.763622,31,2537.268693,1.0
-547.391713,50,2538.395012,0.0
-262.906235,50,2539.695342,0.0
-190.361347,50,2540.885917,0.0
-238.594774,50,2542.120691,0.0
-126.097279,21,2542.607119,1.0
-156.24416,45,2543.605902,1.0
-83.570424,36,2544.411842,1.0
-82.709767,9,2544.589282,1.0
-223.103678,50,2545.653921,0.0
-364.214593,50,2546.789386,0.0
-900.540454,50,2554.784907,0.0
-367.593123,50,2555.820067,0.0
-128.557385,50,2557.489509,0.0
-241.055006,50,2558.881919,0.0
-101.799268,11,2559.16083,1.0
-487.53295,50,2560.24822,0.0
-283.321164,50,2561.435265,0.0
-616.325663,50,2562.682241,0.0
-802.892441,50,2563.773848,0.0
-315.168334,50,2564.955065,0.0
-293.423128,50,2566.070803,0.0
-351.764601,50,2572.83482,0.0
-206.786007,50,2573.995538,0.0
-770.766651,50,2575.011152,0.0
-276.218012,50,2576.227475,0.0
-214.229776,50,2577.33338,0.0
-434.285372,50,2578.573246,0.0
-793.094258,50,2579.706933,0.0
-267.795715,50,2581.114836,0.0
-187.225041,50,2582.481697,0.0
-106.512085,30,2583.242703,1.0
-703.24522,50,2584.412902,0.0
-178.626322,50,2591.240504,0.0
-511.37521,50,2592.437017,0.0
-125.098989,22,2593.12031,1.0
-117.9248,13,2593.433685,1.0
-282.710403,50,2594.603912,0.0
-56.548684,11,2594.854727,1.0
-503.679648,50,2597.056611,0.0
-668.926573,50,2598.074557,0.0
-179.769987,50,2599.07683,0.0
-137.277149,50,2600.213895,0.0
-113.316371,12,2600.454993,1.0
-221.925236,50,2601.505299,0.0
-97.942444,11,2601.748602,1.0
-169.740258,50,2602.933212,0.0
-597.966494,50,2609.767115,0.0
-270.704989,50,2611.2521,0.0
-457.388587,50,2612.653786,0.0
-706.519339,50,2613.896079,0.0
-180.576911,50,2615.008317,0.0
-142.986317,50,2616.08639,0.0
-137.205116,40,2616.900134,1.0
-197.595626,50,2618.07171,0.0
-166.687971,44,2619.03172,1.0
-77.642032,25,2619.588601,1.0
-246.885416,50,2620.735709,0.0
-799.345756,50,2627.521663,0.0
-92.57622,23,2628.01628,1.0
-99.455259,18,2628.450919,1.0
-753.577281,50,2629.75623,0.0
-486.206808,50,2630.860868,0.0
-78.997428,21,2631.324907,1.0
-246.425122,50,2632.578041,0.0
-73.786369,14,2632.952838,1.0
-245.009196,50,2634.168085,0.0
-210.315538,50,2635.427237,0.0
-103.334358,17,2635.892565,1.0
-271.101684,50,2637.840396,0.0
-174.168981,50,2639.085429,0.0
-95.180018,14,2639.438465,1.0
-307.451652,50,2646.28921,0.0
-317.773912,50,2647.422182,0.0
-548.76,50,2648.730839,0.0
-229.995358,50,2650.107336,0.0
-797.055816,50,2651.237425,0.0
-494.325309,50,2652.321882,0.0
-442.472185,50,2653.454092,0.0
-652.154207,50,2654.562906,0.0
-601.563347,50,2655.652678,0.0
-569.96355,50,2656.82835,0.0
-212.889623,50,2663.642759,0.0
-160.439406,50,2664.820054,0.0
-60.802429,8,2664.984556,1.0
-574.125222,50,2666.293989,0.0
-433.634585,50,2667.499755,0.0
-173.605052,50,2668.718664,0.0
-537.731454,50,2669.868038,0.0
-452.469387,50,2670.995743,0.0
-122.983733,23,2671.615447,1.0
-307.619814,50,2672.914014,0.0
-564.825992,50,2674.125216,0.0
-213.814576,50,2675.371315,0.0
-335.311782,50,2682.396046,0.0
-228.94881,50,2683.605196,0.0
-510.940159,50,2685.47815,0.0
-74.871875,33,2686.296235,1.0
-45.399199,8,2686.520351,1.0
-190.889584,50,2687.678225,0.0
-206.564959,50,2688.794616,0.0
-176.523853,50,2689.892104,0.0
-871.968008,50,2690.986915,0.0
-161.303721,50,2692.215672,0.0
-870.954211,50,2693.351452,0.0
-877.845704,50,2700.328746,0.0
-175.398804,50,2701.482806,0.0
-761.799092,50,2702.56028,0.0
-325.810915,50,2703.750877,0.0
-740.893445,50,2704.971488,0.0
-821.933878,50,2706.053658,0.0
-186.688663,34,2706.848093,1.0
-311.822122,50,2708.044806,0.0
-755.939376,50,2709.16722,0.0
-269.162944,50,2710.328325,0.0
-85.3762,11,2710.565966,1.0
-261.646701,50,2711.795094,0.0
-224.683337,50,2718.684447,0.0
-744.535763,50,2719.91819,0.0
-755.412135,50,2721.179964,0.0
-573.629004,50,2722.356378,0.0
-887.512214,50,2723.521505,0.0
-404.950463,50,2724.576567,0.0
-78.001997,11,2724.803708,1.0
-278.532399,50,2725.957572,0.0
-200.56753,50,2728.05926,0.0
-150.034006,39,2729.07801,1.0
-163.08682,38,2730.01673,1.0
-359.205494,50,2736.860192,0.0
-100.440367,10,2737.110669,1.0
-107.329911,50,2738.511244,0.0
-913.012267,50,2739.49995,0.0
-69.563082,10,2739.721952,1.0
-193.408456,50,2740.863386,0.0
-169.034588,20,2741.282705,1.0
-333.665108,50,2742.413193,0.0
-223.391804,50,2743.676085,0.0
-458.488931,50,2744.893778,0.0
-100.230375,33,2745.642202,1.0
-115.02506,20,2746.071688,1.0
-786.609434,50,2747.258277,0.0
-273.66579,50,2748.387097,0.0
-230.259273,50,2755.316837,0.0
-129.080548,32,2756.002705,1.0
-228.111486,50,2757.066324,0.0
-157.424344,50,2758.230162,0.0
-528.044372,50,2759.370345,0.0
-162.384609,41,2760.337067,1.0
-80.261965,13,2760.644426,1.0
-485.290362,50,2761.784444,0.0
-549.700288,50,2762.92189,0.0
-295.317044,50,2764.411983,0.0
-168.651589,50,2765.642228,0.0
-854.160366,50,2772.587197,0.0
-57.703835,11,2772.88127,1.0
-745.351651,50,2774.96492,0.0
-657.246573,50,2776.235329,0.0
-669.107372,50,2777.361788,0.0
-187.331716,50,2778.391687,0.0
-881.234453,50,2779.429601,0.0
-186.837857,50,2780.67591,0.0
-61.050887,15,2781.096006,1.0
-868.913924,50,2782.400567,0.0
-608.509394,50,2783.82973,0.0
-846.624516,50,2785.070258,0.0
-219.416954,50,2792.039459,0.0
-466.743568,50,2793.256198,0.0
-259.298346,50,2794.591146,0.0
-856.564876,50,2795.915656,0.0
-308.536108,50,2797.166512,0.0
-144.955292,50,2798.302704,0.0
-193.345657,50,2799.43295,0.0
-666.215389,50,2800.684375,0.0
-61.737824,6,2800.812703,1.0
-274.665931,50,2802.081032,0.0
-672.53891,50,2803.213606,0.0
-184.51985,50,2810.113239,0.0
-472.948531,50,2811.218736,0.0
-203.34304,50,2812.409425,0.0
-634.708024,50,2813.452319,0.0
-278.146921,50,2814.572637,0.0
-445.559635,50,2815.619771,0.0
-370.673704,50,2817.666706,0.0
-94.345464,17,2818.112956,1.0
-863.399416,50,2819.404825,0.0
-277.98547,50,2820.7363,0.0
-212.297629,50,2821.949008,0.0
-497.507295,50,2828.795145,0.0
-168.33418,50,2830.097851,0.0
-163.826599,50,2831.286494,0.0
-756.81185,50,2832.687102,0.0
-650.30861,50,2833.990797,0.0
-837.156685,50,2835.092677,0.0
-266.030006,50,2836.2917,0.0
-235.405533,50,2837.500531,0.0
-123.724453,16,2837.853847,1.0
-641.074419,50,2838.919604,0.0
-627.085268,50,2840.100502,0.0
-249.301201,50,2846.849359,0.0
-783.411501,50,2847.916144,0.0
-333.992564,50,2849.129513,0.0
-197.114805,50,2850.434306,0.0
-246.034994,50,2851.495882,0.0
-164.371187,50,2852.648138,0.0
-225.124964,50,2853.700561,0.0
-328.299292,50,2854.754294,0.0
-501.803007,50,2855.932698,0.0
-619.749141,50,2857.172852,0.0
-857.923408,50,2865.193449,0.0
-320.152639,50,2866.401009,0.0
-434.306872,50,2867.541407,0.0
-908.147037,50,2868.627751,0.0
-207.831319,50,2869.875593,0.0
-759.885417,50,2871.039202,0.0
-140.210512,48,2872.12712,1.0
-234.99122,50,2873.326555,0.0
-261.489138,50,2874.487594,0.0
-414.495061,50,2875.721897,0.0
-207.67198,50,2882.659351,0.0
-201.524167,50,2883.918864,0.0
-152.902518,50,2885.264015,0.0
-188.459908,50,2886.650822,0.0
-392.3235,50,2887.959144,0.0
-212.50737,50,2889.373699,0.0
-843.925055,50,2890.548142,0.0
-745.320644,50,2891.962816,0.0
-124.417619,50,2893.329403,0.0
-703.709947,50,2894.531196,0.0
-129.673873,34,2895.413763,1.0
-127.183962,50,2902.306121,0.0
-280.890189,50,2903.439638,0.0
-117.539774,21,2903.92838,1.0
-382.645748,50,2905.115272,0.0
-339.029194,50,2906.288505,0.0
-137.079538,38,2908.112671,1.0
-569.21915,50,2909.545997,0.0
-186.902893,50,2910.896478,0.0
-134.78303,32,2911.820318,1.0
-153.085073,38,2912.709817,1.0
-247.035735,50,2913.772245,0.0
-160.736223,50,2920.570941,0.0
-323.979276,50,2921.628843,0.0
-249.897627,50,2922.811502,0.0
-34.218326,7,2923.005056,1.0
-311.344305,50,2924.220352,0.0
-244.594317,50,2925.431589,0.0
-289.734991,50,2926.810884,0.0
-390.773722,50,2928.045922,0.0
-186.901652,50,2929.196647,0.0
-268.811405,50,2930.266253,0.0
-499.674267,50,2931.531322,0.0
-451.052795,50,2932.737311,0.0
-440.701499,50,2939.811584,0.0
-50.8882,10,2940.041044,1.0
-131.636213,48,2941.07976,1.0
-256.231447,50,2942.281053,0.0
-154.434943,50,2943.670532,0.0
-714.824867,50,2944.846264,0.0
-130.167942,24,2945.41792,1.0
-189.476164,50,2946.680801,0.0
-764.129626,50,2947.829914,0.0
-152.86192,34,2948.636192,1.0
-877.759802,50,2950.738263,0.0
-180.106597,50,2957.697959,0.0
-466.753635,50,2958.99101,0.0
-192.166049,50,2960.262752,0.0
-838.913528,50,2961.380037,0.0
-357.4596,50,2962.549841,0.0
-81.065455,10,2962.761092,1.0
-254.459585,50,2964.00462,0.0
-433.414918,50,2965.17576,0.0
-229.057562,50,2966.416878,0.0
-804.787752,50,2967.848613,0.0
-607.627398,50,2969.064716,0.0
-311.663764,50,2970.360109,0.0
-148.079618,50,2977.198863,0.0
-167.8557,50,2978.277699,0.0
-178.181502,50,2979.51111,0.0
-259.084174,50,2980.689919,0.0
-205.12008,50,2981.816157,0.0
-175.908844,50,2982.880872,0.0
-152.294449,50,2984.039271,0.0
-493.278978,50,2985.067823,0.0
-873.024789,50,2986.233773,0.0
-135.758749,50,2987.391061,0.0
-123.310468,50,2994.296674,0.0
-89.40195,11,2994.60968,1.0
-169.130199,50,2995.92334,0.0
-234.590488,50,2997.101515,0.0
-437.91402,50,2999.425357,0.0
-402.258612,50,3000.6295,0.0
-144.109178,24,3001.2602,1.0
-702.124856,50,3002.41239,0.0
-245.556884,50,3003.736195,0.0
-715.06778,50,3004.834305,0.0
-200.310363,50,3005.960425,0.0
-231.595392,50,3012.893919,0.0
-680.361583,50,3014.041727,0.0
-260.781738,50,3015.177888,0.0
-582.202355,50,3016.367345,0.0
-129.219896,50,3017.700313,0.0
-46.512275,7,3017.854736,1.0
-199.489798,50,3019.116194,0.0
-449.336995,50,3020.465829,0.0
-853.523697,50,3021.711229,0.0
-258.085866,50,3022.921578,0.0
-693.805964,50,3024.093056,0.0
-259.517809,50,3031.087197,0.0
-208.763308,50,3032.456145,0.0
-138.448333,50,3033.731748,0.0
-64.459767,20,3034.214772,1.0
-781.136512,50,3035.554758,0.0
-491.316007,50,3036.845369,0.0
-67.98772,9,3037.059382,1.0
-624.021416,50,3038.30857,0.0
-684.640203,50,3039.747679,0.0
-221.58089,50,3040.926143,0.0
-184.18063,50,3042.95158,0.0
-32.260608,6,3043.119358,1.0
-126.721311,39,3043.960949,1.0
-71.259424,12,3044.216284,1.0
-229.530205,50,3051.046091,0.0
-80.398544,19,3051.459188,1.0
-108.931819,18,3051.886945,1.0
-669.481565,50,3053.100321,0.0
-137.328004,39,3054.213722,1.0
-720.66845,50,3055.451207,0.0
-129.630216,50,3056.6835,0.0
-201.464172,50,3057.875259,0.0
-548.963797,50,3059.055506,0.0
-106.620137,50,3060.291829,0.0
-699.009896,50,3061.531366,0.0
-64.904532,11,3061.808937,1.0
-101.049722,21,3062.316061,1.0
-304.183752,50,3069.296362,0.0
-129.935315,40,3070.389944,1.0
-242.009255,50,3071.661527,0.0
-433.558639,50,3072.818232,0.0
-62.834303,7,3072.991348,1.0
-898.422771,50,3074.125445,0.0
-41.077108,10,3074.345253,1.0
-475.043199,50,3075.482323,0.0
-441.930628,50,3076.591955,0.0
-131.188679,43,3077.676641,1.0
-199.132812,50,3078.77011,0.0
-92.604692,17,3079.160924,1.0
-290.415314,50,3080.45883,0.0
-121.598326,16,3080.888617,1.0
-316.346893,50,3087.656195,0.0
-159.150111,50,3089.017687,0.0
-113.164299,19,3090.668164,1.0
-762.617424,50,3091.855773,0.0
-131.286382,37,3092.761741,1.0
-108.757213,17,3093.171542,1.0
-215.662648,50,3094.397219,0.0
-145.724094,44,3095.476232,1.0
-102.638638,20,3095.923014,1.0
-144.805176,50,3096.987116,0.0
-362.685346,50,3098.110976,0.0
-47.126404,5,3098.225593,1.0
-693.127827,50,3099.546439,0.0
-199.340182,50,3106.657119,0.0
-768.107025,50,3107.938489,0.0
-624.143992,50,3109.160164,0.0
-123.113309,50,3110.298525,0.0
-149.42736,50,3111.461448,0.0
-637.806152,50,3112.762698,0.0
-242.735683,50,3113.904652,0.0
-305.224204,50,3115.05094,0.0
-155.229539,35,3115.918784,1.0
-902.787047,50,3117.025583,0.0
-54.903401,17,3117.44115,1.0
-276.099865,50,3124.352694,0.0
-92.792727,16,3124.699791,1.0
-457.101857,50,3125.81744,0.0
-241.905506,50,3127.094815,0.0
-538.747297,50,3128.33892,0.0
-272.051086,50,3129.641114,0.0
-142.225001,50,3130.882422,0.0
-261.795366,50,3132.104828,0.0
-251.695456,50,3134.172725,0.0
-206.80402,50,3135.502387,0.0
-103.314633,26,3136.134795,1.0
-870.29182,50,3137.464878,0.0
-234.789254,50,3144.540046,0.0
-119.202861,20,3144.951321,1.0
-438.991441,50,3146.013967,0.0
-655.385609,50,3147.077146,0.0
-78.714007,11,3147.308114,1.0
-363.45369,50,3148.424755,0.0
-115.71426,50,3149.766508,0.0
-46.780545,6,3149.892527,1.0
-58.285402,11,3150.130452,1.0
-346.065201,50,3151.29132,0.0
-133.647842,37,3152.133029,1.0
-126.961555,20,3152.579707,1.0
-152.227042,50,3153.73369,0.0
-370.804456,50,3155.029206,0.0
-203.807668,50,3162.022787,0.0
-71.416351,18,3162.472436,1.0
-145.413684,50,3163.60166,0.0
-183.439201,50,3164.731507,0.0
-332.487212,50,3165.864122,0.0
-437.425255,50,3167.121201,0.0
-179.141668,50,3168.321752,0.0
-296.155176,50,3169.446517,0.0
-274.034216,50,3170.651675,0.0
-105.652606,23,3171.245867,1.0
-67.113444,7,3171.40431,1.0
-182.324581,50,3172.455465,0.0
-35.489958,8,3172.63155,1.0
-98.943667,10,3172.845277,1.0
-215.413708,50,3179.856817,0.0
-87.075365,13,3181.43618,1.0
-284.602226,50,3182.81027,0.0
-46.388981,8,3183.039548,1.0
-620.57559,50,3184.389274,0.0
-68.984106,12,3184.676841,1.0
-304.134247,50,3185.825306,0.0
-298.993519,50,3187.013625,0.0
-176.45069,50,3188.256771,0.0
-98.199813,27,3188.991697,1.0
-410.282955,50,3190.208761,0.0
-208.530057,50,3191.335318,0.0
-519.700253,50,3192.467872,0.0
-253.113787,50,3199.574179,0.0
-812.80934,50,3200.983981,0.0
-243.687799,50,3202.257875,0.0
-462.686668,50,3203.381986,0.0
-705.138572,50,3204.476943,0.0
-91.181877,13,3204.784837,1.0
-210.738221,50,3206.211167,0.0
-410.026299,50,3207.406404,0.0
-130.841501,50,3208.568871,0.0
-618.903616,50,3209.745465,0.0
-724.117946,50,3210.793566,0.0
-673.602384,50,3217.643532,0.0
-206.792548,50,3218.894388,0.0
-173.756867,50,3220.07831,0.0
-552.37347,50,3221.406264,0.0
-868.87621,50,3222.511673,0.0
-162.214266,50,3224.56916,0.0
-215.223587,50,3225.803688,0.0
-120.939749,28,3226.471039,1.0
-119.348716,33,3227.294323,1.0
-865.256528,50,3228.4018,0.0
-403.131586,50,3229.621646,0.0
-228.005624,50,3236.693507,0.0
-615.585478,50,3237.781822,0.0
-217.523807,50,3238.828705,0.0
-222.168125,50,3240.115549,0.0
-772.374005,50,3241.288819,0.0
-113.916674,17,3241.667671,1.0
-589.913675,50,3242.835422,0.0
-133.801117,20,3243.286237,1.0
-175.669354,50,3244.570857,0.0
-195.682059,50,3245.991534,0.0
-685.66637,50,3247.2611,0.0
-347.374379,50,3254.315683,0.0
-216.662824,50,3255.434769,0.0
-135.046015,50,3256.62021,0.0
-331.24804,50,3257.939068,0.0
-177.513052,50,3259.201544,0.0
-846.252234,50,3260.617737,0.0
-99.874697,18,3261.065663,1.0
-143.873426,50,3262.424697,0.0
-87.978783,25,3263.134344,1.0
-630.18141,50,3264.408794,0.0
-279.052377,50,3265.703323,0.0
-559.625203,50,3267.889926,0.0
-273.926151,50,3274.315425,0.0
-133.766097,25,3274.872591,1.0
-92.997553,21,3275.318477,1.0
-418.0852,50,3276.404097,0.0
-254.11247,50,3277.711877,0.0
-211.565889,50,3279.024755,0.0
-401.134878,50,3280.25564,0.0
-169.652782,37,3281.174985,1.0
-77.147739,14,3281.516533,1.0
-729.250423,50,3282.676345,0.0
-194.638591,50,3283.877967,0.0
-184.476163,50,3285.01436,0.0
-94.161861,12,3285.305727,1.0
-357.190994,50,3289.448938,0.0
-47.017212,7,3289.615018,1.0
-909.44426,50,3290.779426,0.0
-147.734374,50,3292.08728,0.0
-39.411135,7,3292.244035,1.0
-310.410075,50,3293.34102,0.0
-121.516376,25,3293.908157,1.0
-124.765229,50,3295.073118,0.0
-58.728779,10,3295.292896,1.0
-149.503753,50,3296.414293,0.0
-236.421171,50,3297.812007,0.0
-169.664834,50,3299.017565,0.0
-123.734752,28,3299.68683,1.0
-136.312635,50,3306.670469,0.0
-41.673975,7,3306.874426,1.0
-86.555507,10,3307.139707,1.0
-281.011269,50,3308.307409,0.0
-89.079414,17,3308.676161,1.0
-401.198205,50,3309.751598,0.0
-569.475475,50,3310.835732,0.0
-138.098801,50,3312.918788,0.0
-58.338793,13,3313.21414,1.0
-350.760186,50,3314.368336,0.0
-818.544622,50,3315.660733,0.0
-206.802408,50,3316.848316,0.0
-119.947903,39,3317.709641,1.0
-177.877049,50,3318.840315,0.0
-510.317972,50,3325.784839,0.0
-797.710538,50,3327.148305,0.0
-139.948406,26,3327.770871,1.0
-224.250991,50,3328.89402,0.0
-474.802125,50,3330.143004,0.0
-149.872841,50,3331.387156,0.0
-106.329643,27,3331.964761,1.0
-54.88726,7,3332.110871,1.0
-180.927508,50,3333.257759,0.0
-794.032559,50,3334.344706,0.0
-146.359351,50,3335.413404,0.0
-670.116213,50,3336.576055,0.0
-121.018781,19,3337.047699,1.0
-262.585817,50,3343.936051,0.0
-253.952229,50,3345.140875,0.0
-106.718562,18,3345.62483,1.0
-100.33004,9,3345.839749,1.0
-766.723842,50,3346.969735,0.0
-690.689323,50,3348.103081,0.0
-114.765114,50,3349.22832,0.0
-449.022948,50,3350.413958,0.0
-241.692371,50,3351.783009,0.0
-232.96767,50,3353.069139,0.0
-155.920459,50,3355.253412,0.0
-771.923638,50,3362.126118,0.0
-769.738431,50,3363.399802,0.0
-163.649098,42,3364.437043,1.0
-33.517791,8,3364.620669,1.0
-236.563573,50,3365.865158,0.0
-97.123042,50,3367.058041,0.0
-203.919767,50,3368.191625,0.0
-356.720931,50,3369.455733,0.0
-200.666294,50,3370.820952,0.0
-189.970694,50,3372.025298,0.0
-81.384208,11,3372.274848,1.0
-302.054077,50,3373.586952,0.0
-177.162501,50,3380.401269,0.0
-883.353487,50,3381.605604,0.0
-583.892189,50,3382.820326,0.0
-103.971577,31,3383.547644,1.0
-590.242641,50,3384.830373,0.0
-514.436501,50,3385.979715,0.0
-99.532536,11,3386.207029,1.0
-360.247769,50,3387.269287,0.0
-864.081137,50,3388.305868,0.0
-203.10193,50,3389.487759,0.0
-182.089781,50,3390.608052,0.0
-257.102557,50,3391.791572,0.0
-696.777813,50,3398.783182,0.0
-266.480603,50,3399.969385,0.0
-63.112867,9,3400.170217,1.0
-240.726968,50,3401.521265,0.0
-95.753809,25,3403.060042,1.0
-140.926885,50,3404.301787,0.0
-176.17175,50,3405.347973,0.0
-304.917234,50,3406.486026,0.0
-733.29448,50,3407.66101,0.0
-277.822358,50,3408.914928,0.0
-234.969982,50,3410.259604,0.0
-146.030533,50,3417.387963,0.0
-125.646974,14,3417.698914,1.0
-261.872445,50,3418.856426,0.0
-527.429376,50,3420.143515,0.0
-343.918733,50,3421.276927,0.0
-159.424433,50,3422.446965,0.0
-74.680644,8,3422.641338,1.0
-552.752325,50,3423.76224,0.0
-93.296464,13,3424.03586,1.0
-205.769262,50,3425.162054,0.0
-133.13701,50,3426.223439,0.0
-181.522802,50,3427.336686,0.0
-214.619566,50,3428.548143,0.0
-194.014698,50,3435.46306,0.0
-276.68679,50,3436.568318,0.0
-133.734753,50,3437.714983,0.0
-292.171881,50,3438.831831,0.0
-582.972497,50,3439.990358,0.0
-56.580429,16,3440.407058,1.0
-149.915987,50,3441.879899,0.0
-78.900197,20,3442.436802,1.0
-482.538524,50,3443.711514,0.0
-286.658268,50,3445.661895,0.0
-156.67265,50,3446.853204,0.0
-93.217488,17,3447.300562,1.0
-682.142651,50,3454.196045,0.0
-907.030045,50,3455.440552,0.0
-145.68478,45,3456.581115,1.0
-778.842912,50,3457.743735,0.0
-80.468416,10,3457.999424,1.0
-273.394348,50,3459.402901,0.0
-198.833358,50,3460.722628,0.0
-183.882511,50,3461.912509,0.0
-63.122036,7,3462.077955,1.0
-93.152851,13,3462.391937,1.0
-111.031316,17,3462.801849,1.0
-97.414288,24,3463.411887,1.0
-772.588585,50,3464.494934,0.0
-74.094403,14,3464.837457,1.0
-86.444001,15,3465.225366,1.0
-116.033445,30,3465.978393,1.0
-880.916849,50,3472.833779,0.0
-672.586836,50,3473.986187,0.0
-565.991904,50,3475.311859,0.0
-746.616724,50,3476.456064,0.0
-454.01028,50,3477.630415,0.0
-668.485862,50,3478.807438,0.0
-534.258777,50,3480.109069,0.0
-453.009601,50,3481.427727,0.0
-104.207996,28,3482.104556,1.0
-768.679663,50,3483.301868,0.0
-260.211615,50,3490.196299,0.0
-174.750615,28,3490.887523,1.0
-777.15602,50,3492.126785,0.0
-58.839309,8,3492.29441,1.0
-181.583548,50,3494.294352,0.0
-89.819548,14,3494.681034,1.0
-121.408492,34,3495.509601,1.0
-551.469363,50,3496.659722,0.0
-607.906973,50,3497.80186,0.0
-113.375309,24,3498.318182,1.0
-138.339011,50,3499.465498,0.0
-82.509263,12,3499.741661,1.0
-268.066481,50,3501.169365,0.0
-30.008429,5,3501.30651,1.0
-345.83472,50,3502.675208,0.0
-510.975789,50,3509.641414,0.0
-224.764624,50,3510.988889,0.0
-64.901132,11,3511.233698,1.0
-41.626158,5,3511.354566,1.0
-80.440875,10,3511.593508,1.0
-45.344706,6,3511.740619,1.0
-144.518248,50,3512.96929,0.0
-904.898062,50,3514.204732,0.0
-764.715735,50,3515.684391,0.0
-221.227543,50,3516.986567,0.0
-709.733695,50,3518.366126,0.0
-164.189965,50,3519.675858,0.0
-851.790407,50,3521.003736,0.0
-180.362511,50,3522.213621,0.0
-183.154059,50,3529.096443,0.0
-232.036737,50,3530.245483,0.0
-114.039183,37,3531.100944,1.0
-251.455477,50,3532.347512,0.0
-107.878017,29,3533.074282,1.0
-610.808575,50,3534.442774,0.0
-772.333906,50,3535.677889,0.0
-217.472568,50,3537.690417,0.0
-79.264134,8,3537.865142,1.0
-228.774155,50,3539.118967,0.0
-155.678484,50,3540.354504,0.0
-533.649148,50,3547.360285,0.0
-82.414069,27,3548.028449,1.0
-332.152331,50,3549.302575,0.0
-563.530381,50,3550.479851,0.0
-206.001241,50,3551.720905,0.0
-185.489875,50,3553.126247,0.0
-187.840771,44,3554.331668,1.0
-565.214955,50,3555.509823,0.0
-136.666244,50,3556.912095,0.0
-180.353842,50,3558.104551,0.0
-31.699925,5,3558.224135,1.0
-374.933361,50,3559.343437,0.0
-477.611947,50,3566.327878,0.0
-246.435248,50,3567.73389,0.0
-504.521871,50,3568.847344,0.0
-623.030704,50,3570.136044,0.0
-94.368191,13,3570.413089,1.0
-630.108368,50,3571.58434,0.0
-520.757076,50,3572.776654,0.0
-282.962548,50,3573.887329,0.0
-186.925714,50,3575.211663,0.0
-194.529421,50,3576.369813,0.0
-234.753216,50,3577.596207,0.0
-208.016098,50,3584.4637,0.0
-109.318427,50,3586.848413,0.0
-86.691591,11,3587.093463,1.0
-80.802937,15,3587.495786,1.0
-433.692149,50,3588.747476,0.0
-72.705876,11,3588.984536,1.0
-82.759581,9,3589.185426,1.0
-142.742614,50,3590.394234,0.0
-67.510025,8,3590.596208,1.0
-147.705226,40,3591.545469,1.0
-106.909294,50,3592.862625,0.0
-143.91322,47,3594.223492,1.0
-89.168702,17,3594.724004,1.0
-267.407883,50,3596.037363,0.0
-230.846534,50,3597.246075,0.0
-236.745936,50,3604.22822,0.0
-92.025906,26,3604.862434,1.0
-167.364176,50,3605.954204,0.0
-70.655151,10,3606.166,1.0
-884.800028,50,3607.237054,0.0
-476.901303,50,3608.337923,0.0
-85.552427,21,3608.798575,1.0
-355.531588,50,3610.164653,0.0
-92.118175,15,3610.593113,1.0
-165.642237,50,3611.815857,0.0
-640.204773,50,3613.069665,0.0
-81.088286,13,3613.400574,1.0
-849.976648,50,3614.547526,0.0
-274.685855,50,3615.899054,0.0
-258.28198,50,3622.842503,0.0
-808.895274,50,3623.98004,0.0
-218.389246,50,3625.12778,0.0
-150.566338,50,3626.195401,0.0
-836.963768,50,3627.453054,0.0
-226.479867,50,3629.443726,0.0
-794.274799,50,3630.603227,0.0
-158.658393,46,3631.641366,1.0
-515.32329,50,3632.834158,0.0
-436.854561,50,3633.910127,0.0
-228.043897,50,3640.797243,0.0
-184.231458,50,3641.834857,0.0
-430.338322,50,3642.947595,0.0
-130.798421,50,3644.225044,0.0
-225.833046,50,3645.428798,0.0
-661.500414,50,3646.730393,0.0
-825.310975,50,3647.900443,0.0
-143.136439,50,3649.120975,0.0
-162.587379,50,3650.250352,0.0
-244.897843,50,3651.484055,0.0
-373.320022,50,3658.513888,0.0
-380.529523,50,3659.648736,0.0
-234.356407,50,3660.827942,0.0
-330.409917,50,3661.987738,0.0
-85.817232,11,3662.250763,1.0
-251.185054,50,3663.421735,0.0
-823.369527,50,3664.651687,0.0
-97.066202,30,3665.384503,1.0
-457.000593,50,3666.587924,0.0
-328.726643,50,3667.731717,0.0
-656.938974,50,3669.013661,0.0
-735.844728,50,3671.159348,0.0
-841.180103,50,3678.00895,0.0
-158.295539,40,3678.980994,1.0
-325.371966,50,3680.151822,0.0
-497.718924,50,3681.439508,0.0
-159.152877,50,3682.646236,0.0
-368.954108,50,3683.922529,0.0
-635.387353,50,3685.171165,0.0
-91.212386,19,3685.672422,1.0
-124.663524,36,3686.6071,1.0
-59.600231,8,3686.808464,1.0
-87.674899,26,3687.521317,1.0
-55.663128,8,3687.75265,1.0
-590.147112,50,3689.015596,0.0
-759.555078,50,3695.865384,0.0
-249.081657,50,3697.133941,0.0
-83.572696,10,3697.40602,1.0
-90.776385,34,3698.323928,1.0
-361.594894,50,3699.48149,0.0
-229.00381,50,3700.868412,0.0
-589.628907,50,3702.057029,0.0
-727.273629,50,3703.26754,0.0
-877.813739,50,3704.593741,0.0
-113.178314,16,3704.925598,1.0
-216.757756,50,3706.073541,0.0
-390.411941,50,3707.17316,0.0
-121.265874,25,3707.720549,1.0
-161.253142,47,3714.600058,1.0
-872.872421,50,3715.771948,0.0
-153.247226,50,3716.884452,0.0
-158.564353,50,3718.114259,0.0
-247.62752,50,3720.354305,0.0
-139.878567,50,3721.496064,0.0
-124.7684,16,3721.850211,1.0
-138.047493,32,3722.585807,1.0
-60.434831,8,3722.761965,1.0
-818.399963,50,3723.871557,0.0
-400.305279,50,3724.991038,0.0
-141.23443,50,3726.206805,0.0
-372.797434,50,3733.181486,0.0
-164.30855,43,3734.209552,1.0
-257.29695,50,3735.36245,0.0
-771.373296,50,3736.468922,0.0
-341.39375,50,3737.743905,0.0
-376.319335,50,3738.933224,0.0
-88.654417,19,3739.422312,1.0
-134.711547,50,3740.648597,0.0
-176.720809,48,3741.637726,1.0
-582.127089,50,3742.743524,0.0
-767.281965,50,3743.845275,0.0
-179.511815,50,3750.810785,0.0
-304.255877,50,3752.076796,0.0
-71.85523,10,3752.289069,1.0
-227.430171,50,3753.593744,0.0
-165.32195,50,3754.829936,0.0
-101.980965,50,3756.222031,0.0
-648.780653,50,3757.47427,0.0
-163.919599,50,3758.644282,0.0
-694.675657,50,3759.84427,0.0
-664.695304,50,3762.017637,0.0
-302.196814,50,3763.322105,0.0
-53.419023,10,3763.610984,1.0
-325.680321,50,3770.686937,0.0
-174.571189,50,3771.889038,0.0
-71.13796,12,3772.194408,1.0
-718.422561,50,3773.405121,0.0
-99.848326,21,3773.915586,1.0
-531.68255,50,3775.25187,0.0
-598.55655,50,3776.445878,0.0
-164.170202,50,3777.542333,0.0
-54.813861,10,3777.770758,1.0
-332.832143,50,3779.088485,0.0
-74.768958,16,3779.541391,1.0
-191.533113,50,3780.743794,0.0
-421.990403,50,3781.974838,0.0
-757.412724,50,3789.040953,0.0
-412.997019,50,3790.219057,0.0
-60.339426,12,3790.492046,1.0
-158.860836,50,3791.623053,0.0
-857.876109,50,3792.878213,0.0
-876.816293,50,3794.043787,0.0
-329.667971,50,3795.161196,0.0
-718.584694,50,3796.399308,0.0
-551.06457,50,3797.774374,0.0
-794.316595,50,3798.964328,0.0
-131.026345,50,3800.34248,0.0
-266.670289,50,3807.225744,0.0
-298.315595,50,3808.461987,0.0
-580.984461,50,3809.880743,0.0
-112.774515,23,3811.32477,1.0
-178.330529,50,3812.453033,0.0
-134.941317,20,3812.932724,1.0
-146.659628,50,3814.053483,0.0
-353.97969,50,3815.203691,0.0
-59.911361,9,3815.415911,1.0
-104.948753,13,3815.732445,1.0
-181.266282,50,3817.129084,0.0
-49.087382,5,3817.255119,1.0
-167.542473,50,3818.445858,0.0
-145.800099,50,3819.702221,0.0
-147.300913,30,3826.175083,1.0
-212.571221,50,3827.461872,0.0
-761.467972,50,3828.832269,0.0
-796.767791,50,3829.945317,0.0
-51.709289,7,3830.100632,1.0
-199.204982,50,3831.257814,0.0
-380.626516,50,3832.420723,0.0
-106.255283,10,3832.662023,1.0
-421.403905,50,3834.055636,0.0
-253.303411,50,3835.205518,0.0
-93.410289,15,3835.548933,1.0
-173.054805,50,3836.703283,0.0
-206.265682,50,3837.950299,0.0
-68.732597,8,3838.141919,1.0
-147.261161,50,3845.077933,0.0
-686.511022,50,3846.300516,0.0
-210.658593,50,3847.566193,0.0
-263.185809,50,3848.777941,0.0
-222.174436,50,3850.048824,0.0
-237.559677,50,3851.317744,0.0
-324.386989,50,3852.521122,0.0
-103.162025,50,3854.705483,0.0
-428.620512,50,3855.831223,0.0
-255.343123,50,3857.244856,0.0
-623.134292,50,3864.299142,0.0
-169.246067,50,3865.484645,0.0
-187.784339,50,3866.70907,0.0
-45.68384,16,3867.086325,1.0
-837.586167,50,3868.170772,0.0
-162.607067,50,3869.380661,0.0
-724.12924,50,3870.737686,0.0
-147.735498,50,3872.243124,0.0
-288.760448,50,3873.355864,0.0
-307.139879,50,3874.661905,0.0
-713.941921,50,3875.798438,0.0
-254.31412,50,3882.715573,0.0
-328.682693,50,3883.901542,0.0
-201.266627,50,3885.211365,0.0
-896.633225,50,3886.533433,0.0
-792.035838,50,3887.722929,0.0
-183.717001,50,3888.92075,0.0
-420.049482,50,3890.183889,0.0
-152.759863,50,3891.428422,0.0
-75.240596,15,3891.81658,1.0
-491.179631,50,3892.964575,0.0
-794.027855,50,3894.054807,0.0
-416.259784,50,3901.070792,0.0
-362.952008,50,3902.924996,0.0
-84.439615,18,3903.331099,1.0
-628.251821,50,3904.541061,0.0
-219.32161,50,3905.829752,1.0
-386.983145,50,3907.016165,0.0
-220.337784,50,3908.217172,0.0
-522.47634,50,3909.385403,0.0
-60.73621,8,3909.590562,1.0
-67.989597,13,3909.907326,1.0
-259.830016,50,3911.1476,0.0
-372.005293,50,3912.370357,0.0
-228.626521,50,3919.476413,0.0
-77.746613,20,3919.9406,1.0
-474.863237,50,3921.30052,0.0
-412.416302,50,3922.536945,0.0
-376.077038,50,3923.904754,0.0
-513.588744,50,3925.213789,0.0
-279.169148,50,3926.582556,0.0
-37.313688,8,3926.81031,1.0
-819.869259,50,3928.185292,0.0
-781.000041,50,3929.452242,0.0
-834.346859,50,3930.506241,0.0
-663.451893,50,3931.573482,0.0
-65.45714,7,3931.731556,1.0
-142.568952,36,3938.319613,1.0
-233.784173,50,3939.552125,0.0
-51.364553,7,3939.717489,1.0
-250.398323,50,3941.031872,0.0
-276.716903,50,3942.315845,0.0
-243.794867,50,3943.436002,0.0
-450.443466,50,3944.688253,0.0
-143.208436,50,3947.128151,0.0
-670.792322,50,3948.538747,0.0
-437.156904,50,3949.670406,0.0
-467.576963,50,3950.953104,0.0
-109.481104,27,3951.558453,1.0
-571.61798,50,3958.470076,0.0
-177.886954,50,3959.657579,0.0
-597.033425,50,3961.024515,0.0
-93.808737,29,3961.74283,1.0
-596.370417,50,3963.215561,0.0
-358.32878,50,3964.521734,0.0
-226.685205,50,3965.792245,0.0
-250.177108,50,3967.009759,0.0
-484.983994,50,3968.154179,0.0
-734.849604,50,3969.58942,0.0
-130.134382,42,3976.425938,1.0
-696.95863,50,3977.604864,0.0
-209.771743,43,3978.5657,1.0
-585.839396,50,3979.728474,0.0
-729.663968,50,3980.945782,0.0
-76.180609,11,3981.199595,1.0
-633.034422,50,3982.486205,0.0
-193.517593,50,3983.786382,0.0
-666.579937,50,3985.149828,0.0
-18.513816,5,3985.268394,1.0
-187.143717,50,3986.516266,0.0
-202.838853,50,3987.861636,0.0
-218.997246,50,3994.974741,0.0
-421.022004,50,3997.215997,0.0
-564.62315,50,3998.421362,0.0
-96.887509,22,3998.964362,1.0
-388.711209,50,4000.246165,0.0
-780.282061,50,4001.519568,0.0
-258.781548,50,4002.73102,0.0
-847.015248,50,4003.907117,0.0
-236.509553,50,4005.227426,0.0
-109.902499,19,4005.718995,1.0
-701.193623,50,4006.881438,0.0
-151.655192,50,4008.134476,0.0
-344.684533,50,4015.148942,0.0
-591.343749,50,4016.406091,0.0
-61.474663,17,4016.804672,1.0
-208.00692,50,4018.114954,0.0
-183.287648,50,4019.459574,0.0
-128.905892,27,4020.244786,1.0
-525.503197,50,4021.474811,0.0
-159.789472,50,4022.823121,0.0
-536.582733,50,4024.096475,0.0
-82.535783,18,4024.558034,1.0
-143.738525,42,4025.629508,1.0
-210.980579,50,4026.852208,0.0
-829.717375,50,4033.751,0.0
-32.656578,7,4033.924802,1.0
-169.390452,50,4035.099056,0.0
-38.313001,7,4035.276095,1.0
-88.25142,9,4035.505808,1.0
-134.970263,40,4036.510387,1.0
-590.128959,50,4037.831744,0.0
-258.726965,50,4039.196892,0.0
-120.559128,50,4041.30376,0.0
-136.557942,50,4042.546129,0.0
-400.903796,50,4043.78247,0.0
-322.200659,50,4045.081179,0.0
-235.390665,50,4046.357651,0.0
-537.542619,50,4053.318938,0.0
-157.065329,50,4054.628303,0.0
-119.573075,24,4055.201137,1.0
-196.001646,50,4056.396337,0.0
-68.245655,13,4056.684353,1.0
-110.708488,23,4057.245016,1.0
-105.155569,12,4057.535419,1.0
-706.706489,50,4058.818892,0.0
-76.22271,11,4059.128641,1.0
-327.542006,50,4060.51063,0.0
-133.302826,50,4061.754774,0.0
-811.456351,50,4062.941235,0.0
-242.570239,50,4064.094432,0.0
-192.847242,50,4065.359792,0.0
-84.001749,21,4071.572562,1.0
-173.496886,50,4072.954283,0.0
-220.943765,50,4074.391117,0.0
-512.146007,50,4075.926333,0.0
-344.517793,50,4077.152724,0.0
-82.42618,8,4077.336929,1.0
-100.703929,16,4077.702792,1.0
-487.094232,50,4078.929823,0.0
-113.532382,29,4079.635881,1.0
-588.070909,50,4080.779719,0.0
-645.908112,50,4082.072119,0.0
-75.370349,9,4082.306956,1.0
-142.644839,50,4084.747959,0.0
-658.607234,50,4091.633083,0.0
-299.657523,50,4092.92044,0.0
-531.787662,50,4094.110053,0.0
-83.81601,28,4094.852503,1.0
-831.162469,50,4096.203243,0.0
-740.756155,50,4097.359464,0.0
-582.879555,50,4098.642739,0.0
-270.862177,50,4099.802907,0.0
-238.388921,50,4101.105281,0.0
-195.22516,50,4102.37089,0.0
-125.410478,30,4103.125183,1.0
-181.630934,50,4110.119793,0.0
-663.759198,50,4111.418473,0.0
-289.6726,50,4112.698251,0.0
-157.273941,50,4113.958963,0.0
-154.251734,50,4115.141946,0.0
-225.175295,50,4116.31511,0.0
-78.403461,10,4116.553115,1.0
-335.288302,50,4117.797699,0.0
-242.389062,50,4119.10499,0.0
-504.801948,50,4120.43292,0.0
-258.572925,50,4121.689789,0.0
-43.921141,7,4121.877379,1.0
-231.874002,50,4128.978345,0.0
-152.867475,50,4130.178495,0.0
-226.223079,50,4131.527647,0.0
-474.7617,50,4132.676347,0.0
-61.535956,15,4133.016535,1.0
-169.635449,50,4134.901947,0.0
-372.882499,50,4136.347791,0.0
-831.527687,50,4137.728667,0.0
-136.507471,50,4138.900503,0.0
-756.455772,50,4140.052583,0.0
-765.468308,50,4141.307827,0.0
-881.340207,50,4148.143438,0.0
-32.415507,7,4148.319736,1.0
-166.174076,50,4149.512319,0.0
-707.733894,50,4150.596524,0.0
-865.244759,50,4151.869657,0.0
-322.818695,50,4153.107327,0.0
-250.787138,50,4154.3398,0.0
-65.450283,8,4154.531087,1.0
-247.493495,50,4155.861442,0.0
-136.01624,50,4157.086282,0.0
-260.506948,50,4158.245372,0.0
-655.732593,50,4159.531252,0.0
-84.987531,13,4159.862924,1.0
-50.614338,6,4160.024975,1.0
-901.941921,50,4166.962368,0.0
-561.475415,50,4168.340261,0.0
-688.090052,50,4169.66455,0.0
-687.506724,50,4170.995444,0.0
-75.685425,19,4171.515819,1.0
-485.768997,50,4172.989981,0.0
-386.270675,50,4174.339342,0.0
-347.730974,50,4175.538801,0.0
-798.96598,50,4176.633838,0.0
-75.070317,9,4177.702287,1.0
-438.915897,50,4178.888571,0.0
-49.808308,7,4179.033111,1.0
-185.790506,50,4186.102726,0.0
-712.455895,50,4187.341199,0.0
-100.525516,23,4187.89709,1.0
-93.77676,9,4188.141047,1.0
-235.314698,50,4189.404749,0.0
-297.36407,50,4190.713361,0.0
-743.819542,50,4192.017331,0.0
-37.61028,5,4192.14754,1.0
-429.897659,50,4193.495989,0.0
-499.246611,50,4194.755871,0.0
-304.02585,50,4196.025545,0.0
-138.653786,50,4197.384982,0.0
-816.852197,50,4198.508639,0.0
-166.852078,50,4205.465846,0.0
-861.079005,50,4206.617305,0.0
-93.163655,16,4206.999363,1.0
-26.181542,5,4207.119376,1.0
-208.318936,50,4208.320613,0.0
-244.62184,50,4209.6432,0.0
-637.934433,50,4211.001781,0.0
-704.473243,50,4212.264993,0.0
-676.84845,50,4213.600553,0.0
-134.601859,50,4215.013886,0.0
-530.598002,50,4216.16996,0.0
-135.354175,50,4223.080633,0.0
-71.678972,9,4223.288756,1.0
-109.164714,50,4224.477788,0.0
-58.236495,6,4224.612966,1.0
-128.069805,50,4225.926178,0.0
-75.017425,12,4226.221659,1.0
-40.566401,7,4227.189939,1.0
-217.713467,47,4228.494662,1.0
-192.819499,50,4229.932399,0.0
-312.861671,50,4231.201337,0.0
-696.026515,50,4232.346958,0.0
-254.177836,50,4233.580099,0.0
-162.657898,50,4234.794955,0.0
-153.736332,33,4235.588749,1.0
-169.092043,50,4242.504593,0.0
-838.183428,50,4243.795359,0.0
-660.230228,50,4245.217595,0.0
-441.983483,50,4246.472064,0.0
-424.236563,50,4247.579895,0.0
-209.222346,50,4248.915008,0.0
-89.251765,13,4249.267234,1.0
-361.744765,50,4250.688332,0.0
-832.280524,50,4251.828536,0.0
-790.618557,50,4252.957347,0.0
-290.092163,50,4254.215825,0.0
-183.335688,50,4261.19952,0.0
-165.172996,50,4262.434586,0.0
-134.724679,50,4263.592293,0.0
-88.573699,16,4263.958993,1.0
-43.513371,5,4264.081275,1.0
-68.132771,12,4264.366896,1.0
-102.666275,31,4265.117337,1.0
-167.573519,50,4266.347812,0.0
-308.551099,50,4267.614921,0.0
-446.249133,50,4268.891576,0.0
-190.01608,50,4271.094668,0.0
-79.407027,27,4271.904486,1.0
-199.479586,50,4273.141124,0.0
-462.930898,50,4274.588535,0.0
-368.784629,50,4281.625951,0.0
-847.343343,50,4283.010859,0.0
-439.503838,50,4284.364208,0.0
-93.587516,23,4284.912595,1.0
-137.244693,21,4285.408957,1.0
-37.767138,5,4285.527576,1.0
-478.898473,50,4286.914183,0.0
-172.206562,50,4288.304397,0.0
-229.589251,50,4289.752441,0.0
-40.982968,7,4289.923913,1.0
-52.580512,6,4290.084992,1.0
-845.131435,50,4291.371215,0.0
-205.33127,50,4292.688804,0.0
-452.541134,50,4293.949737,0.0
-489.448739,50,4300.804872,0.0
-279.537319,50,4301.958634,0.0
-318.987856,50,4303.265523,0.0
-320.072637,50,4304.545756,0.0
-182.65609,50,4305.922073,0.0
-872.129999,50,4307.087238,0.0
-527.852919,50,4308.614626,0.0
-143.874687,50,4309.996124,0.0
-249.999429,50,4311.321269,0.0
-186.332961,50,4312.55961,0.0
-422.112743,50,4319.442122,0.0
-904.969399,50,4321.910366,0.0
-257.581803,50,4323.046084,0.0
-177.672694,50,4324.223546,0.0
-818.229703,50,4325.427119,0.0
-570.896377,50,4326.574826,0.0
-216.272029,50,4327.80989,0.0
-135.392069,40,4328.665775,1.0
-491.884294,50,4329.916505,0.0
-863.410656,50,4331.097954,0.0
-79.783905,19,4331.547333,1.0
