#{"t_start": 1649940892.1478133, "env_id": "PandaReach-v2"}
r,l,t,is_success
-770.993062,50,1.253295,0.0
-1093.884116,50,2.134576,0.0
-1157.177542,50,3.029281,0.0
-467.760878,50,3.941414,0.0
-641.384356,50,4.845308,0.0
-1485.470034,50,5.740474,0.0
-967.583055,50,6.670672,0.0
-663.637734,50,7.557637,0.0
-697.011722,50,8.454339,0.0
-458.181525,50,9.377083,0.0
-623.177318,50,16.072013,0.0
-584.5514,50,17.003917,0.0
-1197.129077,50,17.867797,0.0
-1454.614154,50,18.74984,0.0
-1033.959924,50,19.649621,0.0
-781.167868,50,20.548613,0.0
-841.016063,50,21.443931,0.0
-325.863065,50,22.315232,0.0
-855.068127,50,23.230504,0.0
-1399.360611,50,24.13088,0.0
-2245.763814,50,30.906143,0.0
-778.416928,50,31.806681,0.0
-1253.452285,50,32.714347,0.0
-1131.60549,50,33.609551,0.0
-776.922423,50,34.583696,0.0
-1097.047687,50,36.517603,0.0
-1112.317193,50,37.387429,0.0
-1159.981076,50,38.247959,0.0
-1140.513863,50,39.170565,0.0
-973.170918,50,40.060037,0.0
-688.570603,50,46.808577,0.0
-790.45022,50,47.714682,0.0
-907.905637,50,48.61445,0.0
-683.391133,50,49.536044,0.0
-1175.663317,50,50.442135,0.0
-1621.648474,50,51.368349,0.0
-1533.386991,50,52.304056,0.0
-815.439783,50,53.221495,0.0
-771.72773,50,54.135887,0.0
-1467.945615,50,55.070792,0.0
-984.508362,50,61.814506,0.0
-925.356285,50,62.899105,0.0
-1038.810563,50,63.799477,0.0
-571.343745,50,64.772647,0.0
-848.630141,50,65.656366,0.0
-1835.743107,50,66.557733,0.0
-507.744698,50,67.495443,0.0
-589.794709,50,68.477203,0.0
-1017.097573,50,69.354688,0.0
-1178.65798,50,70.27791,0.0
-655.684138,50,72.201676,0.0
-940.111107,50,78.889966,0.0
-825.169152,50,79.777131,0.0
-1114.20321,50,80.678591,0.0
-967.464575,50,81.562261,0.0
-661.501085,50,82.500474,0.0
-874.612824,50,83.400156,0.0
-1170.252803,50,84.313891,0.0
-1165.670799,50,85.249046,0.0
-688.673323,50,86.17639,0.0
-1215.516416,50,87.071878,0.0
-1158.403315,50,93.77853,0.0
-941.427269,50,94.72288,0.0
-796.940295,50,95.625402,0.0
-884.983697,50,96.512278,0.0
-976.362495,50,97.462516,0.0
-760.451249,50,98.407031,0.0
-948.627673,50,99.338161,0.0
-396.068302,50,100.245869,0.0
-863.741428,50,101.204926,0.0
-1137.624762,50,102.126381,0.0
-819.226386,50,108.871405,0.0
-551.865478,50,109.806872,0.0
-785.038705,50,110.700074,0.0
-400.474708,50,111.619011,0.0
-1171.877372,50,113.518647,0.0
-1053.662502,50,114.414676,0.0
-1032.587483,50,115.37118,0.0
-768.44886,50,116.271263,0.0
-970.723034,50,117.226656,0.0
-795.73312,50,118.148498,0.0
-794.639787,50,124.876511,0.0
-517.74153,50,125.808832,0.0
-950.431027,50,126.717434,0.0
-854.474726,50,127.60698,0.0
-974.314692,50,128.566408,0.0
-961.629506,50,129.597747,0.0
-879.604629,50,130.570755,0.0
-1114.094079,50,131.603563,0.0
-805.43038,50,132.640076,0.0
-958.098586,50,133.626356,0.0
-996.994365,50,134.589401,0.0
-874.331319,50,141.292894,0.0
-1145.051529,50,142.230636,0.0
-379.180711,50,143.19389,0.0
-905.306286,50,144.123975,0.0
-1147.120848,50,145.497688,0.0
-1203.177453,50,146.408294,0.0
-756.446857,50,147.270192,0.0
-1048.501774,50,148.231145,0.0
-706.974413,50,150.26478,0.0
-508.36045,50,151.247946,0.0
-561.661458,50,157.950333,0.0
-927.558614,50,158.866289,0.0
-878.837908,50,159.829114,0.0
-603.135691,50,160.775497,0.0
-1062.092502,50,161.676706,0.0
-855.38147,50,162.644439,0.0
-686.601007,50,163.570364,0.0
-990.912525,50,164.471505,0.0
-2154.712911,50,165.389538,0.0
-1211.083418,50,166.289448,0.0
-314.889786,50,173.042745,0.0
-1019.349149,50,174.068746,0.0
-917.125918,50,175.004321,0.0
-667.14997,50,175.950461,0.0
-1107.766685,50,176.900266,0.0
-460.422499,50,177.853726,0.0
-682.028096,50,178.839828,0.0
-757.2547,50,179.809531,0.0
-862.152912,50,180.747504,0.0
-569.189024,50,181.676641,0.0
-928.139209,50,188.409323,0.0
-1052.243443,50,189.300649,0.0
-772.351707,50,190.217988,0.0
-646.108597,50,192.130097,0.0
-815.165132,50,193.107306,0.0
-721.298274,50,194.137577,0.0
-451.787788,50,195.024245,0.0
-770.71653,50,195.930494,0.0
-625.245228,50,196.92753,0.0
-972.869699,50,197.856407,0.0
-904.706206,50,198.795527,0.0
-503.812776,50,205.546274,0.0
-958.807897,50,206.49082,0.0
-1018.489732,50,207.446116,0.0
-796.844371,50,208.412662,0.0
-639.238487,50,209.446993,0.0
-584.442602,50,210.371657,0.0
-896.728427,50,211.294957,0.0
-828.727605,50,212.22873,0.0
-925.375139,50,213.154147,0.0
-1009.747962,50,214.09582,0.0
-329.37409,50,220.836354,0.0
-987.006937,50,221.777371,0.0
-625.939186,50,222.774039,0.0
-776.344333,50,223.719649,0.0
-759.946971,50,224.675326,0.0
-411.494567,50,225.640183,0.0
-405.6351,50,226.629325,0.0
-976.798954,50,228.530621,0.0
-1018.458437,50,229.444668,0.0
-530.992654,50,230.384391,0.0
-1187.850339,50,237.150078,0.0
-960.489609,50,238.110183,0.0
-871.400774,50,239.003114,0.0
-782.406346,50,239.916532,0.0
-959.1521,50,240.800491,0.0
-875.338318,50,241.733907,0.0
-668.410178,50,242.743063,0.0
-358.989011,50,243.668542,0.0
-600.434213,50,244.575657,0.0
-447.105622,50,245.560761,0.0
-527.814318,50,252.301036,0.0
-576.71275,50,253.254511,0.0
-764.424364,50,254.250256,0.0
-582.748962,50,255.236956,0.0
-1136.926131,50,256.231029,0.0
-754.662673,50,257.212077,0.0
-1094.2653,50,258.249793,0.0
-329.882611,50,259.229555,0.0
-492.359153,50,260.51702,0.0
-318.159314,50,261.465162,0.0
-670.207653,50,262.376777,0.0
-860.047739,50,269.200071,0.0
-604.134795,50,271.383554,0.0
-705.338617,50,272.291754,0.0
-625.455399,50,273.226991,0.0
-583.343233,50,274.161397,0.0
-597.98317,50,275.093238,0.0
-1091.883257,50,276.074117,0.0
-601.001509,50,277.056052,0.0
-555.821081,50,277.944306,0.0
-960.869126,50,278.872835,0.0
-1732.967582,50,285.615395,0.0
-1067.159339,50,286.569962,0.0
-715.195398,50,287.557327,0.0
-450.639411,50,288.495657,0.0
-616.019709,50,289.473078,0.0
-639.00565,50,290.467197,0.0
-511.590961,50,291.482395,0.0
-590.477709,50,292.438786,0.0
-841.680482,50,293.361385,0.0
-826.202716,50,294.407266,0.0
-607.413754,50,301.222647,0.0
-949.167297,50,302.251215,0.0
-1058.539972,50,303.240302,0.0
-778.405248,50,304.191793,0.0
-910.323456,50,305.138858,0.0
-426.123789,50,306.174829,0.0
-726.07122,50,308.135111,0.0
-678.501823,50,309.07659,0.0
-744.818056,50,310.066962,0.0
-1278.707556,50,311.022671,0.0
-919.441169,50,317.805053,0.0
-569.590681,50,318.723165,0.0
-1026.633474,50,319.712502,0.0
-752.554801,50,320.654591,0.0
-604.261907,50,321.588257,0.0
-653.739562,50,322.557204,0.0
-739.528037,50,323.523569,0.0
-543.59041,50,324.442584,0.0
-524.479911,50,325.455925,0.0
-525.898276,50,326.444245,0.0
-953.681549,50,327.446169,0.0
-915.800402,50,334.278169,0.0
-808.981484,50,335.423322,0.0
-724.34564,50,336.485227,0.0
-364.204124,50,337.473379,0.0
-892.552786,50,338.537311,0.0
-1000.649801,50,339.536669,0.0
-490.286204,50,340.583542,0.0
-613.301306,50,341.676169,0.0
-851.302397,50,342.615557,0.0
-616.177308,50,343.553345,0.0
-2103.740865,50,351.313269,0.0
-700.946269,50,352.336261,0.0
-565.242635,50,353.424191,0.0
-949.049605,50,354.425528,0.0
-1011.932651,50,355.421809,0.0
-804.958552,50,356.499557,0.0
-790.575219,50,357.517564,0.0
-447.075256,50,358.440537,0.0
-468.866441,50,359.354484,0.0
-947.995554,50,360.403928,0.0
-794.755375,50,367.095151,0.0
-615.071655,50,368.089551,0.0
-599.647592,50,369.022302,0.0
-467.668183,50,369.962894,0.0
-574.153167,50,370.90725,0.0
-399.491361,50,371.844225,0.0
-435.067606,50,372.867616,0.0
-398.815087,50,373.968965,0.0
-580.588295,50,374.902578,0.0
-967.93188,50,375.834326,0.0
-814.288143,50,382.540662,0.0
-518.670006,50,383.53531,0.0
-529.030159,50,384.516997,0.0
-593.284698,50,385.455158,0.0
-729.742493,50,386.486147,0.0
-863.109809,50,388.557467,0.0
-324.221431,50,389.544289,0.0
-536.116282,50,390.507873,0.0
-904.514176,50,391.488628,0.0
-870.998509,50,392.568449,0.0
-923.150646,50,393.597578,0.0
-958.978169,50,400.465902,0.0
-401.364402,50,401.434961,0.0
-652.367063,50,402.375022,0.0
-668.205799,50,403.374794,0.0
-614.304898,50,404.345407,0.0
-366.613787,50,405.295295,0.0
-698.097041,50,406.250822,0.0
-471.640603,50,407.199919,0.0
-860.124074,50,408.21814,0.0
-362.66676,50,409.294924,0.0
-537.232684,50,416.027452,0.0
-354.073514,50,417.090263,0.0
-919.238021,50,418.061924,0.0
-328.723141,18,418.43849,1.0
-275.305067,50,419.486696,0.0
-835.385953,50,420.507998,0.0
-519.83557,50,421.549251,0.0
-413.625336,50,422.62385,0.0
-404.976614,50,423.614484,0.0
-764.060494,50,425.585586,0.0
-687.596578,50,426.592083,0.0
-1069.974239,50,433.330459,0.0
-429.736758,50,434.331247,0.0
-840.608295,50,435.368067,0.0
-1272.990346,50,436.438521,0.0
-897.79828,50,437.385434,0.0
-1147.066162,50,438.311374,0.0
-719.133608,50,439.283411,0.0
-476.952937,50,440.347981,0.0
-419.005138,48,441.255286,1.0
-591.507838,50,442.233552,0.0
-756.634771,50,449.028383,0.0
-564.873659,50,450.026886,0.0
-1009.683441,50,450.967564,0.0
-378.325002,50,451.89029,0.0
-1038.169547,50,452.933504,0.0
-805.93171,50,454.048579,0.0
-502.600979,50,455.089009,0.0
-1088.938639,50,456.024828,0.0
-652.772466,50,457.122177,0.0
-795.506541,50,458.0787,0.0
-901.186104,50,464.859337,0.0
-371.801886,50,465.826588,0.0
-526.52987,50,466.765841,0.0
-337.441636,50,468.844905,0.0
-567.3255,50,469.887429,0.0
-974.033386,50,470.856131,0.0
-1087.322776,50,471.826302,0.0
-585.298462,50,472.750139,0.0
-574.154909,50,473.655316,0.0
-904.065777,50,474.70635,0.0
-403.123561,50,481.559637,0.0
-1405.532687,50,482.573026,0.0
-607.559818,50,483.559554,0.0
-975.902661,50,484.542509,0.0
-677.129303,50,485.513288,0.0
-394.097597,50,486.591395,0.0
-301.192223,50,487.633744,0.0
-860.981374,50,488.750011,0.0
-1042.464499,50,489.690295,0.0
-575.69948,50,490.767943,0.0
-664.072237,50,491.797875,0.0
-447.106152,50,498.605867,0.0
-254.69458,50,499.644302,0.0
-392.233943,50,500.717798,0.0
-588.393532,50,501.75874,0.0
-721.257704,50,502.783738,0.0
-232.603592,50,503.856719,0.0
-553.486404,50,504.984046,0.0
-517.49895,50,507.065611,0.0
-1118.023982,50,508.022774,0.0
-1123.956034,50,508.973223,0.0
-784.154135,50,515.840493,0.0
-698.676943,50,516.817249,0.0
-547.588473,50,517.726467,0.0
-477.217911,50,518.712173,0.0
-338.396444,50,519.64933,0.0
-276.239979,50,520.618629,0.0
-623.888056,50,521.655385,0.0
-359.890879,50,522.674473,0.0
-652.322728,50,523.779485,0.0
-439.366076,50,524.839996,0.0
-421.456267,50,531.641424,0.0
-311.793737,50,532.710646,0.0
-285.804972,50,533.758283,0.0
-682.254302,50,534.756322,0.0
-513.16758,50,535.824058,0.0
-1222.312464,50,536.821366,0.0
-878.895238,50,537.843279,0.0
-940.216806,50,538.898107,0.0
-717.053184,50,539.862527,0.0
-841.237372,50,540.893135,0.0
-673.264957,50,547.664087,0.0
-856.809238,50,548.680889,0.0
-514.448664,50,550.88435,0.0
-442.181167,50,552.08534,0.0
-559.432139,50,553.016621,0.0
-526.253767,50,554.02169,0.0
-778.969586,50,555.08248,0.0
-822.145623,50,556.217508,0.0
-273.960309,50,557.193092,0.0
-693.382486,50,558.157113,0.0
-573.491846,50,559.169527,0.0
-976.220436,50,565.948617,0.0
-565.298131,50,566.957542,0.0
-768.037187,50,568.001411,0.0
-619.782794,50,569.107685,0.0
-470.356958,50,570.160591,0.0
-607.490821,50,571.251533,0.0
-932.843597,50,572.23694,0.0
-694.977983,50,573.452618,0.0
-560.274504,50,574.442212,0.0
-574.58981,50,575.407071,0.0
-388.783512,50,582.331823,0.0
-275.403933,50,583.357905,0.0
-1117.158377,50,584.360995,0.0
-806.076444,50,585.532416,0.0
-500.018605,50,586.581263,0.0
-487.181746,50,587.583647,0.0
-921.612475,50,589.768278,0.0
-651.778466,50,590.853969,0.0
-928.222482,50,591.847877,0.0
-711.4911,50,592.963614,0.0
-861.677353,50,599.854116,0.0
-467.641578,50,600.959398,0.0
-305.491834,50,601.972123,0.0
-667.323546,50,603.050837,0.0
-512.168689,50,604.319012,0.0
-365.310801,27,604.86379,1.0
-341.654183,50,605.871854,0.0
-687.349348,50,606.864367,0.0
-748.299214,50,607.857097,0.0
-713.797679,50,608.851275,0.0
-1014.533332,50,609.846081,0.0
-423.523974,50,616.61344,0.0
-339.250482,50,617.624507,0.0
-976.702422,50,618.657977,0.0
-331.938735,49,619.764538,1.0
-204.221449,35,620.475458,1.0
-991.974418,50,621.503318,0.0
-627.4742,50,622.518486,0.0
-434.70534,50,623.537887,0.0
-708.842943,50,624.610694,0.0
-186.117208,17,624.949018,1.0
-608.983087,50,625.999055,0.0
-579.9229,50,632.668668,0.0
-775.71813,50,634.68931,0.0
-854.952079,50,635.830667,0.0
-1014.187113,50,636.839427,0.0
-822.150286,50,637.814744,0.0
-370.673527,50,638.896266,0.0
-551.491041,50,639.93134,0.0
-595.495459,50,640.960186,0.0
-564.135093,50,641.975455,0.0
-599.545086,50,642.995695,0.0
-812.49095,50,649.761193,0.0
-845.304433,50,650.750108,0.0
-564.73375,50,651.729559,0.0
-729.550678,50,652.77852,0.0
-1004.887444,50,653.761383,0.0
-546.232706,50,654.795402,0.0
-584.839025,50,655.987536,0.0
-427.852459,50,657.04671,0.0
-710.212771,50,658.020697,0.0
-612.987491,50,659.050764,0.0
-815.803921,50,665.947508,0.0
-191.884554,29,666.601197,1.0
-743.770464,50,667.619827,0.0
-536.004435,50,668.621974,0.0
-1146.473751,50,669.679545,0.0
-211.146468,50,670.810648,0.0
-975.311959,50,672.962821,0.0
-944.797854,50,674.138294,0.0
-243.566799,50,675.2425,0.0
-1023.402503,50,676.259044,0.0
-368.118884,50,677.258213,0.0
-907.29432,50,684.177032,0.0
-551.681375,50,685.392903,0.0
-491.279301,50,686.563428,0.0
-985.614136,50,687.623022,0.0
-1105.965497,50,688.684316,0.0
-552.911905,50,689.686177,0.0
-743.756908,50,690.730875,0.0
-694.528618,50,691.777516,0.0
-792.961827,50,692.787848,0.0
-516.028527,50,693.817953,0.0
-535.683937,50,700.82063,0.0
-840.6202,50,701.843463,0.0
-318.64604,50,702.906157,0.0
-672.461836,50,704.031213,0.0
-547.923973,50,705.041024,0.0
-732.717661,50,706.008478,0.0
-653.448445,50,707.104093,0.0
-631.860894,50,708.225185,0.0
-298.303949,50,709.272391,0.0
-397.820136,50,710.340409,0.0
-640.501644,50,712.465398,0.0
-714.234547,50,719.222837,0.0
-802.280711,50,720.337454,0.0
-794.184606,50,721.403492,0.0
-735.155912,50,722.446524,0.0
-675.57861,50,723.575461,0.0
-793.840068,50,724.625992,0.0
-967.057424,50,725.737383,0.0
-948.615804,50,726.817117,0.0
-468.653495,50,727.959879,0.0
-780.510085,50,729.035795,0.0
-299.447578,50,735.917056,0.0
-929.300578,50,737.000972,0.0
-285.136746,50,737.99289,0.0
-778.844593,50,739.058415,0.0
-764.42422,50,740.082718,0.0
-659.032222,50,741.127641,0.0
-518.469572,50,742.111259,0.0
-788.676737,50,743.058655,0.0
-915.136014,50,744.109455,0.0
-265.254124,50,745.116351,0.0
-476.715319,50,751.921744,0.0
-959.856346,50,752.930283,0.0
-613.946494,50,753.977876,0.0
-1015.267676,50,755.063505,0.0
-470.190014,50,757.221648,0.0
-507.608269,50,758.347509,0.0
-902.158141,50,759.280386,0.0
-391.159281,50,760.258364,0.0
-605.844123,50,761.34066,0.0
-862.25774,50,762.35781,0.0
-316.667013,50,769.11272,0.0
-555.191988,50,770.221934,0.0
-860.281722,50,771.358729,0.0
-860.124695,50,772.456547,0.0
-722.855263,50,773.54175,0.0
-899.231131,50,774.559752,0.0
-2059.2608,50,775.563708,0.0
-405.311636,50,776.710891,0.0
-905.238337,50,777.83462,0.0
-687.108491,50,778.876381,0.0
-570.663311,50,779.985148,0.0
-421.856676,50,786.747464,0.0
-1241.600654,50,787.786042,0.0
-413.539317,50,788.728046,0.0
-758.931136,50,789.767298,0.0
-661.73365,50,790.89279,0.0
-686.721113,50,792.021886,0.0
-792.889858,50,793.022793,0.0
-663.693207,50,794.022226,0.0
-837.264087,50,796.12263,0.0
-967.525294,50,797.223597,0.0
-465.468767,50,804.146365,0.0
-286.164791,50,805.148179,0.0
-225.909881,31,805.82796,1.0
-228.736527,50,806.855879,0.0
-939.775521,50,807.814876,0.0
-520.873885,50,808.987971,0.0
-679.770285,50,810.176109,0.0
-564.872483,50,811.207704,0.0
-965.745449,50,812.248296,0.0
-708.425759,50,813.299618,0.0
-448.096893,50,820.188151,0.0
-226.341434,50,821.257255,0.0
-578.274587,50,822.390719,0.0
-622.008095,50,823.453607,0.0
-294.847145,50,824.498771,0.0
-922.126957,50,825.585898,0.0
-820.887009,50,826.596001,0.0
-419.901694,50,827.670434,0.0
-425.927515,50,828.678203,0.0
-1031.221317,50,829.65644,0.0
-589.279971,50,830.712793,0.0
-403.185841,50,837.504261,0.0
-249.100245,15,837.808651,1.0
-863.291585,50,838.817779,0.0
-273.042296,22,839.287243,1.0
-605.938879,50,841.487667,0.0
-664.532069,50,842.483388,0.0
-591.693185,50,843.559379,0.0
-581.992765,50,844.79215,0.0
-604.032492,50,845.907651,0.0
-624.851014,50,846.896259,0.0
-734.172505,50,847.921959,0.0
-349.759802,50,854.64272,0.0
-634.779608,50,855.593784,0.0
-420.524084,50,856.687525,0.0
-601.590412,50,857.668686,0.0
-370.864693,50,858.653726,0.0
-580.036408,50,859.766971,0.0
-229.643772,42,860.635235,1.0
-1690.708323,50,861.726921,0.0
-617.649325,50,862.828163,0.0
-915.829027,50,863.976282,0.0
-250.623473,50,864.970607,0.0
-540.206037,50,871.763209,0.0
-881.817804,50,872.852052,0.0
-599.227996,50,873.859982,0.0
-360.91755,50,874.876584,0.0
-567.021112,50,875.826484,0.0
-180.420212,9,875.987119,1.0
-560.858743,50,877.063294,0.0
-368.652975,50,878.171335,0.0
-555.248782,50,880.284503,0.0
-348.110939,50,881.290199,0.0
-979.808192,50,882.389289,0.0
-676.921681,50,889.306944,0.0
-1051.406268,50,890.360951,0.0
-1047.310218,50,891.36969,0.0
-241.614024,38,892.214418,1.0
-404.429093,50,893.164718,0.0
-451.049095,50,894.158299,0.0
-468.276578,50,895.124673,0.0
-1070.788029,50,896.060959,0.0
-647.884273,50,897.080731,0.0
-354.658581,25,897.599129,1.0
-460.278319,50,898.678255,0.0
-610.482954,50,905.522485,0.0
-633.947704,50,906.523561,0.0
-263.026756,31,907.146668,1.0
-999.355372,50,908.287656,0.0
-1117.724291,50,909.362702,0.0
-336.918496,50,910.323795,0.0
-359.130912,50,911.334792,0.0
-545.199259,50,912.335274,0.0
-491.712081,50,913.466479,0.0
-818.153847,50,914.562701,0.0
-1104.844746,50,921.412997,0.0
-244.7421,50,922.417792,0.0
-740.570895,50,924.400927,0.0
-611.107041,50,925.471854,0.0
-631.425264,50,926.491976,0.0
-257.857596,50,927.609929,0.0
-482.059328,50,928.559578,0.0
-526.4483,50,929.507677,0.0
-438.858123,50,930.52678,0.0
-266.696301,50,931.614838,0.0
-390.808728,50,938.459898,0.0
-650.932564,50,939.755934,0.0
-471.181004,50,940.815187,0.0
-322.276031,48,941.91019,1.0
-763.199364,50,942.916108,0.0
-294.734224,27,943.507226,1.0
-571.71454,50,944.565754,0.0
-482.231947,50,945.645516,0.0
-1153.619133,50,946.630143,0.0
-203.091069,48,947.569233,1.0
-939.188514,50,948.565449,0.0
-447.902642,50,955.477373,0.0
-701.989753,50,956.533642,0.0
-537.762666,50,957.545345,0.0
-264.367254,50,958.607043,0.0
-492.096634,50,959.643641,0.0
-182.805249,50,960.68353,0.0
-400.837688,50,962.797329,0.0
-408.305787,50,963.844297,0.0
-836.752343,50,964.876532,0.0
-363.221149,50,966.053556,0.0
-806.254109,50,972.91318,0.0
-401.763811,50,973.925115,0.0
-325.777221,50,975.037065,0.0
-662.146585,50,976.071947,0.0
-268.835997,50,977.115418,0.0
-738.527373,50,978.269652,0.0
-351.757905,50,979.37063,0.0
-622.663002,50,980.48396,0.0
-283.335734,50,981.532354,0.0
-805.041003,50,982.591679,0.0
-919.138069,50,983.616971,0.0
-679.80173,50,990.403428,0.0
-759.131561,50,991.406547,0.0
-533.561729,50,992.410112,0.0
-730.75379,50,993.565346,0.0
-836.889823,50,994.60762,0.0
-613.514079,50,995.734857,0.0
-615.505561,50,996.788522,0.0
-834.450676,50,997.874805,0.0
-1140.948017,50,998.965827,0.0
-730.006588,50,999.98922,0.0
-648.631936,50,1007.933327,0.0
-310.406996,50,1008.942011,0.0
-924.13971,50,1009.889594,0.0
-468.231627,50,1010.887194,0.0
-605.320816,50,1012.006603,0.0
-623.766122,50,1013.315392,0.0
-431.805101,50,1014.376365,0.0
-679.690958,50,1015.472875,0.0
-176.70542,50,1016.611251,0.0
-486.966162,50,1017.731827,0.0
-396.17176,50,1024.605922,0.0
-759.428995,50,1025.662397,0.0
-520.355421,50,1026.698702,0.0
-814.95411,50,1027.737795,0.0
-505.452223,50,1028.747091,0.0
-843.688557,50,1029.74455,0.0
-756.438708,50,1030.6968,0.0
-531.702733,50,1031.884925,0.0
-294.989739,50,1033.000227,0.0
-875.452137,50,1034.051103,0.0
-305.178298,50,1040.900867,0.0
-923.05095,50,1041.92412,0.0
-340.450341,50,1042.923934,0.0
-958.812948,50,1043.982168,0.0
-473.876501,50,1045.032444,0.0
-728.461298,50,1047.044094,0.0
-168.034096,50,1048.111958,0.0
-253.432403,50,1049.208237,0.0
-690.937018,50,1050.309639,0.0
-577.647926,50,1051.403296,0.0
-602.389922,50,1052.450877,0.0
-635.438118,50,1059.432719,0.0
-260.825732,50,1060.490375,0.0
-897.61272,50,1061.489244,0.0
-280.641566,50,1062.497535,0.0
-342.428483,50,1063.585189,0.0
-386.524261,50,1064.744652,0.0
-312.176089,50,1065.772144,0.0
-281.603317,50,1066.907376,0.0
-309.859531,50,1067.917446,0.0
-826.497626,50,1068.936956,0.0
-485.973029,50,1075.889278,0.0
-502.071038,50,1076.98509,0.0
-817.77977,50,1078.11117,0.0
-499.976175,50,1079.1489,0.0
-646.22671,50,1080.223702,0.0
-454.946206,50,1081.260682,0.0
-202.769529,24,1081.819132,1.0
-615.994459,50,1082.967901,0.0
-752.294128,50,1083.975831,0.0
-579.566812,50,1085.156978,0.0
-450.065375,50,1087.294452,0.0
-485.647736,50,1094.191896,0.0
-1079.139568,50,1095.196695,0.0
-426.508824,49,1096.251009,1.0
-570.393768,50,1097.484317,0.0
-786.753424,50,1098.54341,0.0
-470.654829,50,1099.864952,0.0
-590.160869,50,1100.892463,0.0
-877.068361,50,1101.843668,0.0
-1065.759652,50,1102.979659,0.0
-641.127579,50,1104.084408,0.0
-645.735936,50,1111.015468,0.0
-454.096364,50,1112.172293,0.0
-549.712526,50,1113.117448,0.0
-1179.395701,50,1114.173965,0.0
-796.476622,50,1115.223424,0.0
-453.699682,50,1116.254597,0.0
-268.038885,50,1117.338961,0.0
-528.957192,50,1118.413658,0.0
-359.937584,50,1119.502638,0.0
-537.966905,50,1120.466096,0.0
-716.558438,50,1127.298574,0.0
-195.51492,50,1128.433658,0.0
-865.246583,50,1129.609151,0.0
-627.313027,50,1130.631781,0.0
-411.010832,50,1132.936086,0.0
-266.324605,50,1134.010109,0.0
-609.9494,50,1134.983181,0.0
-678.811626,50,1135.966633,0.0
-417.974603,50,1136.979711,0.0
-928.07529,50,1138.026183,0.0
-591.310711,50,1144.925822,0.0
-615.621733,50,1145.979127,0.0
-892.038164,50,1147.091806,0.0
-621.55578,50,1148.210699,0.0
-464.986114,50,1149.316229,0.0
-976.872861,50,1150.34426,0.0
-354.037473,50,1151.318983,0.0
-262.931998,50,1152.398845,0.0
-424.916531,50,1153.463217,0.0
-1101.771685,50,1154.432963,0.0
-865.061063,50,1155.485608,0.0
-857.31313,50,1162.314223,0.0
-440.547346,50,1163.341908,0.0
-609.27024,50,1164.495244,0.0
-671.159601,50,1165.575241,0.0
-49.524042,4,1165.655955,1.0
-990.06524,50,1166.707318,0.0
-271.612689,50,1167.706759,0.0
-297.262203,50,1168.778203,0.0
-400.452628,50,1169.873408,0.0
-645.712245,50,1171.932824,0.0
-789.427264,50,1172.956514,0.0
-385.956282,50,1179.788062,0.0
-987.631853,50,1180.794399,0.0
-563.591064,50,1181.78169,0.0
-344.367175,50,1182.960853,0.0
-383.03338,50,1183.988417,0.0
-830.243478,50,1184.998041,0.0
-558.75997,50,1186.079423,0.0
-863.330953,50,1187.30236,0.0
-630.951222,50,1188.500784,0.0
-540.477397,50,1189.573467,0.0
-520.331971,50,1196.416601,0.0
-871.657578,50,1197.485036,0.0
-740.172185,50,1198.548127,0.0
-226.062942,50,1199.575371,0.0
-230.345911,50,1200.685191,0.0
-601.894206,50,1201.870045,0.0
-737.419311,50,1202.843242,0.0
-324.430821,50,1203.934126,0.0
-516.248462,50,1205.055725,0.0
-230.505568,50,1206.091902,0.0
-604.786948,50,1212.926876,0.0
-1086.454361,50,1213.988359,0.0
-189.221387,50,1215.100367,0.0
-1012.502472,50,1217.115456,0.0
-390.936335,50,1218.283958,0.0
-289.153575,50,1219.32464,0.0
-674.596747,50,1220.313329,0.0
-903.932831,50,1221.444191,0.0
-340.469489,50,1222.435258,0.0
-701.783382,50,1223.423503,0.0
-584.884363,50,1224.545256,0.0
-712.674316,50,1231.445779,0.0
-269.601346,50,1232.476586,0.0
-728.868699,50,1233.488544,0.0
-966.59169,50,1234.573985,0.0
-338.55252,50,1235.677532,0.0
-442.859177,50,1236.726816,0.0
-943.644691,50,1237.768885,0.0
-346.635511,50,1238.836246,0.0
-777.73133,50,1239.914973,0.0
-813.479748,50,1240.951912,0.0
-411.591808,50,1247.837099,0.0
-625.254053,50,1248.973249,0.0
-923.340785,50,1249.988228,0.0
-274.496463,50,1250.957226,0.0
-994.04321,50,1251.971344,0.0
-154.97476,50,1252.924318,0.0
-592.878352,50,1253.873551,0.0
-537.453319,34,1255.432923,1.0
-646.81377,50,1256.490251,0.0
-746.912871,50,1257.55569,0.0
-315.063928,50,1264.393433,0.0
-456.159614,50,1265.463688,0.0
-817.660202,50,1266.549135,0.0
-346.55253,50,1267.590449,0.0
-717.27274,50,1268.690941,0.0
-418.174745,50,1269.689153,0.0
-350.677052,50,1270.80597,0.0
-771.077325,50,1271.81392,0.0
-946.932418,50,1272.863694,0.0
-964.929663,50,1273.917838,0.0
-429.050305,50,1274.895253,0.0
-349.29241,50,1281.756075,0.0
-687.688701,50,1282.827867,0.0
-438.670923,50,1283.994961,0.0
-862.295723,50,1285.067509,0.0
-594.575191,50,1285.993798,0.0
-255.324055,50,1287.053498,0.0
-766.03325,50,1288.042047,0.0
-550.637968,50,1289.108733,0.0
-294.598339,50,1290.079199,0.0
-1101.456367,50,1291.074603,0.0
-817.843955,50,1297.873651,0.0
-634.580283,50,1299.927611,0.0
-418.172036,50,1300.925688,0.0
-701.317796,50,1302.0205,0.0
-1090.522152,50,1303.084599,0.0
-625.007639,50,1304.179601,0.0
-626.721443,50,1305.171887,0.0
-365.102657,50,1306.204576,0.0
-809.971339,50,1307.193016,0.0
-789.089059,50,1308.227088,0.0
-594.868221,50,1315.122541,0.0
-851.407948,50,1316.244272,0.0
-462.676309,50,1317.309343,0.0
-630.924054,50,1318.345833,0.0
-253.503948,50,1319.36837,0.0
-334.195649,50,1320.464627,0.0
-310.895439,50,1321.501738,0.0
-282.402059,50,1322.672348,0.0
-498.097379,50,1323.744004,0.0
-925.242624,50,1324.787846,0.0
-233.619425,45,1331.552876,1.0
-774.537434,50,1332.61776,0.0
-176.588068,10,1332.824393,1.0
-605.456675,50,1333.879824,0.0
-397.651318,50,1334.957443,0.0
-916.281451,50,1336.068848,0.0
-741.893795,50,1337.106246,0.0
-249.051837,50,1339.168453,0.0
-783.200093,50,1340.216168,0.0
-712.010535,50,1341.248838,0.0
-345.38265,50,1342.234257,0.0
-571.726712,50,1349.037767,0.0
-508.666694,50,1350.152437,0.0
-264.186061,50,1351.23677,0.0
-644.40955,50,1352.296028,0.0
-649.716234,50,1353.315758,0.0
-352.681024,50,1354.288291,0.0
-248.533957,50,1355.353607,0.0
-1015.527987,50,1356.356711,0.0
-695.970296,50,1357.466301,0.0
-883.800086,50,1358.558576,0.0
-650.957208,50,1359.540308,0.0
-475.046509,50,1366.451537,0.0
-675.659291,50,1367.523244,0.0
-310.28724,27,1368.133516,1.0
-954.014001,50,1369.170694,0.0
-266.853218,50,1370.144117,0.0
-861.785753,50,1371.122133,0.0
-526.265962,50,1372.203166,0.0
-1100.964798,50,1373.222066,0.0
-869.951315,50,1374.192574,0.0
-150.158506,13,1374.458066,1.0
-500.906535,50,1375.468005,0.0
-290.18703,50,1383.205527,0.0
-511.64543,50,1384.233483,0.0
-433.148852,50,1385.289032,0.0
-645.302094,50,1386.320726,0.0
-435.767399,50,1387.448044,0.0
-815.501514,50,1388.458723,0.0
-453.958681,50,1389.5031,0.0
-735.636038,50,1390.550818,0.0
-277.586315,50,1391.706731,0.0
-239.855892,50,1392.859691,0.0
-366.890726,50,1399.826112,0.0
-760.892566,50,1400.922364,0.0
-793.035569,50,1401.919798,0.0
-902.227901,50,1402.924111,0.0
-470.97158,50,1404.087735,0.0
-1092.621568,50,1405.060648,0.0
-516.127704,50,1406.04169,0.0
-344.291449,50,1407.112112,0.0
-622.183881,50,1408.209881,0.0
-764.864253,50,1409.411893,0.0
-444.957662,50,1410.514937,0.0
-977.401717,50,1417.242482,0.0
-273.110888,50,1418.290622,0.0
-453.901419,50,1419.312724,0.0
-706.169956,50,1420.410644,0.0
-230.91948,50,1422.740925,0.0
-246.504443,50,1423.768375,0.0
-473.871324,50,1424.896044,0.0
-762.254142,50,1426.106108,0.0
-468.872187,50,1427.263413,0.0
-35.365458,13,1427.552722,1.0
-591.738341,50,1428.537995,0.0
-86.511035,11,1434.527012,1.0
-577.605838,50,1435.516511,0.0
-679.074016,50,1436.469392,0.0
-337.515525,40,1437.361362,1.0
-521.422815,50,1438.360358,0.0
-377.531154,46,1439.303976,1.0
-530.271216,50,1440.342298,0.0
-321.167418,50,1441.319932,0.0
-865.962193,50,1442.293327,0.0
-553.900733,50,1443.341994,0.0
-598.527338,50,1444.344321,0.0
-647.574963,50,1451.125672,0.0
-590.678948,50,1452.164346,0.0
-607.991866,50,1453.32994,0.0
-890.361439,50,1454.418834,0.0
-650.15299,50,1455.389987,0.0
-431.729616,50,1456.380941,0.0
-528.63836,50,1457.394516,0.0
-511.972751,50,1458.330322,0.0
-476.36705,47,1459.273539,1.0
-595.025881,50,1461.334125,0.0
-368.88494,50,1468.106162,0.0
-116.221016,28,1468.717081,1.0
-1062.231925,50,1469.721524,0.0
-953.257138,50,1470.6716,0.0
-1025.545904,50,1471.644316,0.0
-277.166797,50,1472.706059,0.0
-319.849853,50,1473.788055,0.0
-584.106358,50,1474.802826,0.0
-345.674212,50,1475.863634,0.0
-502.836739,50,1476.850974,0.0
-394.73055,50,1477.895479,0.0
-247.961229,25,1484.171989,1.0
-544.51314,50,1485.312587,0.0
-390.630968,50,1486.292209,0.0
-883.463763,50,1487.397048,0.0
-448.877298,50,1488.488031,0.0
-619.235903,50,1489.579675,0.0
-392.008184,50,1490.685714,0.0
-672.156671,50,1491.800252,0.0
-957.980871,50,1492.772345,0.0
-937.494413,50,1493.82535,0.0
-798.973653,50,1494.773746,0.0
-880.81665,50,1501.54567,0.0
-413.198763,50,1502.640276,0.0
-87.07754,12,1502.87596,1.0
-333.318261,50,1503.942433,0.0
-725.342064,50,1506.013611,0.0
-450.694976,50,1507.005021,0.0
-889.103695,50,1508.074364,0.0
-469.400233,50,1509.166645,0.0
-408.285125,50,1510.221775,0.0
-24.213168,6,1510.339982,1.0
-748.881023,50,1511.329012,0.0
-176.57172,50,1518.183861,0.0
-404.732157,50,1519.227225,0.0
-600.311461,50,1520.273553,0.0
-1077.104904,50,1521.383991,0.0
-175.016801,50,1522.38329,0.0
-774.724785,50,1523.565038,0.0
-847.806315,50,1524.548074,0.0
-1113.404271,50,1525.733875,0.0
-538.419135,50,1526.904979,0.0
-544.948691,50,1527.94837,0.0
-222.966644,50,1528.929334,0.0
-201.629185,33,1535.432317,1.0
-775.963438,50,1536.448106,0.0
-611.57546,50,1537.422446,0.0
-286.212966,50,1538.444301,0.0
-453.189052,50,1539.48321,0.0
-352.537469,50,1540.453539,0.0
-585.742937,50,1541.58173,0.0
-302.594239,50,1542.808516,0.0
-214.634422,32,1544.334012,1.0
-833.641409,50,1545.338078,0.0
-552.749633,50,1546.382814,0.0
-195.75295,50,1553.233507,0.0
-109.766819,27,1553.764793,1.0
-234.075833,50,1554.740906,0.0
-235.519078,27,1555.304185,1.0
-918.85658,50,1556.30413,0.0
-382.184512,50,1557.32755,0.0
-854.610205,50,1558.272871,0.0
-788.298614,50,1559.38564,0.0
-309.058845,27,1559.946193,1.0
-678.235708,50,1561.027216,0.0
-368.722161,50,1562.067454,0.0
-229.719458,22,1562.498396,1.0
-687.120522,50,1569.378612,0.0
-413.560487,50,1570.369057,0.0
-171.587863,29,1570.958956,1.0
-472.114941,50,1572.000428,0.0
-199.203671,50,1573.004599,0.0
-148.376964,29,1573.563186,1.0
-979.345223,50,1574.660099,0.0
-849.38027,50,1575.721945,0.0
-882.374144,50,1576.76188,0.0
-422.239403,50,1577.749673,0.0
-741.19383,50,1578.705549,0.0
-145.722752,50,1585.492711,0.0
-895.972641,50,1586.407722,0.0
-552.968043,50,1588.355083,0.0
-273.99496,11,1588.591747,1.0
-258.665988,50,1589.705579,0.0
-799.616304,50,1590.734536,0.0
-649.70745,50,1591.756232,0.0
-471.815958,50,1592.748782,0.0
-786.529026,50,1593.772702,0.0
-126.157528,19,1594.191697,1.0
-744.715734,50,1595.206706,0.0
-612.516495,50,1596.192149,0.0
-576.113524,50,1602.969085,0.0
-872.338402,50,1603.907677,0.0
-215.592256,17,1604.237895,1.0
-282.595789,50,1605.255743,0.0
-862.710902,50,1606.274911,0.0
-1053.329017,50,1607.256927,0.0
-623.727624,50,1608.340914,0.0
-353.277686,33,1609.009219,1.0
-484.054894,50,1610.037424,0.0
-215.929732,50,1611.114241,0.0
-952.149511,50,1612.145892,0.0
-827.287309,50,1619.156129,0.0
-169.258409,36,1619.891295,1.0
-501.645297,50,1621.010597,0.0
-481.608099,50,1622.069805,0.0
-514.071515,50,1623.123848,0.0
-564.792707,50,1624.169791,0.0
-238.623235,50,1625.346201,0.0
-289.368019,50,1627.214924,0.0
-577.181818,50,1628.317118,0.0
-826.900433,50,1629.328605,0.0
-295.179284,50,1636.138082,0.0
-736.302521,50,1637.199342,0.0
-489.671665,50,1638.256328,0.0
-564.266859,50,1639.331392,0.0
-510.762452,50,1640.331841,0.0
-277.982469,16,1640.636555,1.0
-539.150996,50,1641.6244,0.0
-277.844198,50,1642.722283,0.0
-903.165236,50,1643.703122,0.0
-694.094404,50,1645.014079,0.0
-309.131753,50,1646.284022,0.0
-738.680805,50,1653.17298,0.0
-440.50612,50,1654.201144,0.0
-222.821915,50,1655.159935,0.0
-380.354686,50,1656.169068,0.0
-194.590326,50,1657.257678,0.0
-556.154732,50,1658.289093,0.0
-848.057301,50,1659.333021,0.0
-690.470469,50,1660.474062,0.0
-570.527164,50,1661.509731,0.0
-402.718614,50,1662.55467,0.0
-668.720478,50,1669.44563,0.0
-1264.102393,50,1671.644718,0.0
-1199.153146,50,1672.766554,0.0
-961.133504,50,1673.844923,0.0
-411.492242,50,1674.858646,0.0
-383.927721,50,1675.927518,0.0
-727.808473,50,1677.065413,0.0
-913.227018,50,1678.111875,0.0
-235.512064,50,1679.111739,0.0
-377.007914,50,1680.100522,0.0
-621.832237,50,1681.32025,0.0
-684.868567,50,1688.189185,0.0
-403.355443,50,1689.327737,0.0
-686.969473,50,1690.527068,0.0
-1047.8332,50,1691.513262,0.0
-283.431589,50,1692.633124,0.0
-236.08558,15,1692.953671,1.0
-255.596005,50,1693.993882,0.0
-131.689416,16,1694.315453,1.0
-631.01644,50,1695.364916,0.0
-419.622865,50,1696.511396,0.0
-473.268033,50,1697.556008,0.0
-872.606096,50,1704.492802,0.0
-719.526073,50,1705.694386,0.0
-94.961363,30,1706.342785,1.0
-483.6346,50,1707.455414,0.0
-740.295514,50,1708.456669,0.0
-309.344152,50,1709.550351,0.0
-277.489964,50,1711.573517,0.0
-579.571244,50,1712.5884,0.0
-565.961199,50,1713.650705,0.0
-1035.326304,50,1714.601949,0.0
-572.976903,50,1715.5904,0.0
-693.664535,50,1722.526867,0.0
-227.118427,50,1723.563445,0.0
-719.638673,50,1724.527361,0.0
-761.789162,50,1725.77405,0.0
-627.989533,50,1726.966034,0.0
-522.503401,50,1728.392456,0.0
-832.653356,50,1729.691414,0.0
-309.542348,50,1731.020562,0.0
-314.283786,25,1731.629523,1.0
-862.850899,50,1732.746646,0.0
-497.761781,50,1733.895089,0.0
-209.143583,44,1740.619817,1.0
-200.264535,50,1741.766166,0.0
-704.749787,50,1742.91436,0.0
-911.569294,50,1744.038524,0.0
-677.785517,50,1745.219808,0.0
-137.03566,11,1745.470393,1.0
-626.137124,50,1746.781728,0.0
-980.95313,50,1747.91835,0.0
-584.784074,50,1748.944484,0.0
-1011.792779,50,1750.053013,0.0
-897.122975,50,1751.136841,0.0
-372.710236,50,1759.123888,0.0
-382.6401,50,1760.183515,0.0
-197.567566,36,1760.98367,1.0
-696.653979,50,1761.918513,0.0
-613.103083,50,1762.905739,0.0
-681.308726,50,1763.989594,0.0
-222.911878,50,1765.040971,0.0
-347.235395,50,1766.105226,0.0
-547.404155,50,1767.114084,0.0
-147.672904,50,1768.211508,0.0
-904.081952,50,1775.151875,0.0
-448.553593,50,1776.176921,0.0
-794.07193,50,1777.162086,0.0
-537.945669,50,1778.097078,0.0
-857.995854,50,1779.127481,0.0
-774.908009,50,1780.256627,0.0
-454.520007,50,1781.265048,0.0
-279.193896,50,1782.359267,0.0
-553.870218,50,1783.556081,0.0
-406.996371,50,1784.673432,0.0
-687.739632,50,1785.778156,0.0
-384.504171,50,1792.385667,0.0
-510.693623,50,1793.482607,0.0
-430.457902,50,1794.487215,0.0
-446.091972,50,1795.540172,0.0
-713.982562,50,1797.49296,0.0
-515.005615,39,1798.298695,1.0
-583.374182,50,1799.239915,0.0
-324.242542,50,1800.272666,0.0
-378.462686,50,1801.302578,0.0
-151.865431,50,1802.454262,0.0
-662.103106,50,1806.781471,0.0
-932.594845,50,1807.71819,0.0
-282.893264,20,1808.164872,1.0
-148.95777,19,1808.610085,1.0
-749.143444,50,1809.640286,0.0
-546.004584,50,1810.621408,0.0
-372.989175,50,1811.621654,0.0
-260.89383,50,1812.562372,0.0
-947.2399,50,1813.563558,0.0
-552.539798,50,1814.792316,0.0
-333.805728,50,1815.840992,0.0
-216.320147,50,1816.872878,0.0
-316.643229,34,1819.871429,1.0
-1016.99486,50,1820.995272,0.0
-373.059229,50,1822.02008,0.0
-1051.948839,50,1823.056942,0.0
-772.165609,50,1824.037204,0.0
-918.226791,50,1825.108924,0.0
-215.345641,50,1826.074547,0.0
-190.466193,50,1827.087628,0.0
-235.034619,50,1828.180212,0.0
-810.257972,50,1830.207006,0.0
-406.502584,50,1833.567973,0.0
-690.215966,50,1834.697786,0.0
-885.707534,50,1835.67003,0.0
-223.288116,50,1836.750568,0.0
-120.31805,19,1837.211284,1.0
-628.72115,50,1838.319994,0.0
-269.588358,50,1839.509206,0.0
-700.630315,50,1840.523917,0.0
-314.930784,50,1841.562029,0.0
-630.962901,50,1842.62862,0.0
-524.429743,50,1843.706036,0.0
-710.208329,50,1847.104709,0.0
-416.485359,50,1848.136326,0.0
-823.054491,50,1849.339983,0.0
-189.477804,50,1850.46453,0.0
-697.291366,50,1851.421868,0.0
-815.575252,50,1852.550404,0.0
-474.027803,50,1853.674976,0.0
-35.424868,5,1853.778491,1.0
-537.183148,50,1854.77157,0.0
-243.010205,50,1855.695824,0.0
-859.922209,50,1856.701047,0.0
-396.236575,50,1860.314694,0.0
-580.905688,50,1861.342994,0.0
-937.78843,50,1862.348614,0.0
-352.922164,50,1864.403136,0.0
-1100.133487,50,1865.474709,0.0
-897.39812,50,1866.507515,0.0
-771.157599,50,1867.535406,0.0
-457.657876,50,1868.58826,0.0
-685.886486,50,1869.602607,0.0
-1111.628192,50,1870.620183,0.0
-441.101813,26,1871.161086,1.0
-836.740862,50,1874.822071,0.0
-742.263469,50,1876.106274,0.0
-142.51661,30,1876.862948,1.0
-227.450457,50,1877.915513,0.0
-275.571786,50,1878.905162,0.0
-257.21125,50,1879.877143,0.0
-330.934725,50,1880.924304,0.0
-846.89314,50,1882.022139,0.0
-641.73781,50,1883.061573,0.0
-445.396338,50,1884.237525,0.0
-407.497134,50,1887.66744,0.0
-2040.956003,50,1888.658193,0.0
-452.889781,50,1889.648199,0.0
-247.235372,37,1890.434538,1.0
-754.59638,50,1891.48751,0.0
-855.393288,50,1892.864238,0.0
-1054.080037,50,1893.981019,0.0
-788.124982,50,1895.017265,0.0
-391.348992,50,1897.123694,0.0
-907.581937,50,1898.089928,0.0
-400.932961,50,1899.221478,0.0
-679.442292,50,1902.769161,0.0
-111.344182,13,1903.023898,1.0
-395.238897,50,1904.011289,0.0
-804.930095,50,1905.091027,0.0
-296.135609,50,1906.305599,0.0
-776.443088,50,1907.354335,0.0
-824.575075,50,1908.426525,0.0
-675.606049,50,1909.590368,0.0
-686.655579,50,1910.758038,0.0
-816.706216,50,1911.842782,0.0
-590.355645,50,1912.898095,0.0
-970.757819,50,1918.636163,0.0
-406.416194,50,1919.694638,0.0
-588.528013,50,1920.737211,0.0
-771.014816,50,1921.741826,0.0
-256.900549,50,1922.747067,0.0
-1007.812136,50,1923.892541,0.0
-362.791194,25,1924.451891,1.0
-742.517124,50,1925.563045,0.0
-621.159201,50,1926.600918,0.0
-462.996509,50,1927.635992,0.0
-512.429206,50,1928.729545,0.0
-432.903662,50,1935.579827,0.0
-952.029935,50,1936.614727,0.0
-297.353852,50,1938.742071,0.0
-533.434312,50,1939.773981,0.0
-614.435874,50,1940.848823,0.0
-572.97366,50,1941.954437,0.0
-610.511472,50,1943.004943,0.0
-258.114422,50,1944.064091,0.0
-1033.171159,50,1945.158775,0.0
-796.436352,50,1946.17385,0.0
-871.765227,50,1952.996796,0.0
-254.95926,50,1954.072206,0.0
-487.824892,50,1955.121795,0.0
-660.493308,50,1956.201862,0.0
-932.525397,50,1957.22503,0.0
-766.753605,50,1958.289535,0.0
-390.73901,50,1959.520854,0.0
-661.021031,50,1960.695024,0.0
-1022.317446,50,1961.795794,0.0
-838.40309,50,1962.871427,0.0
-327.22506,50,1969.736125,0.0
-973.761273,50,1970.814268,0.0
-413.584848,50,1971.814803,0.0
-784.598713,50,1972.877356,0.0
-557.28291,50,1973.872578,0.0
-860.782141,50,1975.080206,0.0
-516.120415,50,1976.110242,0.0
-853.492995,50,1978.1559,0.0
-854.25208,50,1979.12833,0.0
-466.409769,50,1980.209658,0.0
-363.611875,50,1986.985851,0.0
-282.320378,50,1987.996872,0.0
-588.345302,50,1988.996553,0.0
-371.928412,50,1990.010693,0.0
-643.269881,50,1991.063318,0.0
-716.052022,50,1992.220875,0.0
-828.202682,50,1993.370686,0.0
-594.254615,50,1994.379109,0.0
-379.043939,18,1994.75786,1.0
-849.491032,50,1995.812357,0.0
-883.047489,50,1996.806829,0.0
-718.867205,50,2003.836249,0.0
-247.393808,50,2004.978094,0.0
-516.741806,50,2006.025079,0.0
-658.501219,50,2007.246281,0.0
-637.225281,50,2008.383588,0.0
-927.669307,50,2009.392196,0.0
-1043.331539,50,2010.505852,0.0
-194.623459,50,2011.620198,0.0
-366.323162,50,2012.727142,0.0
-783.59675,50,2013.713512,0.0
-239.529049,50,2014.759327,0.0
-893.025514,50,2022.572003,0.0
-603.323802,50,2023.595436,0.0
-749.466317,50,2024.598931,0.0
-554.847001,50,2025.661121,0.0
-745.284565,50,2026.918759,0.0
-324.016077,50,2028.046476,0.0
-627.110938,50,2029.10692,0.0
-778.365828,50,2030.188219,0.0
-263.146945,50,2031.198274,0.0
-694.140199,50,2032.226297,0.0
-609.602339,50,2039.115084,0.0
-693.300101,50,2040.206075,0.0
-246.595495,50,2041.24907,0.0
-169.793623,50,2042.291903,0.0
-125.153604,7,2042.420017,1.0
-881.608361,50,2043.496001,0.0
-543.082914,50,2044.465863,0.0
-719.092825,50,2045.458179,0.0
-745.613545,50,2046.418222,0.0
-323.375844,50,2047.456897,0.0
-738.301399,50,2048.517212,0.0
-559.618005,50,2055.32009,0.0
-304.695138,50,2056.39361,0.0
-337.679573,50,2057.391803,0.0
-334.158024,50,2058.421571,0.0
-343.468548,50,2059.459442,0.0
-571.587994,50,2061.37811,0.0
-447.081548,50,2062.339561,0.0
-144.213078,9,2062.522805,1.0
-417.416085,50,2063.595964,0.0
-383.747841,50,2064.77725,0.0
-373.346509,50,2065.900363,0.0
-266.244989,50,2072.744877,0.0
-446.791063,50,2073.826926,0.0
-225.840029,30,2074.460796,1.0
-285.324195,50,2075.518541,0.0
-578.657762,50,2076.584965,0.0
-336.119894,50,2077.595578,0.0
-819.109294,50,2078.655337,0.0
-397.656019,50,2079.697929,0.0
-240.767213,50,2080.743376,0.0
-274.288538,32,2081.396084,1.0
-289.466567,50,2082.52292,0.0
-1092.703155,50,2089.406905,0.0
-610.323781,50,2090.481832,0.0
-373.081501,50,2091.473877,0.0
-625.597569,50,2092.578055,0.0
-858.690064,50,2093.738763,0.0
-984.358853,50,2094.782967,0.0
-517.241989,50,2095.91703,0.0
-205.505421,41,2096.855253,1.0
-697.220897,50,2097.930548,0.0
-658.955655,50,2099.168974,0.0
-635.767937,50,2107.047573,0.0
-1008.641718,50,2108.122192,0.0
-817.78553,50,2109.314626,0.0
-280.015568,46,2110.198855,1.0
-290.703363,50,2111.218605,0.0
-546.147809,50,2112.300439,0.0
-297.764457,50,2113.451903,0.0
-655.570891,50,2114.841603,0.0
-313.039806,50,2115.900137,0.0
-483.564006,50,2117.013122,0.0
-229.570528,38,2117.815282,1.0
-283.587933,50,2124.616021,0.0
-670.854201,50,2125.738912,0.0
-239.960893,50,2126.730047,0.0
-691.842609,50,2127.772252,0.0
-1032.082679,50,2128.752055,0.0
-451.520465,50,2129.804066,0.0
-829.989111,50,2130.870989,0.0
-332.703401,50,2131.871703,0.0
-253.035469,50,2132.999117,0.0
-214.158396,50,2134.095878,0.0
-722.426142,50,2140.986571,0.0
-630.853897,50,2141.9703,0.0
-276.417095,50,2143.009193,0.0
-840.01019,50,2143.987005,0.0
-696.217133,50,2145.793731,0.0
-354.556342,50,2146.929816,0.0
-421.482686,50,2148.030341,0.0
-568.769898,50,2149.136392,0.0
-862.02287,50,2150.206446,0.0
-756.167299,50,2151.289284,0.0
-648.033148,50,2158.104837,0.0
-593.152001,50,2159.090549,0.0
-139.2456,27,2159.711523,1.0
-692.900689,50,2160.98701,0.0
-444.526164,50,2162.180771,0.0
-615.788263,50,2163.275668,0.0
-806.560665,50,2164.314924,0.0
-890.598806,50,2165.35138,0.0
-788.878093,50,2166.457114,0.0
-344.438359,50,2167.580072,0.0
-503.527072,50,2168.69377,0.0
-404.41098,50,2175.504394,0.0
-1110.142251,50,2176.493206,0.0
-207.397392,50,2177.523334,0.0
-612.066801,50,2178.604144,0.0
-737.40183,50,2179.631101,0.0
-243.165261,50,2180.717226,0.0
-432.621181,50,2181.869256,0.0
-913.977666,50,2182.944793,0.0
-535.922623,50,2183.998933,0.0
-873.709124,50,2185.958626,0.0
-567.524966,50,2192.796185,0.0
-1011.195326,50,2193.813163,0.0
-270.43721,46,2194.740842,1.0
-562.881805,50,2195.806159,0.0
-555.763065,50,2196.818998,0.0
-102.712217,21,2197.218374,1.0
-607.251613,50,2198.263015,0.0
-511.041514,50,2199.370953,0.0
-184.248199,30,2200.013388,1.0
-350.976703,50,2201.137341,0.0
-372.374108,50,2202.174586,0.0
-519.560314,50,2203.355257,0.0
-504.905828,50,2210.16366,0.0
-424.667901,50,2211.162087,0.0
-272.255853,50,2212.241464,0.0
-849.60877,50,2213.267802,0.0
-195.183768,50,2214.334586,0.0
-338.969381,40,2215.138252,1.0
-206.70128,37,2215.914735,1.0
-751.022374,50,2217.06626,0.0
-654.443467,50,2218.233056,0.0
-425.816148,50,2219.216559,0.0
-888.734063,50,2226.019785,0.0
-487.700521,50,2226.96931,0.0
-955.420814,50,2228.129423,0.0
-342.137886,50,2230.276331,0.0
-416.143965,50,2231.288291,0.0
-357.291248,50,2232.333983,0.0
-595.021569,50,2233.511887,0.0
-472.182055,50,2234.645647,0.0
-427.143856,50,2235.752799,0.0
-780.723451,50,2236.788948,0.0
-309.307405,21,2237.268566,1.0
-297.930929,50,2244.141417,0.0
-867.674226,50,2245.176954,0.0
-296.473087,50,2246.282089,0.0
-683.591221,50,2247.34802,0.0
-872.325544,50,2248.344504,0.0
-1029.964657,50,2249.303401,0.0
-541.707072,50,2250.394511,0.0
-894.449711,50,2251.439278,0.0
-349.573892,50,2252.440979,0.0
-83.792295,6,2252.559847,1.0
-831.6023,50,2253.645792,0.0
-353.680549,50,2260.337987,0.0
-571.683193,50,2261.326472,0.0
-477.100324,50,2262.316784,0.0
-611.75694,50,2263.30103,0.0
-461.018641,50,2264.272268,0.0
-325.514004,44,2265.143385,1.0
-687.70338,50,2266.246294,0.0
-222.590421,33,2266.926726,1.0
-392.39567,50,2268.945416,0.0
-873.220898,50,2269.945666,0.0
-1056.860694,50,2271.021032,0.0
-867.967189,50,2277.869686,0.0
-479.894586,50,2278.959086,0.0
-464.188087,50,2280.065186,0.0
-262.936404,50,2281.176513,0.0
-148.333154,50,2282.18188,0.0
-432.538305,50,2283.190415,0.0
-212.902506,50,2284.503146,0.0
-58.436596,15,2284.852396,1.0
-517.245887,44,2285.780112,1.0
-683.129975,50,2287.004383,0.0
-626.533656,50,2288.200309,0.0
-538.333597,50,2295.007305,0.0
-610.469584,50,2296.031923,0.0
-871.075174,50,2297.373028,0.0
-639.480425,50,2298.480766,0.0
-168.533608,22,2298.926696,1.0
-1125.830964,50,2299.909176,0.0
-152.910564,22,2300.39638,1.0
-173.82279,45,2301.34015,1.0
-244.975218,50,2302.391963,0.0
-658.658499,50,2303.469551,0.0
-452.068577,26,2304.038868,1.0
-723.394215,50,2305.070403,0.0
-965.346885,50,2311.912402,0.0
-456.368875,50,2313.024508,0.0
-194.02727,50,2315.156197,0.0
-464.401182,50,2316.205202,0.0
-632.429604,50,2317.302821,0.0
-640.796903,50,2318.2896,0.0
-775.936432,50,2319.329041,0.0
-234.907216,50,2320.422138,0.0
-240.847578,50,2321.487168,0.0
-650.815378,50,2322.696709,0.0
-149.990285,50,2329.568166,0.0
-149.535808,11,2329.800268,1.0
-308.146193,50,2330.820091,0.0
-676.118569,50,2331.817556,0.0
-520.645939,50,2333.029296,0.0
-540.822522,50,2334.161282,0.0
-394.33129,50,2335.190147,0.0
-226.585299,50,2336.227933,0.0
-409.132983,50,2337.334924,0.0
-321.294158,50,2338.449128,0.0
-291.788053,50,2339.4234,0.0
-763.435445,50,2346.250408,0.0
-291.939489,50,2347.390856,0.0
-820.847841,50,2348.591433,0.0
-513.648499,50,2349.669054,0.0
-250.211453,50,2350.683096,0.0
-242.642466,50,2351.675542,0.0
-866.255822,50,2353.68944,0.0
-774.280947,50,2354.728674,0.0
-337.154406,50,2355.729133,0.0
-745.064217,50,2356.725688,0.0
-751.569386,50,2363.450146,0.0
-770.872573,50,2364.497866,0.0
-283.808174,50,2365.560965,0.0
-648.87425,50,2366.779311,0.0
-293.194439,46,2367.803192,1.0
-846.205893,50,2368.912537,0.0
-198.342683,31,2369.661175,1.0
-846.894305,50,2370.856604,0.0
-401.163596,50,2371.904549,0.0
-242.204406,50,2372.852925,0.0
-726.678696,50,2373.969946,0.0
-130.80806,31,2374.627492,1.0
-901.1417,50,2381.45371,0.0
-498.712064,50,2382.488917,0.0
-816.417895,50,2383.482482,0.0
-511.094913,50,2384.545329,0.0
-162.610387,31,2385.183337,1.0
-869.072474,50,2386.146209,0.0
-725.600305,50,2387.323151,0.0
-661.084317,50,2388.321793,0.0
-651.095997,50,2389.32922,0.0
-833.034511,50,2390.296226,0.0
-473.144612,50,2397.088289,0.0
-277.810865,50,2399.192758,0.0
-246.030659,50,2400.166441,0.0
-814.345403,50,2401.131756,0.0
-813.199646,50,2402.168469,0.0
-325.405847,50,2403.222523,0.0
-817.64284,50,2404.277713,0.0
-235.737811,50,2405.35424,0.0
-736.591382,50,2406.497584,0.0
-736.629847,50,2407.602797,0.0
-904.476664,50,2414.391043,0.0
-401.901194,50,2415.429659,0.0
-782.600744,50,2416.474524,0.0
-498.397425,50,2417.507225,0.0
-639.009404,50,2418.612484,0.0
-238.867974,50,2419.65841,0.0
-744.352771,50,2420.686706,0.0
-880.879104,50,2421.703242,0.0
-659.172784,50,2422.756457,0.0
-1058.286579,50,2423.84426,0.0
-574.205325,50,2424.96125,0.0
-622.344149,50,2431.767191,0.0
-538.442569,50,2432.788082,0.0
-476.505876,50,2433.893672,0.0
-458.535689,50,2435.029055,0.0
-215.413296,37,2435.846566,1.0
-964.065748,50,2438.10595,0.0
-1050.370325,50,2439.17495,0.0
-146.416758,14,2439.47722,1.0
-817.117942,50,2440.559045,0.0
-616.059228,50,2441.687648,0.0
-647.142169,50,2442.775425,0.0
-360.012297,50,2449.683981,0.0
-254.541383,50,2450.843262,0.0
-264.920087,50,2451.813241,0.0
-914.223589,50,2452.822994,0.0
-472.828415,50,2453.99367,0.0
-177.881453,50,2455.029002,0.0
-592.930375,50,2456.147717,0.0
-630.529662,50,2457.216612,0.0
-238.196958,37,2458.093205,1.0
-435.054034,50,2459.144331,0.0
-543.730852,50,2465.911755,0.0
-331.958472,50,2466.937926,0.0
-499.813185,50,2468.23549,0.0
-103.800409,7,2468.40257,1.0
-563.058804,50,2469.451584,0.0
-262.253431,50,2470.465379,0.0
-727.688522,50,2471.596024,0.0
-161.772819,50,2472.585091,0.0
-678.43135,50,2473.714007,0.0
-922.563854,50,2474.668101,0.0
-695.518487,50,2475.692047,0.0
-436.178246,50,2483.467067,0.0
-534.910625,50,2484.478052,0.0
-468.485013,50,2485.483044,0.0
-612.635343,50,2486.616498,0.0
-473.217258,50,2487.647374,0.0
-198.997255,21,2488.057873,1.0
-3448.021427,50,2489.190007,0.0
-234.705494,50,2490.20609,0.0
-674.175289,50,2491.179287,0.0
-520.481876,50,2492.22641,0.0
-203.393492,50,2493.336083,0.0
-425.578293,50,2500.144605,0.0
-1178.169877,50,2501.19157,0.0
-281.074905,50,2502.167719,0.0
-781.5293,50,2503.173674,0.0
-855.327126,50,2504.203178,0.0
-398.378001,50,2505.248006,0.0
-169.24217,28,2505.834355,1.0
-382.661987,50,2506.87217,0.0
-489.117228,50,2507.902839,0.0
-509.326946,50,2509.045957,0.0
-132.126071,12,2509.316779,1.0
-316.627787,50,2510.328108,0.0
-230.128727,50,2517.16582,0.0
-465.349617,50,2518.204918,0.0
-507.618179,50,2519.274049,0.0
-186.673564,50,2521.312541,0.0
-279.85097,11,2521.535508,1.0
-119.795779,15,2521.81784,1.0
-831.364308,50,2522.839853,0.0
-865.139214,50,2523.882674,0.0
-861.253493,50,2524.990927,0.0
-782.385556,50,2526.006572,0.0
-645.38741,50,2527.046528,0.0
-1042.870827,50,2533.807395,0.0
-284.794455,14,2534.09682,1.0
-176.987872,39,2534.923027,1.0
-243.854708,41,2535.867775,1.0
-733.280817,50,2536.872538,0.0
-791.393044,50,2537.866351,0.0
-868.302081,50,2538.943198,0.0
-780.095234,50,2539.959933,0.0
-646.101156,50,2541.048115,0.0
-835.389206,50,2542.053917,0.0
-232.612253,50,2543.061514,0.0
-802.270533,50,2544.049519,0.0
-1038.16006,50,2550.887103,0.0
-414.263687,50,2551.958045,0.0
-699.10068,50,2553.061675,0.0
-247.9994,50,2554.12899,0.0
-73.633601,14,2554.47178,1.0
-745.78223,50,2555.714672,0.0
-436.967055,50,2556.822008,0.0
-198.784337,50,2558.070389,0.0
-444.905576,50,2559.261001,0.0
-350.670401,50,2561.193569,0.0
-238.862614,21,2561.679178,1.0
-662.982775,50,2568.57249,0.0
-767.932155,50,2569.674066,0.0
-288.743384,50,2570.768218,0.0
-650.777362,50,2571.870702,0.0
-330.880042,50,2572.948543,0.0
-998.732033,50,2574.029193,0.0
-393.067893,50,2575.043343,0.0
-575.966277,50,2576.185619,0.0
-390.1694,50,2577.320264,0.0
-201.671419,50,2578.364788,0.0
-340.854768,50,2579.431899,0.0
-267.757462,50,2586.192701,0.0
-802.446249,50,2587.276767,0.0
-649.445801,50,2588.362341,0.0
-380.543498,42,2589.296668,1.0
-780.764269,50,2590.431154,0.0
-228.980216,50,2591.423755,0.0
-691.639267,50,2592.466215,0.0
-519.070001,50,2593.427191,0.0
-527.299349,50,2594.439831,0.0
-252.927818,50,2595.535764,1.0
-408.543223,19,2595.922943,1.0
-357.135854,50,2602.734879,0.0
-1036.257172,50,2603.736033,0.0
-735.370612,50,2605.506617,0.0
-487.113418,50,2606.468705,0.0
-108.244211,12,2606.708161,1.0
-453.2311,16,2607.032069,1.0
-92.407589,12,2607.296769,1.0
-436.436102,50,2608.398393,0.0
-187.478344,21,2608.837155,1.0
-311.866948,40,2609.653399,1.0
-884.323624,50,2610.678465,0.0
-437.787112,50,2611.70115,0.0
-191.824892,50,2612.801498,0.0
-218.895321,50,2619.719965,0.0
-173.762587,50,2620.774865,0.0
-768.022246,50,2621.844213,0.0
-261.348734,50,2622.865308,0.0
-488.573267,50,2623.899482,0.0
-770.03586,50,2624.943262,0.0
-474.904529,50,2625.994848,0.0
-968.008752,50,2627.059217,0.0
-553.206744,50,2628.128802,0.0
-885.55782,50,2629.249825,0.0
-235.506291,50,2636.108889,0.0
-657.335232,50,2637.082728,0.0
-469.538319,50,2638.137425,0.0
-865.938347,50,2639.142535,0.0
-682.534583,50,2640.188019,0.0
-496.96671,50,2641.174397,0.0
-602.585423,50,2642.232246,0.0
-388.879474,50,2644.122763,0.0
-1542.91131,50,2645.257613,0.0
-259.492927,50,2646.393671,0.0
-356.120117,50,2653.219778,0.0
-457.36995,18,2653.592139,1.0
-590.094073,50,2654.949987,0.0
-462.376491,46,2656.107793,1.0
-777.46222,50,2657.333535,0.0
-639.610114,50,2658.455314,0.0
-149.815274,17,2658.820923,1.0
-395.352257,50,2659.87719,0.0
-459.719175,50,2661.088851,0.0
-189.648592,45,2661.979269,1.0
-815.480309,50,2663.104036,0.0
-682.351681,50,2664.234976,0.0
-428.808509,50,2671.000383,0.0
-714.316634,50,2671.988328,0.0
-266.32677,50,2673.132304,0.0
-616.553689,50,2674.210425,0.0
-1066.351775,50,2675.274603,0.0
-642.613623,50,2676.47755,0.0
-739.127435,50,2677.46495,0.0
-699.038751,50,2678.468386,0.0
-307.282383,50,2679.492218,0.0
-632.260283,50,2680.523792,0.0
-862.085197,50,2687.286767,0.0
-357.645291,50,2688.321665,0.0
-464.702382,50,2690.340339,0.0
-980.197485,50,2691.370572,0.0
-224.369463,50,2692.36392,0.0
-492.647632,50,2693.407251,0.0
-62.421517,18,2693.755802,1.0
-416.386789,50,2694.837995,0.0
-581.932635,50,2695.902336,0.0
-191.514191,50,2697.042383,0.0
-172.643944,27,2697.698386,1.0
-264.333626,50,2698.759186,0.0
-235.11878,50,2705.681128,0.0
-775.431727,50,2706.82396,0.0
-834.753249,50,2707.972428,0.0
-667.555326,50,2709.028691,0.0
-626.068312,50,2710.169652,0.0
-567.82495,50,2711.124942,0.0
-429.544058,50,2712.20319,0.0
-634.59135,50,2713.2119,0.0
-180.890166,45,2714.135881,1.0
-414.464742,50,2715.133901,0.0
-94.601743,10,2715.346957,1.0
-705.664987,50,2722.309163,0.0
-521.338272,50,2723.466322,0.0
-766.052894,50,2724.508929,0.0
-717.699581,50,2725.50877,0.0
-696.840104,50,2726.466679,0.0
-263.865289,50,2727.452555,0.0
-469.34902,50,2729.642046,0.0
-656.103756,50,2730.688059,0.0
-577.627205,50,2731.87779,0.0
-421.368707,50,2732.931429,0.0
-676.311873,50,2739.768853,0.0
-271.773615,20,2740.309796,1.0
-136.86057,16,2740.711065,1.0
-500.133653,50,2741.769048,0.0
-317.954266,50,2742.931255,0.0
-257.387107,50,2744.102296,0.0
-483.745705,50,2745.24369,0.0
-405.475319,50,2746.328081,0.0
-260.82294,50,2747.402174,0.0
-363.816906,50,2748.471201,0.0
-384.257084,19,2748.837796,1.0
-751.661121,50,2750.00749,0.0
-800.36973,50,2756.872911,0.0
-792.164594,50,2757.975885,0.0
-446.02622,50,2759.022561,0.0
-435.662701,50,2760.094041,0.0
-739.610623,50,2761.281706,0.0
-511.747886,50,2762.452628,0.0
-445.295028,50,2763.572924,0.0
-652.712007,50,2764.759044,0.0
-528.739126,50,2765.762975,0.0
-68.389305,10,2765.960792,1.0
-514.849324,50,2767.054243,0.0
-951.238398,50,2774.915384,0.0
-463.95535,50,2775.972794,0.0
-862.558334,50,2777.010244,0.0
-929.236057,50,2778.001665,0.0
-200.306729,50,2779.109101,0.0
-459.831065,50,2780.233694,0.0
-514.802504,50,2781.362854,0.0
-622.49639,50,2782.41968,0.0
-444.685394,50,2783.60078,0.0
-197.737188,50,2784.738991,0.0
-751.721964,50,2791.653177,0.0
-826.476754,50,2792.730363,0.0
-277.838441,28,2793.320921,1.0
-325.180751,50,2794.361757,0.0
-179.505659,50,2795.412004,0.0
-507.991421,50,2796.42405,0.0
-841.224495,50,2797.444151,0.0
-242.721549,39,2798.325676,1.0
-387.674676,50,2799.377846,0.0
-108.876934,34,2800.10737,1.0
-230.596101,50,2801.236819,0.0
-477.627328,50,2802.29288,0.0
-688.621984,50,2809.154352,0.0
-514.032832,50,2810.24674,0.0
-678.830785,50,2811.402974,0.0
-557.698258,50,2812.425994,0.0
-178.922497,50,2814.26386,0.0
-228.053381,50,2815.251759,0.0
-586.352462,50,2816.356164,0.0
-246.453809,50,2817.453321,0.0
-415.480806,50,2818.505348,0.0
-636.857172,50,2819.596056,0.0
-410.07152,50,2826.497416,0.0
-405.764117,50,2827.573746,0.0
-389.183576,32,2828.251936,1.0
-718.580959,50,2829.274919,0.0
-267.156423,50,2830.354887,0.0
-377.063774,50,2831.425143,0.0
-463.553932,50,2832.497773,0.0
-499.685668,50,2833.563021,0.0
-845.570469,50,2834.54449,0.0
-225.375084,20,2834.97003,1.0
-871.220109,50,2836.077461,0.0
-260.775306,23,2836.542825,1.0
-188.224964,30,2842.946657,1.0
-118.578064,19,2843.374496,1.0
-590.996947,50,2844.458181,0.0
-211.11458,21,2844.906953,1.0
-660.248217,50,2845.97088,0.0
-313.821203,50,2846.990931,0.0
-936.938787,50,2847.983978,0.0
-634.721386,50,2849.062115,0.0
-295.355898,50,2850.070105,0.0
-368.502765,50,2851.088547,0.0
-590.390964,50,2853.309783,0.0
-501.358135,50,2860.245026,0.0
-943.990006,50,2861.260228,0.0
-689.240038,50,2862.277329,0.0
-289.232424,50,2863.363505,0.0
-174.560072,50,2864.348334,0.0
-226.927304,50,2865.481536,0.0
-452.446247,50,2866.568514,0.0
-526.318765,50,2867.666306,0.0
-661.364356,50,2868.845657,0.0
-537.617184,50,2869.852269,0.0
-469.191646,50,2870.849399,0.0
-433.104348,50,2877.738829,0.0
-343.828908,50,2878.860686,0.0
-47.677004,12,2879.109851,1.0
-373.783998,50,2880.142558,0.0
-613.441112,50,2881.200758,0.0
-535.531445,50,2882.555364,0.0
-981.425943,50,2883.663114,0.0
-250.321122,16,2883.976307,1.0
-341.447925,50,2884.982253,0.0
-490.130008,50,2886.110228,0.0
-599.620567,50,2887.231436,0.0
-616.841162,50,2894.100307,0.0
-543.751457,50,2895.204423,0.0
-288.984878,16,2895.509901,1.0
-709.623195,50,2896.476512,0.0
-347.441856,50,2897.512505,0.0
-401.191993,50,2899.531066,0.0
-305.411259,50,2900.681871,0.0
-521.054424,50,2901.78649,0.0
-642.124598,50,2902.771471,0.0
-717.200259,50,2903.891112,0.0
-824.211357,50,2904.871705,0.0
-174.973672,50,2911.752409,0.0
-219.270421,50,2912.895063,0.0
-79.474038,23,2913.410186,1.0
-445.710111,50,2914.514605,0.0
-589.970295,50,2915.647382,0.0
-606.427031,50,2916.619512,0.0
-262.476573,50,2917.640987,0.0
-696.108679,50,2918.741393,0.0
-331.335728,50,2919.858444,0.0
-641.865273,50,2920.902478,0.0
-856.699415,50,2921.971733,0.0
-501.369345,50,2928.941645,0.0
-206.912888,43,2930.026334,1.0
-338.309821,50,2931.226113,0.0
-525.055069,50,2932.45969,0.0
-1146.617575,50,2933.430629,0.0
-542.944755,50,2934.454524,0.0
-236.718812,50,2935.573176,0.0
-333.396043,50,2936.660303,0.0
-633.176189,50,2938.821722,0.0
-640.072232,50,2939.861217,0.0
-304.380253,50,2946.672126,0.0
-1014.414237,50,2947.681447,0.0
-722.186279,50,2948.665287,0.0
-755.599357,50,2949.70612,0.0
-280.279666,50,2950.752213,0.0
-582.998131,50,2951.771927,0.0
-738.671101,50,2952.855842,0.0
-807.049784,50,2953.832405,0.0
-565.869788,50,2954.798157,0.0
-436.363292,50,2955.867424,0.0
-535.987937,50,2957.016618,0.0
-245.69621,50,2963.858794,0.0
-329.092006,50,2964.874531,0.0
-329.066369,50,2965.93403,0.0
-417.782927,50,2966.967952,0.0
-357.29191,50,2968.131871,0.0
-679.654743,50,2969.214087,0.0
-291.004032,50,2970.201386,0.0
-691.6326,50,2971.340983,0.0
-339.741082,50,2972.470437,0.0
-501.099792,50,2973.697352,0.0
-415.015895,50,2980.544897,0.0
-267.447148,50,2981.640639,0.0
-618.856428,50,2983.762864,0.0
-814.445919,50,2984.813336,0.0
-313.809409,50,2985.84771,0.0
-842.228151,50,2986.957933,0.0
-441.730573,50,2988.102216,0.0
-206.339707,50,2989.191407,0.0
-876.781538,50,2990.303097,0.0
-300.518767,50,2991.328814,0.0
-622.21599,50,2998.250948,0.0
-853.723724,50,2999.352719,0.0
-541.717212,50,3000.377003,0.0
-583.651647,50,3001.445285,0.0
-774.848932,50,3002.50521,0.0
-734.592315,50,3003.541163,0.0
-409.553489,43,3004.477865,1.0
-240.622424,50,3005.727734,0.0
-401.705525,50,3006.783412,0.0
-911.22396,50,3007.751989,0.0
-1033.925731,50,3008.818628,0.0
-127.553541,20,3015.03961,1.0
-742.73073,50,3016.080771,0.0
-376.724357,50,3017.094176,0.0
-360.723662,50,3018.192109,0.0
-295.834633,42,3019.051607,1.0
-902.059456,50,3020.091532,0.0
-392.020665,50,3021.198048,0.0
-158.071327,50,3023.249393,0.0
-734.54639,50,3024.407502,0.0
-210.151832,50,3025.483305,0.0
-663.545462,50,3026.496304,0.0
-2477.002473,50,3033.3186,0.0
-178.800827,10,3033.513124,1.0
-479.648681,50,3034.63927,0.0
-571.866267,50,3035.838406,0.0
-526.806748,50,3036.939173,0.0
-572.282773,50,3038.111401,0.0
-599.066019,50,3039.297921,0.0
-816.409061,50,3040.341804,0.0
-374.35096,50,3041.386967,0.0
-944.065664,50,3042.430254,0.0
-300.612322,50,3043.580944,0.0
-174.082662,15,3049.677419,1.0
-457.081886,50,3050.767088,0.0
-414.76652,50,3051.840801,0.0
-955.375405,50,3052.929506,0.0
-361.067402,43,3053.873064,1.0
-30.732316,5,3053.987425,1.0
-531.882029,50,3055.020527,0.0
-733.404483,50,3056.228268,0.0
-793.767425,50,3057.376517,0.0
-243.213461,50,3058.427256,0.0
-515.860139,50,3059.627443,0.0
-472.800595,50,3060.775472,0.0
-609.692242,50,3067.845746,0.0
-680.950328,50,3069.768356,0.0
-684.721551,50,3070.739285,0.0
-473.406726,50,3071.773467,0.0
-636.940613,50,3072.82034,0.0
-396.342083,50,3073.980486,0.0
-1094.26814,50,3075.068064,0.0
-247.937324,50,3076.251245,0.0
-172.319986,28,3076.854868,1.0
-356.235614,42,3077.739875,1.0
-830.341634,50,3084.508236,0.0
-653.279209,50,3085.829,0.0
-571.033419,50,3087.015023,0.0
-285.851827,30,3087.694404,1.0
-561.595079,50,3088.751283,0.0
-378.042457,50,3089.841001,0.0
-206.419209,50,3090.816832,0.0
-158.323253,50,3091.832527,0.0
-242.977641,50,3092.893152,0.0
-747.397667,50,3094.240566,0.0
-830.201301,50,3095.386194,0.0
-446.936261,50,3102.414374,0.0
-669.492443,50,3103.407179,0.0
-594.626867,50,3104.448645,0.0
-798.030468,50,3105.405318,0.0
-526.542869,50,3106.455555,0.0
-899.180407,50,3107.51534,0.0
-293.33341,50,3109.607784,0.0
-1091.130551,50,3110.706782,0.0
-490.598187,50,3111.784475,0.0
-561.652261,50,3112.820768,0.0
-427.717304,50,3119.614847,0.0
-252.184452,50,3120.76323,0.0
-135.235172,20,3121.298312,1.0
-938.087694,50,3122.448817,0.0
-246.129937,16,3122.782785,1.0
-192.349038,15,3123.061546,1.0
-653.699833,50,3124.055205,0.0
-404.631517,49,3125.090823,1.0
-888.363232,50,3126.119692,0.0
-505.196997,50,3127.218763,0.0
-294.125975,50,3128.309812,0.0
-203.630312,50,3129.423831,0.0
-646.765555,50,3130.472346,0.0
-391.056232,50,3137.344545,0.0
-590.212722,50,3138.560097,0.0
-458.271273,50,3139.809104,0.0
-748.979791,50,3140.837863,0.0
-396.214265,50,3141.898111,0.0
-626.8965,50,3142.940858,0.0
-875.898363,50,3144.114683,0.0
-325.480232,50,3145.350071,0.0
-401.034877,50,3146.478999,0.0
-773.523075,50,3147.717227,0.0
-475.979567,50,3155.745451,0.0
-730.400487,50,3156.796874,0.0
-623.89003,50,3157.986414,0.0
-193.810136,14,3158.30251,1.0
-349.056591,50,3159.39584,0.0
-132.088539,19,3159.793224,1.0
-487.577679,50,3160.804245,0.0
-460.230952,50,3161.891527,0.0
-215.307798,50,3163.073352,0.0
-665.872269,50,3164.160825,0.0
-464.578945,28,3164.716052,1.0
-621.819594,50,3165.77568,0.0
-880.45349,50,3172.547196,0.0
-303.88432,50,3173.603319,0.0
-506.799049,50,3174.657306,0.0
-239.778773,17,3175.013379,1.0
-499.622946,50,3176.154611,0.0
-308.254921,50,3177.291668,0.0
-1074.292087,50,3178.305303,0.0
-438.028872,50,3179.329102,0.0
-918.687981,50,3180.453079,0.0
-558.205582,50,3181.633949,0.0
-169.410986,50,3182.661777,0.0
-684.388557,50,3189.4717,0.0
-894.60122,50,3190.471411,0.0
-494.413503,50,3191.502832,0.0
-288.670595,50,3192.613696,0.0
-827.301435,50,3194.730398,0.0
-666.583334,50,3195.733404,0.0
-273.026766,50,3196.909513,0.0
-700.992373,50,3197.93475,0.0
-398.822502,50,3199.095237,0.0
-770.157386,50,3200.187508,0.0
-1071.865938,50,3207.167184,0.0
-444.748336,50,3208.480005,0.0
-831.445344,50,3209.497808,0.0
-584.195337,50,3210.750361,0.0
-541.200871,50,3211.830248,0.0
-393.685788,50,3212.787925,0.0
-924.158136,50,3213.731878,0.0
-266.318613,36,3214.392342,1.0
-237.12832,50,3215.435771,0.0
-1168.781341,50,3216.577849,0.0
-977.359658,50,3223.353289,0.0
-43.730783,6,3223.480721,1.0
-208.89022,50,3224.499868,0.0
-274.777746,38,3225.317492,1.0
-1077.064051,50,3226.336473,0.0
-222.628762,50,3227.325992,0.0
-563.686077,50,3228.41809,0.0
-973.219799,50,3229.554934,0.0
-350.840563,50,3230.654089,0.0
-720.917531,50,3231.76713,0.0
-664.217429,50,3233.855278,0.0
-649.406201,50,3235.033096,0.0
-153.722525,14,3235.398596,1.0
-431.620706,50,3242.389671,0.0
-476.359268,50,3243.45303,0.0
-878.485247,50,3244.475062,0.0
-439.131416,50,3245.500364,0.0
-483.747737,50,3246.544798,0.0
-269.501924,34,3247.313704,1.0
-472.383726,50,3248.343236,0.0
-374.743074,50,3249.379471,0.0
-659.000678,50,3250.494331,0.0
-893.029723,50,3251.562492,0.0
-615.369264,50,3258.343765,0.0
-456.213609,50,3259.374566,0.0
-956.05066,50,3260.366704,0.0
-752.086036,50,3261.461495,0.0
-480.505904,50,3262.53365,0.0
-165.937567,50,3263.58594,0.0
-488.864204,50,3264.643784,0.0
-272.436542,50,3265.716429,0.0
-187.327788,23,3266.244004,1.0
-828.315981,50,3267.225283,0.0
-708.705641,50,3268.252275,0.0
-417.13347,50,3275.1165,0.0
-738.952781,50,3276.102817,0.0
-985.670723,50,3277.116787,0.0
-372.188763,50,3279.111293,0.0
-450.45591,50,3280.270309,0.0
-229.739209,50,3281.280927,0.0
-822.979256,50,3282.281037,0.0
-619.120172,50,3283.347989,0.0
-327.903574,50,3284.359972,0.0
-77.190451,22,3284.820165,1.0
-543.847246,50,3286.041003,0.0
-251.298667,50,3293.01608,0.0
-222.402193,50,3293.972925,0.0
-190.65478,16,3294.271339,1.0
-222.445777,50,3295.228157,0.0
-524.943104,50,3296.272664,0.0
-187.025257,32,3296.912895,1.0
-170.409937,26,3297.464527,1.0
-492.116435,50,3298.500516,0.0
-702.332395,50,3299.535788,0.0
-538.936376,50,3300.637397,0.0
-281.903507,50,3301.793228,0.0
-568.613247,50,3308.945038,0.0
-463.278948,50,3310.06543,0.0
-759.418355,50,3311.196981,0.0
-813.739084,50,3312.210634,0.0
-435.932183,32,3312.895452,1.0
-787.616485,50,3313.911185,0.0
-283.028307,50,3315.121414,0.0
-368.680147,50,3316.264892,0.0
-334.014844,50,3317.301635,0.0
-486.72548,50,3319.272053,0.0
-414.815124,50,3320.300078,0.0
-917.775976,50,3327.055232,0.0
-845.068178,50,3328.111516,0.0
-214.971556,50,3329.115389,0.0
-392.235819,50,3330.144955,0.0
-1036.581918,50,3331.160657,0.0
-220.992894,23,3331.689564,1.0
-355.220216,50,3332.805389,0.0
-141.640194,8,3332.968439,1.0
-499.254794,50,3333.955378,0.0
-810.784018,50,3335.119344,0.0
-716.10729,50,3336.202745,0.0
-539.086824,50,3337.251117,0.0
-669.300377,50,3344.07337,0.0
-309.996358,50,3345.159127,0.0
-721.029025,50,3346.307452,0.0
-462.030182,50,3347.37736,0.0
-671.96809,50,3348.559334,0.0
-640.904283,50,3349.619943,0.0
-486.993277,50,3350.724829,0.0
-746.491594,50,3351.956239,0.0
-704.654599,50,3353.023103,0.0
-446.821917,50,3354.049853,0.0
-530.069894,50,3361.026684,0.0
-679.986652,50,3361.990187,0.0
-526.20001,50,3364.003921,0.0
-259.663695,50,3365.047045,0.0
-441.210683,50,3366.08422,0.0
-395.452641,50,3367.151378,0.0
-674.244518,50,3368.296202,0.0
-593.082172,50,3369.486507,0.0
-245.982624,50,3370.556897,0.0
-256.875492,22,3371.004195,1.0
-426.116344,50,3372.140423,0.0
-503.642468,50,3379.012725,0.0
-387.698377,50,3380.102272,0.0
-866.122204,50,3381.148478,0.0
-547.556703,50,3382.293691,0.0
-486.109469,50,3383.371742,0.0
-969.422733,50,3384.442288,0.0
-271.734666,50,3385.472163,0.0
-942.203493,50,3386.555639,0.0
-105.144635,12,3386.813051,1.0
-874.985935,50,3387.931789,0.0
-552.642974,50,3389.368778,0.0
-477.060736,50,3396.190878,0.0
-593.518914,50,3397.235552,0.0
-914.989107,50,3398.275498,0.0
-896.569817,50,3399.266374,0.0
-371.52164,50,3400.31925,0.0
-806.868568,50,3401.399157,0.0
-296.590636,50,3403.531819,0.0
-989.001618,50,3404.522977,0.0
-798.927506,50,3405.675591,0.0
-435.948849,50,3406.729077,0.0
-336.998212,50,3413.56702,0.0
-335.66,50,3414.648913,0.0
-235.759934,13,3414.916532,1.0
-256.942727,50,3415.999027,0.0
-822.117987,50,3417.182222,0.0
-725.055136,50,3418.352604,0.0
-147.37337,50,3419.367687,0.0
-171.169896,11,3419.595222,1.0
-461.553172,50,3420.788295,0.0
-497.345676,50,3421.911955,0.0
-332.789684,50,3423.009993,0.0
-189.829514,33,3423.730376,1.0
-1027.695922,50,3430.560385,0.0
-665.272446,50,3431.619742,0.0
-885.280348,50,3432.662081,0.0
-312.372724,50,3433.690225,0.0
-227.187594,50,3434.713869,0.0
-450.025282,42,3435.56232,1.0
-326.737098,50,3436.658873,0.0
-212.34826,13,3436.93542,1.0
-300.496576,50,3438.018862,0.0
-263.51287,50,3439.043721,0.0
-863.868202,50,3440.091013,0.0
-923.978043,50,3447.040642,0.0
-578.530334,50,3449.131547,0.0
-306.148873,50,3450.226829,0.0
-359.92098,50,3451.345784,0.0
-239.806238,50,3452.401967,0.0
-263.582462,25,3452.896665,1.0
-242.783677,50,3453.943832,0.0
-811.73403,50,3454.996054,0.0
-847.196275,50,3456.068578,0.0
-541.926972,50,3457.227805,0.0
-702.842207,50,3458.344474,0.0
-263.293451,50,3465.144317,0.0
-869.169841,50,3466.218611,0.0
-687.134232,50,3467.362845,0.0
-608.454995,50,3468.685948,0.0
-1175.159455,50,3469.903583,0.0
-931.936043,50,3471.11358,0.0
-454.898348,50,3472.29933,0.0
-403.380919,50,3473.337939,0.0
-991.263895,50,3474.400535,0.0
-641.627038,50,3475.531776,0.0
-470.945944,50,3482.420568,0.0
-491.370011,50,3483.554937,0.0
-295.011248,23,3484.083356,1.0
-205.831197,50,3485.193321,0.0
-128.025835,11,3485.425753,1.0
-732.108227,50,3486.417069,0.0
-764.855882,50,3487.474348,0.0
-108.388797,9,3487.67886,1.0
-498.44151,50,3489.874001,0.0
-583.584484,50,3491.005949,0.0
-913.735005,50,3492.194022,0.0
-264.013369,50,3493.270032,0.0
-252.020962,50,3494.380068,0.0
-331.905662,50,3501.179095,0.0
-1122.941694,50,3502.21564,0.0
-193.40365,50,3503.212478,0.0
-325.851657,50,3504.424124,0.0
-250.846804,50,3505.624148,1.0
-848.497536,50,3506.791566,0.0
-841.978278,50,3507.867663,0.0
-923.266184,50,3508.952082,0.0
-388.380902,50,3510.060279,0.0
-751.998078,50,3511.192932,0.0
-259.644223,50,3518.037778,0.0
-243.436348,50,3519.101374,0.0
-700.674851,50,3520.248663,0.0
-594.929564,50,3521.374837,0.0
-190.173872,50,3522.462007,0.0
-551.58667,50,3523.518334,0.0
-423.608699,50,3524.590353,0.0
-233.998043,50,3525.63447,0.0
-590.187295,50,3526.71964,0.0
-579.109439,50,3527.841717,0.0
-278.144612,15,3529.145101,1.0
-895.066867,50,3535.929649,0.0
-657.049619,50,3536.988475,0.0
-324.165433,50,3538.054348,0.0
-379.853878,50,3539.113193,0.0
-411.346761,50,3540.240454,0.0
-730.394232,50,3541.264594,0.0
-551.033774,50,3542.386234,0.0
-755.064224,50,3543.490049,0.0
-915.744152,50,3544.534787,0.0
-551.140558,50,3545.674346,0.0
-83.789489,15,3545.989961,1.0
-697.473544,50,3552.851767,0.0
-127.645121,9,3553.033733,1.0
-373.152701,50,3554.162882,0.0
-827.814093,50,3555.240082,0.0
-117.671717,15,3555.556336,1.0
-982.50442,50,3556.54446,0.0
-349.379977,50,3557.599259,0.0
-235.373778,50,3558.851913,0.0
-136.054624,22,3559.386468,1.0
-629.973715,50,3560.455965,0.0
-354.342056,50,3561.444757,0.0
-380.279894,50,3562.459104,0.0
-234.714555,50,3569.214485,0.0
-490.370924,50,3570.191432,0.0
-219.966684,13,3570.470378,1.0
-303.250315,19,3570.90718,1.0
-30.183921,4,3570.999497,1.0
-606.788491,50,3572.092469,0.0
-405.746366,50,3574.320347,0.0
-188.887318,50,3575.38932,0.0
-648.341488,50,3576.446283,0.0
-424.330965,50,3577.62884,0.0
-1115.816348,50,3578.58632,0.0
-471.441613,50,3579.579931,0.0
-684.45726,50,3586.526775,0.0
-708.080973,50,3587.576743,0.0
-531.919985,50,3588.794987,0.0
-265.42464,50,3589.810751,0.0
-912.497813,50,3590.828622,0.0
-179.728023,26,3591.334906,1.0
-418.842068,50,3592.367368,0.0
-342.27158,50,3593.428529,0.0
-577.978138,50,3594.493207,0.0
-320.102022,50,3595.616238,0.0
-747.109796,50,3596.74981,0.0
-469.652865,48,3603.674939,1.0
-637.895013,50,3604.797182,0.0
-894.917291,50,3605.94202,0.0
-665.91946,50,3607.023886,0.0
-606.662335,50,3608.106062,0.0
-495.417525,50,3609.089174,0.0
-720.385261,50,3610.160145,0.0
-480.022374,50,3611.284797,0.0
-755.619286,50,3612.342768,0.0
-338.141281,50,3614.390433,0.0
-128.176726,38,3615.209255,1.0
-411.413291,27,3618.233157,1.0
-412.766448,50,3619.25988,0.0
-307.174628,50,3620.382363,0.0
-894.166078,50,3621.487722,0.0
-385.384829,50,3622.525711,0.0
-575.905213,50,3623.692301,0.0
-256.22169,50,3624.794884,0.0
-373.995459,50,3625.954039,0.0
-148.703757,50,3627.046762,0.0
-520.275696,50,3628.225642,0.0
-44.2032,7,3628.388858,1.0
-920.455348,50,3632.160244,0.0
-883.533132,50,3633.381807,0.0
-420.598995,50,3634.504323,0.0
-419.184531,50,3635.623835,0.0
-529.908893,50,3636.890587,0.0
-156.712447,50,3637.935488,0.0
-451.205364,28,3638.559289,1.0
-239.726492,50,3639.693397,0.0
-349.282185,50,3640.852472,0.0
-208.086943,28,3641.456807,1.0
-262.454366,50,3642.5143,0.0
-414.40637,50,3645.944628,0.0
-370.317608,50,3647.090111,0.0
-195.372039,50,3648.149273,0.0
-847.358676,50,3650.218794,0.0
-153.584722,35,3650.985442,1.0
-201.965446,50,3652.00941,0.0
-391.700835,50,3653.069731,0.0
-105.156922,9,3653.256174,1.0
-390.83971,50,3654.333459,0.0
-63.89501,25,3654.873091,1.0
-778.119335,50,3655.927598,0.0
-614.213117,50,3656.966944,0.0
-442.878587,50,3660.555322,0.0
-501.239815,50,3661.675297,0.0
-168.992114,34,3662.413137,1.0
-638.121841,50,3663.449423,0.0
-132.072944,24,3663.9833,1.0
-413.790681,50,3665.15181,0.0
-268.872563,50,3666.27247,0.0
-89.63274,25,3666.795311,1.0
-607.137475,50,3667.842451,0.0
-617.320434,50,3668.927894,0.0
-670.551462,50,3670.085737,0.0
-427.084768,50,3671.138948,0.0
-220.495602,25,3674.065139,1.0
-440.465717,50,3675.292639,0.0
-259.444536,50,3676.439882,0.0
-377.782692,50,3677.522177,0.0
-1008.821179,50,3678.57046,0.0
-544.696494,50,3679.664659,0.0
-767.855538,50,3680.66925,0.0
-382.801746,50,3681.734422,0.0
-432.298797,50,3683.899313,0.0
-72.845919,17,3684.255171,1.0
-336.994746,50,3685.270749,0.0
-638.04981,50,3690.795968,0.0
-221.738246,50,3691.852554,0.0
-140.029457,39,3692.750977,1.0
-489.753034,50,3693.830702,0.0
-980.799638,50,3695.077024,0.0
-446.113094,50,3696.208698,0.0
-348.457859,50,3697.250319,0.0
-304.445239,50,3698.323505,0.0
-323.837482,50,3699.389386,0.0
-170.789491,50,3700.498173,0.0
-503.301598,50,3701.626797,0.0
-394.743841,22,3707.865626,1.0
-750.046123,50,3708.969335,0.0
-317.529981,50,3710.080352,0.0
-412.438446,50,3711.129609,0.0
-609.695528,29,3711.733326,1.0
-336.837723,50,3712.990918,0.0
-349.584946,50,3714.042256,0.0
-263.802595,50,3715.093152,0.0
-667.812503,50,3716.062852,0.0
-760.853593,50,3717.142848,0.0
-790.604027,50,3718.197791,0.0
-219.171779,33,3724.739328,1.0
-654.600394,50,3725.915943,0.0
-479.534492,50,3727.978974,0.0
-692.450597,50,3728.963193,0.0
-1193.332542,50,3730.06071,0.0
-664.706823,50,3731.100863,0.0
-364.49467,43,3732.251337,1.0
-413.490898,50,3733.299201,0.0
-402.491704,50,3734.442088,0.0
-525.231559,50,3735.408986,0.0
-70.078929,10,3735.607118,1.0
-479.002332,50,3742.422437,0.0
-1085.745153,50,3743.492165,0.0
-245.549278,50,3744.634417,0.0
-235.990036,50,3745.844743,0.0
-373.057673,50,3747.09825,0.0
-294.444694,50,3748.263359,0.0
-594.503371,50,3749.507247,0.0
-287.161486,50,3750.689727,0.0
-298.608959,33,3751.495187,1.0
-725.311322,50,3752.643799,0.0
-805.658882,50,3753.672489,0.0
-163.206273,50,3760.533683,1.0
-207.370629,14,3760.828091,1.0
-627.063962,50,3761.902925,0.0
-521.729634,50,3762.982916,0.0
-346.654987,50,3763.990243,0.0
-637.559308,50,3765.107765,0.0
-504.531009,50,3766.185978,0.0
-330.794129,50,3768.045094,0.0
-1026.805181,50,3769.044272,0.0
-229.762505,50,3770.121818,0.0
-206.843638,50,3771.207428,0.0
-461.863837,50,3778.061855,0.0
-231.266083,29,3778.688021,1.0
-578.618993,50,3779.712914,0.0
-991.282187,50,3780.710338,0.0
-421.679358,50,3781.81823,0.0
-588.566617,50,3782.927226,0.0
-279.283321,50,3784.055835,0.0
-278.683655,50,3785.111425,0.0
-830.607642,50,3786.160872,0.0
-783.22229,50,3787.319193,0.0
-417.641223,50,3788.290725,0.0
-243.808918,50,3795.149571,0.0
-596.931345,50,3796.23593,0.0
-616.272001,50,3797.305459,0.0
-414.467604,50,3798.393979,0.0
-620.46467,50,3799.397311,0.0
-432.284137,50,3800.450991,0.0
-195.554441,50,3801.531255,0.0
-673.06442,50,3802.709094,0.0
-267.562656,12,3802.980872,1.0
-1103.555626,50,3804.176443,0.0
-340.081641,50,3805.182318,0.0
-405.837357,50,3812.923544,0.0
-618.223926,50,3813.904399,0.0
-936.895731,50,3814.92941,0.0
-406.306814,50,3816.068882,0.0
-440.068899,50,3817.089598,0.0
-763.761845,50,3818.153023,0.0
-340.340594,50,3819.225719,0.0
-809.375916,50,3820.316893,0.0
-225.640125,50,3821.469723,0.0
-741.685465,50,3822.508695,0.0
-763.23577,50,3829.499693,0.0
-215.383918,50,3830.653843,0.0
-367.823305,50,3831.76541,0.0
-576.376456,50,3832.916557,0.0
-634.502769,50,3834.047272,0.0
-732.680093,50,3835.132633,0.0
-512.252339,50,3836.199681,0.0
-381.075405,50,3837.388224,0.0
-223.027595,35,3838.111787,1.0
-390.459227,50,3839.184942,0.0
-177.434285,50,3846.034837,0.0
-678.342448,50,3847.073383,0.0
-218.703157,19,3847.480196,1.0
-399.607913,50,3848.58272,0.0
-89.984353,14,3848.883605,1.0
-389.546237,50,3849.935484,0.0
-273.971592,46,3851.0045,1.0
-474.94489,50,3853.091423,0.0
-215.932341,50,3854.161464,0.0
-551.341138,50,3855.304735,0.0
-884.904583,50,3856.41916,0.0
-209.553211,50,3857.495614,0.0
-599.624751,50,3864.363127,0.0
-879.544452,50,3865.434995,0.0
-285.278509,47,3866.522845,1.0
-519.508578,50,3867.646778,0.0
-400.085737,50,3868.731369,0.0
-54.416906,7,3868.886491,1.0
-291.643085,50,3870.076803,0.0
-625.73076,50,3871.179138,0.0
-851.176371,50,3872.343838,0.0
-749.662676,50,3873.359841,0.0
-710.990256,50,3874.402837,0.0
-241.408774,22,3874.901983,1.0
-178.968447,32,3881.386231,1.0
-374.845925,50,3882.502959,0.0
-585.745675,50,3884.005321,0.0
-695.126687,50,3885.091227,0.0
-865.449742,50,3886.166948,0.0
-806.754315,50,3887.241617,0.0
-479.568799,50,3888.246898,0.0
-782.511792,50,3889.417538,0.0
-567.154382,50,3890.492737,0.0
-951.574071,50,3891.449534,0.0
-835.707673,50,3899.198551,0.0
-350.972116,34,3900.0457,1.0
-561.467413,50,3901.189397,0.0
-929.418916,50,3902.320845,0.0
-360.182951,50,3903.367501,0.0
-727.555798,50,3904.414398,0.0
-686.000817,50,3905.454805,0.0
-758.261625,50,3906.53745,0.0
-575.107369,50,3907.676488,0.0
-468.868743,50,3908.811571,0.0
-720.524664,50,3909.896778,0.0
-823.767038,50,3916.737205,0.0
-735.984265,50,3917.988197,0.0
-632.186821,50,3918.994354,0.0
-233.059134,50,3920.126035,0.0
-239.258686,50,3921.35265,0.0
-47.600907,5,3921.453002,1.0
-280.321074,50,3922.51573,0.0
-858.087032,50,3923.507099,0.0
-775.417212,50,3924.547578,0.0
-341.974141,50,3925.62942,0.0
-194.250521,50,3926.744151,0.0
-713.980879,50,3933.656892,0.0
-250.020815,50,3934.799661,0.0
-845.873383,50,3936.033689,0.0
-690.394372,50,3937.248867,0.0
-343.325984,50,3939.48092,0.0
-297.522411,37,3940.226742,1.0
-965.158512,50,3941.32642,0.0
-600.120371,50,3942.36567,0.0
-862.875777,50,3943.512472,0.0
-257.504561,50,3944.686145,0.0
-587.142436,50,3945.860664,0.0
-2788.622275,50,3952.775025,0.0
-859.992053,50,3953.937689,0.0
-589.343362,50,3955.077558,0.0
-264.455024,50,3956.22112,0.0
-390.063942,50,3957.418542,0.0
-303.6192,50,3958.560332,0.0
-366.131166,50,3959.675687,0.0
-251.84028,50,3960.7577,0.0
-670.269348,50,3961.819577,0.0
-709.293555,50,3962.949744,0.0
-547.033574,50,3969.811343,0.0
-337.362196,50,3970.900434,0.0
-573.77758,50,3972.074556,0.0
-271.380403,50,3973.150269,0.0
-883.013668,50,3974.225904,0.0
-150.432118,16,3974.581835,1.0
-647.716296,50,3975.629284,0.0
-49.343284,12,3975.906648,1.0
-511.765477,50,3977.031449,0.0
-748.335421,50,3978.076134,0.0
-262.575803,50,3980.201451,0.0
-56.578245,7,3980.352359,1.0
-335.605153,50,3987.227441,0.0
-722.623723,50,3988.355235,0.0
-287.528584,50,3989.420927,0.0
-587.925306,50,3990.513132,0.0
-278.817342,41,3991.542483,1.0
-486.327045,50,3992.684571,0.0
-654.068993,50,3993.845886,0.0
-376.128874,50,3994.934195,0.0
-192.931798,44,3995.852587,1.0
-460.135584,50,3996.968013,0.0
-1032.750031,50,3997.977362,0.0
-867.804377,50,4004.825344,0.0
-513.257525,50,4005.9054,0.0
-1068.371469,50,4006.897486,0.0
-828.703981,50,4007.890338,0.0
-788.934944,50,4008.97732,0.0
-244.586982,50,4010.124662,0.0
-299.293983,16,4010.491354,1.0
-519.975787,50,4011.508949,0.0
-594.354751,50,4012.521891,0.0
-595.468749,50,4013.594727,0.0
-270.934823,50,4014.668133,0.0
-927.061066,50,4021.54544,0.0
-257.301411,50,4022.649325,0.0
-588.109446,50,4024.659675,0.0
-981.672376,50,4025.740968,0.0
-567.171455,50,4026.815907,0.0
-873.950793,50,4027.864743,0.0
-81.809099,34,4028.592753,1.0
-251.347626,50,4029.727483,0.0
-737.893124,50,4030.745566,0.0
-440.92706,50,4031.787482,0.0
-335.329604,50,4038.692985,0.0
-432.971698,50,4039.863586,0.0
-766.927635,50,4041.043399,0.0
-929.383232,50,4042.032797,0.0
-344.337246,50,4043.055985,0.0
-781.576125,50,4044.127337,0.0
-369.137525,33,4044.840876,1.0
-755.84447,50,4045.991047,0.0
-117.201064,23,4046.491084,1.0
-132.701164,42,4047.450766,1.0
-735.81673,50,4048.541049,0.0
-222.811917,50,4049.611885,0.0
-311.438891,50,4056.567972,0.0
-924.076809,50,4057.590628,0.0
-813.590993,50,4058.593306,0.0
-960.092068,50,4059.726186,0.0
-754.529066,50,4060.881616,0.0
-712.489369,50,4061.988912,0.0
-464.380157,50,4063.152053,0.0
-265.849905,50,4065.321812,0.0
-669.217111,50,4066.424535,0.0
-193.59153,50,4067.483001,0.0
-804.666641,50,4074.280578,0.0
-503.353531,50,4075.32458,0.0
-479.874311,50,4076.363257,0.0
-451.480758,50,4077.418522,0.0
-220.541436,50,4078.623182,0.0
-107.264002,10,4078.85828,1.0
-604.753185,50,4079.922742,0.0
-139.547605,9,4080.102205,1.0
-362.645663,50,4081.126803,0.0
-120.683054,50,4082.227887,0.0
-198.96935,50,4083.34173,0.0
-672.180208,50,4084.486548,0.0
-893.206028,50,4091.301634,0.0
-244.945505,50,4092.339804,0.0
-251.146985,50,4093.393896,0.0
-917.153965,50,4094.518793,0.0
-704.577471,50,4095.526758,0.0
-591.904292,50,4096.600351,0.0
-528.277967,50,4097.709433,0.0
-610.523373,50,4098.770899,0.0
-277.076437,50,4099.92959,0.0
-130.728824,50,4101.072928,0.0
-702.326276,50,4107.960576,0.0
-493.344995,50,4109.994844,0.0
-276.857942,11,4110.200356,1.0
-456.635497,50,4111.334028,0.0
-226.958912,50,4112.470013,0.0
-145.053282,50,4113.57344,0.0
-724.534637,50,4114.663312,0.0
-245.479939,50,4115.681061,0.0
-623.23377,50,4116.666107,0.0
-100.453004,12,4116.912026,1.0
-268.825941,21,4117.334888,1.0
-718.931071,50,4118.363,0.0
