#{"t_start": 1649828312.814316, "env_id": "PandaReachJoints-v2"}
r,l,t,is_success
-10.311158,50,1.378844,0.0
-7.917038,50,2.337707,0.0
-8.761899,50,3.386676,0.0
-10.775661,50,4.512276,0.0
-10.752004,50,5.550522,0.0
-5.906563,50,6.710384,0.0
-6.269544,50,7.92443,0.0
-12.639561,50,9.095765,0.0
-12.281236,50,10.345358,0.0
-7.189821,50,11.51335,0.0
-7.484591,50,18.416353,0.0
-9.090114,50,19.397831,0.0
-9.043301,50,20.334475,0.0
-6.06307,50,21.367309,0.0
-10.35671,50,22.495934,0.0
-6.110206,50,23.569271,0.0
-9.438555,50,24.528759,0.0
-11.210892,50,25.535595,0.0
-13.219084,50,26.679321,0.0
-12.318083,50,27.905278,0.0
-6.663866,50,34.896227,0.0
-8.571167,50,36.030318,0.0
-8.610947,50,37.2023,0.0
-9.897579,50,38.422012,0.0
-11.94339,50,39.517232,0.0
-6.424817,50,41.622795,0.0
-9.238374,50,42.705491,0.0
-9.810377,50,43.741256,0.0
-9.650653,50,44.887815,0.0
-7.70162,50,45.852424,0.0
-11.526592,50,52.661196,0.0
-6.350811,50,53.717288,0.0
-10.528617,50,54.76592,0.0
-8.776093,50,55.796746,0.0
-6.666982,50,56.885596,0.0
-7.312829,50,57.917476,0.0
-6.663993,50,59.007041,0.0
-6.834864,50,60.063708,0.0
-10.081564,50,61.262448,0.0
-20.414879,50,62.475105,0.0
-8.703195,50,69.323587,0.0
-6.255088,50,70.627685,0.0
-12.466962,50,71.746033,0.0
-1.397331,10,71.934903,1.0
-7.125502,50,72.899771,0.0
-14.747212,50,73.924448,0.0
-7.426865,50,74.942931,0.0
-11.223199,50,76.180026,0.0
-7.031444,50,77.332726,0.0
-12.150435,50,78.442458,0.0
-7.328717,50,80.475197,0.0
-7.271851,50,81.499355,0.0
-12.422046,50,88.397311,0.0
-12.915373,50,89.628985,0.0
-7.786262,50,90.84885,0.0
-5.325996,50,91.931863,0.0
-12.906099,50,93.193499,0.0
-6.758687,50,94.243249,0.0
-8.800023,50,95.333234,0.0
-8.999721,50,96.419643,0.0
-6.212931,50,97.589905,0.0
-7.056081,50,98.563576,0.0
-9.200671,50,105.423204,0.0
-11.156272,50,106.663891,0.0
-9.703156,50,107.786072,0.0
-11.662427,50,109.095716,0.0
-6.061058,50,110.180518,0.0
-6.240109,50,111.254539,0.0
-12.954168,50,112.395202,0.0
-4.986357,50,113.530046,0.0
-5.322501,50,114.738073,0.0
-10.21981,50,115.850891,0.0
-5.607806,50,122.587206,0.0
-10.316677,50,123.51102,0.0
-9.536519,50,124.607748,0.0
-11.219988,50,126.747416,0.0
-4.998296,50,127.835024,0.0
-6.387294,50,128.81929,0.0
-13.636777,50,129.989082,0.0
-7.43991,50,131.224798,0.0
-5.831665,50,132.382942,0.0
-7.789153,50,133.579262,0.0
-4.600698,50,140.516849,0.0
-6.022738,50,141.549413,0.0
-8.845036,50,142.636183,0.0
-13.405835,50,143.703609,0.0
-8.592503,50,144.912573,0.0
-9.45194,50,146.176569,0.0
-8.933979,50,147.297613,0.0
-11.033642,50,148.346483,0.0
-8.039676,50,149.437282,0.0
-13.078215,50,150.433083,0.0
-6.137332,50,157.274909,0.0
-6.47052,50,158.337336,0.0
-13.240144,50,159.465996,0.0
-5.360678,50,160.727381,0.0
-10.466498,50,161.77252,0.0
-4.551184,50,162.887763,0.0
-6.802649,50,163.97278,0.0
-10.994774,50,165.016417,0.0
-5.084604,50,167.189707,0.0
-8.270197,50,168.446245,0.0
-12.301089,50,169.687057,0.0
-7.571519,50,176.430236,0.0
-5.184513,50,177.516843,0.0
-7.716845,50,178.62317,0.0
-6.47896,50,179.783041,0.0
-7.25927,50,180.789336,0.0
-8.565949,50,181.956213,0.0
-4.880189,50,183.090505,0.0
-5.180303,50,184.236932,0.0
-5.411948,50,185.292704,0.0
-6.344218,50,186.486113,0.0
-9.642585,50,193.262721,0.0
-16.437557,50,194.353779,0.0
-6.749435,50,195.413952,0.0
-5.660668,50,196.461408,0.0
-6.166335,50,197.635343,0.0
-5.305965,50,198.827602,0.0
-11.240598,50,200.046905,0.0
-10.520437,50,201.136474,0.0
-8.135501,50,202.335914,0.0
-9.088836,50,203.360804,0.0
-10.971791,50,210.280338,0.0
-5.642425,50,211.190619,0.0
-8.015891,50,213.323307,0.0
-10.110417,50,214.491724,0.0
-5.589908,50,215.672732,0.0
-8.659081,50,216.642143,0.0
-5.201204,50,217.664181,0.0
-5.132541,50,218.724799,0.0
-9.075517,50,219.927457,0.0
-6.853232,50,221.042426,0.0
-9.821153,50,228.060898,0.0
-7.367295,50,229.178666,0.0
-6.244896,50,230.350952,0.0
-10.74572,50,231.433885,0.0
-6.352076,50,232.500241,0.0
-12.574225,50,233.615033,0.0
-5.057989,50,234.744455,0.0
-9.874687,50,235.809467,0.0
-6.574731,50,237.022417,0.0
-7.889463,50,238.1417,0.0
-7.44547,50,239.326102,0.0
-5.783339,50,246.245011,0.0
-11.119382,50,247.29037,0.0
-6.333784,50,248.383211,0.0
-9.968185,50,249.552677,0.0
-4.820112,50,250.562662,0.0
-13.488887,50,251.71813,0.0
-8.126565,50,253.791213,0.0
-9.175204,50,254.951806,0.0
-6.484621,50,255.93486,0.0
-6.713872,50,256.925178,0.0
-5.302725,50,263.749899,0.0
-4.116937,50,264.789975,0.0
-7.69744,50,265.845355,0.0
-10.095217,50,266.869994,0.0
-15.892829,50,267.91154,0.0
-7.457205,50,268.905525,0.0
-5.770938,50,270.035573,0.0
-7.559884,50,271.063041,0.0
-7.602598,50,272.186805,0.0
-6.144219,50,273.386801,0.0
-8.3827,50,280.312339,0.0
-4.808411,50,281.462114,0.0
-6.972684,50,282.696884,0.0
-7.206694,50,283.827698,0.0
-9.052839,50,284.912472,0.0
-4.059445,50,286.037566,0.0
-7.672203,50,287.04343,0.0
-6.923615,50,288.147722,0.0
-8.83144,50,289.285536,0.0
-7.378902,50,290.387218,0.0
-13.12772,50,297.253509,0.0
-11.386864,50,299.418254,0.0
-5.085304,50,300.543196,0.0
-5.348224,50,301.566162,0.0
-4.653051,50,302.731202,0.0
-4.30797,50,303.708009,0.0
-12.203222,50,304.864831,0.0
-6.207154,50,306.051691,0.0
-7.231748,50,307.273462,0.0
-7.236309,50,308.22959,0.0
-9.294959,50,309.2704,0.0
-8.751277,50,316.146901,0.0
-4.054223,50,317.265958,0.0
-19.6366,50,318.36744,0.0
-6.021623,50,319.554044,0.0
-11.258614,50,320.809633,0.0
-11.066496,50,322.101275,0.0
-7.358373,50,323.293743,0.0
-8.229448,50,324.533819,0.0
-4.025835,50,325.6634,0.0
-8.828758,50,326.748144,0.0
-4.447863,50,333.579833,0.0
-8.691999,50,334.767498,0.0
-6.655539,50,335.928493,0.0
-5.079119,50,337.054544,0.0
-5.946462,50,338.212617,0.0
-9.789408,50,340.397222,0.0
-5.663594,50,341.390043,0.0
-5.440889,50,342.458653,0.0
-7.646059,50,343.559743,0.0
-13.200667,50,344.654827,0.0
-11.260889,50,351.560043,0.0
-7.530775,50,352.597103,0.0
-6.323213,50,353.786591,0.0
-4.63615,50,354.806185,0.0
-6.143109,50,355.869025,0.0
-6.458875,50,356.965093,0.0
-5.272656,50,358.077843,0.0
-6.868754,50,359.262527,0.0
-5.188203,50,360.383748,0.0
-7.646678,50,361.488972,0.0
-6.340435,50,368.324379,0.0
-7.929682,50,369.507512,0.0
-10.983073,50,370.514973,0.0
-8.609683,50,371.562974,0.0
-4.753425,50,372.609074,0.0
-4.230777,50,373.763571,0.0
-9.450949,50,374.898869,0.0
-3.140678,50,376.023946,0.0
-3.67886,50,377.202345,0.0
-7.843456,50,378.369975,0.0
-8.106962,50,380.231901,0.0
-7.3786,50,387.044137,0.0
-5.735655,50,388.147457,0.0
-6.529294,50,389.277539,0.0
-7.492107,50,390.457177,0.0
-7.660597,50,391.601476,0.0
-4.109129,50,392.618042,0.0
-12.952228,50,393.72472,0.0
-3.157809,50,394.727732,0.0
-11.82032,50,395.994915,0.0
-5.542352,50,397.14489,0.0
-20.111126,50,403.753531,0.0
-5.002736,50,404.747706,0.0
-1.431885,8,404.89971,1.0
-4.144776,50,405.992924,0.0
-4.117397,50,407.053548,0.0
-4.597298,50,408.271007,0.0
-8.419548,50,409.293494,0.0
-4.609926,50,410.488609,0.0
-7.452258,50,411.628496,0.0
-6.99436,50,412.754649,0.0
-3.881992,50,413.866924,0.0
-4.162878,50,420.787762,0.0
-7.068451,50,421.939058,0.0
-5.200695,50,423.014245,0.0
-5.906351,50,424.059797,0.0
-7.614333,50,426.204806,0.0
-8.302279,50,427.298006,0.0
-7.517657,50,428.336121,0.0
-3.857328,50,429.408277,0.0
-8.135994,50,430.560597,0.0
-4.292845,50,431.682703,0.0
-7.558977,50,438.48218,0.0
-4.482077,50,439.629601,0.0
-11.367303,50,440.705823,0.0
-4.221845,50,441.789429,0.0
-11.186379,50,442.972509,0.0
-6.302949,50,444.016234,0.0
-3.309849,50,445.068401,0.0
-5.544295,50,446.164346,0.0
-8.270887,50,447.26242,0.0
-12.01279,50,448.369416,0.0
-5.920964,50,455.379185,0.0
-5.017714,50,456.513071,0.0
-10.070983,50,457.631765,0.0
-2.882126,50,458.629631,0.0
-4.902425,50,459.720021,0.0
-10.76123,50,460.913706,0.0
-4.373174,50,462.117671,0.0
-6.724111,50,463.174694,0.0
-5.018189,50,464.361265,0.0
-5.292338,50,466.599884,0.0
-5.215811,50,467.742484,0.0
-4.422961,50,474.735691,0.0
-6.299653,50,475.783016,0.0
-6.876064,50,476.91077,0.0
-4.06746,50,478.051986,0.0
-13.166699,50,479.156329,0.0
-5.197703,50,480.260466,0.0
-7.607099,50,481.434338,0.0
-5.199802,50,482.650371,0.0
-5.968754,50,483.845187,0.0
-7.085158,50,484.936349,0.0
-6.551109,50,491.902763,0.0
-4.354608,50,493.111368,0.0
-4.776231,50,494.284294,0.0
-5.008534,50,495.353012,0.0
-6.691108,50,496.372182,0.0
-3.661626,50,497.477109,0.0
-8.815786,50,498.611425,0.0
-8.559531,50,499.702196,0.0
-6.837174,50,500.782274,0.0
-3.727632,50,502.000234,0.0
-8.517438,50,509.034685,0.0
-11.959603,50,510.235327,0.0
-9.558216,50,511.51999,0.0
-13.740007,50,513.570778,0.0
-3.437083,50,514.685765,0.0
-6.683214,50,515.73104,0.0
-9.326245,50,516.868967,0.0
-4.154665,50,517.95936,0.0
-11.046408,50,519.066142,0.0
-8.328482,50,520.323689,0.0
-3.224184,50,527.252627,0.0
-4.647638,50,528.319828,0.0
-7.965246,50,529.501621,0.0
-3.516535,50,530.547832,0.0
-7.812688,50,531.636062,0.0
-6.349522,50,532.703719,0.0
-3.316296,50,533.764202,0.0
-3.897534,50,535.086753,0.0
-9.458377,50,536.084585,0.0
-4.757834,50,537.159783,0.0
-4.812034,50,538.305207,0.0
-6.122358,50,545.245649,0.0
-3.370312,50,546.366129,0.0
-3.259719,50,547.623006,0.0
-5.656605,50,548.780725,0.0
-4.41814,50,550.046626,0.0
-7.580053,50,551.278774,0.0
-4.531454,50,552.36242,0.0
-17.895341,50,554.437964,0.0
-5.093195,50,555.482635,0.0
-3.465078,50,556.613328,0.0
-9.726294,50,563.625886,0.0
-9.771882,50,564.813255,0.0
-11.692914,50,565.940992,0.0
-5.991314,50,566.993973,0.0
-5.653189,50,568.117639,0.0
-7.208918,50,569.189713,0.0
-10.770432,50,570.38667,0.0
-10.36513,50,571.510709,0.0
-7.830062,50,572.617114,0.0
-4.431059,50,573.676523,0.0
-4.101368,50,580.498952,0.0
-10.95675,50,581.613428,0.0
-4.440974,50,582.744226,0.0
-4.070566,50,583.977273,0.0
-4.897407,50,585.02073,0.0
-5.903843,50,586.134127,0.0
-5.068607,50,587.289075,0.0
-4.763967,50,588.337964,0.0
-8.156991,50,589.412041,0.0
-7.065264,50,590.51961,0.0
-4.769018,50,597.282711,0.0
-6.312166,50,598.409653,0.0
-9.19035,50,600.426133,0.0
-4.071736,50,601.501952,0.0
-5.56195,50,602.639929,0.0
-11.660155,50,603.75232,0.0
-8.3405,50,604.745857,0.0
-6.948266,50,605.861376,0.0
-3.125108,50,607.184167,0.0
-6.68738,50,608.25061,0.0
-10.124451,50,609.314125,0.0
-3.573943,50,616.080578,0.0
-5.486327,50,617.176609,0.0
-5.124932,50,618.326095,0.0
-3.073509,50,619.541147,0.0
-4.861459,50,620.55605,0.0
-5.244432,50,621.633103,0.0
-13.56085,50,622.769375,0.0
-6.219849,50,623.996092,0.0
-11.527143,50,625.202154,0.0
-7.935583,50,626.489446,0.0
-2.649823,50,633.329541,0.0
-7.146774,50,634.484849,0.0
-3.233583,50,635.656246,0.0
-6.657428,50,636.67956,0.0
-3.527202,50,637.822104,0.0
-3.678123,50,639.129871,0.0
-7.58488,50,641.187842,0.0
-4.824943,50,642.198325,0.0
-14.152454,50,643.409055,0.0
-3.098536,37,644.270546,1.0
-9.105291,50,651.153225,0.0
-7.859187,50,652.328651,0.0
-3.312219,37,653.15889,1.0
-7.592844,50,654.296678,0.0
-5.808593,50,655.330891,0.0
-3.01308,50,656.309791,0.0
-2.044219,50,657.316943,0.0
-5.377871,50,658.373111,0.0
-3.665529,50,659.47588,0.0
-3.091091,50,660.669447,0.0
-5.140821,50,661.816318,0.0
-4.432952,50,668.625738,0.0
-6.132188,50,669.817289,0.0
-7.621428,50,670.908455,0.0
-9.752338,50,671.989837,0.0
-4.227896,43,673.031738,1.0
-10.250216,50,674.132835,0.0
-4.014237,50,675.295819,0.0
-4.428129,50,676.33984,0.0
-10.017528,50,677.407242,0.0
-8.749056,50,678.612851,0.0
-3.633862,50,685.499617,0.0
-4.966257,50,687.646526,0.0
-11.738926,50,688.730477,0.0
-2.753113,50,689.870559,0.0
-7.32561,50,690.996724,0.0
-13.07072,50,692.12094,0.0
-7.717547,50,693.262211,0.0
-12.882015,50,694.377857,0.0
-9.122724,50,695.4623,0.0
-10.200016,50,696.616009,0.0
-4.341973,50,703.460623,0.0
-7.214725,50,704.474323,0.0
-2.618991,50,705.562826,0.0
-3.728147,50,706.721371,0.0
-3.994926,50,707.813593,0.0
-20.719483,50,709.027275,0.0
-11.933425,50,710.289397,0.0
-5.736521,50,711.456397,0.0
-3.131144,50,712.565029,0.0
-5.724168,50,713.903753,0.0
-6.289061,50,715.077002,0.0
-7.856411,50,721.979443,0.0
-3.343699,50,723.019448,0.0
-6.544476,50,724.147405,0.0
-7.409838,50,725.31862,0.0
-11.844594,50,726.389114,0.0
-4.000161,50,728.441426,0.0
-4.214507,50,729.648961,0.0
-6.668426,50,730.76818,0.0
-4.554811,50,731.919111,0.0
-4.683144,50,733.084448,0.0
-3.977764,50,739.694082,0.0
-6.19166,50,740.704904,0.0
-3.259941,50,741.726808,0.0
-12.358672,50,743.028193,0.0
-5.892163,50,744.214171,0.0
-5.157406,50,745.312362,0.0
-9.029572,50,746.5323,0.0
-6.276575,50,747.860324,0.0
-5.962285,50,748.922377,0.0
-4.588726,50,750.199383,0.0
-4.766932,50,757.122487,0.0
-16.066736,50,758.263114,0.0
-6.497207,50,759.343185,0.0
-18.012605,50,760.46259,0.0
-3.322309,50,761.619716,0.0
-6.651754,50,762.760919,0.0
-9.190121,50,763.951731,0.0
-11.220256,50,765.088253,0.0
-3.588555,50,766.305374,0.0
-4.20008,29,766.927618,1.0
-10.497939,50,768.898939,0.0
-7.470264,50,775.757656,0.0
-2.633635,50,776.947589,0.0
-7.760112,50,778.108233,0.0
-4.201584,50,779.255252,0.0
-5.350584,50,780.323252,0.0
-5.411149,50,781.369246,0.0
-12.051655,50,782.549861,0.0
-8.264535,50,783.732953,0.0
-6.022252,50,784.900246,0.0
-7.965262,50,786.085323,0.0
-5.21146,50,792.898163,0.0
-6.330302,50,793.938965,0.0
-4.873687,50,795.384995,0.0
-5.726142,50,796.616374,0.0
-7.347171,50,797.895474,0.0
-1.542682,17,798.351144,1.0
-3.101287,50,799.430348,0.0
-4.754278,50,800.43464,0.0
-5.555043,50,801.586108,0.0
-17.972708,50,802.802225,0.0
-4.03514,50,803.860119,0.0
-4.512833,50,810.833534,0.0
-4.162427,50,811.9716,0.0
-2.70978,50,813.058762,0.0
-7.427822,50,814.161627,0.0
-10.585713,50,816.176999,0.0
-9.747088,50,817.304345,0.0
-2.793544,50,818.446458,0.0
-5.301902,50,819.579667,0.0
-4.230443,50,820.648205,0.0
-13.590936,50,821.659184,0.0
-3.369377,50,828.638401,0.0
-7.552557,50,829.83886,0.0
-3.192252,50,830.988841,0.0
-5.812915,50,832.182301,0.0
-9.247914,50,833.284933,0.0
-6.583466,50,834.526464,0.0
-11.639269,50,835.672888,0.0
-5.457989,50,836.794134,0.0
-2.217785,33,837.561412,1.0
-4.561081,50,838.719434,0.0
-4.497532,50,839.888407,0.0
-4.064878,50,846.752543,0.0
-6.102337,50,847.906357,0.0
-6.470164,50,848.961606,0.0
-5.471314,50,850.07795,0.0
-4.811707,50,851.279078,0.0
-3.310879,50,852.408759,0.0
-11.844789,50,853.453733,0.0
-14.321438,50,854.584912,0.0
-4.745012,50,856.769482,0.0
-10.015976,50,857.860286,0.0
-4.552484,50,864.754323,0.0
-3.655267,50,865.802003,0.0
-13.045509,50,866.984892,0.0
-11.725753,50,868.144746,0.0
-18.026611,50,869.241138,0.0
-7.829867,50,870.415488,0.0
-7.951872,50,871.567643,0.0
-3.540001,50,872.789921,0.0
-4.989444,50,873.887884,0.0
-5.961224,50,874.935631,0.0
-5.574068,50,881.773246,0.0
-7.697853,50,882.837584,0.0
-5.349119,30,883.464045,1.0
-15.425336,50,884.759486,0.0
-6.724703,50,886.092366,0.0
-7.779461,50,887.207879,0.0
-13.416576,50,888.357659,0.0
-3.105347,50,889.544064,0.0
-4.648571,50,890.696638,0.0
-5.414131,50,891.889782,0.0
-20.704659,50,893.001176,0.0
-11.496675,50,899.908687,0.0
-7.311687,50,901.066307,0.0
-2.957399,43,901.959315,1.0
-2.005688,50,903.781529,0.0
-8.90811,50,905.015716,0.0
-14.149753,50,906.220192,0.0
-4.152242,50,907.303405,0.0
-3.519803,50,908.43635,0.0
-2.738947,50,909.577731,0.0
-4.535388,50,910.763342,0.0
-4.304918,50,917.583589,0.0
-12.42315,50,918.790482,0.0
-4.237435,50,919.953665,0.0
-7.918499,50,921.082791,0.0
-7.031342,50,922.175603,0.0
-1.82223,50,923.235047,0.0
-14.97731,50,924.297564,0.0
-6.351534,50,925.342542,0.0
-4.698345,50,926.453947,0.0
-5.472543,50,927.434327,0.0
-13.01496,50,934.317715,0.0
-3.349483,41,935.2162,1.0
-3.137635,50,936.338683,0.0
-3.643112,50,937.510431,0.0
-9.651145,50,938.635424,0.0
-10.722176,50,939.765909,0.0
-7.056469,50,941.027831,0.0
-11.509703,50,942.070647,0.0
-7.925108,50,944.316011,0.0
-8.548383,50,945.490824,0.0
-5.942341,50,946.550811,0.0
-4.563307,50,953.417362,0.0
-3.537913,50,954.567284,0.0
-6.85231,50,955.685662,0.0
-3.434515,50,956.691312,0.0
-5.310944,50,957.867504,0.0
-3.497736,50,958.990955,0.0
-4.621563,27,959.594898,1.0
-4.963019,50,960.658279,0.0
-1.976288,50,961.747719,0.0
-6.016284,50,962.782165,0.0
-5.259568,50,963.866141,0.0
-8.799037,50,970.962223,0.0
-3.221919,50,972.110398,0.0
-5.120202,50,973.160855,0.0
-7.209314,50,974.339165,0.0
-5.812022,50,975.68995,0.0
-7.191794,50,976.906208,0.0
-11.346876,50,978.120054,0.0
-6.975857,50,979.191024,0.0
-3.250764,50,980.252742,0.0
-7.805561,50,981.433319,0.0
-5.157906,50,988.214164,0.0
-10.300856,50,990.209485,0.0
-2.366314,19,990.580274,1.0
-5.782835,50,991.718241,0.0
-4.235064,50,992.824673,0.0
-5.361092,50,994.008203,0.0
-6.996633,50,995.19636,0.0
-4.228606,50,996.294008,0.0
-5.356709,50,997.510179,0.0
-2.403272,50,998.983307,0.0
-3.684992,50,1000.148145,0.0
-6.890987,50,1006.925112,0.0
-4.067964,50,1007.958645,0.0
-4.618825,50,1008.997536,0.0
-3.11375,50,1010.145925,0.0
-10.222086,50,1011.27055,0.0
-2.529076,50,1012.473827,0.0
-3.493706,50,1013.640661,0.0
-4.078416,50,1014.852984,0.0
-13.007706,50,1015.912826,0.0
-19.143245,50,1017.166894,0.0
-4.534668,50,1024.255446,0.0
-12.532369,50,1025.363162,0.0
-5.326173,50,1026.538718,0.0
-3.868702,50,1027.607851,0.0
-4.812802,50,1028.6897,0.0
-2.038619,50,1029.930061,0.0
-2.509998,50,1032.11721,0.0
-8.140182,50,1033.123499,0.0
-6.457108,50,1034.201862,0.0
-4.847272,46,1035.348631,1.0
-9.719025,50,1042.07771,0.0
-7.896271,50,1043.322603,0.0
-5.099723,50,1044.345681,0.0
-6.055436,50,1045.256914,0.0
-6.851623,50,1046.30476,0.0
-4.564251,50,1047.443161,0.0
-3.602391,50,1048.59075,0.0
-4.232362,50,1049.654218,0.0
-4.090539,30,1050.295688,1.0
-7.662089,50,1051.483954,0.0
-4.681932,50,1052.551021,0.0
-20.604607,50,1059.37453,0.0
-2.964388,23,1059.894341,1.0
-3.784281,50,1061.115152,0.0
-3.584998,50,1062.24545,0.0
-3.219437,50,1063.380423,0.0
-6.139283,50,1064.441956,0.0
-5.083582,50,1065.649802,0.0
-3.454937,50,1066.803309,0.0
-8.780664,50,1067.943904,0.0
-2.903614,50,1069.138914,0.0
-7.156332,50,1070.172944,0.0
-11.968911,50,1077.949771,0.0
-2.942968,21,1078.389738,1.0
-5.302869,50,1079.45523,0.0
-3.766442,50,1080.542752,0.0
-4.901795,50,1081.690334,0.0
-5.160121,50,1082.69061,0.0
-4.608765,50,1083.837582,0.0
-3.819425,50,1084.985271,0.0
-6.038075,50,1086.165041,0.0
-5.344037,50,1087.381118,0.0
-5.119065,50,1088.49952,0.0
-1.907611,50,1095.371379,0.0
-2.997433,50,1096.392258,0.0
-9.864753,50,1097.450305,0.0
-1.922727,20,1097.868057,1.0
-3.998008,50,1099.055076,0.0
-3.138347,50,1100.14663,0.0
-6.278685,50,1101.254976,0.0
-9.898996,50,1102.320542,0.0
-5.9567,50,1103.563344,0.0
-4.845251,50,1104.61924,0.0
-4.867757,50,1111.487346,0.0
-2.359125,50,1112.505912,0.0
-9.899452,50,1113.697236,0.0
-8.052165,50,1114.666868,0.0
-5.229268,50,1115.625091,0.0
-5.301718,50,1117.653219,0.0
-2.520244,50,1118.697104,0.0
-3.108888,39,1119.491564,1.0
-5.300043,50,1120.519662,0.0
-6.698263,50,1121.679234,0.0
-9.03221,50,1122.862731,0.0
-8.043093,50,1129.809761,0.0
-6.725817,50,1130.897728,0.0
-3.564719,46,1131.872084,1.0
-7.848017,50,1133.035473,0.0
-9.608555,50,1134.194071,0.0
-5.040577,50,1135.316635,0.0
-4.991702,50,1136.291247,0.0
-4.833678,50,1137.348397,0.0
-11.298031,50,1138.427866,0.0
-7.139406,50,1139.520926,0.0
-6.551362,50,1146.473918,0.0
-5.175196,50,1147.655247,0.0
-6.501103,50,1148.899595,0.0
-7.253878,50,1150.036223,0.0
-12.437834,50,1151.109952,0.0
-4.353082,50,1152.231452,0.0
-4.214926,50,1153.442569,0.0
-4.685344,50,1154.505642,0.0
-6.868097,50,1155.677693,0.0
-2.552052,50,1156.720922,0.0
-7.156496,50,1164.626006,0.0
-4.673673,50,1165.709595,0.0
-7.077835,50,1166.941092,0.0
-10.180382,50,1168.137949,0.0
-11.926819,50,1169.316298,0.0
-11.731523,50,1170.427345,0.0
-8.932098,50,1171.463063,0.0
-5.355222,50,1172.501893,0.0
-5.063258,50,1173.605907,0.0
-4.298803,50,1174.794264,0.0
-2.413388,50,1175.972462,0.0
-12.191145,50,1182.892051,0.0
-3.212369,50,1183.872089,0.0
-5.427427,50,1184.794686,0.0
-4.620786,50,1185.851238,0.0
-13.255814,50,1187.013175,0.0
-5.540238,50,1188.167354,0.0
-3.941023,50,1189.227261,0.0
-5.535323,50,1190.413881,0.0
-4.222757,50,1191.581424,0.0
-8.399222,50,1192.677683,0.0
-4.455913,50,1199.656566,0.0
-3.534188,50,1200.712802,0.0
-2.57695,50,1201.904418,0.0
-3.169721,50,1203.038502,0.0
-4.831156,50,1205.022995,1.0
-4.645545,50,1206.066335,0.0
-9.598595,50,1207.284038,0.0
-4.143101,50,1208.439451,0.0
-6.275277,50,1209.514035,0.0
-2.891284,50,1210.630066,0.0
-3.775067,50,1217.426092,0.0
-1.412756,29,1217.977594,1.0
-7.78457,50,1219.013043,0.0
-3.580577,50,1220.040401,0.0
-3.131113,50,1221.143186,0.0
-6.459295,50,1222.4108,0.0
-4.84167,50,1223.570436,0.0
-8.017495,50,1224.687035,0.0
-12.778982,50,1225.768704,0.0
-4.167723,50,1226.939339,0.0
-4.024311,31,1227.714595,1.0
-7.679094,50,1234.483996,0.0
-2.817461,21,1234.932633,1.0
-8.00923,50,1236.124218,0.0
-2.860031,26,1236.688884,1.0
-3.216022,50,1237.732113,0.0
-11.075492,50,1239.023185,0.0
-2.787976,30,1239.678608,1.0
-4.093252,50,1240.766934,0.0
-2.820161,50,1241.935723,0.0
-1.259094,36,1242.802577,1.0
-3.157861,50,1244.796371,0.0
-2.625706,45,1245.771375,1.0
-4.877964,50,1252.63969,0.0
-12.084497,50,1253.741434,0.0
-5.133301,50,1254.882044,0.0
-4.915323,47,1255.958492,1.0
-4.864151,50,1257.011149,0.0
-2.484882,50,1258.149606,0.0
-3.838089,50,1259.348259,0.0
-2.872801,50,1260.551342,0.0
-3.928507,50,1261.678266,0.0
-4.958335,50,1262.73684,0.0
-14.323789,50,1263.826167,0.0
-4.004409,50,1270.608147,0.0
-1.698406,40,1271.436672,1.0
-5.847497,50,1272.633042,0.0
-9.311038,50,1273.758502,0.0
-5.727298,50,1274.901227,0.0
-7.52458,50,1276.058905,0.0
-5.796558,34,1276.761749,1.0
-7.1109,50,1277.782297,0.0
-9.244019,50,1278.85934,0.0
-0.503645,6,1278.981315,1.0
-7.638735,50,1280.002523,0.0
-9.647559,50,1286.989633,0.0
-3.382053,50,1288.207701,0.0
-4.669407,50,1289.249881,0.0
-3.673366,50,1291.067901,0.0
-5.179049,50,1292.098436,0.0
-10.981506,50,1293.213313,0.0
-3.317439,50,1294.335406,0.0
-8.326483,50,1295.512166,0.0
-4.593983,50,1296.614596,0.0
-7.012189,50,1297.663326,0.0
-2.03975,50,1304.468815,0.0
-11.466073,50,1305.611239,0.0
-1.958277,29,1306.174891,1.0
-2.865229,50,1307.361386,0.0
-1.944785,50,1308.504322,0.0
-2.730837,50,1309.6225,0.0
-3.333204,50,1310.592965,0.0
-2.31867,50,1311.666332,0.0
-2.347549,50,1312.813526,0.0
-2.733285,50,1313.908844,0.0
-7.998455,50,1315.098686,0.0
-13.587459,50,1322.037463,0.0
-6.482458,50,1323.150087,0.0
-1.861708,16,1323.554496,1.0
-3.795147,42,1324.463818,1.0
-5.922482,50,1325.477979,0.0
-5.985863,50,1326.562703,0.0
-5.915765,50,1327.676636,0.0
-8.720834,50,1328.77618,0.0
-4.213228,50,1330.844749,0.0
-3.608922,50,1332.025503,0.0
-3.629379,50,1333.103088,0.0
-13.261768,50,1339.944878,0.0
-8.000402,50,1340.992253,0.0
-5.295862,50,1342.056853,0.0
-2.775286,50,1343.162823,0.0
-10.753662,50,1344.362433,0.0
-2.484932,50,1345.538126,0.0
-5.830007,50,1346.695383,0.0
-2.376524,43,1347.680841,1.0
-3.925401,50,1348.81887,0.0
-3.885609,50,1350.009682,0.0
-4.952164,50,1350.976709,0.0
-10.05411,50,1357.820271,0.0
-5.546854,50,1358.898562,0.0
-2.762564,36,1359.686911,1.0
-4.344535,31,1360.413121,1.0
-2.896956,50,1361.497089,0.0
-5.205273,50,1362.54909,0.0
-5.832975,50,1363.61435,0.0
-6.369108,50,1364.711555,0.0
-2.693395,50,1365.819404,0.0
-2.314979,50,1366.885163,0.0
-1.916503,50,1373.714553,0.0
-3.002923,34,1374.518909,1.0
-10.231901,50,1376.509053,0.0
-6.35134,50,1377.650768,0.0
-10.439838,50,1378.701396,0.0
-8.464841,50,1379.763316,0.0
-12.536917,50,1380.863435,0.0
-3.810939,44,1381.868111,1.0
-13.131683,50,1382.918594,0.0
-7.206053,44,1383.849744,1.0
-6.546351,50,1384.929688,0.0
-12.935787,50,1391.79526,0.0
-7.08133,50,1393.070905,0.0
-10.130209,50,1394.16455,0.0
-2.827004,50,1395.264819,0.0
-6.328852,50,1396.438824,0.0
-3.853141,50,1397.650202,0.0
-3.30057,50,1398.671016,0.0
-3.410119,40,1399.557953,1.0
-3.675289,47,1400.63912,1.0
-26.28795,50,1401.697808,0.0
-2.378859,50,1402.823204,0.0
-4.123039,50,1409.523149,0.0
-6.093043,50,1410.570847,0.0
-6.833028,50,1411.680475,0.0
-3.384361,27,1412.318199,1.0
-3.942394,50,1413.410982,0.0
-3.540931,50,1414.427383,0.0
-3.686742,23,1414.877179,1.0
-1.949618,50,1416.907732,0.0
-6.131206,44,1417.921542,1.0
-8.043383,50,1419.034745,0.0
-15.670813,50,1420.187617,0.0
-3.25231,50,1426.986998,0.0
-1.286664,22,1427.451697,1.0
-7.525759,50,1428.84037,0.0
-11.956563,50,1430.067876,0.0
-2.149077,50,1431.184025,0.0
-9.139347,50,1432.313049,0.0
-2.842184,50,1433.476932,0.0
-4.032682,33,1434.189185,1.0
-2.30653,50,1435.261304,0.0
-3.018837,50,1436.313212,0.0
-7.5296,50,1437.425931,0.0
-6.215979,50,1444.318125,0.0
-3.242718,50,1445.37145,0.0
-4.767223,50,1446.400396,0.0
-6.555958,50,1447.508492,0.0
-2.906672,50,1448.686259,0.0
-13.06793,50,1449.785264,0.0
-8.36042,50,1450.80253,0.0
-9.237996,50,1451.926116,0.0
-3.400543,50,1453.126536,0.0
-2.151614,50,1454.278781,0.0
-1.68276,29,1454.89606,1.0
-8.48366,50,1461.702265,0.0
-3.938192,50,1462.724201,0.0
-6.225507,50,1463.827453,0.0
-6.485604,50,1465.044592,0.0
-5.203868,46,1466.040216,1.0
-5.420768,50,1467.202707,1.0
-10.967227,50,1468.401174,0.0
-2.365975,36,1469.122498,1.0
-10.075973,50,1470.178318,0.0
-2.951424,50,1471.20623,0.0
-6.332603,50,1474.764232,0.0
-2.465389,50,1475.810961,0.0
-1.861139,18,1476.237122,1.0
-11.931474,50,1477.307052,0.0
-2.21877,50,1478.374652,0.0
-5.730717,50,1479.44893,0.0
-3.107236,45,1480.430717,1.0
-2.497954,50,1481.669767,0.0
-6.016959,40,1482.558049,1.0
-3.961794,50,1483.643936,0.0
-3.93272,50,1484.771574,1.0
-4.952657,50,1485.929334,0.0
-7.774693,50,1489.518061,0.0
-13.185899,50,1490.640109,0.0
-4.488079,50,1491.716646,0.0
-5.328443,50,1492.780283,0.0
-2.231038,33,1493.46645,1.0
-12.34314,50,1495.41764,0.0
-17.195844,50,1496.530047,0.0
-23.174777,50,1497.649354,0.0
-16.94932,50,1498.760386,0.0
-6.452363,49,1499.825206,1.0
-7.367563,50,1503.398634,0.0
-1.898169,16,1503.709185,1.0
-1.826149,44,1504.725133,1.0
-2.63063,34,1505.504817,1.0
-11.088283,50,1506.558987,0.0
-1.57578,36,1507.520369,1.0
-7.065285,50,1508.512512,0.0
-5.255433,50,1509.709396,0.0
-4.712392,50,1510.83705,0.0
-8.329235,50,1511.943722,0.0
-1.464082,50,1513.012973,0.0
-6.165779,50,1514.2228,0.0
-3.925445,50,1517.746835,0.0
-3.674606,50,1518.909189,0.0
-3.467687,50,1519.915938,0.0
-5.741935,33,1520.59815,1.0
-14.966991,50,1521.623987,0.0
-6.505044,50,1522.699229,0.0
-4.488404,50,1523.84625,0.0
-3.716781,50,1524.884552,0.0
-8.273964,50,1526.033161,0.0
-12.806705,50,1527.942018,0.0
-8.86068,50,1531.640445,0.0
-12.481865,50,1532.822216,0.0
-5.86577,50,1533.997545,0.0
-4.519657,50,1535.059297,0.0
-5.199693,50,1536.146255,0.0
-10.281949,50,1537.131672,0.0
-12.193298,50,1538.180025,0.0
-10.415859,50,1539.289496,0.0
-6.447411,50,1540.342065,0.0
-4.415305,50,1541.4156,0.0
-2.620723,50,1542.457247,0.0
-7.136156,50,1545.920341,0.0
-3.159572,50,1546.906711,0.0
-4.214637,50,1547.959728,0.0
-5.048406,44,1548.964156,1.0
-7.405272,50,1550.017753,0.0
-5.298553,50,1551.049335,0.0
-3.583484,50,1552.119262,0.0
-17.260298,50,1553.167981,0.0
-5.427261,50,1554.289476,0.0
-1.53996,50,1555.450165,0.0
-2.906659,50,1558.976957,0.0
-2.943133,50,1560.000911,0.0
-8.889586,50,1561.170046,0.0
-2.740768,50,1562.913976,0.0
-7.511925,50,1564.019699,0.0
-5.058594,50,1565.193652,0.0
-2.562737,50,1566.169854,0.0
-5.366856,50,1567.39479,0.0
-8.081442,50,1568.501075,0.0
-2.633691,50,1569.582933,0.0
-2.221503,50,1573.187291,0.0
-3.623813,50,1574.23275,0.0
-6.36373,50,1575.347125,0.0
-2.416745,50,1576.424237,0.0
-21.526791,50,1577.537266,0.0
-1.77775,37,1578.362936,1.0
-4.491866,50,1579.592819,0.0
-11.722313,50,1580.701061,0.0
-2.221046,50,1581.784063,0.0
-3.354395,50,1582.991474,0.0
-7.429315,50,1584.188938,0.0
-2.232418,50,1587.847544,0.0
-3.305255,50,1588.945941,0.0
-10.115824,50,1589.985453,0.0
-3.09826,50,1591.017441,0.0
-5.984421,50,1592.09738,0.0
-7.393737,50,1593.233759,0.0
-5.103842,50,1594.258145,0.0
-2.351051,50,1595.326671,0.0
-9.07199,50,1597.024415,0.0
-12.552885,50,1598.124814,0.0
-3.672419,50,1601.600458,0.0
-9.016091,50,1602.819476,0.0
-6.279023,50,1603.911731,0.0
-4.898144,50,1605.02727,0.0
-6.1524,50,1606.126889,0.0
-15.897177,50,1607.253235,0.0
-8.975888,50,1608.558755,0.0
-1.671255,30,1609.216745,1.0
-7.554472,50,1610.514609,0.0
-12.725305,50,1611.730689,0.0
-2.932886,50,1612.819089,0.0
-2.317989,50,1616.32506,0.0
-4.653534,50,1617.425708,0.0
-3.875451,17,1617.78759,1.0
-1.493101,50,1619.127512,0.0
-9.113169,50,1620.43386,0.0
-3.19238,50,1621.49199,0.0
-3.947264,50,1622.61483,0.0
-5.325232,45,1623.579884,1.0
-3.424375,50,1624.62367,0.0
-6.077718,50,1625.819837,0.0
-3.997005,50,1626.927544,0.0
-4.7555,50,1630.601344,0.0
-2.535424,50,1631.728409,0.0
-6.502479,50,1633.711218,0.0
-2.74921,23,1634.230058,1.0
-4.407424,50,1635.300439,0.0
-10.819463,50,1636.37234,0.0
-4.033055,50,1637.568421,0.0
-2.657351,50,1638.56339,0.0
-5.262281,37,1639.449819,1.0
-2.22313,46,1640.494252,1.0
-11.584302,50,1641.560519,0.0
-4.648614,50,1645.083133,0.0
-3.959614,50,1646.314059,0.0
-3.723878,38,1647.08719,1.0
-2.266786,50,1648.177646,0.0
-12.45561,50,1649.36991,0.0
-4.161573,50,1650.367179,0.0
-3.935407,50,1651.283938,0.0
-5.588695,50,1652.381248,0.0
-4.545721,50,1653.511072,0.0
-11.576435,50,1654.654528,0.0
-3.226469,50,1658.267938,0.0
-5.667976,50,1659.258187,0.0
-2.613571,50,1660.194331,0.0
-2.893588,46,1661.171711,1.0
-4.293488,50,1662.302229,0.0
-2.124393,39,1663.209669,1.0
-7.716606,50,1664.388537,0.0
-7.474776,50,1666.383543,0.0
-7.465427,50,1667.442075,0.0
-3.575382,50,1668.612616,0.0
-4.066079,50,1669.740044,0.0
-3.433082,50,1673.336658,0.0
-12.617237,50,1674.611829,0.0
-3.776064,32,1675.288901,1.0
-10.86924,50,1676.36274,0.0
-13.430396,50,1677.632444,0.0
-6.329878,50,1678.90875,0.0
-11.524122,50,1680.015033,0.0
-8.188173,50,1681.116937,0.0
-11.94136,50,1682.179324,0.0
-10.552496,50,1683.31772,0.0
-10.120151,50,1687.0002,0.0
-2.018992,19,1687.391925,1.0
-5.257241,50,1688.465233,0.0
-4.05041,50,1689.439341,0.0
-1.000528,36,1690.169267,1.0
-7.119432,50,1691.327344,0.0
-5.30021,50,1692.479057,0.0
-4.574911,50,1693.718046,0.0
-10.12048,50,1694.920608,0.0
-10.747766,50,1696.057563,0.0
-3.441611,21,1696.533568,1.0
-3.090918,50,1697.575753,0.0
-2.404624,23,1698.065155,1.0
-6.658921,50,1703.690353,0.0
-3.691945,50,1705.556198,0.0
-7.694807,50,1706.617793,0.0
-9.067208,50,1707.802388,0.0
-12.220916,50,1708.990067,0.0
-2.42577,21,1709.432642,1.0
-7.104909,50,1710.580989,0.0
-2.888548,50,1711.714758,0.0
-5.127836,50,1712.798491,0.0
-11.566518,50,1713.929315,0.0
-5.551365,50,1715.024561,0.0
-3.673203,38,1721.351466,1.0
-10.253957,50,1722.399152,0.0
-5.441409,50,1723.536206,0.0
-3.828098,17,1723.948707,1.0
-6.872991,50,1725.062521,0.0
-11.884295,50,1726.138191,0.0
-4.042092,50,1727.248882,0.0
-9.175245,50,1728.30116,0.0
-4.554583,50,1729.372378,0.0
-10.663737,50,1730.411736,0.0
-3.211748,50,1731.418848,0.0
-1.983794,16,1737.361558,1.0
-1.287364,27,1737.885569,1.0
-5.376246,50,1739.021103,0.0
-3.998255,50,1739.997657,0.0
-7.498962,50,1741.094863,0.0
-4.767512,50,1742.1469,0.0
-11.096943,50,1744.189875,0.0
-1.12742,16,1744.517185,1.0
-4.679776,50,1745.626792,0.0
-1.681813,27,1746.178672,1.0
-8.171376,50,1747.247504,0.0
-4.120529,50,1748.286454,0.0
-2.315041,12,1748.524504,1.0
-1.496627,50,1755.467533,0.0
-1.619027,40,1756.348226,1.0
-11.642771,50,1757.45728,0.0
-3.972694,50,1758.627365,0.0
-4.169448,49,1759.716132,1.0
-4.648385,50,1760.790134,0.0
-14.387583,50,1761.865402,0.0
-11.538471,50,1763.085411,0.0
-2.444993,50,1764.239268,0.0
-10.594395,50,1765.325536,0.0
-3.796998,42,1766.272852,1.0
-6.940037,50,1773.211579,0.0
-13.414143,50,1774.335591,0.0
-11.34606,50,1775.505492,0.0
-11.932399,50,1776.671245,0.0
-12.973479,50,1777.827511,0.0
-8.518653,50,1778.946903,0.0
-3.926167,41,1779.845742,1.0
-2.275172,50,1780.949122,0.0
-1.257442,18,1781.338593,1.0
-1.564512,13,1781.639321,1.0
-4.193834,50,1782.822861,0.0
-5.774235,50,1790.684194,0.0
-11.099949,50,1791.851747,0.0
-7.658325,50,1792.907307,0.0
-5.19883,50,1793.961134,0.0
-13.987139,50,1795.113231,0.0
-3.167965,50,1796.268927,0.0
-3.697442,50,1797.282701,0.0
-2.754076,50,1798.332292,0.0
-7.228168,50,1799.419016,0.0
-2.172843,50,1800.480313,0.0
-6.326492,50,1801.535916,0.0
-6.590585,50,1808.26619,0.0
-3.193378,48,1809.278867,1.0
-2.927343,50,1810.367004,0.0
-9.613527,50,1811.554116,0.0
-6.549269,50,1812.770367,0.0
-2.435883,45,1813.719055,1.0
-5.511753,50,1814.812577,0.0
-9.518854,50,1815.870131,0.0
-10.227115,50,1817.025319,0.0
-2.500795,50,1818.125386,0.0
-2.966836,50,1825.011644,0.0
-5.627265,50,1826.12471,0.0
-3.684689,50,1827.171947,0.0
-2.079173,44,1828.0801,1.0
-3.196237,44,1829.021004,1.0
-5.853002,50,1830.881658,0.0
-8.401064,50,1831.989812,0.0
-5.86411,50,1833.117289,0.0
-2.394075,50,1834.274951,0.0
-2.794915,50,1835.375965,0.0
-1.124059,25,1835.926428,1.0
-13.36143,50,1842.736809,0.0
-2.295581,50,1843.90008,0.0
-4.096208,50,1844.97303,0.0
-3.882973,50,1846.108485,0.0
-11.536926,50,1847.180083,0.0
-2.669045,42,1848.103961,1.0
-5.50728,50,1849.161734,0.0
-5.553072,50,1850.352738,0.0
-6.229975,50,1851.623705,0.0
-9.454059,50,1852.756847,0.0
-4.487674,42,1853.669981,1.0
-8.360319,50,1860.564322,0.0
-1.089444,18,1860.970587,1.0
-2.951881,23,1861.443329,1.0
-5.483396,50,1862.474612,0.0
-3.862553,50,1863.581481,0.0
-2.884905,50,1864.617543,0.0
-2.721617,50,1865.641074,0.0
-8.280791,50,1866.576705,0.0
-7.753358,50,1867.681875,0.0
-1.977001,39,1868.389044,1.0
-4.18117,50,1870.211367,0.0
-4.633225,50,1876.930459,0.0
-5.620403,50,1878.017346,0.0
-13.288371,50,1879.155244,0.0
-11.178658,50,1880.243109,0.0
-2.362842,50,1881.267765,0.0
-5.196485,50,1882.332907,0.0
-2.151776,50,1883.465886,0.0
-4.834017,37,1884.245585,1.0
-4.552103,50,1885.388585,0.0
-15.86891,50,1886.595652,0.0
-1.978387,35,1887.400424,1.0
-0.985758,14,1887.751931,1.0
-12.207693,50,1894.756801,0.0
-13.425867,50,1895.858803,0.0
-3.812978,50,1896.835676,0.0
-3.718276,23,1897.340729,1.0
-4.260762,47,1898.411564,1.0
-4.393128,50,1899.58087,0.0
-6.294046,50,1900.763917,0.0
-13.122409,50,1901.921198,0.0
-21.675345,50,1902.975005,0.0
-1.853459,21,1903.450024,1.0
-1.780073,37,1904.223142,1.0
-5.117204,50,1911.034806,0.0
-3.371268,50,1912.082909,0.0
-10.766212,46,1913.066925,1.0
-3.79729,33,1913.849357,1.0
-4.597258,50,1915.876831,0.0
-3.088165,50,1916.885777,0.0
-3.817163,50,1917.88539,0.0
-20.729197,50,1918.930017,0.0
-6.119614,50,1920.001714,0.0
-8.405003,50,1921.060038,0.0
-3.511893,50,1922.205335,0.0
-2.91458,27,1928.592695,1.0
-2.629791,50,1929.72596,0.0
-5.608758,50,1930.771127,0.0
-9.141108,50,1931.916674,0.0
-3.102027,50,1933.014796,0.0
-10.32262,50,1934.137989,0.0
-8.883718,50,1935.376558,0.0
-11.507237,50,1936.499218,0.0
-5.912576,50,1937.646672,0.0
-6.189278,50,1938.707726,0.0
-3.922379,50,1939.798357,0.0
-12.052742,50,1946.721398,0.0
-3.411519,31,1947.431053,1.0
-1.411269,34,1948.137682,1.0
-7.273727,50,1949.15025,0.0
-9.593456,50,1950.313296,0.0
-8.737372,50,1951.492832,0.0
-2.566687,50,1952.740768,0.0
-1.498406,17,1953.188883,1.0
-2.281498,17,1953.577367,1.0
-2.518422,50,1955.38885,0.0
-7.082256,50,1956.460562,0.0
-6.945888,50,1957.546168,0.0
-4.02092,50,1961.103872,0.0
-9.282639,50,1962.308387,0.0
-3.046218,50,1963.367453,0.0
-9.764436,50,1964.554498,0.0
-7.927451,50,1965.72478,0.0
-12.937631,50,1966.934413,0.0
-12.32958,50,1967.949903,0.0
-5.825695,50,1968.975915,0.0
-2.469437,19,1969.440531,1.0
-4.762314,50,1970.566867,0.0
-2.780926,50,1971.652184,0.0
-2.086175,39,1976.627613,1.0
-10.837254,50,1977.711815,0.0
-4.820419,36,1978.488771,1.0
-6.25553,50,1979.516073,0.0
-4.664224,50,1980.654214,0.0
-4.787231,50,1981.804541,0.0
-7.435114,50,1982.920224,0.0
-12.930649,50,1984.05323,0.0
-1.016174,16,1984.423202,1.0
-7.126576,50,1985.571578,0.0
-15.455901,50,1986.667987,0.0
-6.575643,50,1993.411289,0.0
-9.369259,50,1994.407807,0.0
-3.462314,50,1996.315239,0.0
-3.104017,50,1997.435458,0.0
-6.317473,50,1998.524543,0.0
-7.622136,50,1999.496479,0.0
-0.754167,10,1999.698803,1.0
-6.51369,50,2000.772088,0.0
-3.589705,50,2001.776455,0.0
-7.007385,50,2002.867202,0.0
-5.657996,50,2003.96784,0.0
-4.336924,50,2010.817163,0.0
-9.858263,50,2011.923877,0.0
-6.648591,50,2013.042289,0.0
-2.797061,50,2014.081769,0.0
-3.358229,50,2015.254483,0.0
-2.851439,26,2015.888964,1.0
-1.8085,21,2016.328742,1.0
-2.974268,50,2017.360357,0.0
-3.474857,50,2018.436838,0.0
-2.086121,43,2019.296307,1.0
-5.464033,50,2020.399427,0.0
-13.892606,50,2021.440712,0.0
-6.79774,50,2028.222504,0.0
-12.070427,50,2029.32453,0.0
-4.945089,50,2030.410455,0.0
-15.807842,50,2031.521439,0.0
-3.085266,24,2032.067114,1.0
-6.720758,50,2033.197599,0.0
-2.578496,50,2034.331917,0.0
-16.74491,50,2036.266217,0.0
-2.788487,50,2037.362864,0.0
-4.717431,50,2038.584023,0.0
-2.853055,50,2045.443873,0.0
-4.718671,24,2045.914859,1.0
-6.359495,50,2046.935754,0.0
-7.443246,50,2048.021215,0.0
-2.647665,50,2049.102318,0.0
-2.218505,50,2050.165741,0.0
-15.299024,50,2051.272956,0.0
-4.073672,50,2052.312631,0.0
-12.44561,50,2053.409846,0.0
-3.919743,48,2054.396929,1.0
-10.929065,50,2055.479306,0.0
-7.224846,50,2062.32425,0.0
-2.942446,17,2062.706852,1.0
-9.29921,50,2063.8387,0.0
-2.588452,20,2064.271314,1.0
-2.808477,21,2064.762346,1.0
-4.785873,50,2066.083867,0.0
-4.497019,50,2067.177758,0.0
-12.636887,50,2068.286581,0.0
-3.031157,20,2068.696616,1.0
-5.143783,50,2069.799193,0.0
-5.827675,50,2070.920399,0.0
-4.645286,50,2071.912629,0.0
-11.005735,50,2072.951397,0.0
-5.410129,50,2079.679926,0.0
-4.076141,50,2081.88691,0.0
-3.222951,50,2082.965643,0.0
-13.906553,50,2084.141,0.0
-6.018608,50,2085.400697,0.0
-6.165801,50,2086.620478,0.0
-5.482564,50,2087.809758,0.0
-1.654486,17,2088.127052,1.0
-3.361382,27,2088.688252,1.0
-8.98255,50,2089.795143,0.0
-10.664296,50,2090.867911,0.0
-3.956336,50,2097.597443,0.0
-1.19884,37,2098.328882,1.0
-3.336555,50,2099.334559,0.0
-7.316119,50,2100.36165,0.0
-6.396987,50,2101.469177,0.0
-7.146688,50,2102.640806,0.0
-4.331243,50,2103.675599,0.0
-2.269781,50,2104.707614,0.0
-8.956825,50,2105.866002,0.0
-10.228418,50,2107.416603,0.0
-3.470009,50,2108.541861,0.0
-11.857954,50,2115.392538,0.0
-6.007163,50,2116.487773,0.0
-8.569996,50,2117.666829,0.0
-6.768859,50,2118.880345,0.0
-2.145877,31,2119.502135,1.0
-1.901822,30,2120.151427,1.0
-5.31596,50,2121.945177,0.0
-5.053436,50,2123.158145,0.0
-6.275298,50,2124.330844,0.0
-6.781454,50,2125.459053,0.0
-2.583285,50,2126.560194,0.0
-3.994105,50,2133.377469,0.0
-3.788084,50,2134.431415,0.0
-5.200081,50,2135.554458,0.0
-11.5543,50,2136.672886,0.0
-6.180414,50,2137.824266,0.0
-4.59871,50,2139.022567,0.0
-2.936993,50,2140.05094,0.0
-1.961793,22,2140.481928,1.0
-61.490168,50,2141.48292,0.0
-4.352167,50,2142.611763,0.0
-2.112996,50,2143.716244,0.0
-2.617509,48,2150.441718,1.0
-8.683693,50,2151.421038,0.0
-7.781215,50,2152.465337,0.0
-1.609711,24,2152.953192,1.0
-0.187876,3,2153.013102,1.0
-1.855513,44,2153.917532,1.0
-4.099633,50,2155.044017,0.0
-5.39902,50,2156.17433,0.0
-3.983417,50,2157.228621,0.0
-2.474035,50,2158.344374,0.0
-10.125656,50,2159.496772,0.0
-4.907036,50,2161.382575,0.0
-4.754788,50,2168.178031,0.0
-4.75437,25,2168.675235,1.0
-6.14251,50,2169.819332,0.0
-1.580092,31,2170.538013,1.0
-2.297062,50,2171.753479,0.0
-2.107037,50,2172.828186,0.0
-6.125491,50,2173.971535,0.0
-0.639039,14,2174.283513,1.0
-5.613257,50,2175.419892,0.0
-5.921958,50,2176.449489,0.0
-14.243431,50,2177.588133,0.0
-1.295599,46,2184.296412,1.0
-2.501594,50,2185.352765,0.0
-3.766629,50,2186.510994,0.0
-15.389873,50,2187.569048,0.0
-5.212663,50,2188.837528,0.0
-4.227556,50,2189.87477,0.0
-6.191173,50,2191.046084,0.0
-5.38101,50,2192.37802,0.0
-5.117674,45,2193.414636,1.0
-3.776441,50,2194.544348,0.0
-3.382965,14,2194.832669,1.0
-11.892227,50,2201.655391,0.0
-4.247706,50,2202.769483,0.0
-12.877509,50,2203.845824,0.0
-4.528941,50,2204.972169,0.0
-2.938729,42,2205.851719,1.0
-7.78148,50,2207.879729,0.0
-6.865505,50,2208.958239,0.0
-1.056112,22,2209.461421,1.0
-4.689949,50,2210.681064,0.0
-2.596533,50,2211.842654,0.0
-5.28308,50,2212.919464,0.0
-2.644544,50,2219.60722,0.0
-9.305505,50,2220.778717,0.0
-2.408307,50,2221.742907,0.0
-4.317856,50,2222.752827,0.0
-0.914392,13,2223.0233,1.0
-8.592524,50,2224.173864,0.0
-6.887549,50,2225.276151,0.0
-5.7437,50,2226.458663,0.0
-0.53151,7,2226.620077,1.0
-1.424885,27,2227.229792,1.0
-5.390982,50,2228.352844,0.0
-6.083871,50,2229.49701,0.0
-8.505353,50,2230.669138,0.0
-4.044662,50,2237.539738,0.0
-14.79384,50,2238.566855,0.0
-4.705915,50,2239.732858,0.0
-4.879842,50,2240.852153,0.0
-4.063843,50,2242.134296,0.0
-2.109524,50,2243.273505,0.0
-3.224192,50,2244.323355,0.0
-2.144023,50,2245.377774,0.0
-4.636347,50,2247.435139,0.0
-13.271968,50,2248.540455,0.0
-1.674456,50,2255.332133,0.0
-0.716516,5,2255.444403,1.0
-5.29654,50,2256.480108,0.0
-5.819125,35,2257.183639,1.0
-4.221728,50,2258.368756,0.0
-13.162183,50,2259.469669,0.0
-17.972493,50,2260.741117,0.0
-12.876351,50,2261.864882,0.0
-2.100746,50,2263.02217,0.0
-4.059991,50,2264.162637,0.0
-6.306367,50,2265.3719,0.0
-8.556491,50,2272.296733,0.0
-13.357274,50,2273.395425,0.0
-1.141795,21,2273.853912,1.0
-11.071779,50,2274.955502,0.0
-4.078369,50,2276.031878,0.0
-1.711501,13,2276.32485,1.0
-13.268594,50,2277.434864,0.0
-5.459834,50,2278.526464,0.0
-5.919907,33,2279.273692,1.0
-22.852868,50,2280.468421,0.0
-9.620213,50,2281.64726,0.0
-2.027159,17,2282.02176,1.0
-3.905196,29,2282.643423,1.0
-9.539677,50,2289.44859,0.0
-7.943006,50,2290.51927,0.0
-3.586581,50,2291.581203,0.0
-7.22176,50,2293.486073,0.0
-0.84145,16,2293.802911,1.0
-2.340587,27,2294.37779,1.0
-12.516175,50,2295.514385,0.0
-2.000884,18,2295.85594,1.0
-6.460372,50,2297.061297,0.0
-8.674027,50,2298.189824,0.0
-5.748617,50,2299.399443,0.0
-5.108396,50,2300.527753,0.0
-2.041195,50,2307.187367,0.0
-7.761383,50,2308.202305,0.0
-5.753973,50,2309.220236,0.0
-3.718369,50,2310.41116,0.0
-7.326648,50,2311.530404,0.0
-6.961011,50,2312.64433,0.0
-8.745451,50,2313.656512,0.0
-0.620704,13,2313.93149,1.0
-15.368651,50,2315.117468,0.0
-2.696993,50,2316.136769,0.0
-2.274378,28,2316.692689,1.0
-5.439594,50,2317.782043,0.0
-4.763473,50,2324.567465,0.0
-1.991079,50,2325.695464,0.0
-2.823409,50,2326.865835,0.0
-3.715854,50,2327.92533,0.0
-8.889719,50,2328.999912,0.0
-2.145121,43,2329.90298,1.0
-3.548486,37,2330.70174,1.0
-4.139729,50,2331.867002,0.0
-2.785034,50,2334.191378,0.0
-8.656836,50,2335.328254,0.0
-3.825033,23,2335.846118,1.0
-3.524358,50,2342.735377,0.0
-10.921566,50,2343.733061,0.0
-5.141066,50,2344.72361,0.0
-10.532776,50,2346.017597,0.0
-1.669107,12,2346.344937,1.0
-3.510928,50,2347.497674,0.0
-5.870009,50,2348.64828,0.0
-7.57997,50,2349.791644,0.0
-9.096826,50,2350.970915,0.0
-9.169917,50,2352.380315,0.0
-2.338882,50,2353.40364,0.0
-7.16827,50,2360.219212,0.0
-6.914486,34,2360.9447,1.0
-10.870817,50,2362.146066,0.0
-2.668699,50,2363.381413,0.0
-6.173099,50,2364.401884,0.0
-4.049542,50,2365.624838,0.0
-3.863576,21,2366.14885,1.0
-3.619922,50,2367.35596,0.0
-8.273492,50,2368.457061,0.0
-4.264006,50,2369.62585,0.0
-3.913496,50,2370.810122,0.0
-6.011214,50,2377.691255,0.0
-10.74941,50,2378.653659,0.0
-6.025912,50,2380.486511,0.0
-2.322394,50,2381.623261,0.0
-2.43284,50,2383.004482,0.0
-7.421624,50,2384.193246,0.0
-2.268276,50,2385.155347,0.0
-6.231135,50,2386.373733,0.0
-3.451787,50,2387.454927,0.0
-10.397205,50,2388.616975,0.0
-5.759026,50,2395.462068,0.0
-4.115713,50,2396.495214,0.0
-11.584307,50,2397.681692,0.0
-8.745188,50,2398.758301,0.0
-7.739855,50,2399.863279,0.0
-5.945486,50,2401.002605,0.0
-3.567811,30,2401.74953,1.0
-2.182083,34,2402.565478,1.0
-10.399135,50,2403.685064,0.0
-10.113887,50,2404.817633,0.0
-8.411363,50,2405.873025,0.0
-11.706627,50,2412.799138,0.0
-11.237141,50,2413.95389,0.0
-2.975591,50,2415.039477,0.0
-2.11756,26,2415.59387,1.0
-7.344401,50,2416.717984,0.0
-4.030368,34,2417.427404,1.0
-1.158381,25,2417.976245,1.0
-2.849509,50,2419.089934,0.0
-2.643093,50,2420.926666,0.0
-5.363324,32,2421.636287,1.0
-5.268096,50,2422.842099,0.0
-3.227797,50,2423.991589,0.0
-4.473529,33,2424.789412,1.0
-5.974893,50,2431.631974,0.0
-4.920917,50,2432.728674,0.0
-4.770419,50,2433.805162,0.0
-5.631507,50,2434.968421,0.0
-12.381529,50,2436.029747,0.0
-2.301512,25,2436.603145,1.0
-7.367474,50,2437.743171,0.0
-0.47737,6,2437.869934,1.0
-11.209676,50,2439.129807,0.0
-5.994649,50,2440.29867,0.0
-0.810075,16,2440.629576,1.0
-2.133255,27,2441.196444,1.0
-8.167408,50,2448.006937,0.0
-4.482031,30,2448.613978,1.0
-6.431913,50,2449.642581,0.0
-9.817931,50,2450.888016,0.0
-4.074724,31,2451.585557,1.0
-2.739555,50,2452.716369,0.0
-1.267172,15,2453.024463,1.0
-1.388233,17,2453.367476,1.0
-2.68565,33,2454.069323,1.0
-1.173995,23,2454.594067,1.0
-3.182532,50,2455.739493,0.0
-6.040571,29,2456.274085,1.0
-8.41704,50,2457.343709,0.0
-3.825144,50,2458.347135,0.0
-6.252618,50,2466.048884,0.0
-11.233166,50,2467.143882,0.0
-9.916061,50,2468.187848,0.0
-5.238564,29,2468.819316,1.0
-8.918417,50,2469.903621,0.0
-3.758901,50,2471.042152,0.0
-23.55331,50,2472.185698,0.0
-12.670003,50,2473.277508,0.0
-15.826083,50,2474.319398,0.0
-4.601204,50,2475.572315,0.0
-5.151279,50,2476.775602,0.0
-3.133749,24,2483.030702,1.0
-3.141976,50,2484.076574,0.0
-6.571484,50,2485.187758,0.0
-8.798566,50,2486.295838,0.0
-1.767147,27,2486.808207,1.0
-1.014457,25,2487.3133,1.0
-4.168518,50,2488.408885,0.0
-5.352064,50,2489.500762,0.0
-1.521199,18,2489.906006,1.0
-9.487234,50,2491.021975,0.0
-1.815577,21,2491.444362,1.0
-8.842985,50,2492.612232,0.0
-1.760092,50,2493.663724,0.0
-1.774473,21,2499.931878,1.0
-4.736222,50,2501.030463,0.0
-3.583739,38,2501.850384,1.0
-3.654008,28,2502.459337,1.0
-8.426153,50,2503.597128,0.0
-8.625292,50,2504.732702,0.0
-3.342205,20,2506.122995,1.0
-2.197348,16,2506.464547,1.0
-10.916786,50,2507.573535,0.0
-4.030051,25,2508.073919,1.0
-2.388886,50,2509.079346,0.0
-5.873331,50,2510.252564,0.0
-2.901587,50,2511.44013,0.0
-0.169222,6,2511.58484,1.0
-5.840225,28,2517.882829,1.0
-0.430793,7,2518.022571,1.0
-3.262352,50,2519.123376,0.0
-1.803058,21,2519.608034,1.0
-2.26272,33,2520.302761,1.0
-5.627781,50,2521.381119,0.0
-1.192098,27,2521.990846,1.0
-2.690537,39,2522.836086,1.0
-7.939705,44,2523.85348,1.0
-11.269598,50,2524.946344,0.0
-5.166169,50,2526.079063,0.0
-5.281894,49,2527.119574,1.0
-5.440607,50,2528.195441,0.0
-14.503697,50,2532.251954,0.0
-1.770975,11,2532.467082,1.0
-1.479612,15,2532.770283,1.0
-4.01685,50,2533.850211,0.0
-4.573169,50,2534.959817,0.0
-3.620408,50,2536.004053,0.0
-2.910341,27,2536.566164,1.0
-3.044939,50,2537.570122,0.0
-2.814175,50,2538.556472,0.0
-9.559754,50,2539.643099,0.0
-1.994267,16,2540.03059,1.0
-3.505313,50,2541.204489,0.0
-2.432675,33,2541.986592,1.0
-4.345224,50,2546.617619,0.0
-9.929741,50,2547.744961,0.0
-7.713267,50,2548.893481,0.0
-1.836034,32,2549.553558,1.0
-11.882803,50,2550.72488,0.0
-2.471847,50,2551.804279,0.0
-5.210591,50,2552.91683,0.0
-1.342771,25,2553.427653,1.0
-9.982876,50,2554.605237,0.0
-2.61737,50,2555.851928,0.0
-1.709336,19,2556.310334,1.0
-13.033409,50,2557.479712,0.0
-6.884614,50,2560.935831,0.0
-2.860343,40,2561.781655,1.0
-0.326254,9,2561.959619,1.0
-3.402067,47,2562.947065,1.0
-0.78915,14,2563.248837,1.0
-4.423911,24,2563.709251,1.0
-4.730894,50,2564.709671,0.0
-4.412063,50,2565.877155,0.0
-2.16367,32,2566.579152,1.0
-9.263158,50,2567.74566,0.0
-15.71163,50,2568.845639,0.0
-5.191293,50,2569.931763,0.0
-5.169905,50,2571.075151,0.0
-5.521585,50,2574.478806,0.0
-9.09159,50,2575.548476,0.0
-2.553235,50,2576.645529,0.0
-4.409598,50,2577.73878,0.0
-3.828238,35,2579.214848,1.0
-1.971753,23,2579.689272,1.0
-2.442167,28,2580.267554,1.0
-3.804904,50,2581.304465,0.0
-3.940048,50,2582.524771,0.0
-3.773924,50,2583.546155,0.0
-5.716472,48,2584.472266,1.0
-3.055904,47,2585.426883,1.0
-1.77943,28,2591.766587,1.0
-0.139618,5,2591.87812,1.0
-3.722099,50,2592.940648,0.0
-2.896375,50,2593.99049,0.0
-4.902151,25,2594.493989,1.0
-2.477909,43,2595.435273,1.0
-0.683161,15,2595.775637,1.0
-2.760438,50,2596.771404,0.0
-4.905206,50,2597.8914,0.0
-2.848297,50,2598.892718,0.0
-6.615031,50,2599.858336,0.0
-1.979883,46,2600.786041,1.0
-4.230292,50,2601.878361,0.0
-3.910818,50,2608.634158,0.0
-5.510264,50,2609.646721,0.0
-4.861757,50,2610.794858,0.0
-1.06639,21,2611.252023,1.0
-2.129345,32,2611.960893,1.0
-3.702562,50,2612.969189,0.0
-8.747414,50,2613.9519,0.0
-8.726579,50,2614.990217,0.0
-13.269684,50,2616.102902,0.0
-14.647249,50,2617.892334,0.0
-3.859384,50,2619.035386,0.0
-2.806234,12,2625.033763,1.0
-6.477905,50,2626.314681,0.0
-4.256446,50,2627.528373,0.0
-1.718677,50,2628.603114,0.0
-2.99252,20,2629.049432,1.0
-5.536075,50,2630.136101,0.0
-10.481362,50,2631.231183,0.0
-7.001109,37,2631.993358,1.0
-4.497381,31,2632.663288,1.0
-2.642912,50,2633.845688,0.0
-4.284582,50,2634.87069,0.0
-1.399265,18,2635.252765,1.0
-2.08602,50,2636.252661,0.0
-14.263601,50,2643.067967,0.0
-5.732979,50,2644.304914,0.0
-5.94824,50,2645.377553,0.0
-1.144035,20,2645.831408,1.0
-2.523416,39,2646.647563,1.0
-1.113771,17,2646.991842,1.0
-3.177897,50,2648.074245,0.0
-7.005741,50,2649.162424,0.0
-7.278053,50,2650.384078,0.0
-2.556191,25,2650.935138,1.0
-2.79477,37,2651.645597,1.0
-12.185387,50,2652.783714,0.0
-6.902023,35,2659.311539,1.0
-5.779499,50,2660.386434,0.0
-4.539504,45,2661.302596,1.0
-12.536846,50,2662.925198,0.0
-7.973571,50,2664.129954,0.0
-4.155679,50,2665.232487,0.0
-12.41417,50,2666.261293,0.0
-2.153732,21,2666.653722,1.0
-8.435374,50,2667.635383,0.0
-6.044167,50,2668.80383,0.0
-7.310255,50,2669.923696,0.0
-4.177725,24,2670.431206,1.0
-4.214102,50,2677.297648,0.0
-3.683026,24,2677.809263,1.0
-5.423194,50,2678.926073,0.0
-10.426045,50,2680.026877,0.0
-6.508632,50,2681.154964,0.0
-5.859599,50,2682.284514,0.0
-2.260831,50,2683.338547,0.0
-2.974385,50,2684.457512,0.0
-7.314228,44,2685.35878,1.0
-3.75274,50,2686.449168,0.0
-1.914058,18,2686.810892,1.0
-8.47696,50,2693.634543,0.0
-9.010095,50,2694.739941,0.0
-4.068981,46,2695.766859,1.0
-3.591107,50,2696.807769,0.0
-8.620909,50,2697.960857,0.0
-6.452368,37,2698.734791,1.0
-3.558515,23,2699.252763,1.0
-8.180362,50,2700.267532,0.0
-3.38893,50,2702.074205,0.0
-7.881988,50,2703.084407,0.0
-7.943311,50,2704.061005,0.0
-5.962369,50,2710.835862,0.0
-5.231942,50,2711.931641,0.0
-4.387202,50,2712.972543,0.0
-8.835902,50,2714.082343,0.0
-12.753086,50,2715.199685,0.0
-13.311589,50,2716.349929,0.0
-2.857559,50,2717.505145,0.0
-6.041327,50,2718.737336,0.0
-11.334766,50,2719.764223,0.0
-3.12995,45,2720.707731,1.0
-2.751255,24,2721.284156,1.0
-2.822223,18,2721.703981,1.0
-1.657179,17,2722.059939,1.0
-1.835122,34,2728.514783,1.0
-6.63855,50,2729.707953,0.0
-1.620533,50,2730.817631,0.0
-4.029239,50,2731.892083,0.0
-1.501795,26,2732.445103,1.0
-9.495207,50,2733.401608,0.0
-3.285942,46,2734.368993,1.0
-3.338231,50,2735.407263,0.0
-0.978491,15,2735.698192,1.0
-2.270461,23,2736.14376,1.0
-2.114742,16,2736.457577,1.0
-8.338219,50,2737.578401,0.0
-3.242267,45,2738.666969,1.0
-5.806868,50,2745.580759,0.0
-7.129181,50,2747.48055,0.0
-4.036691,50,2748.487551,0.0
-4.285023,50,2749.584416,0.0
-1.503476,40,2750.511597,1.0
-3.204376,34,2751.272894,1.0
-0.933153,20,2751.628046,1.0
-1.140168,12,2751.840615,1.0
-3.894897,37,2752.59682,1.0
-10.97264,50,2753.770769,0.0
-3.005839,32,2754.51,1.0
-4.371878,37,2755.260859,1.0
-2.217724,25,2755.79065,1.0
-5.314471,43,2762.449064,1.0
-2.407203,17,2762.800501,1.0
-0.800017,12,2763.063184,1.0
-10.839331,50,2764.168983,0.0
-6.69361,50,2765.34629,0.0
-1.834432,12,2765.617605,1.0
-5.841695,50,2766.77875,0.0
-5.65464,50,2767.909086,0.0
-12.203653,50,2768.967479,0.0
-8.590254,50,2770.065676,0.0
-13.758495,50,2771.328538,0.0
-4.075752,36,2772.112229,1.0
-1.775286,13,2772.34965,1.0
-2.492749,25,2772.863991,1.0
-3.944004,18,2773.256854,1.0
-4.179154,50,2780.05284,0.0
-7.484778,49,2781.097496,1.0
-4.821352,50,2782.22365,0.0
-1.276811,16,2782.581398,1.0
-2.695537,38,2783.30115,1.0
-3.730006,50,2784.44775,0.0
-11.2538,50,2785.63807,0.0
-7.705186,50,2787.800058,0.0
-8.578308,50,2789.020069,0.0
-2.715904,50,2790.453087,0.0
-4.688795,50,2791.714988,0.0
-3.479828,50,2798.43978,0.0
-8.540013,36,2799.124547,1.0
-2.196242,40,2799.935087,1.0
-9.378715,50,2800.971792,0.0
-3.129414,45,2802.0169,1.0
-12.736344,50,2803.104062,0.0
-7.67382,50,2804.153854,0.0
-1.128839,12,2804.399648,1.0
-3.484654,50,2805.429903,0.0
-6.658472,48,2806.505689,1.0
-5.332271,50,2807.723624,0.0
-1.344998,24,2808.330045,1.0
-7.033484,50,2815.271901,0.0
-4.333465,50,2816.316211,0.0
-5.466086,50,2817.371542,0.0
-11.210109,50,2818.691705,0.0
-3.79555,50,2819.837557,0.0
-5.769377,50,2821.146893,0.0
-2.591186,33,2821.874111,1.0
-1.595892,14,2822.152766,1.0
-5.20999,50,2823.287288,0.0
-2.632805,41,2824.268823,1.0
-4.040709,50,2825.437769,0.0
-4.171544,50,2826.593205,0.0
-7.938684,50,2834.12772,0.0
-2.264488,50,2835.266234,0.0
-3.145823,50,2836.474011,0.0
-2.665595,50,2837.6031,0.0
-5.58496,50,2838.631888,0.0
-8.157708,42,2839.561528,1.0
-1.746519,21,2840.04212,1.0
-9.239023,50,2841.219524,0.0
-5.319137,50,2842.379116,0.0
-4.471864,50,2843.523643,0.0
-0.702783,9,2843.706413,1.0
-5.229314,50,2844.732709,0.0
-2.749651,50,2851.674433,0.0
-1.178614,19,2852.079233,1.0
-4.229551,50,2853.147731,0.0
-3.694729,50,2854.339748,0.0
-1.218142,39,2855.387098,1.0
-5.890847,50,2856.499573,0.0
-4.591135,50,2857.577066,0.0
-22.317988,50,2858.693123,0.0
-2.591534,50,2859.680539,0.0
-2.29872,32,2860.377716,1.0
-12.773082,50,2861.53198,0.0
-8.157337,50,2868.370784,0.0
-11.331004,50,2869.490529,0.0
-3.122407,23,2869.953503,1.0
-4.041277,50,2871.007318,0.0
-3.15451,50,2872.05322,0.0
-5.419597,50,2874.013327,0.0
-4.071905,50,2875.071901,0.0
-5.559354,50,2876.156099,0.0
-1.226957,9,2876.34998,1.0
-3.601801,32,2877.106531,1.0
-6.088073,50,2878.262699,0.0
-1.33731,28,2878.931175,1.0
-1.717981,22,2879.493641,1.0
-2.660524,41,2886.375282,1.0
-1.798441,21,2886.859266,1.0
-3.297321,13,2887.143217,1.0
-3.077257,50,2888.134866,0.0
-1.899514,50,2889.193724,0.0
-2.906839,50,2890.359838,0.0
-4.437672,50,2891.554186,0.0
-6.756798,50,2892.763024,0.0
-2.876201,50,2893.905536,0.0
-3.246341,49,2894.940809,1.0
-1.703399,29,2895.594196,1.0
-1.901594,28,2896.199428,1.0
-0.657817,12,2896.516861,1.0
-3.918065,38,2897.566255,1.0
-3.774406,35,2903.998593,1.0
-6.276684,50,2905.067157,0.0
-2.720541,50,2906.113266,0.0
-2.118521,14,2906.409962,1.0
-2.150999,50,2907.476373,0.0
-1.843461,16,2907.827721,1.0
-0.056523,3,2907.893546,1.0
-3.744744,50,2909.050264,0.0
-4.274421,50,2910.115183,0.0
-11.656187,50,2911.182503,0.0
-9.35839,33,2911.929639,1.0
-8.837786,50,2913.013698,0.0
-2.341895,50,2914.982769,0.0
-11.584037,50,2921.904971,0.0
-4.042098,26,2922.433644,1.0
-3.108405,50,2923.476326,0.0
-5.970967,50,2924.569729,0.0
-11.175749,50,2925.698443,0.0
-4.98572,17,2926.109432,1.0
-5.191335,50,2927.283571,0.0
-5.509754,50,2928.346927,0.0
-3.681276,35,2929.11445,1.0
-6.153985,50,2930.239503,0.0
-3.726461,50,2931.218566,0.0
-4.182693,50,2932.30686,0.0
-0.798327,27,2938.581526,1.0
-3.409427,50,2939.768019,0.0
-5.125092,50,2940.853041,0.0
-5.12432,50,2941.931171,0.0
-2.253003,50,2943.084832,0.0
-3.396869,33,2943.81591,1.0
-13.111315,50,2944.982133,0.0
-2.222251,27,2945.547291,1.0
-0.672682,13,2945.835568,1.0
-2.517888,50,2946.933483,0.0
-0.490957,15,2947.295684,1.0
-2.673933,18,2947.755854,1.0
-4.182279,18,2948.151353,1.0
-0.790201,8,2948.324103,1.0
-4.70994,50,2949.384469,0.0
-7.008016,50,2956.191513,0.0
-3.254191,50,2957.349221,0.0
-2.807542,50,2958.39542,0.0
-2.17463,17,2958.725422,1.0
-12.13972,50,2960.305847,0.0
-1.950122,18,2960.6662,1.0
-4.463126,50,2961.815382,0.0
-3.297017,41,2962.819381,1.0
-2.140366,50,2963.946733,0.0
-2.20531,50,2964.997936,0.0
-2.934261,34,2965.764205,1.0
-3.092494,50,2966.919049,0.0
-14.508707,50,2973.761186,0.0
-4.868919,50,2974.987634,0.0
-7.393621,50,2976.036147,0.0
-8.160249,50,2977.081457,0.0
-6.81304,50,2978.132311,0.0
-10.475074,50,2979.170249,0.0
-3.169011,49,2980.163324,1.0
-4.676763,50,2981.146689,0.0
-4.744631,29,2981.757866,1.0
-4.161999,50,2982.834103,0.0
-11.809654,50,2989.776045,0.0
-7.113857,50,2990.921773,0.0
-1.315912,15,2991.240132,1.0
-7.542461,50,2992.377321,0.0
-11.194888,50,2993.352683,0.0
-4.561422,50,2994.523535,0.0
-1.410225,19,2994.913135,1.0
-3.430353,50,2996.003068,1.0
-8.742941,50,2997.04678,0.0
-2.008063,24,2997.546391,1.0
-3.493107,50,2999.334612,0.0
-3.083139,50,3000.466262,0.0
-4.498877,50,3007.241267,0.0
-2.735506,37,3008.07006,1.0
-0.992555,22,3008.571708,1.0
-2.431752,50,3009.710299,0.0
-1.615892,25,3010.243397,1.0
-3.640393,50,3011.265007,0.0
-3.082685,21,3011.775309,1.0
-2.700493,50,3012.821087,0.0
-2.493372,30,3013.51047,1.0
-13.321928,50,3014.605139,0.0
-1.669646,50,3015.705586,0.0
-9.660364,50,3016.827427,0.0
-8.367831,50,3018.146269,0.0
-6.139112,50,3024.661525,0.0
-4.596963,29,3025.339382,1.0
-5.115278,50,3026.52126,0.0
-2.817105,50,3027.609051,0.0
-2.089158,50,3028.636383,0.0
-4.797209,50,3029.704652,0.0
-4.903876,50,3030.804414,0.0
-13.62782,50,3031.977022,0.0
-2.646922,50,3033.039109,0.0
-7.445166,50,3034.184178,0.0
-2.82922,32,3034.941797,1.0
-2.849436,50,3041.748651,0.0
-6.826029,50,3042.905848,0.0
-4.554431,50,3044.695916,0.0
-6.683748,50,3045.793448,0.0
-5.496378,50,3046.80777,0.0
-13.700657,50,3047.937559,0.0
-4.856829,50,3049.022746,0.0
-2.955846,50,3050.07436,0.0
-2.057435,15,3050.375246,1.0
-2.609693,50,3051.511222,0.0
-2.331138,41,3052.450415,1.0
-3.221604,18,3052.821919,1.0
-1.429515,44,3059.330471,1.0
-3.153693,50,3060.493536,0.0
-1.169818,20,3060.959106,1.0
-14.254311,50,3062.284638,0.0
-3.436292,50,3063.430158,0.0
-11.550983,50,3064.544994,0.0
-5.17924,50,3065.70041,0.0
-2.333292,33,3066.399002,1.0
-2.470767,20,3066.842436,1.0
-21.434835,50,3068.043067,0.0
-3.594815,50,3069.088959,0.0
-1.491153,26,3069.609388,1.0
-7.596282,50,3076.632245,0.0
-2.058291,46,3077.547241,1.0
-12.213474,50,3078.718529,0.0
-1.236809,14,3079.047317,1.0
-1.043591,16,3079.400587,1.0
-5.686505,50,3080.498656,0.0
-1.877037,35,3081.27484,1.0
-7.098991,50,3082.44127,0.0
-11.502239,50,3083.588828,0.0
-8.822003,50,3085.409403,0.0
-4.197536,50,3086.49315,0.0
-3.196992,50,3087.576974,0.0
-10.421552,50,3094.405854,0.0
-3.114008,50,3095.602654,0.0
-8.903169,50,3096.756154,0.0
-4.479235,50,3097.868502,0.0
-6.568092,50,3099.06406,0.0
-6.513868,50,3100.349051,0.0
-0.920151,31,3101.068546,1.0
-3.789626,50,3102.098985,0.0
-0.736473,20,3102.605494,1.0
-6.134857,50,3103.782151,0.0
-2.002747,10,3104.002315,1.0
-2.217208,17,3104.355808,1.0
-4.492907,36,3105.117727,1.0
-10.269044,50,3111.970034,0.0
-2.937933,50,3113.15932,0.0
-2.020996,19,3113.540882,1.0
-5.381422,50,3114.825114,0.0
-6.66313,50,3115.945106,0.0
-4.230537,50,3117.061381,0.0
-1.182204,19,3117.450215,1.0
-2.124834,17,3117.818961,1.0
-0.769595,25,3118.307235,1.0
-2.523066,28,3118.875378,1.0
-7.250089,50,3120.045714,0.0
-45.597383,50,3121.062967,0.0
-4.829161,50,3122.147477,0.0
-3.006202,50,3129.108018,0.0
-15.278121,50,3131.059382,0.0
-2.646858,50,3132.239046,0.0
-2.424982,50,3133.337042,0.0
-2.637017,30,3133.965041,1.0
-2.732228,17,3134.362233,1.0
-4.436988,50,3135.469235,0.0
-2.06774,50,3136.480514,0.0
-10.809715,50,3137.550498,0.0
-4.608589,50,3138.571854,0.0
-1.047211,21,3139.015653,1.0
-1.698571,18,3139.383133,1.0
-3.613151,33,3140.124242,1.0
-1.007302,18,3140.533297,1.0
-5.535581,50,3147.538074,0.0
-5.180912,50,3148.634075,0.0
-3.257042,50,3149.777911,0.0
-2.546378,21,3150.223677,1.0
-4.551426,39,3151.155705,1.0
-0.388271,10,3151.35667,1.0
-4.247858,50,3152.445881,0.0
-9.784913,50,3153.455071,0.0
-4.794,50,3154.429211,0.0
-2.612629,50,3155.551255,0.0
-4.970755,50,3156.617334,0.0
-2.235689,25,3157.110419,1.0
-2.281915,50,3164.008065,0.0
-6.992147,50,3165.159786,0.0
-13.144366,50,3166.222302,0.0
-3.754098,40,3167.097936,1.0
-1.492102,50,3168.160318,0.0
-10.27367,50,3169.254311,0.0
-2.745442,50,3171.074374,0.0
-8.186394,50,3172.168677,0.0
-5.890375,50,3173.231633,0.0
-12.310601,50,3174.315875,0.0
-1.23795,13,3174.600732,1.0
-3.880393,50,3181.414144,0.0
-2.900715,50,3182.527645,0.0
-7.799843,50,3183.680691,0.0
-5.069318,50,3184.794868,0.0
-5.493843,50,3185.977911,0.0
-1.490124,22,3186.439342,1.0
-5.074248,46,3187.491296,1.0
-9.233726,50,3188.539595,0.0
-7.054519,50,3189.585141,0.0
-1.393371,19,3189.971862,1.0
-11.488793,50,3191.125542,0.0
-5.263208,41,3191.98985,1.0
-4.208843,50,3198.97204,0.0
-16.37802,50,3200.145484,0.0
-8.303924,50,3201.20595,0.0
-0.31486,16,3201.550653,1.0
-10.599712,50,3202.698255,0.0
-10.696374,50,3203.940567,0.0
-12.480079,50,3205.102623,0.0
-2.778694,45,3206.019428,1.0
-3.129007,50,3207.13371,0.0
-11.800399,50,3208.265889,0.0
-1.887313,13,3208.543772,1.0
-9.468919,50,3210.558937,0.0
-2.313363,21,3216.721546,1.0
-7.09178,50,3217.79863,0.0
-0.785094,13,3218.062699,1.0
-3.26723,50,3219.23508,0.0
-4.423689,50,3220.340972,0.0
-3.001527,24,3220.813245,1.0
-9.553157,50,3221.907135,0.0
-6.852991,50,3223.102727,0.0
-2.03334,26,3223.676406,1.0
-5.788335,50,3224.725572,0.0
-3.122246,18,3225.142884,1.0
-1.317168,38,3226.097733,1.0
-6.234224,50,3227.204683,0.0
-2.083999,50,3234.058785,0.0
-1.679265,17,3234.425504,1.0
-6.209939,50,3235.636258,0.0
-7.031513,50,3236.719188,0.0
-9.796712,50,3237.829148,0.0
-60.420615,50,3238.922417,0.0
-5.418651,50,3240.072659,0.0
-12.997496,50,3241.169128,0.0
-5.501097,50,3242.269667,0.0
-0.408594,17,3242.632653,1.0
-11.391443,50,3243.80717,0.0
-5.193877,50,3244.830155,0.0
-10.421463,50,3251.65463,0.0
-2.816635,26,3252.230165,1.0
-2.660212,38,3253.017696,1.0
-11.419218,50,3254.143686,0.0
-1.600362,18,3254.472779,1.0
-2.764164,31,3255.193564,1.0
-8.687485,50,3257.007704,0.0
-1.853059,33,3257.823693,1.0
-13.113148,50,3258.920402,0.0
-1.658275,23,3259.441469,1.0
-6.484289,50,3260.475511,0.0
-4.241663,50,3261.595762,0.0
-1.626443,50,3268.422179,0.0
-9.470451,50,3269.531191,0.0
-2.801935,50,3270.628352,0.0
-8.000941,50,3271.730972,0.0
-3.32305,50,3272.846599,0.0
-10.515332,50,3273.931268,0.0
-3.565625,25,3274.530761,1.0
-3.171096,50,3275.726964,0.0
-1.793859,21,3276.269764,1.0
-3.458745,50,3277.325716,0.0
-1.784652,18,3277.676311,1.0
-3.277972,39,3278.415238,1.0
-0.681756,15,3278.739374,1.0
-2.946156,50,3285.594475,0.0
-1.760314,35,3286.408753,1.0
-2.146971,18,3286.843155,1.0
-4.450892,50,3288.026193,0.0
-7.2978,50,3289.2721,0.0
-7.872577,50,3290.420668,0.0
-11.98519,50,3291.699715,0.0
-2.755185,36,3292.447382,1.0
-1.860654,18,3292.78851,1.0
-2.678368,31,3293.441254,1.0
-6.522083,50,3294.571903,0.0
-3.779961,16,3294.881789,1.0
-1.531846,17,3295.265842,1.0
-3.748759,50,3296.943769,0.0
-2.502624,50,3303.741395,0.0
-3.200882,24,3304.317674,1.0
-2.952171,50,3305.500443,0.0
-1.203182,32,3306.23227,1.0
-5.318826,50,3307.3028,0.0
-4.924812,50,3308.356204,0.0
-3.931578,50,3309.377893,1.0
-4.17188,50,3310.39079,0.0
-2.781291,50,3311.389921,0.0
-9.72227,50,3312.592067,0.0
-11.090297,50,3313.632934,0.0
-4.798889,50,3320.427937,0.0
-1.451847,26,3321.036992,1.0
-4.1227,50,3322.107178,0.0
-4.501337,34,3322.724231,1.0
-6.569407,50,3323.719281,0.0
-12.052735,50,3324.87677,0.0
-6.55274,26,3325.36309,1.0
-3.753809,50,3326.492948,0.0
-2.872371,33,3327.269446,1.0
-5.841453,50,3328.406783,0.0
-2.625446,21,3328.85963,1.0
-2.802648,50,3329.867401,0.0
-2.037514,50,3330.968635,0.0
-8.052496,50,3337.800453,0.0
-3.920237,50,3338.844606,0.0
-13.391144,50,3340.055289,0.0
-2.011928,50,3341.968611,0.0
-3.807482,50,3343.220368,0.0
-6.627876,50,3344.35299,0.0
-2.774204,18,3344.731237,1.0
-3.720421,50,3346.033518,0.0
-4.544087,44,3347.070805,1.0
-2.852196,18,3347.562909,1.0
-1.626136,40,3348.442961,1.0
-3.705588,30,3349.060801,1.0
-0.44644,9,3349.274535,1.0
-10.294719,50,3356.191773,0.0
-2.555473,35,3356.975353,1.0
-3.072314,40,3357.787275,1.0
-4.304688,50,3358.853299,0.0
-2.898372,30,3359.503914,1.0
-9.163957,50,3360.681684,0.0
-0.806311,11,3360.927231,1.0
-4.770855,24,3361.51175,1.0
-12.255895,50,3362.785603,0.0
-3.759296,26,3363.368546,1.0
-3.445081,50,3364.555028,0.0
-3.57996,50,3365.581715,1.0
-4.505262,50,3366.639856,0.0
-12.744068,50,3373.558472,0.0
-2.912885,33,3374.267564,1.0
-3.818856,28,3374.821876,1.0
-1.794444,25,3375.403872,1.0
-2.820649,19,3375.82743,1.0
-16.940852,50,3376.874055,0.0
-10.319515,50,3377.908307,0.0
-11.809539,50,3379.111078,0.0
-11.027879,43,3379.994499,1.0
-2.623883,50,3381.557618,0.0
-4.19916,19,3381.913673,1.0
-14.753032,50,3382.938785,0.0
-1.461667,26,3383.53577,1.0
-2.551534,50,3390.359662,0.0
-10.263417,50,3391.472147,0.0
-4.243298,37,3392.301045,1.0
-8.324282,50,3393.376019,0.0
-3.341464,50,3394.385437,0.0
-1.06743,14,3394.722439,1.0
-3.695044,29,3395.324944,1.0
-3.237311,50,3396.569048,0.0
-8.466401,50,3397.881392,0.0
-19.893735,50,3399.130626,0.0
-9.796173,50,3400.273008,0.0
-4.203356,50,3401.300251,0.0
-5.2245,36,3407.881865,1.0
-12.19374,50,3408.925198,0.0
-7.051624,50,3410.002623,0.0
-13.164113,50,3411.037638,0.0
-5.483955,31,3411.674447,1.0
-2.261753,33,3412.451852,1.0
-5.849931,50,3413.511295,0.0
-3.590834,50,3414.527699,0.0
-2.428375,46,3415.529235,1.0
-3.339422,40,3416.310997,1.0
-7.398793,50,3417.365563,0.0
-2.387678,26,3417.993233,1.0
-2.737442,18,3424.103402,1.0
-6.560245,50,3425.248599,0.0
-3.464349,30,3425.858114,1.0
-3.460639,50,3427.66479,0.0
-2.356092,21,3428.054757,1.0
-2.522685,18,3428.425299,1.0
-3.843642,50,3429.520597,0.0
-13.401787,50,3430.813653,0.0
-1.518675,40,3431.70271,1.0
-1.12314,17,3432.097342,1.0
-0.341908,9,3432.315493,1.0
-5.601683,41,3433.225175,1.0
-5.939289,50,3434.351417,0.0
-1.708995,29,3435.005953,1.0
-2.950243,31,3435.685225,1.0
-9.530728,50,3442.36322,0.0
-2.807986,50,3443.626315,0.0
-2.26494,26,3444.151581,1.0
-4.234387,32,3444.811709,1.0
-7.036442,50,3446.088591,0.0
-5.892562,50,3447.28271,0.0
-4.758045,31,3447.928963,1.0
-1.065735,12,3448.165068,1.0
-2.866905,25,3448.69735,1.0
-6.789792,50,3449.907301,0.0
-4.587179,50,3451.052116,0.0
-4.493181,36,3451.815781,1.0
-7.762132,50,3452.891644,0.0
-2.453633,50,3459.481545,0.0
-6.520543,50,3460.535732,0.0
-5.965267,45,3461.54459,1.0
-3.511978,50,3462.638311,0.0
-11.539297,50,3463.657442,0.0
-0.633675,18,3464.034652,1.0
-12.276815,50,3465.191603,0.0
-5.887951,50,3466.980249,0.0
-5.507463,50,3468.02069,0.0
-1.706375,24,3468.500525,1.0
-6.550653,50,3469.519513,0.0
-5.2541,50,3476.16669,0.0
-1.16834,35,3476.864424,1.0
-3.365111,50,3477.933201,0.0
-10.627453,50,3479.142887,0.0
-4.178238,27,3479.688248,1.0
-1.26997,26,3480.202246,1.0
-2.01256,50,3481.26711,0.0
-4.069949,50,3482.379971,0.0
-3.101696,29,3483.114981,1.0
-2.906499,20,3483.678967,1.0
-3.634346,50,3484.786194,0.0
-3.032983,43,3485.707033,1.0
-6.241392,50,3486.876666,0.0
-3.640444,31,3491.475616,1.0
-7.70721,50,3492.597524,0.0
-6.712848,36,3493.344195,1.0
-2.244631,46,3494.339889,1.0
-1.180455,15,3494.644729,1.0
-5.096429,50,3495.741667,0.0
-6.558742,50,3496.828823,0.0
-3.76101,50,3497.953726,0.0
-1.271476,13,3498.226231,1.0
-2.531602,50,3499.365875,0.0
-2.965002,50,3500.46666,0.0
-2.457476,17,3500.801059,1.0
-20.071311,50,3501.927166,0.0
-9.832874,50,3505.561789,0.0
-6.873134,50,3507.141353,0.0
-1.336652,12,3507.382558,1.0
-5.642026,50,3508.360598,0.0
-0.643784,12,3508.6129,1.0
-7.714923,50,3509.727818,0.0
-4.008185,50,3510.926941,0.0
-4.96414,50,3512.0123,0.0
-1.639304,16,3512.353812,1.0
-0.644121,13,3512.639647,1.0
-5.933051,50,3513.704315,0.0
-1.474043,26,3514.187709,1.0
-4.426998,50,3515.358132,0.0
-4.554723,30,3516.020753,1.0
-4.728468,27,3516.634462,1.0
-3.546148,50,3520.185447,0.0
-2.944181,50,3521.26161,0.0
-8.47221,50,3522.47473,0.0
-2.400849,22,3522.900593,1.0
-7.233285,50,3524.049181,0.0
-2.736627,30,3524.695067,1.0
-7.315994,50,3525.823863,0.0
-2.442311,11,3526.050241,1.0
-3.171135,50,3527.164401,0.0
-3.288423,50,3528.267567,0.0
-1.55752,15,3528.585333,1.0
-4.863228,50,3529.880199,0.0
-1.992224,17,3530.248083,1.0
-2.901894,42,3536.567478,1.0
-5.935548,50,3537.678729,0.0
-1.925206,21,3538.131088,1.0
-2.131757,44,3539.099047,1.0
-7.311023,50,3540.235442,0.0
-1.064432,31,3540.963306,1.0
-2.987815,50,3542.153455,0.0
-9.116847,50,3543.899171,0.0
-5.197701,50,3544.973065,0.0
-4.951639,50,3546.044898,0.0
-8.651353,37,3546.845689,1.0
-3.128871,30,3547.529356,1.0
-3.679377,50,3554.379237,0.0
-8.836687,50,3555.441782,0.0
-1.6943,23,3555.934989,1.0
-1.426634,34,3556.697713,1.0
-4.096424,35,3557.599213,1.0
-1.119374,23,3558.214237,1.0
-1.786636,25,3558.84204,1.0
-6.530517,50,3559.942852,0.0
-8.31311,47,3560.969054,1.0
-3.558074,38,3561.774789,1.0
-5.035692,50,3562.822114,0.0
-5.399442,26,3563.348935,1.0
-3.549932,30,3564.076943,1.0
-5.581429,50,3565.182952,0.0
-4.439311,43,3571.811513,1.0
-13.607429,50,3572.959805,0.0
-4.359076,43,3573.810662,1.0
-1.43712,11,3574.049745,1.0
-2.215834,50,3575.021134,0.0
-2.638122,35,3575.792841,1.0
-4.355884,44,3576.697717,1.0
-5.750609,29,3577.313403,1.0
-5.138222,50,3578.427887,0.0
-11.457102,50,3579.615324,0.0
-15.53493,50,3580.828537,0.0
-15.21379,50,3582.814024,0.0
-21.647182,50,3589.724608,0.0
-1.477373,19,3590.159379,1.0
-13.375617,50,3591.294233,0.0
-2.853973,21,3591.722458,1.0
-4.058181,28,3592.296449,1.0
-12.428339,50,3593.63784,0.0
-8.590577,50,3594.903199,0.0
-3.063004,50,3595.976251,0.0
-5.358109,45,3596.880339,1.0
-2.258275,10,3597.099523,1.0
-10.931629,50,3598.367739,0.0
-1.232425,28,3599.107809,1.0
-12.100979,50,3600.223385,0.0
-12.754223,50,3607.046922,0.0
-1.658393,29,3607.742106,1.0
-2.930721,28,3608.30313,1.0
-12.355872,50,3609.356945,0.0
-10.494089,50,3610.391313,0.0
-3.512579,50,3611.47929,0.0
-0.752016,9,3611.706236,1.0
-3.859015,50,3612.92008,0.0
-2.424115,50,3613.975043,0.0
-11.379791,50,3615.117287,0.0
-5.981742,50,3616.221684,0.0
-4.463567,50,3617.239415,0.0
-4.873708,50,3623.923754,0.0
-1.984902,17,3624.254056,1.0
-3.84725,42,3625.129319,1.0
-6.637444,50,3626.434333,0.0
-2.447169,50,3627.482378,0.0
-5.326495,50,3629.058483,0.0
-3.108978,50,3630.097642,0.0
-2.566022,23,3630.623504,1.0
-4.67035,50,3631.734165,0.0
-2.193404,28,3632.308455,1.0
-5.39653,50,3633.417929,0.0
-7.109251,26,3634.036053,1.0
-3.238661,29,3634.750665,1.0
-7.366121,46,3641.380578,1.0
-4.198538,50,3642.510032,0.0
-0.309756,10,3642.746918,1.0
-0.456576,13,3643.061666,1.0
-4.333224,50,3644.196867,0.0
-5.336343,42,3645.121751,1.0
-3.648595,32,3645.788434,1.0
-7.736642,50,3646.825692,0.0
-4.108861,32,3647.527834,1.0
-6.077786,50,3648.544863,0.0
-2.988287,29,3649.246816,1.0
-6.787207,50,3650.478486,0.0
-6.420078,50,3651.860112,0.0
-7.699734,50,3658.692022,0.0
-0.296504,11,3658.923244,1.0
-13.910309,50,3660.098491,0.0
-5.416259,50,3661.21507,0.0
-3.299121,23,3661.706066,1.0
-1.106804,16,3662.113392,1.0
-2.614809,43,3663.083706,1.0
-9.247725,50,3664.234703,0.0
-3.273586,50,3665.366911,0.0
-5.896127,50,3666.574968,0.0
-0.060264,2,3666.615524,1.0
-4.188693,50,3667.751013,0.0
-2.353172,26,3669.408884,1.0
-6.674847,50,3670.556552,0.0
-2.634693,50,3677.466145,0.0
-5.137794,50,3678.651096,0.0
-6.890547,50,3679.745643,0.0
-11.814828,50,3680.756417,0.0
-1.263071,22,3681.257213,1.0
-3.396806,32,3682.015096,1.0
-5.726123,50,3683.2357,0.0
-7.850328,50,3684.398366,0.0
-15.022448,50,3685.558374,0.0
-3.361797,50,3686.654848,0.0
-11.339851,50,3687.812815,0.0
-5.197432,50,3694.734304,0.0
-2.832954,50,3695.944391,0.0
-2.834162,50,3697.061953,0.0
-1.389995,31,3697.86131,1.0
-1.172909,27,3698.441089,1.0
-5.112083,50,3699.66856,0.0
-11.094747,50,3700.764637,0.0
-7.425582,50,3701.924675,0.0
-21.653349,50,3703.003598,0.0
-2.886381,50,3704.090491,0.0
-5.223326,50,3705.161919,0.0
-0.66561,18,3705.574062,1.0
-3.123384,50,3712.419064,0.0
-2.748297,34,3713.256944,1.0
-8.10506,50,3714.390867,0.0
-5.507041,50,3715.867223,0.0
-2.291503,50,3716.894345,0.0
-3.98017,50,3718.07585,0.0
-3.199314,23,3718.545636,1.0
-5.367092,50,3719.787269,0.0
-7.933596,50,3720.916038,0.0
-3.121566,50,3722.07273,0.0
-13.777909,50,3723.372335,0.0
-2.458678,50,3730.223895,0.0
-3.892328,13,3730.494602,1.0
-2.881537,25,3731.046458,1.0
-11.701639,50,3732.173462,0.0
-3.187798,19,3732.548955,1.0
-0.867191,24,3733.094028,1.0
-5.345607,18,3733.572412,1.0
-61.704524,50,3734.696321,0.0
-8.052386,50,3735.906448,0.0
-2.66155,50,3737.000495,0.0
-1.330162,14,3737.327979,1.0
-8.359597,50,3738.522423,0.0
-2.980283,50,3739.58927,0.0
-6.500408,50,3740.717661,1.0
-4.121896,32,3747.113124,1.0
-3.522551,50,3748.243423,0.0
-5.73726,50,3749.325111,0.0
-2.681295,50,3750.373705,0.0
-2.546348,16,3750.726003,1.0
-10.030831,50,3751.903172,0.0
-3.495928,50,3753.025208,0.0
-1.304941,50,3753.992687,0.0
-11.545394,50,3755.753207,0.0
-7.989614,50,3756.864066,0.0
-8.422135,50,3758.025904,0.0
-7.439493,50,3764.873582,0.0
-0.763203,17,3765.296335,1.0
-7.892987,31,3766.035085,1.0
-9.777906,50,3767.20361,0.0
-3.382156,50,3768.274181,0.0
-2.079952,28,3768.891409,1.0
-2.589716,21,3769.341311,1.0
-2.262618,50,3770.571696,0.0
-0.887096,15,3770.937723,1.0
-12.107289,50,3772.11422,0.0
-3.028496,50,3773.137928,0.0
-1.032699,12,3773.375673,1.0
-3.600629,35,3774.230458,1.0
-4.047048,37,3775.075398,1.0
-8.552441,50,3781.685775,0.0
-1.40567,19,3782.079783,1.0
-5.389704,50,3783.126823,0.0
-5.49268,38,3783.927007,1.0
-3.957407,50,3785.158684,0.0
-2.037258,33,3785.918088,1.0
-1.816259,26,3786.484246,1.0
-5.465442,50,3787.451663,0.0
-10.764518,50,3788.405495,0.0
-1.823247,50,3789.500971,0.0
-2.587284,18,3789.875158,1.0
-1.940441,39,3790.672354,1.0
-10.898267,50,3791.774062,0.0
-2.139644,42,3798.231023,1.0
-2.548198,16,3798.605068,1.0
-7.273144,50,3799.701433,0.0
-6.772465,50,3801.34074,0.0
-2.405611,19,3801.737532,1.0
-10.060166,50,3802.801988,0.0
-6.62845,29,3803.364174,1.0
-3.826866,41,3804.183244,1.0
-4.93013,50,3805.282325,0.0
-5.814055,50,3806.552349,0.0
-4.748239,50,3807.796761,0.0
-5.896145,50,3808.866684,0.0
-5.172892,50,3810.092624,0.0
-5.02057,50,3817.104707,0.0
-10.781876,50,3818.276749,0.0
-1.522399,12,3818.549686,1.0
-9.97637,50,3819.699811,0.0
-5.642522,50,3820.80186,0.0
-8.523274,50,3821.797084,0.0
-2.673551,50,3822.863438,0.0
-5.887924,50,3824.020284,0.0
-4.344601,50,3825.036624,0.0
-12.995733,50,3826.210286,0.0
-11.983358,50,3827.383847,0.0
-7.24262,50,3834.189409,0.0
-6.348884,50,3835.297646,0.0
-2.329023,50,3836.378653,0.0
-1.248333,45,3837.38439,1.0
-10.074212,50,3838.641814,0.0
-5.8039,50,3839.699078,0.0
-4.55303,50,3841.230581,0.0
-13.370066,50,3842.28636,0.0
-4.296817,50,3843.389677,0.0
-4.074279,45,3844.410004,1.0
-3.925514,30,3850.784003,1.0
-0.722553,8,3850.97811,1.0
-3.849848,43,3851.991071,1.0
-4.23064,50,3853.122075,0.0
-12.266718,50,3854.347843,0.0
-6.264781,50,3855.454277,0.0
-5.717323,50,3856.526714,0.0
-1.843565,21,3856.977505,1.0
-2.392471,11,3857.189436,1.0
-10.252522,50,3858.286875,0.0
-0.642597,14,3858.634854,1.0
-11.582303,50,3859.804987,0.0
-3.392116,50,3860.916158,1.0
-7.61263,50,3861.888319,0.0
-3.418222,50,3868.634659,0.0
-5.551817,38,3869.420403,1.0
-4.786034,50,3870.460641,0.0
-3.483162,50,3871.513807,0.0
-7.059257,50,3872.531531,0.0
-8.479746,50,3873.613736,0.0
-13.105714,50,3874.659889,0.0
-4.038064,50,3875.698139,0.0
-3.044653,50,3876.735969,0.0
-2.863548,50,3877.76458,0.0
-4.285911,42,3884.388943,1.0
-1.91317,16,3884.713656,1.0
-6.148681,50,3886.566521,0.0
-3.300281,50,3887.57623,0.0
-11.816232,50,3888.708529,0.0
-13.951538,50,3889.786335,0.0
-1.209702,12,3890.025497,1.0
-1.326439,28,3890.70257,1.0
-8.415677,50,3891.843878,0.0
-17.428572,50,3892.902846,0.0
-1.109706,15,3893.226759,1.0
-7.377628,50,3894.385707,0.0
-2.31961,50,3895.491348,0.0
-1.03021,14,3895.756943,1.0
-0.913328,14,3896.028421,1.0
-11.751477,50,3902.974383,0.0
-3.566008,34,3903.703654,1.0
-6.901512,50,3904.820671,0.0
-1.686366,19,3905.267524,1.0
-9.827114,50,3906.504297,0.0
-10.635837,50,3907.66225,0.0
-3.183096,41,3908.540861,1.0
-3.996618,50,3909.609053,0.0
-5.430683,49,3910.690207,1.0
-1.334746,15,3911.056315,1.0
-1.454204,13,3911.337873,1.0
-11.680379,50,3912.420583,0.0
-1.163367,47,3919.213669,1.0
-11.329746,50,3920.420009,0.0
-3.63503,29,3920.966002,1.0
-4.688431,27,3921.484365,1.0
-2.49482,16,3921.833104,1.0
-6.196171,50,3922.889176,0.0
-1.996675,16,3923.238682,1.0
-0.708629,14,3923.545021,1.0
-1.040577,18,3923.889224,1.0
-8.970436,50,3925.810184,0.0
-1.250443,17,3926.181845,1.0
-6.789451,50,3927.311228,0.0
-5.817705,50,3928.39545,0.0
-2.216091,50,3929.397984,0.0
-8.725578,50,3930.492538,0.0
-3.519823,27,3936.78477,1.0
-3.168981,50,3937.867189,0.0
-1.471864,15,3938.159256,1.0
-5.283453,50,3939.30964,0.0
-5.987183,50,3940.451645,0.0
-12.988984,50,3941.531309,0.0
-7.683616,50,3942.636137,0.0
-2.238813,50,3943.690078,0.0
-4.11847,24,3944.188413,1.0
-2.972081,41,3945.085071,1.0
-4.3789,44,3946.06773,1.0
-5.360892,44,3947.071661,1.0
-3.349267,42,3953.653978,1.0
-1.525462,26,3954.338489,1.0
-11.140017,50,3955.444998,0.0
-3.172356,50,3956.623895,0.0
-1.91545,17,3956.993669,1.0
-3.804112,17,3957.339911,1.0
-6.668936,50,3958.276497,0.0
-3.153388,35,3958.988593,1.0
-0.998237,14,3959.323194,1.0
-9.540908,50,3960.500587,0.0
-3.480524,50,3961.656525,0.0
-3.750251,33,3962.347537,1.0
-4.169543,50,3963.50027,0.0
-3.518775,50,3965.092605,0.0
-2.16932,33,3971.56245,1.0
-5.31461,50,3972.609881,0.0
-7.707309,50,3973.771299,0.0
-10.756957,50,3974.915905,0.0
-11.453707,50,3975.987956,0.0
-5.34915,50,3977.095448,0.0
-1.562734,15,3977.433762,1.0
-11.336316,50,3978.486138,0.0
-4.165497,26,3979.081656,1.0
-1.911668,39,3980.114907,1.0
-2.29372,26,3980.701631,1.0
-2.363846,31,3981.426629,1.0
-3.00265,44,3982.419276,1.0
-4.262162,50,3989.17012,0.0
-10.938592,50,3990.299116,0.0
-3.788872,29,3990.913767,1.0
-1.980585,26,3991.439906,1.0
-10.743112,50,3992.498371,0.0
-11.102705,50,3993.540688,0.0
-4.678318,50,3994.739988,0.0
-1.655426,21,3995.195189,1.0
-2.602803,27,3995.788347,1.0
-9.195351,50,3996.871718,0.0
-2.101554,21,3997.354905,1.0
-5.567837,27,3997.98037,1.0
-7.830414,33,3998.652863,1.0
-4.59672,50,4005.439969,0.0
-3.642782,50,4006.653262,0.0
-8.940691,50,4007.698189,0.0
-0.755794,18,4008.093297,1.0
-5.991876,50,4009.372058,0.0
-3.43007,27,4010.760467,1.0
-9.801641,50,4011.983667,0.0
-2.094937,32,4012.735862,1.0
-7.410137,32,4013.506734,1.0
-6.631988,50,4014.543713,0.0
-11.569993,50,4015.867379,0.0
-3.145192,50,4016.959852,0.0
-5.645872,50,4023.70886,0.0
-5.318469,44,4024.687584,1.0
-3.084372,50,4025.767073,0.0
-2.739115,23,4026.22988,1.0
-9.389958,50,4027.299226,0.0
-1.520403,31,4027.980092,1.0
-13.2813,50,4029.087636,0.0
-2.608933,30,4029.728522,1.0
-8.122829,50,4030.928821,0.0
-1.190016,17,4031.31618,1.0
-2.404964,18,4031.710676,1.0
-10.84839,50,4032.851017,0.0
-2.0332,18,4033.244193,1.0
-0.991012,13,4033.514605,1.0
-5.216116,50,4034.597353,0.0
-2.12115,22,4040.601416,1.0
-7.067935,50,4041.657599,0.0
-7.895342,50,4042.909753,0.0
-4.870883,50,4044.069755,0.0
-10.739755,50,4045.137118,0.0
-1.772251,25,4045.711581,1.0
-9.070348,50,4046.964688,0.0
-6.098712,27,4047.543344,1.0
-11.886578,50,4048.643585,0.0
-3.354903,34,4049.396476,1.0
-11.956867,50,4051.254068,0.0
-2.746215,50,4052.413354,0.0
-12.656,50,4059.258653,0.0
-0.577348,8,4059.417534,1.0
-1.156098,10,4059.624025,1.0
-3.95007,39,4060.432373,1.0
-3.343387,50,4061.647053,0.0
-2.677802,34,4062.418693,1.0
-4.074379,50,4063.465414,0.0
-6.711246,50,4064.555902,0.0
-2.946583,50,4065.583116,0.0
-0.685391,11,4065.811939,1.0
-1.251921,20,4066.265637,1.0
-3.649399,43,4067.202226,1.0
-4.216987,25,4067.729726,1.0
-2.070509,16,4068.036442,1.0
-11.467772,50,4069.062526,0.0
-6.0495,44,4075.567105,1.0
-1.298846,14,4075.854738,1.0
-6.687512,50,4076.92304,0.0
-15.481577,50,4078.148756,0.0
-6.066823,50,4079.333182,0.0
-6.052923,50,4080.527913,0.0
-9.656924,50,4081.956933,0.0
-2.918767,39,4082.957893,1.0
-3.735526,30,4083.603,1.0
-3.774027,13,4083.859601,1.0
-0.412443,7,4083.99894,1.0
-12.916604,50,4085.072004,0.0
-3.71322,50,4086.236372,0.0
-7.561702,50,4093.274335,0.0
-9.220064,50,4094.316544,0.0
-3.64704,50,4095.580814,0.0
-12.299491,50,4097.389025,0.0
-11.523739,50,4098.481704,0.0
-5.497185,50,4099.817902,0.0
-5.813472,50,4101.045447,0.0
-3.230716,50,4102.114416,0.0
-2.642143,13,4102.40056,1.0
-12.114583,50,4103.649612,0.0
-3.210992,33,4104.409978,1.0
-9.932261,50,4105.636679,0.0
-5.919015,50,4112.419007,0.0
-0.765229,20,4112.838068,1.0
-5.450985,19,4113.289697,1.0
-3.571463,47,4114.32738,1.0
-2.314843,19,4114.747044,1.0
-12.688571,50,4115.865826,0.0
-1.878257,37,4116.674387,1.0
-6.557001,50,4117.729805,0.0
-7.94442,50,4118.802645,0.0
-10.71928,50,4119.956242,0.0
-3.043508,14,4120.264826,1.0
-9.808091,50,4121.428447,0.0
-2.409336,50,4122.490627,0.0
-6.361731,50,4129.312063,0.0
-1.094106,21,4129.805291,1.0
-2.05328,14,4130.131293,1.0
-0.374087,13,4130.452946,1.0
-2.156239,18,4130.873823,1.0
-2.168067,27,4131.470149,1.0
-1.466453,30,4132.098596,1.0
-5.983729,50,4133.235025,0.0
-3.197991,44,4134.094917,1.0
-2.73817,50,4135.34469,0.0
-4.820923,50,4136.604495,0.0
-11.203337,50,4138.633631,0.0
-1.495238,29,4139.256199,1.0
-3.891019,50,4140.278142,0.0
-8.751649,50,4147.187701,0.0
-2.364743,20,4147.652316,1.0
-5.044559,50,4148.678279,0.0
-3.812882,32,4149.394256,1.0
-6.213356,50,4150.501148,0.0
-3.96353,50,4151.615391,0.0
-2.31389,50,4152.73235,0.0
-5.829413,30,4153.509084,1.0
-0.818672,8,4153.720722,1.0
-4.30687,50,4155.061812,0.0
-2.594366,50,4156.255063,0.0
-5.782918,31,4156.931517,1.0
-2.655816,34,4157.698493,1.0
-4.963124,24,4158.188006,1.0
-1.953128,17,4164.237266,1.0
-1.013607,18,4164.63848,1.0
-5.281494,50,4165.695401,0.0
-3.047132,28,4166.274545,1.0
-6.804217,40,4167.173361,1.0
-1.148815,12,4167.409549,1.0
-3.457769,50,4168.41761,0.0
-2.547957,23,4168.882602,1.0
-6.202115,50,4170.058564,0.0
-0.342666,10,4170.251595,1.0
-2.179949,50,4171.30644,0.0
-11.185661,50,4172.467914,0.0
-3.996614,50,4173.613768,0.0
-1.487473,20,4174.104857,1.0
-2.667013,50,4175.385289,0.0
-1.33568,16,4178.144888,1.0
-2.434797,31,4178.833762,1.0
-1.876317,23,4179.366451,1.0
-2.058871,50,4181.074469,0.0
-1.01866,22,4181.550152,1.0
-3.577722,24,4182.070047,1.0
-2.748215,24,4182.647269,1.0
-3.150741,50,4183.785717,0.0
-1.889987,30,4184.542586,1.0
-6.041144,47,4185.650718,1.0
-3.738778,50,4186.792768,0.0
-2.725366,17,4187.144817,1.0
-1.850709,13,4187.442086,1.0
-2.242012,32,4188.114693,1.0
-4.196531,50,4189.14018,0.0
