#{"t_start": 1649964595.3470266, "env_id": "PandaReach-v2"}
r,l,t,is_success
-13.203351,50,1.210959,0.0
-18.611428,50,2.088606,0.0
-18.912093,50,2.998264,0.0
-6.772218,50,3.898275,0.0
-10.999799,50,4.795346,0.0
-26.415031,50,5.682881,0.0
-17.256521,50,6.611142,0.0
-11.188835,50,7.50055,0.0
-12.656929,50,8.391439,0.0
-7.678913,50,9.294243,0.0
-9.778472,50,15.986762,0.0
-8.603861,50,16.916512,0.0
-20.773216,50,17.775396,0.0
-21.793856,50,18.653575,0.0
-18.421194,50,19.540131,0.0
-13.986354,50,20.465741,0.0
-13.666116,50,21.36997,0.0
-5.265658,50,22.24447,0.0
-14.191265,50,23.151446,0.0
-23.440306,50,24.041359,0.0
-36.684446,50,30.793096,0.0
-13.201869,50,31.683671,0.0
-20.305181,50,32.572738,0.0
-19.06928,50,33.458076,0.0
-12.013157,50,34.393277,0.0
-17.796885,50,36.305026,0.0
-17.957818,50,37.204101,0.0
-18.701547,50,38.059514,0.0
-18.681605,50,38.975458,0.0
-16.410836,50,39.897194,0.0
-10.342667,50,46.673244,0.0
-12.945524,50,47.571376,0.0
-15.484478,50,48.486913,0.0
-12.080251,50,49.371892,0.0
-16.518078,50,50.280679,0.0
-23.824868,50,51.182993,0.0
-21.150665,50,52.118318,0.0
-12.146479,50,53.05579,0.0
-13.704074,50,53.976033,0.0
-21.421848,50,54.928449,0.0
-16.788759,50,61.593369,0.0
-12.541968,50,62.522055,0.0
-15.738049,50,63.452586,0.0
-8.581466,50,64.383926,0.0
-10.170897,50,65.290251,0.0
-27.347313,50,66.202266,0.0
-10.394971,50,67.139762,0.0
-10.69287,50,68.175539,0.0
-14.542169,50,69.052092,0.0
-16.503876,50,69.999058,0.0
-9.846791,50,71.973415,0.0
-14.94552,50,78.705565,0.0
-12.873566,50,79.600958,0.0
-15.807968,50,80.546866,0.0
-13.476442,50,81.457375,0.0
-10.425156,50,82.388694,0.0
-9.167896,50,83.303009,0.0
-17.243683,50,84.260522,0.0
-15.535578,50,85.237943,0.0
-11.5249,50,86.20177,0.0
-19.005399,50,87.109936,0.0
-17.544094,50,92.365774,0.0
-15.567662,50,93.321122,0.0
-12.706405,50,94.190309,0.0
-13.248068,50,95.044149,0.0
-14.824686,50,95.994514,0.0
-12.323993,50,96.958678,0.0
-11.124642,50,97.88668,0.0
-6.066637,50,98.807907,0.0
-13.385719,50,99.783901,0.0
-20.256732,50,100.729724,0.0
-10.850642,50,104.063656,0.0
-7.053421,50,105.007294,0.0
-11.494797,50,105.903842,0.0
-5.27112,50,106.835707,0.0
-16.504724,50,108.844668,0.0
-15.3555,50,109.764105,0.0
-15.483298,50,110.773146,0.0
-12.462285,50,111.699126,0.0
-13.004471,50,112.670622,0.0
-12.270628,50,113.582461,0.0
-10.186556,50,116.954112,0.0
-6.472295,50,117.889283,0.0
-13.026982,50,118.816801,0.0
-11.314208,50,119.69919,0.0
-12.938104,50,120.664056,0.0
-14.052871,50,121.706046,0.0
-13.893876,50,122.686585,0.0
-17.451358,50,123.703341,0.0
-9.639261,50,124.691309,0.0
-14.781903,50,125.644867,0.0
-12.90821,50,126.581414,0.0
-11.858189,50,129.950388,0.0
-16.574322,50,130.892679,0.0
-3.190467,50,131.892511,0.0
-13.941605,50,132.833571,0.0
-18.001448,50,133.803059,0.0
-16.892555,50,134.75335,0.0
-10.379925,50,135.664835,0.0
-14.995032,50,136.605993,0.0
-9.776385,50,138.629853,0.0
-7.939826,50,139.657498,0.0
-8.381597,50,146.423784,0.0
-15.000135,50,147.343727,0.0
-9.638702,50,148.272366,0.0
-7.942289,50,149.243049,0.0
-16.99245,50,150.142232,0.0
-11.200311,50,151.176341,0.0
-8.047022,50,152.153634,0.0
-15.144614,50,153.12219,0.0
-6.451342,50,154.13155,0.0
-9.743153,50,155.061602,0.0
-4.019202,50,161.814899,0.0
-11.526969,50,162.7873,0.0
-11.111983,50,163.765574,0.0
-4.358691,50,164.697299,0.0
-19.088123,50,165.66025,0.0
-4.981577,50,166.597632,0.0
-13.279122,50,167.580929,0.0
-11.433518,50,168.555968,0.0
-14.895737,50,169.509457,0.0
-7.493473,50,170.44995,0.0
-12.26399,50,177.177433,0.0
-16.443176,50,178.098377,0.0
-11.28603,50,179.036086,0.0
-13.284815,50,181.033123,0.0
-8.49663,50,182.030744,0.0
-5.772951,50,183.041195,0.0
-9.032581,50,184.013248,0.0
-12.868721,50,184.950558,0.0
-4.838327,50,185.934701,0.0
-14.085058,50,186.851721,0.0
-10.894428,50,187.820462,0.0
-7.025319,50,194.517663,0.0
-13.852125,50,195.460687,0.0
-12.286515,50,196.389055,0.0
-12.933238,50,197.350998,0.0
-11.702411,50,198.407298,0.0
-8.12829,50,199.380991,0.0
-13.761886,50,200.308241,0.0
-9.081437,50,201.294141,0.0
-16.605878,50,202.257616,0.0
-11.017522,50,203.297029,0.0
-17.736285,50,210.078343,0.0
-8.268563,50,210.99952,0.0
-4.965447,50,211.937235,0.0
-14.663381,50,212.956031,0.0
-5.583382,50,213.919641,0.0
-3.652164,50,214.824153,0.0
-13.204195,50,215.856676,0.0
-5.605062,50,217.897844,0.0
-16.702972,50,218.824687,0.0
-9.442026,50,219.803231,0.0
-15.713046,50,226.601925,0.0
-5.239899,50,227.526562,0.0
-5.988994,50,228.451744,0.0
-5.787976,50,229.39771,0.0
-9.905957,50,230.315971,0.0
-8.751428,50,231.263324,0.0
-7.92118,50,232.19016,0.0
-1.421936,16,232.478006,1.0
-7.902543,50,233.422142,0.0
-10.841566,50,234.367951,0.0
-5.392344,50,235.288095,0.0
-10.272286,50,242.046959,0.0
-11.646005,50,243.040273,0.0
-6.177957,50,244.052118,0.0
-14.403945,50,245.050864,0.0
-8.959157,50,246.008044,0.0
-8.810628,50,247.034336,0.0
-13.457974,50,248.047536,0.0
-11.267894,50,249.064217,0.0
-11.13827,50,250.067196,0.0
-8.707143,50,251.050156,0.0
-12.028502,50,257.785672,0.0
-7.245744,50,259.787122,0.0
-11.55543,50,260.74816,0.0
-4.508948,50,261.721257,0.0
-9.424891,50,262.675316,0.0
-7.135196,50,263.613539,0.0
-15.291466,50,264.64016,0.0
-11.219035,50,265.592183,0.0
-6.710985,50,266.58349,0.0
-5.236022,50,267.535928,0.0
-5.506066,50,268.519837,0.0
-13.166678,50,275.290278,0.0
-4.21247,50,276.285844,0.0
-6.073458,50,277.193417,0.0
-14.59221,50,278.239807,0.0
-9.621685,50,279.183522,0.0
-6.586672,50,280.207261,0.0
-13.703073,50,281.200493,0.0
-10.507732,50,282.154305,0.0
-4.549495,50,283.224919,0.0
-11.496075,50,284.228078,0.0
-9.643676,50,291.046649,0.0
-16.352519,50,292.1249,0.0
-8.03631,50,293.206519,0.0
-14.879364,50,294.161488,0.0
-7.130672,50,295.225237,0.0
-7.7596,50,297.308559,0.0
-11.225283,50,298.281908,0.0
-7.238882,50,299.357886,0.0
-18.464563,50,300.408187,0.0
-15.503452,50,301.434881,0.0
-9.299766,50,308.264342,0.0
-15.178323,50,309.285687,0.0
-13.232745,50,310.270068,0.0
-10.421821,50,311.24006,0.0
-11.113041,50,312.250308,0.0
-10.868851,50,313.218133,0.0
-11.346913,50,314.172529,0.0
-11.375697,50,315.283694,0.0
-3.665027,50,316.350873,0.0
-15.665158,50,317.420537,0.0
-5.189234,50,324.20026,0.0
-15.909516,50,325.178413,0.0
-9.909802,50,326.289957,0.0
-6.792188,50,327.287579,0.0
-9.215149,50,328.423757,0.0
-10.0976,50,329.456112,0.0
-3.895199,50,330.506774,0.0
-4.210677,50,331.499713,0.0
-6.055229,50,332.460625,0.0
-7.800562,50,333.444205,0.0
-35.687724,50,340.976808,0.0
-6.538238,50,341.905218,0.0
-7.837785,50,342.911739,0.0
-11.997012,50,343.958786,0.0
-6.307575,50,344.977519,0.0
-4.568873,50,346.000242,0.0
-10.938265,50,346.998436,0.0
-11.468617,50,348.055325,0.0
-16.356009,50,349.049993,0.0
-16.509709,50,350.03123,0.0
-7.496604,50,351.021911,0.0
-12.349998,50,357.870893,0.0
-3.669448,50,358.831461,0.0
-6.968017,50,359.79525,0.0
-8.864927,50,360.820007,0.0
-4.601947,50,361.894643,0.0
-5.444542,50,362.921979,0.0
-4.204648,50,363.886118,0.0
-5.972806,50,364.880849,0.0
-11.750193,50,365.88958,0.0
-8.964957,50,366.783259,0.0
-5.389346,50,373.549394,0.0
-3.827785,50,374.577554,0.0
-10.30542,50,375.595268,0.0
-8.5824,50,376.567589,0.0
-11.99795,50,378.686209,0.0
-5.861564,50,379.751216,0.0
-10.691645,50,380.8088,0.0
-14.131493,50,381.875786,0.0
-6.70327,50,383.062493,0.0
-15.215104,50,384.077332,0.0
-14.943969,50,390.790848,0.0
-6.172434,50,391.747997,0.0
-9.211212,50,392.701318,0.0
-11.93835,50,393.686538,0.0
-3.909413,50,394.741827,0.0
-7.277245,50,395.866125,0.0
-3.352207,50,396.814936,0.0
-4.988378,50,397.808054,0.0
-4.966149,50,398.810232,0.0
-15.227691,50,399.821511,0.0
-11.146688,50,406.667279,0.0
-3.906922,50,407.713247,0.0
-12.473813,50,408.752122,0.0
-13.350843,50,409.813133,0.0
-7.653375,50,410.793434,0.0
-12.576511,50,411.74486,0.0
-7.292494,50,412.655368,0.0
-3.282055,14,412.922252,1.0
-4.369446,50,413.895025,0.0
-13.449039,50,414.839577,0.0
-11.099151,50,416.785092,0.0
-8.343453,50,423.569755,0.0
-4.092689,50,424.55324,0.0
-18.181323,50,425.522676,0.0
-14.739863,50,426.492901,0.0
-12.803248,50,427.502287,0.0
-16.414317,50,428.521239,0.0
-4.440844,50,429.564295,1.0
-3.556468,50,430.505581,0.0
-2.020524,39,431.270873,1.0
-2.300926,35,431.939305,1.0
-6.990585,50,432.877483,0.0
-3.847557,50,439.741508,0.0
-12.370578,50,440.658113,0.0
-3.576217,50,441.663974,0.0
-11.919589,50,442.594005,0.0
-3.383594,50,443.565419,0.0
-8.72449,50,444.500843,0.0
-11.630855,50,445.494958,0.0
-5.726667,50,446.501683,0.0
-11.639333,50,447.525248,0.0
-14.087745,50,448.547327,0.0
-10.989413,50,455.409354,0.0
-4.42451,50,456.460326,0.0
-10.173002,50,457.493486,0.0
-3.18793,50,459.300407,0.0
-16.130886,50,460.306486,0.0
-15.994995,50,461.334669,0.0
-8.876977,50,462.294836,0.0
-3.554949,50,463.20006,0.0
-12.954576,50,464.172939,0.0
-3.389439,20,464.567763,1.0
-5.390853,50,465.547236,0.0
-6.810367,50,472.342585,0.0
-10.207827,50,473.284946,0.0
-9.669067,50,474.212225,0.0
-2.935753,50,475.229827,0.0
-7.264141,50,476.193402,0.0
-13.161203,50,477.198721,0.0
-12.229191,50,478.281424,0.0
-10.874661,50,479.32741,0.0
-10.854642,50,480.39207,0.0
-6.375018,50,481.479683,0.0
-5.929727,50,488.321936,0.0
-3.415546,50,489.28961,0.0
-8.880464,50,490.21652,0.0
-8.507938,50,491.213584,0.0
-3.068553,50,492.166732,0.0
-9.830886,50,493.145738,0.0
-8.75977,50,494.150818,0.0
-14.711091,50,495.106452,0.0
-15.383329,50,497.02527,0.0
-12.892297,50,497.900171,0.0
-14.604341,50,498.838958,0.0
-4.85909,44,505.475379,1.0
-0.425603,6,505.581447,1.0
-3.454181,44,506.419292,1.0
-5.885917,50,507.474721,0.0
-3.228101,50,508.501839,0.0
-5.020995,50,509.613922,0.0
-7.278558,50,510.587698,0.0
-7.623808,50,511.758647,0.0
-2.648813,50,512.758598,0.0
-10.025726,50,513.839105,0.0
-4.352248,36,514.630918,1.0
-7.970588,50,521.497358,0.0
-4.000569,50,522.478728,0.0
-15.219825,50,523.457346,0.0
-15.768465,50,524.464087,0.0
-9.258961,50,525.486672,0.0
-4.485727,50,526.434125,0.0
-17.408093,50,527.387467,0.0
-9.803182,50,528.35947,0.0
-12.461492,50,529.274003,0.0
-3.023872,50,530.30852,0.0
-6.257492,50,531.374099,0.0
-5.591284,50,538.110847,0.0
-11.637548,50,540.192492,0.0
-3.236684,50,541.313124,0.0
-8.487935,50,542.218174,0.0
-4.248884,50,543.127707,0.0
-9.537579,50,544.064313,0.0
-4.17726,50,545.040171,0.0
-14.802202,50,545.945138,0.0
-6.779958,50,546.871092,0.0
-5.279774,50,547.841682,0.0
-11.008257,50,554.693,0.0
-6.968815,50,555.578364,0.0
-9.989368,50,556.535121,0.0
-13.620908,50,557.464592,0.0
-3.531433,50,558.463949,0.0
-7.30514,50,559.448609,0.0
-6.650131,50,560.452653,0.0
-11.80275,50,561.525958,0.0
-3.800525,50,562.521829,0.0
-14.960871,50,563.538359,0.0
-10.964379,50,570.23908,0.0
-12.435601,50,571.283191,0.0
-6.97104,50,572.228874,0.0
-11.818062,50,573.230284,0.0
-6.467525,50,574.240403,0.0
-13.849434,50,575.214386,0.0
-2.445556,35,575.90306,1.0
-14.108144,50,577.961913,0.0
-4.297809,50,578.892775,0.0
-4.95785,50,579.94648,0.0
-3.869677,50,580.939595,0.0
-2.558135,50,587.686484,0.0
-3.514349,50,588.693321,0.0
-6.295694,50,589.691685,0.0
-7.409489,50,590.691255,0.0
-3.550494,50,591.625227,0.0
-5.027628,50,592.589991,0.0
-15.971299,50,593.562717,0.0
-2.890195,50,594.52675,0.0
-15.508041,50,595.527106,0.0
-2.928844,50,596.4932,0.0
-5.584759,50,603.257886,0.0
-1.884885,50,604.260742,0.0
-17.125596,50,605.238802,0.0
-2.795861,50,606.285033,0.0
-3.036896,50,607.28423,0.0
-11.148156,50,608.247052,0.0
-7.21013,50,609.222755,0.0
-5.217676,50,610.276747,0.0
-12.55654,50,611.271497,0.0
-1.393802,20,611.705023,1.0
-13.543701,50,612.76603,0.0
-2.738385,50,620.836936,0.0
-10.972108,50,621.878601,0.0
-3.535072,50,622.895997,0.0
-6.284131,50,623.883191,0.0
-3.398936,50,624.852387,0.0
-8.038942,50,625.788086,0.0
-7.923828,50,626.812384,0.0
-12.548277,50,627.790579,0.0
-14.942584,50,628.765773,0.0
-5.652773,50,629.811997,0.0
-2.444655,50,636.612433,0.0
-16.102965,50,637.528338,0.0
-6.529137,50,638.449117,0.0
-3.584173,50,639.43364,0.0
-13.957883,50,640.442352,0.0
-11.971644,50,641.379482,0.0
-5.198591,50,642.357306,0.0
-8.807068,50,643.296848,0.0
-3.160942,50,644.255749,0.0
-8.775768,50,645.232416,0.0
-2.325685,50,652.039057,0.0
-12.142098,50,653.021249,0.0
-6.052492,50,653.999625,0.0
-7.666379,50,655.066824,0.0
-16.500638,50,656.09189,0.0
-5.095355,50,658.67211,0.0
-13.636256,50,659.70297,0.0
-3.90934,50,660.716609,0.0
-7.410109,50,661.784921,0.0
-3.227654,50,662.80543,0.0
-4.112197,50,669.626198,0.0
-13.379301,50,670.596879,0.0
-3.594033,50,671.518878,0.0
-5.101492,50,672.503929,0.0
-11.622696,50,673.404,0.0
-10.462827,50,674.417827,0.0
-1.308667,27,674.958543,1.0
-10.192502,50,675.876441,0.0
-9.277374,50,676.889121,0.0
-8.605679,50,677.942754,0.0
-4.890497,50,678.920055,1.0
-12.251545,50,685.751128,0.0
-5.693234,50,686.719643,0.0
-9.39637,50,687.651629,0.0
-2.627795,50,688.612176,0.0
-10.578935,50,689.651616,0.0
-2.167108,12,689.882539,1.0
-4.269088,50,690.828575,0.0
-10.716263,50,691.824703,0.0
-2.20444,28,692.330866,1.0
-10.92413,50,693.403682,0.0
-11.362471,50,694.388726,0.0
-4.229912,50,696.197818,0.0
-10.148336,50,703.10849,0.0
-4.028825,50,704.084571,0.0
-8.659862,50,705.198475,0.0
-7.16945,50,706.228743,0.0
-6.522624,50,707.176896,0.0
-10.973169,50,708.20661,0.0
-5.976347,50,709.245138,0.0
-9.195554,50,710.325588,0.0
-7.410141,50,711.299205,0.0
-5.500873,50,712.244645,0.0
-12.460321,50,719.023194,0.0
-5.827878,50,720.038646,0.0
-9.358002,50,721.021315,0.0
-13.293541,50,721.96454,0.0
-0.249988,4,722.042576,1.0
-6.000314,50,723.044101,0.0
-7.722096,50,724.000953,0.0
-13.809675,50,724.988139,0.0
-10.718106,50,726.001894,0.0
-13.24445,50,726.954107,0.0
-2.916111,50,728.030601,0.0
-4.601951,50,734.771388,0.0
-13.006876,50,735.739145,0.0
-8.872697,50,736.737753,0.0
-12.800871,50,737.75302,0.0
-11.993047,50,739.677898,0.0
-4.65462,50,740.621603,0.0
-5.475809,50,741.691303,0.0
-14.531717,50,742.661554,0.0
-14.500522,50,743.634785,0.0
-4.137463,50,744.580432,0.0
-3.613854,36,751.1488,1.0
-4.510901,50,752.233723,0.0
-10.460857,50,753.225655,0.0
-14.397528,50,754.221619,0.0
-2.576846,27,754.742863,1.0
-12.10503,50,755.77078,0.0
-7.015715,50,756.757325,0.0
-14.339462,50,757.76214,0.0
-4.226955,50,758.779091,0.0
-15.761484,50,759.89741,0.0
-10.430272,50,760.906919,0.0
-10.093363,50,767.770226,0.0
-9.763808,50,768.84761,0.0
-6.237782,50,769.828197,0.0
-13.933062,50,770.782429,0.0
-3.544933,50,771.830859,0.0
-5.921971,50,772.905566,0.0
-8.443301,50,773.941085,0.0
-2.684682,50,774.925912,0.0
-12.58856,50,775.972412,0.0
-19.194247,50,777.965976,0.0
-4.291917,50,784.78619,0.0
-7.017179,50,785.768178,0.0
-6.549747,50,786.824263,0.0
-3.597096,50,787.940057,0.0
-8.545788,50,788.894908,0.0
-12.63321,50,789.959013,0.0
-8.293549,50,790.948808,0.0
-14.182368,50,791.93031,0.0
-8.563893,50,792.934248,0.0
-6.976259,50,794.13105,0.0
-2.966554,50,795.129917,0.0
-11.316672,50,801.855157,0.0
-3.449208,50,802.947921,0.0
-5.042005,50,803.904057,0.0
-13.661366,50,804.917734,0.0
-6.166557,39,805.661649,1.0
-5.767553,50,806.622454,0.0
-2.53728,50,807.58154,0.0
-2.317827,50,808.497296,0.0
-2.303776,50,809.521842,0.0
-13.358694,50,810.501584,0.0
-10.170633,50,817.293114,0.0
-4.018922,50,818.333053,0.0
-1.938763,50,819.349233,0.0
-3.484073,50,821.351266,0.0
-5.965663,50,822.276284,0.0
-11.633617,50,823.255455,0.0
-3.155716,50,824.286148,0.0
-9.777346,50,825.238986,0.0
-4.045253,50,826.277821,0.0
-9.971583,50,827.351897,0.0
-8.184454,50,834.247676,0.0
-3.745663,50,835.259771,0.0
-3.694237,50,836.318454,0.0
-6.841576,50,837.369693,0.0
-3.439193,50,838.312597,0.0
-11.778954,50,839.351515,0.0
-1.989519,50,840.411125,0.0
-8.225805,50,841.449895,0.0
-10.944411,50,842.478054,0.0
-6.686483,50,843.460396,0.0
-3.014358,50,844.472885,0.0
-3.083043,50,851.283614,0.0
-8.573065,50,852.30804,0.0
-2.585749,37,853.033026,1.0
-4.957929,50,853.996626,0.0
-4.077855,50,855.01387,0.0
-6.465999,50,855.995659,0.0
-13.779814,50,856.959248,0.0
-1.904234,44,858.73063,1.0
-15.778955,50,859.738107,0.0
-16.508587,50,860.860473,0.0
-0.969155,15,861.186455,1.0
-4.833993,50,868.050502,0.0
-9.332198,50,869.052701,0.0
-10.321218,50,870.052701,0.0
-16.293163,50,871.07618,0.0
-5.605801,50,872.151844,0.0
-14.235069,50,873.24095,0.0
-8.543404,50,874.422944,0.0
-8.038301,50,875.566431,0.0
-8.799596,50,876.523311,0.0
-6.5281,50,877.632566,0.0
-4.843488,50,884.478747,0.0
-12.793374,50,885.473418,0.0
-5.935927,50,886.470624,0.0
-5.806075,50,887.487814,0.0
-4.192951,50,888.433213,0.0
-4.999985,50,889.388111,0.0
-16.219627,50,890.350426,0.0
-12.180995,50,891.456914,0.0
-10.21415,50,892.542727,0.0
-11.225465,50,893.518365,0.0
-7.399855,50,900.384645,0.0
-11.894161,50,901.394018,0.0
-3.635135,50,903.43663,0.0
-7.204293,50,904.460698,0.0
-6.449637,50,905.438964,0.0
-9.196717,50,906.488375,0.0
-6.195359,50,907.630349,0.0
-6.159552,50,908.621907,0.0
-7.099892,50,909.554654,0.0
-4.882738,50,910.53266,0.0
-5.219675,50,911.596813,0.0
-11.406619,50,918.486419,0.0
-1.234759,11,918.725623,1.0
-8.317846,50,919.715371,0.0
-7.747645,50,920.631766,0.0
-14.186007,50,921.63061,0.0
-11.137037,50,922.669647,0.0
-15.623325,50,923.646793,0.0
-6.477865,50,924.677878,0.0
-10.970754,50,925.769711,0.0
-6.95129,50,926.776804,0.0
-3.715386,50,927.731514,0.0
-4.844631,50,934.567089,0.0
-9.914791,50,935.697602,0.0
-3.729063,50,936.725068,0.0
-9.519479,50,937.691327,0.0
-13.286247,50,938.636893,0.0
-6.967554,50,939.617704,0.0
-2.274675,50,941.598405,0.0
-5.846489,50,942.717262,0.0
-5.104455,50,943.735929,0.0
-4.606329,50,944.704302,0.0
-1.923047,22,950.982617,1.0
-9.433312,50,951.970448,0.0
-4.937243,48,953.001386,1.0
-2.357513,50,954.081316,0.0
-11.26029,50,955.234957,0.0
-11.222906,50,956.190832,0.0
-15.560022,50,957.167623,0.0
-9.714732,50,958.238123,0.0
-3.042718,50,959.312607,0.0
-10.618342,50,960.434967,0.0
-7.565168,50,961.473848,0.0
-13.171261,50,968.307891,0.0
-9.256798,50,969.333658,0.0
-2.810866,50,970.423913,0.0
-4.559788,49,971.420039,1.0
-15.279136,50,972.416713,0.0
-10.470054,50,973.418032,0.0
-5.324662,50,974.355418,0.0
-6.244464,50,975.511872,0.0
-6.948124,50,976.636275,0.0
-3.340955,50,977.742057,0.0
-12.005925,50,985.463914,0.0
-11.992701,50,986.507768,0.0
-9.039882,50,987.576234,0.0
-6.353115,50,988.594616,0.0
-3.608214,50,989.574923,0.0
-3.846153,50,990.548904,0.0
-2.819525,50,991.544335,0.0
-8.096975,50,992.551937,0.0
-6.775453,50,993.564901,0.0
-9.511214,50,994.597176,0.0
-7.246414,50,1001.397215,0.0
-12.551563,50,1002.37931,0.0
-7.560403,50,1003.32743,0.0
-3.835627,50,1004.301851,0.0
-4.727226,45,1005.160906,1.0
-14.619214,50,1006.168607,0.0
-3.804892,50,1007.165727,0.0
-14.69627,50,1008.167595,0.0
-6.370451,50,1009.157697,0.0
-2.599848,17,1009.499312,1.0
-2.580604,40,1010.283512,1.0
-10.934308,50,1017.115505,0.0
-4.749782,50,1018.162821,0.0
-1.671548,10,1018.385471,1.0
-1.819041,50,1019.429307,0.0
-3.413848,47,1020.389481,1.0
-10.149597,50,1021.407112,0.0
-10.081106,50,1023.619741,0.0
-5.773489,50,1024.612847,0.0
-1.414659,16,1024.946884,1.0
-12.218235,50,1026.009814,0.0
-5.590834,50,1027.076406,0.0
-11.412239,50,1028.110183,0.0
-3.01258,50,1034.945506,0.0
-3.902514,50,1035.912564,0.0
-2.670442,32,1036.549362,1.0
-16.068454,50,1037.55421,0.0
-7.864471,50,1038.471672,0.0
-7.331765,50,1039.474251,0.0
-2.757881,24,1039.960233,1.0
-3.546964,50,1041.022355,0.0
-12.240949,50,1042.026077,0.0
-4.783171,50,1043.060116,0.0
-7.574401,50,1044.195161,0.0
-2.765445,29,1044.724468,1.0
-1.621338,22,1050.955219,1.0
-10.59245,50,1051.888348,0.0
-9.0419,50,1053.000132,0.0
-8.456221,50,1053.929246,0.0
-17.632405,50,1054.935262,0.0
-9.506889,50,1056.00991,0.0
-0.05612,2,1056.056108,1.0
-2.356422,50,1057.109183,0.0
-0.907267,8,1057.260507,1.0
-10.02473,50,1058.325271,0.0
-13.681454,50,1059.261489,0.0
-9.550415,50,1060.206129,0.0
-10.096307,50,1067.985305,0.0
-2.860236,25,1068.493833,1.0
-12.75468,50,1069.541889,0.0
-8.874926,50,1070.464331,0.0
-15.433795,50,1071.390797,0.0
-11.089419,50,1072.441221,0.0
-11.139632,50,1073.486152,0.0
-9.637556,50,1074.43381,0.0
-9.533317,50,1075.472423,0.0
-9.52274,50,1076.527055,0.0
-8.339093,50,1077.472469,0.0
-12.195642,50,1084.259215,0.0
-0.932364,13,1084.515844,1.0
-2.20958,50,1085.592381,0.0
-1.690031,16,1085.931323,1.0
-4.817361,50,1086.90567,0.0
-2.751811,50,1087.968557,0.0
-4.8005,50,1089.003175,0.0
-12.177224,50,1089.979918,0.0
-4.57424,50,1091.037005,0.0
-16.226533,50,1091.99654,0.0
-7.690994,50,1092.90453,0.0
-4.562826,50,1093.898655,0.0
-14.309161,50,1100.756636,0.0
-5.573957,50,1101.933814,0.0
-8.736421,50,1102.997481,0.0
-7.151351,50,1105.08296,0.0
-1.765974,32,1105.69918,1.0
-0.888626,9,1105.868246,1.0
-12.518034,50,1106.896592,0.0
-17.426233,50,1107.790812,0.0
-4.974061,50,1108.758035,0.0
-11.956093,50,1109.766728,0.0
-1.917026,50,1110.759008,0.0
-48.400589,50,1117.547639,0.0
-15.602626,50,1118.617705,0.0
-2.178727,32,1119.258495,1.0
-3.697778,22,1119.696627,1.0
-2.624417,33,1120.381501,1.0
-4.606099,50,1121.51657,0.0
-4.438586,50,1122.492158,0.0
-9.925244,50,1123.6437,0.0
-12.042946,50,1124.731641,0.0
-12.700241,50,1125.746866,0.0
-3.470081,50,1126.857989,0.0
-6.729757,50,1127.876252,0.0
-2.426289,23,1134.156319,1.0
-5.888051,50,1135.126652,0.0
-8.817,50,1136.083206,0.0
-6.431255,50,1137.080102,0.0
-4.745455,50,1138.082491,0.0
-3.012348,50,1139.184911,0.0
-9.605195,50,1140.320862,0.0
-8.928834,50,1141.526927,0.0
-14.730652,50,1143.588853,0.0
-6.323331,50,1144.569686,0.0
-9.024542,50,1151.345383,0.0
-15.048684,50,1152.268794,0.0
-2.373036,50,1153.221614,0.0
-11.823981,50,1154.168691,0.0
-0.423739,6,1154.291992,1.0
-2.436564,11,1154.513711,1.0
-4.39101,50,1155.524086,0.0
-11.566209,50,1156.622418,0.0
-14.224505,50,1157.633729,0.0
-4.224925,50,1158.847754,0.0
-15.186444,50,1159.861411,0.0
-10.537408,50,1160.920145,0.0
-14.854652,50,1167.760827,0.0
-9.856571,50,1168.826022,0.0
-16.53758,50,1169.7219,0.0
-9.270722,50,1170.870437,0.0
-9.296723,50,1171.890323,0.0
-3.550427,50,1172.959846,0.0
-9.39413,50,1174.009691,0.0
-4.728995,50,1174.995813,0.0
-3.670518,50,1176.028906,0.0
-16.689717,50,1176.950137,0.0
-3.660311,50,1177.943886,0.0
-8.856845,50,1184.820364,0.0
-12.1667,50,1185.928138,0.0
-5.10025,50,1187.922251,0.0
-2.827406,50,1188.910903,0.0
-2.588446,21,1189.381632,1.0
-3.460158,50,1190.408479,0.0
-5.499586,50,1191.33974,0.0
-13.364533,50,1192.311584,0.0
-9.313308,50,1193.35842,0.0
-10.275118,50,1194.386334,0.0
-4.190329,50,1201.224856,0.0
-10.495003,50,1202.262794,0.0
-4.275959,50,1203.253041,0.0
-11.494461,50,1204.255651,0.0
-5.935316,50,1205.233053,0.0
-11.624461,50,1206.191939,0.0
-11.554132,50,1207.219552,0.0
-13.889668,50,1208.213192,0.0
-10.039329,50,1209.204985,0.0
-8.54158,50,1210.234519,0.0
-9.184804,50,1211.265311,0.0
-5.719945,50,1218.015885,0.0
-11.226524,50,1219.039076,0.0
-0.689275,16,1219.343436,1.0
-3.815719,50,1220.361356,0.0
-7.579316,50,1221.320091,0.0
-5.081114,50,1222.337655,0.0
-9.184102,50,1223.438303,0.0
-8.837612,50,1225.492067,0.0
-11.976239,50,1226.49411,0.0
-9.026332,50,1227.470941,0.0
-3.182891,50,1228.404687,0.0
-3.504081,50,1235.213026,0.0
-3.482895,36,1235.927322,1.0
-12.873761,50,1236.919453,0.0
-12.059202,50,1237.93739,0.0
-14.563769,50,1238.891422,0.0
-9.21528,50,1239.86486,0.0
-7.670802,50,1240.804231,0.0
-13.998926,50,1241.736337,0.0
-15.438966,50,1242.693653,0.0
-3.496248,50,1243.676183,0.0
-8.225654,50,1250.43142,0.0
-1.686837,13,1250.703983,1.0
-11.580278,50,1251.68944,0.0
-16.635158,50,1252.629016,0.0
-6.166253,50,1253.656967,0.0
-1.930804,11,1253.897075,1.0
-4.905664,50,1254.97476,0.0
-3.283472,50,1255.997356,0.0
-3.377756,50,1256.963942,0.0
-4.549359,50,1257.957244,0.0
-5.851886,50,1258.852136,0.0
-7.959143,50,1259.864602,0.0
-3.958977,33,1266.439981,1.0
-12.533382,50,1268.258166,0.0
-3.377852,50,1269.287341,0.0
-14.03995,50,1270.313514,0.0
-9.607227,50,1271.333225,0.0
-10.469884,50,1272.357835,0.0
-3.080569,50,1273.349685,0.0
-11.527136,50,1274.341506,0.0
-14.166323,50,1275.376817,0.0
-10.713307,50,1276.514165,0.0
-4.557865,50,1283.283928,0.0
-4.5296,50,1284.263283,0.0
-2.038832,50,1285.232022,0.0
-12.263881,50,1286.260494,0.0
-10.51404,50,1287.263936,0.0
-6.475512,50,1288.478947,0.0
-8.919499,50,1289.507392,0.0
-6.026615,50,1290.535714,0.0
-5.165483,41,1291.400802,1.0
-11.124768,50,1292.420831,0.0
-16.920078,50,1293.47875,0.0
-3.129814,50,1300.382343,0.0
-3.881733,50,1301.426495,0.0
-9.434838,50,1302.3611,0.0
-10.736263,50,1303.378048,0.0
-4.388889,34,1304.009055,1.0
-1.097104,19,1304.377201,1.0
-17.658787,50,1305.322101,0.0
-11.585904,50,1307.424242,0.0
-13.25678,50,1308.365319,0.0
-6.798417,50,1309.367163,0.0
-4.101602,50,1310.314745,0.0
-1.69404,50,1317.097555,0.0
-10.723034,50,1318.149825,0.0
-9.285898,50,1319.076453,0.0
-12.160478,50,1320.102585,0.0
-11.072117,50,1321.327236,0.0
-5.808913,50,1322.388066,0.0
-11.860634,50,1323.360868,0.0
-6.940647,50,1324.431624,0.0
-1.935848,50,1325.484702,0.0
-14.211836,50,1326.741307,0.0
-3.477799,50,1333.502235,0.0
-2.689665,30,1334.138177,1.0
-10.910953,50,1335.20955,0.0
-12.768565,50,1336.430258,0.0
-3.898037,50,1337.468037,0.0
-14.661061,50,1338.529867,0.0
-13.651232,50,1339.647492,0.0
-7.114027,50,1340.62252,0.0
-16.199171,50,1341.629566,0.0
-1.566817,20,1342.038872,1.0
-4.565799,50,1343.003867,0.0
-14.329691,50,1343.972953,0.0
-3.513441,50,1351.794597,0.0
-6.589279,50,1352.842133,0.0
-12.004476,50,1353.860938,0.0
-4.432319,50,1354.95088,0.0
-6.291602,50,1355.902994,0.0
-10.870666,50,1356.958746,0.0
-8.610917,50,1358.061592,0.0
-3.246378,50,1359.110869,0.0
-10.727614,50,1360.15152,0.0
-6.150028,50,1361.127804,0.0
-11.154309,50,1367.95365,0.0
-10.175852,50,1369.017491,0.0
-11.734904,50,1370.004496,0.0
-7.651133,50,1371.078155,0.0
-1.947273,28,1371.647512,1.0
-5.946515,50,1372.718047,0.0
-4.319761,50,1373.806143,0.0
-9.04429,50,1374.846843,0.0
-0.438803,13,1375.150845,1.0
-9.179035,50,1376.263006,0.0
-2.448838,41,1377.072548,1.0
-3.119452,50,1383.882056,0.0
-3.20668,50,1384.873384,0.0
-8.362929,50,1385.962573,0.0
-2.70529,32,1386.59324,1.0
-9.670867,50,1387.610248,0.0
-2.652322,50,1389.6575,0.0
-17.753545,50,1390.64782,0.0
-12.482086,50,1391.676006,0.0
-2.680639,50,1392.788289,0.0
-3.046746,50,1393.827711,0.0
-10.070465,50,1394.873681,0.0
-6.24312,50,1401.788429,0.0
-11.150528,50,1402.830223,0.0
-6.526697,50,1403.759814,0.0
-1.694883,30,1404.35131,1.0
-2.761797,50,1405.390548,0.0
-2.406512,50,1406.408824,0.0
-15.046216,50,1407.396984,0.0
-13.364428,50,1408.428999,0.0
-2.001652,35,1409.084625,1.0
-8.699138,50,1410.083285,0.0
-3.881823,50,1411.128318,0.0
-3.175689,50,1417.880842,0.0
-8.321009,50,1418.982356,0.0
-3.166436,27,1419.570815,1.0
-7.947408,50,1420.644933,0.0
-2.153099,29,1421.251441,1.0
-5.486404,50,1422.296895,0.0
-10.328941,50,1423.324591,0.0
-8.471077,50,1424.253121,0.0
-2.851914,17,1424.587513,1.0
-6.764629,50,1425.537833,0.0
-14.975202,50,1426.471542,0.0
-12.174874,50,1428.479067,0.0
-12.957577,50,1435.247949,0.0
-14.966908,50,1436.268451,0.0
-3.863678,50,1437.353559,0.0
-5.156269,50,1438.435519,0.0
-4.071385,50,1439.450647,0.0
-3.828097,50,1440.493206,0.0
-2.649752,50,1441.502519,0.0
-15.344381,50,1442.651147,0.0
-7.06081,50,1443.719855,0.0
-1.978684,46,1444.671104,1.0
-0.961518,8,1444.847237,1.0
-13.208009,50,1451.613543,0.0
-11.616851,50,1452.674871,0.0
-5.765601,50,1453.622006,0.0
-11.573331,50,1454.6073,0.0
-16.52574,50,1455.563621,0.0
-8.605791,50,1456.585329,0.0
-6.109888,50,1457.869655,0.0
-18.352586,50,1458.82465,0.0
-12.889983,50,1459.802393,0.0
-4.127009,50,1460.883682,0.0
-9.193868,50,1467.890109,0.0
-2.919448,46,1468.849997,1.0
-3.138163,50,1469.835548,0.0
-10.560796,50,1470.826933,0.0
-9.249119,50,1472.76728,0.0
-4.366391,50,1473.81808,0.0
-2.752312,50,1474.956752,0.0
-4.553144,50,1476.052579,0.0
-5.919124,50,1477.021631,0.0
-2.409466,29,1477.65613,1.0
-2.224864,50,1478.69537,0.0
-2.872439,47,1485.423988,1.0
-6.686439,50,1486.624107,0.0
-8.26528,50,1487.791505,0.0
-8.450507,50,1488.841852,0.0
-1.344024,16,1489.154774,1.0
-4.001194,50,1490.095453,0.0
-14.604553,50,1491.089222,0.0
-2.455481,50,1492.130813,0.0
-13.581527,50,1493.183858,0.0
-10.364379,50,1494.130683,0.0
-3.34434,50,1495.168034,0.0
-12.446755,50,1502.000236,0.0
-2.985967,50,1502.958142,0.0
-3.317944,50,1503.993813,0.0
-2.335239,50,1504.99701,0.0
-1.121674,12,1505.242857,1.0
-2.03464,50,1506.202311,0.0
-7.960575,50,1507.168031,0.0
-3.403578,50,1508.18378,0.0
-2.308282,50,1509.98562,0.0
-1.612394,46,1510.833511,1.0
-12.937774,50,1511.812911,0.0
-14.367695,50,1518.538307,0.0
-6.386609,50,1519.509673,0.0
-2.267977,21,1519.929649,1.0
-11.195369,50,1521.054519,0.0
-14.316756,50,1522.023201,0.0
-8.820696,50,1522.941753,0.0
-1.900073,50,1523.906839,0.0
-4.055198,50,1525.042629,0.0
-0.655584,13,1525.304555,1.0
-5.699971,50,1526.291729,0.0
-6.106903,50,1527.259588,0.0
-15.372901,50,1534.139595,0.0
-8.6405,50,1535.216886,0.0
-2.48917,50,1536.280602,0.0
-10.340149,50,1537.294597,0.0
-11.346239,50,1538.300349,0.0
-13.83282,50,1539.246418,0.0
-4.621616,31,1539.837395,1.0
-3.521287,50,1540.886594,0.0
-13.937934,50,1541.986786,0.0
-18.039805,50,1543.009073,0.0
-11.219701,50,1544.025809,0.0
-0.567712,15,1544.318581,1.0
-4.018987,44,1550.983829,1.0
-7.339666,50,1552.023404,0.0
-14.040684,50,1553.920642,0.0
-12.120764,50,1554.862593,0.0
-7.772473,50,1555.895991,0.0
-1.498925,13,1556.182057,1.0
-2.970174,44,1557.081109,1.0
-7.132787,50,1558.100317,0.0
-8.609477,50,1559.071403,0.0
-2.744758,50,1560.031443,0.0
-6.285226,50,1561.006595,0.0
-3.585032,50,1567.894941,0.0
-13.840711,50,1568.870956,0.0
-6.818532,50,1569.857509,0.0
-9.377302,50,1570.790753,0.0
-4.704948,50,1571.886464,0.0
-10.915177,50,1572.91056,0.0
-5.650885,50,1573.84682,0.0
-0.11054,5,1573.939581,1.0
-8.354745,50,1574.938621,0.0
-4.401241,50,1575.902192,0.0
-14.490243,50,1576.945215,0.0
-4.872958,50,1583.915671,0.0
-6.552173,50,1584.975192,0.0
-10.265012,50,1586.045664,0.0
-9.309166,50,1587.037968,0.0
-3.115236,28,1587.553766,1.0
-3.618523,50,1588.512449,0.0
-7.318146,50,1589.595084,0.0
-6.160824,50,1591.564387,0.0
-16.082767,50,1592.626354,0.0
-9.795583,50,1593.596525,0.0
-5.48485,50,1594.565979,0.0
-7.159973,50,1601.344065,0.0
-14.192444,50,1602.261338,0.0
-18.935853,50,1603.38949,0.0
-16.480714,50,1604.415256,0.0
-1.956764,50,1605.480738,0.0
-4.474517,50,1606.53715,0.0
-9.254737,50,1607.574608,0.0
-11.441397,50,1608.57458,0.0
-8.636084,50,1609.488978,0.0
-3.15254,50,1610.538729,0.0
-11.08628,50,1617.435099,0.0
-9.676439,50,1618.521203,0.0
-13.104543,50,1619.488548,0.0
-6.062236,50,1620.558184,0.0
-7.336101,50,1621.693524,0.0
-17.868421,50,1622.73416,0.0
-17.949255,50,1623.89287,0.0
-4.491225,50,1624.983007,0.0
-8.041901,50,1626.0087,0.0
-3.325175,50,1627.03758,0.0
-7.843616,50,1633.90513,0.0
-4.790619,50,1635.695955,0.0
-6.039619,50,1636.729234,0.0
-11.192704,50,1637.732189,0.0
-12.266247,50,1638.714336,0.0
-0.88742,20,1639.14864,1.0
-7.063932,50,1640.166644,0.0
-0.211869,6,1640.291262,1.0
-3.474756,50,1641.307588,0.0
-12.41071,50,1642.333392,0.0
-3.901489,50,1643.280518,0.0
-4.949878,50,1644.245456,0.0
-12.004751,50,1651.008608,0.0
-9.305228,50,1652.054765,0.0
-2.672935,50,1653.000863,0.0
-11.526476,50,1654.008933,0.0
-13.184212,50,1654.990104,0.0
-9.777731,50,1656.004535,0.0
-2.735734,26,1656.519356,1.0
-8.658595,50,1657.588219,0.0
-3.442151,27,1658.186469,1.0
-7.013726,50,1659.315542,0.0
-1.487583,23,1659.749973,1.0
-13.889722,50,1660.660322,0.0
-4.904037,50,1667.453878,0.0
-0.481541,7,1667.591463,1.0
-4.197341,50,1668.532042,0.0
-11.605818,50,1669.466287,0.0
-14.162542,50,1670.49848,0.0
-12.727509,50,1671.587619,0.0
-13.673835,50,1673.507623,0.0
-3.706892,50,1674.518729,0.0
-15.392848,50,1675.551371,0.0
-6.331291,50,1676.545536,0.0
-14.194895,50,1677.516786,0.0
-7.784208,50,1684.335348,0.0
-2.467411,50,1685.324327,0.0
-6.933868,50,1686.493568,0.0
-46.864925,50,1687.622242,0.0
-12.772967,50,1688.599504,0.0
-1.728849,15,1688.875667,1.0
-7.316197,50,1689.964058,0.0
-1.466819,9,1690.152743,1.0
-4.259248,50,1691.298121,0.0
-5.565958,50,1692.376104,0.0
-4.203417,50,1693.395526,0.0
-2.615617,50,1694.340627,0.0
-11.812052,50,1701.254603,0.0
-13.645955,50,1702.289053,0.0
-3.541447,50,1703.339641,0.0
-7.529881,50,1704.312351,0.0
-9.473462,50,1705.270562,0.0
-6.538529,50,1706.35709,0.0
-3.995402,50,1707.505977,0.0
-5.862466,50,1708.49095,0.0
-11.838403,50,1709.543113,0.0
-10.659906,50,1710.558281,0.0
-10.613258,50,1718.210178,0.0
-4.071808,50,1719.276056,0.0
-6.76342,50,1720.306356,0.0
-7.259523,50,1721.396929,0.0
-5.43298,50,1722.505807,0.0
-13.095933,50,1723.528264,0.0
-6.825468,50,1724.57668,0.0
-3.903853,18,1724.910499,1.0
-10.057924,50,1726.115147,0.0
-10.011178,50,1727.160251,0.0
-11.313306,50,1728.264106,0.0
-11.21295,50,1735.133675,0.0
-9.461802,50,1736.265436,0.0
-2.765069,44,1737.077943,1.0
-9.200096,50,1738.088765,0.0
-8.269874,50,1739.115884,0.0
-4.461045,50,1740.166635,0.0
-3.219519,50,1741.203375,0.0
-12.338151,50,1742.183589,0.0
-10.364272,50,1743.271991,0.0
-2.510591,50,1744.332207,0.0
-6.523447,33,1750.839433,1.0
-1.713646,50,1751.780149,0.0
-15.952417,50,1752.695219,0.0
-5.641798,50,1753.725154,0.0
-14.975631,50,1754.689131,0.0
-13.552663,50,1756.760994,0.0
-9.597237,50,1757.685626,0.0
-9.241724,50,1758.712668,0.0
-1.953106,14,1758.995731,1.0
-2.390958,50,1760.129676,0.0
-10.935229,50,1761.31024,0.0
-4.272645,50,1768.027696,0.0
-3.594856,50,1769.045499,0.0
-18.535212,50,1770.027715,0.0
-4.515644,50,1771.021859,0.0
-12.453692,50,1772.118685,0.0
-5.943526,50,1773.09013,0.0
-2.17066,50,1774.051438,0.0
-3.982549,50,1774.996454,0.0
-5.4619,50,1775.926695,0.0
-8.179747,50,1776.889576,0.0
-3.435425,50,1778.018446,0.0
-9.940789,50,1784.930398,0.0
-6.314998,50,1786.023883,0.0
-14.77452,50,1786.996846,0.0
-1.630679,15,1787.334132,1.0
-11.104638,50,1788.326985,0.0
-10.521032,50,1789.343275,0.0
-8.869927,50,1790.533445,0.0
-5.172686,50,1791.588263,0.0
-11.828408,50,1792.686871,0.0
-3.474882,50,1794.667947,0.0
-13.663667,50,1795.67099,0.0
-13.327793,50,1802.454314,0.0
-8.971457,50,1803.473567,0.0
-14.928924,50,1804.503996,0.0
-6.541226,50,1805.568255,0.0
-13.934312,50,1806.624937,0.0
-15.668552,50,1807.585306,0.0
-10.862921,50,1808.550811,0.0
-8.272802,50,1809.629131,0.0
-11.53332,50,1810.62229,0.0
-5.198434,50,1811.613246,0.0
-9.626972,50,1818.466861,0.0
-9.457108,50,1819.488456,0.0
-9.805391,50,1820.636536,0.0
-2.507905,50,1821.714531,0.0
-12.702642,50,1822.653192,0.0
-8.222641,50,1823.596317,0.0
-10.058653,50,1824.691396,0.0
-6.474787,50,1825.795325,0.0
-2.384744,44,1826.602248,1.0
-13.392364,50,1827.678671,0.0
-4.580212,50,1834.524068,0.0
-4.135726,50,1835.511624,0.0
-2.936798,41,1836.317524,1.0
-3.813556,50,1838.404828,0.0
-2.301045,45,1839.359397,1.0
-1.507202,11,1839.598641,1.0
-1.900811,28,1840.159183,1.0
-1.453265,33,1840.860268,1.0
-11.682169,50,1841.955047,0.0
-5.463686,50,1843.045356,0.0
-2.086408,27,1843.571131,1.0
-1.586651,11,1843.785779,1.0
-6.31064,50,1844.833413,0.0
-4.395065,50,1851.609529,0.0
-2.886336,50,1852.609794,0.0
-7.527658,50,1853.6329,0.0
-8.559155,50,1854.62191,0.0
-10.355086,50,1855.804171,0.0
-3.961845,50,1856.853366,0.0
-9.492269,50,1857.779668,0.0
-4.277476,33,1858.434344,1.0
-6.803157,50,1859.425572,0.0
-3.972237,50,1860.485585,0.0
-2.765376,29,1861.117025,1.0
-3.66818,50,1867.925971,0.0
-7.51626,50,1868.962359,0.0
-11.653742,50,1869.90629,0.0
-4.83038,50,1870.983299,0.0
-14.653054,50,1871.967571,0.0
-3.18923,49,1873.002541,1.0
-10.563356,50,1874.01528,0.0
-0.042373,2,1874.06059,1.0
-5.039816,50,1875.104746,0.0
-3.963012,50,1877.283885,0.0
-4.688132,50,1878.331435,0.0
-14.891839,50,1879.321172,0.0
-1.531602,21,1885.560934,1.0
-2.25783,23,1886.049395,1.0
-8.507705,50,1887.004922,0.0
-1.154907,28,1887.606387,1.0
-8.051413,50,1888.618637,0.0
-7.701625,50,1889.862885,0.0
-14.167558,50,1890.976805,0.0
-12.675929,50,1892.050556,0.0
-11.107549,50,1893.06642,0.0
-3.97294,50,1894.063494,0.0
-3.836131,50,1895.115585,0.0
-6.304625,50,1902.019797,0.0
-12.363441,50,1902.997404,0.0
-10.284295,50,1903.998034,0.0
-13.526633,50,1905.1039,0.0
-4.223615,50,1906.101177,0.0
-13.189444,50,1907.124983,0.0
-13.41706,50,1908.188683,0.0
-4.196732,50,1909.219793,0.0
-15.375208,50,1910.209176,0.0
-7.318331,50,1911.169202,0.0
-10.334269,50,1912.111223,0.0
-10.219784,50,1918.878083,0.0
-13.890541,50,1919.857788,0.0
-2.229501,42,1921.598383,1.0
-1.4435,26,1922.123963,1.0
-8.251155,50,1923.112113,0.0
-1.662565,16,1923.419013,1.0
-4.132124,50,1924.440089,0.0
-5.358562,50,1925.427566,0.0
-3.358587,50,1926.437141,0.0
-9.765385,50,1927.405736,0.0
-2.605997,49,1928.373624,1.0
-2.551114,50,1935.188702,0.0
-11.905072,50,1936.144413,0.0
-9.904812,50,1937.110824,0.0
-2.985946,50,1938.087893,0.0
-14.548064,50,1939.109038,0.0
-15.359119,50,1940.104927,0.0
-12.782297,50,1941.234867,0.0
-8.90082,50,1942.246377,0.0
-6.435257,50,1943.318747,0.0
-9.873946,50,1944.315726,0.0
-10.48176,50,1945.336144,0.0
-10.247649,50,1952.147646,0.0
-11.357986,50,1953.255607,0.0
-1.269099,27,1953.879689,1.0
-0.57983,17,1954.235739,1.0
-13.605498,50,1955.182019,0.0
-8.013834,50,1956.136854,0.0
-8.701912,50,1957.182049,0.0
-5.540853,50,1959.193398,0.0
-0.945361,21,1959.634767,1.0
-11.61971,50,1960.594465,0.0
-6.084915,50,1961.656034,0.0
-3.22632,14,1961.951035,1.0
-5.349015,50,1968.699227,0.0
-1.718512,37,1969.405816,1.0
-2.63777,22,1969.874007,1.0
-11.003165,50,1970.937967,0.0
-12.591774,50,1971.992534,0.0
-3.349906,50,1973.016397,1.0
-1.419753,20,1973.419202,1.0
-6.82357,50,1974.515296,0.0
-2.394423,50,1975.582284,0.0
-12.990455,50,1976.593034,0.0
-7.040493,50,1977.539921,0.0
-10.350018,50,1978.472563,0.0
-11.004394,50,1985.280583,0.0
-3.084972,50,1986.245442,0.0
-15.257209,50,1987.223977,0.0
-9.68371,50,1988.248039,0.0
-3.921378,50,1989.494606,0.0
-4.674278,50,1990.671564,0.0
-4.086495,50,1991.640462,0.0
-5.260368,50,1992.67136,0.0
-11.105924,50,1993.773474,0.0
-1.249356,26,1994.289063,1.0
-4.250072,40,1995.077497,1.0
-5.330226,50,2002.97543,0.0
-3.604992,50,2004.049988,0.0
-4.754382,50,2005.071401,0.0
-1.710303,50,2006.044936,0.0
-10.835105,50,2007.137307,0.0
-13.399852,50,2008.208077,0.0
-4.032362,50,2009.147275,0.0
-1.838421,21,2009.601203,1.0
-4.195133,50,2010.609986,0.0
-13.666671,50,2011.573825,0.0
-5.767145,50,2012.55984,0.0
-0.9473,17,2018.672722,1.0
-2.786629,30,2019.271989,1.0
-0.925876,12,2019.543936,1.0
-16.331961,50,2020.623116,0.0
-2.088616,11,2020.841875,1.0
-2.751844,50,2021.897989,0.0
-10.860218,50,2022.889224,0.0
-15.02849,50,2023.910894,0.0
-8.123879,50,2025.060158,0.0
-8.44087,50,2026.129043,0.0
-10.460857,50,2027.339757,0.0
-8.548246,50,2028.328293,0.0
-8.953119,50,2035.03894,0.0
-12.652461,50,2036.126388,0.0
-10.558445,50,2037.219476,0.0
-9.573186,40,2038.041549,1.0
-2.514457,50,2039.057434,0.0
-11.326405,50,2040.212518,0.0
-2.510641,29,2041.803133,1.0
-1.957688,50,2042.787915,0.0
-1.474575,44,2043.654544,1.0
-1.29026,7,2043.79797,1.0
-5.750983,50,2044.874997,0.0
-4.776571,50,2045.90521,0.0
-6.601745,50,2052.649596,1.0
-7.784278,50,2053.679385,0.0
-5.072137,50,2054.70745,0.0
-6.036848,50,2055.690059,0.0
-14.636599,50,2056.739474,0.0
-11.834958,50,2057.789563,0.0
-13.455938,50,2058.785251,0.0
-3.928013,50,2059.795728,0.0
-2.389301,50,2060.913913,0.0
-2.606766,37,2061.705751,1.0
-3.544114,50,2062.758373,0.0
-9.356912,50,2069.613867,0.0
-5.056291,50,2070.564969,0.0
-14.357938,50,2071.544844,0.0
-1.701001,11,2071.781557,1.0
-6.909002,50,2072.805341,0.0
-6.424387,50,2073.781883,0.0
-8.572427,50,2074.894723,0.0
-16.664781,50,2075.897384,0.0
-3.746226,50,2076.999115,0.0
-10.546561,50,2078.018659,0.0
-9.040722,50,2079.945502,0.0
-2.270405,50,2086.727825,0.0
-5.464461,50,2087.783268,0.0
-2.910663,50,2088.770096,0.0
-10.358132,50,2089.791616,0.0
-13.343796,50,2090.798718,0.0
-12.383445,50,2091.855515,0.0
-9.076776,50,2092.836152,0.0
-9.634553,50,2093.947314,0.0
-2.37358,50,2094.932991,0.0
-6.707744,50,2095.969757,0.0
-15.604373,50,2102.797691,0.0
-4.810522,50,2103.778847,0.0
-8.844337,50,2104.814043,0.0
-10.522151,50,2106.020726,0.0
-4.53031,50,2107.251431,0.0
-3.842712,50,2108.367535,0.0
-2.586429,50,2109.311582,0.0
-6.592271,50,2110.285347,0.0
-14.086469,50,2111.244895,0.0
-3.535607,50,2112.475047,0.0
-19.506167,50,2119.289312,0.0
-0.812757,14,2119.583693,1.0
-15.338784,50,2120.660002,0.0
-9.399666,50,2121.662925,0.0
-6.152337,50,2122.666651,0.0
-1.372285,30,2124.108084,1.0
-6.216142,50,2125.161252,0.0
-6.359358,50,2126.175886,0.0
-11.684156,50,2127.250102,0.0
-3.804185,50,2128.39403,0.0
-10.641108,50,2129.490204,0.0
-3.09909,32,2130.117284,1.0
-1.84111,50,2136.915161,0.0
-1.523756,50,2137.914618,0.0
-9.505212,50,2138.990309,0.0
-13.674125,50,2140.164523,0.0
-4.613625,44,2141.104642,1.0
-2.262846,14,2141.396003,1.0
-14.057569,50,2142.409011,0.0
-10.960734,50,2143.409323,0.0
-2.064454,50,2144.330484,0.0
-4.853204,50,2145.316245,0.0
-10.054213,50,2146.280632,0.0
-0.475954,7,2146.425237,1.0
-1.752629,50,2153.198915,0.0
-11.889549,50,2154.204841,0.0
-3.867656,39,2155.013251,1.0
-6.67585,50,2156.037194,0.0
-4.031494,50,2157.049139,0.0
-9.020961,50,2158.078266,0.0
-13.958131,50,2159.007805,0.0
-5.656597,50,2160.084366,0.0
-5.730632,50,2161.223359,0.0
-17.032693,50,2163.221954,0.0
-6.469354,33,2163.937958,1.0
-9.823331,50,2170.747614,0.0
-12.971137,50,2171.802516,0.0
-13.042071,50,2172.752545,0.0
-12.018581,50,2173.858679,0.0
-12.400905,50,2174.923499,0.0
-3.762865,50,2175.919914,0.0
-5.67745,50,2176.916868,0.0
-5.376489,50,2177.993491,0.0
-2.983263,50,2179.086478,0.0
-0.988505,17,2179.520317,1.0
-5.597667,50,2180.770339,0.0
-7.271363,50,2187.607753,0.0
-5.273559,50,2188.768527,0.0
-9.991581,50,2189.898518,0.0
-1.918787,43,2190.77972,1.0
-7.077716,50,2191.948875,0.0
-2.113138,50,2192.978311,0.0
-1.062291,31,2193.603392,1.0
-7.45264,50,2194.626261,0.0
-9.840867,50,2195.654796,0.0
-5.369452,50,2196.694794,0.0
-4.996506,50,2203.553062,0.0
-5.036823,50,2204.537772,0.0
-3.175552,50,2205.490511,0.0
-10.289291,50,2207.443179,0.0
-7.989878,50,2208.45341,0.0
-17.794253,50,2209.44373,0.0
-7.608851,50,2210.492035,0.0
-1.006948,16,2210.845804,1.0
-11.702426,50,2211.929925,0.0
-2.399666,50,2213.048556,0.0
-7.560438,50,2214.062509,0.0
-11.570174,50,2220.841955,0.0
-11.297644,50,2221.833865,0.0
-6.978933,50,2222.876785,0.0
-13.737777,50,2224.0163,0.0
-6.625279,50,2225.088099,0.0
-14.080626,50,2226.120786,0.0
-4.961712,34,2226.759608,1.0
-7.888158,50,2227.823851,0.0
-1.440085,36,2228.650951,1.0
-9.089849,50,2229.631686,0.0
-3.953714,50,2230.62891,0.0
-8.778262,50,2237.36857,0.0
-6.525389,50,2238.397852,0.0
-3.268508,50,2239.402142,0.0
-11.019168,50,2240.438206,0.0
-9.642992,50,2241.500687,0.0
-10.97649,50,2242.466308,0.0
-7.399679,50,2243.567443,0.0
-7.456618,50,2244.621478,0.0
-14.109642,50,2246.767078,0.0
-3.205384,50,2247.828995,0.0
-2.157096,50,2254.654695,0.0
-3.579934,50,2255.707516,0.0
-9.819723,50,2256.657362,0.0
-5.742249,50,2257.710382,0.0
-2.98331,50,2258.733662,0.0
-4.973139,50,2259.793488,0.0
-2.681727,37,2260.55195,1.0
-6.281298,50,2261.538121,0.0
-5.260923,50,2262.479998,0.0
-0.698253,13,2262.718115,1.0
-14.010926,50,2263.667376,0.0
-9.026028,50,2264.675074,0.0
-2.037371,50,2271.558593,0.0
-4.853566,50,2272.543108,0.0
-3.104717,50,2273.570474,0.0
-1.269443,17,2273.926026,1.0
-9.850972,50,2274.895375,0.0
-11.469622,50,2275.863811,0.0
-3.899399,21,2276.290115,1.0
-16.129925,50,2277.30996,0.0
-11.340073,50,2278.353009,0.0
-12.266636,50,2279.391289,0.0
-3.060402,50,2280.310106,0.0
-2.802761,24,2280.852586,1.0
-2.95053,50,2287.850215,0.0
-10.994132,50,2289.907109,0.0
-0.677226,8,2290.053731,1.0
-5.096491,50,2291.014295,0.0
-8.263408,50,2292.129148,0.0
-9.322046,50,2293.171363,0.0
-2.69935,24,2293.713024,1.0
-0.256139,5,2293.828049,1.0
-3.365334,46,2294.758106,1.0
-9.083773,50,2295.816245,0.0
-9.493555,50,2296.80977,0.0
-3.800369,50,2297.760966,0.0
-2.333775,48,2304.436922,1.0
-13.126644,50,2305.411634,0.0
-2.617444,24,2305.876554,1.0
-10.525561,50,2306.803944,0.0
-14.790878,50,2307.774006,0.0
-12.698485,50,2308.906014,0.0
-10.884458,50,2309.828078,0.0
-6.849787,50,2310.899567,0.0
-6.476884,50,2311.857782,0.0
-16.320044,50,2312.920698,0.0
-1.781834,50,2313.931096,0.0
-5.031515,41,2320.580495,1.0
-13.134014,50,2321.649682,0.0
-7.475591,50,2322.692179,0.0
-12.211149,50,2323.730064,0.0
-12.304005,50,2324.737151,0.0
-15.372817,50,2325.709859,0.0
-6.488762,50,2327.505564,0.0
-5.164038,50,2328.539358,0.0
-3.292268,13,2328.821844,1.0
-1.754558,50,2329.822816,0.0
-2.743424,32,2330.45421,1.0
-0.393884,10,2330.659618,1.0
-17.534382,50,2337.505973,0.0
-11.666823,50,2338.427245,0.0
-14.393191,50,2339.450352,0.0
-10.243339,50,2340.600183,0.0
-10.61465,50,2341.607733,0.0
-3.271263,50,2342.562611,0.0
-8.543975,50,2343.578584,0.0
-6.611647,50,2344.586625,0.0
-1.198667,28,2345.248493,1.0
-14.930705,50,2346.514305,0.0
-12.899582,50,2347.661822,0.0
-3.622613,19,2348.056533,1.0
-8.652254,50,2354.868519,0.0
-8.585901,50,2355.877272,0.0
-11.625896,50,2356.875258,0.0
-2.950345,17,2357.228923,1.0
-2.929946,50,2358.303021,0.0
-3.157948,50,2359.240282,0.0
-15.05083,50,2360.195279,0.0
-0.233864,6,2360.317142,1.0
-5.377667,50,2361.420333,0.0
-4.247477,50,2362.458014,0.0
-14.068665,50,2363.476112,0.0
-4.012259,50,2370.26735,0.0
-2.62964,50,2372.026291,0.0
-1.517428,19,2372.442143,1.0
-8.482081,50,2373.431609,0.0
-3.333202,50,2374.475812,0.0
-0.767834,24,2374.927255,1.0
-1.978608,13,2375.171034,1.0
-3.012911,50,2376.221107,0.0
-3.908411,50,2377.326373,0.0
-5.600442,50,2378.426181,0.0
-5.289399,50,2379.609677,0.0
-13.3891,50,2380.621559,0.0
-3.941542,46,2381.552654,1.0
-7.153099,50,2388.38403,0.0
-7.208432,50,2389.332033,0.0
-6.288501,50,2390.38458,0.0
-6.221161,50,2391.363611,0.0
-2.816845,50,2392.409941,0.0
-4.791105,50,2393.549958,0.0
-4.339111,50,2394.592744,0.0
-3.646893,50,2395.813703,0.0
-7.899867,50,2396.929033,0.0
-3.495975,18,2397.37406,1.0
-5.148524,50,2404.316119,0.0
-3.967668,50,2405.302369,0.0
-12.044137,50,2406.316044,0.0
-3.076218,43,2407.198494,1.0
-10.406913,50,2408.222522,0.0
-11.166951,50,2409.276424,0.0
-1.50023,29,2410.825274,1.0
-3.500861,50,2411.755073,0.0
-6.041988,50,2412.759653,0.0
-9.58236,50,2413.679248,0.0
-10.058206,50,2414.643151,0.0
-2.978268,50,2421.425619,0.0
-5.023384,50,2422.421638,0.0
-0.008581,1,2422.44166,1.0
-2.636749,43,2423.320745,1.0
-6.522886,50,2424.309486,0.0
-3.337644,50,2425.333117,0.0
-1.630491,38,2426.05357,1.0
-6.093436,50,2427.042562,0.0
-13.770844,50,2428.040155,0.0
-14.243848,50,2428.977874,0.0
-17.150222,50,2429.917424,0.0
-9.182794,50,2430.864205,0.0
-8.598202,50,2437.761674,0.0
-15.39984,50,2438.677429,0.0
-12.866434,50,2439.735641,0.0
-12.820446,50,2440.78225,0.0
-1.048535,17,2441.137594,1.0
-11.496437,50,2442.15538,0.0
-10.219286,50,2443.138542,0.0
-0.615761,11,2443.358451,1.0
-6.03149,50,2444.386017,0.0
-8.099694,50,2445.470144,0.0
-2.717468,22,2445.928748,1.0
-3.626209,50,2448.008523,0.0
-12.70438,50,2454.777418,0.0
-5.82527,50,2455.967543,0.0
-5.196875,50,2456.889025,0.0
-3.324811,50,2457.841631,0.0
-16.297351,50,2458.986384,0.0
-0.915483,8,2459.175947,1.0
-14.193894,50,2460.255691,0.0
-5.123411,50,2461.307539,0.0
-2.852677,50,2462.344833,0.0
-1.254481,23,2462.779243,1.0
-9.484107,50,2463.803626,0.0
-2.273801,26,2464.352291,1.0
-4.930855,50,2471.144329,0.0
-7.225059,50,2472.253219,0.0
-6.826334,50,2473.362753,0.0
-1.196206,24,2473.881972,1.0
-3.364575,50,2474.929147,0.0
-10.939464,50,2476.004271,0.0
-3.414203,50,2477.039079,0.0
-3.1291,50,2478.07874,0.0
-5.857721,50,2479.197028,0.0
-2.744514,50,2480.249357,0.0
-10.248106,50,2481.244066,0.0
-9.822005,50,2488.022299,0.0
-1.746972,50,2488.995443,0.0
-1.131914,17,2489.356436,1.0
-2.262955,20,2489.896064,1.0
-10.169526,50,2490.973057,0.0
-1.695866,35,2492.411653,1.0
-12.540111,50,2493.394723,0.0
-1.931365,38,2494.184711,1.0
-9.362905,50,2495.381702,0.0
-5.131494,50,2496.519401,0.0
-2.642943,43,2497.574736,1.0
-2.665104,23,2498.145586,1.0
-13.579066,50,2499.222635,0.0
-14.631511,50,2506.031144,0.0
-10.653467,50,2507.16677,0.0
-3.656164,49,2508.379682,1.0
-2.817413,43,2509.206713,1.0
-5.250939,29,2509.763968,1.0
-9.408449,50,2510.713033,0.0
-12.647467,50,2511.857748,0.0
-1.50212,23,2512.301038,1.0
-13.066777,50,2513.406218,0.0
-5.119987,50,2514.399614,0.0
-3.105677,50,2515.359839,0.0
-4.985123,50,2522.294542,0.0
-11.525888,50,2523.397799,0.0
-12.25155,50,2524.40597,0.0
-3.584317,17,2524.749726,1.0
-0.450873,8,2524.912253,1.0
-11.939228,50,2525.92125,0.0
-10.082259,50,2526.945391,0.0
-14.500877,50,2527.881261,0.0
-2.645552,50,2528.875192,0.0
-8.116121,50,2530.053133,0.0
-9.704533,50,2531.987781,0.0
-1.818333,15,2532.340796,1.0
-1.910426,23,2532.859833,1.0
-12.121681,50,2539.727781,0.0
-0.674355,6,2539.846502,1.0
-4.990459,50,2540.794766,0.0
-5.427365,36,2541.470911,1.0
-10.238478,50,2542.542083,0.0
-3.470514,50,2543.481167,0.0
-1.960346,50,2544.472215,0.0
-2.990969,50,2545.534612,0.0
-2.210091,50,2546.574611,0.0
-4.358632,50,2547.638055,0.0
-4.554727,50,2548.677618,0.0
-10.524064,50,2555.641754,0.0
-11.088978,50,2556.619858,0.0
-5.757345,50,2557.769041,0.0
-2.133279,18,2558.126501,1.0
-6.007872,50,2559.216226,0.0
-2.58566,34,2559.91046,1.0
-8.697471,50,2561.027375,0.0
-3.274803,20,2561.455737,1.0
-9.513648,50,2562.519155,0.0
-12.550365,50,2563.607352,0.0
-2.350175,34,2564.331176,1.0
-8.285844,50,2565.520876,0.0
-9.625148,50,2566.695195,0.0
-3.146591,50,2573.601919,0.0
-9.33512,50,2574.517936,0.0
-8.267763,50,2576.313054,0.0
-8.021054,50,2577.465344,0.0
-11.416379,50,2578.525327,0.0
-2.803359,21,2578.954565,1.0
-9.465086,50,2579.990634,0.0
-3.361074,21,2580.381076,1.0
-10.35364,50,2581.45018,0.0
-3.628108,30,2582.100057,1.0
-1.223989,34,2582.789634,1.0
-3.871265,50,2583.724955,0.0
-4.434702,50,2590.534419,0.0
-6.139802,50,2591.546085,0.0
-3.424608,50,2592.646441,0.0
-1.472033,25,2593.189789,1.0
-14.858817,50,2594.389432,0.0
-4.344325,50,2595.442529,0.0
-12.0267,50,2596.429575,0.0
-9.56458,50,2597.575689,0.0
-2.955697,50,2598.605138,0.0
-0.71846,19,2599.056926,1.0
-9.256914,50,2600.291406,0.0
-9.352374,50,2607.039501,0.0
-3.560333,50,2608.057574,0.0
-4.089733,50,2609.034113,0.0
-6.16213,50,2609.947924,0.0
-3.113764,16,2610.251871,1.0
-11.513187,50,2611.386911,0.0
-6.057991,50,2612.494835,0.0
-12.639326,50,2613.541908,0.0
-12.742173,50,2615.598893,0.0
-9.157789,50,2616.553892,0.0
-2.378856,50,2617.469922,0.0
-2.210592,50,2624.321165,0.0
-10.568187,50,2625.357332,0.0
-1.740368,15,2625.690132,1.0
-3.355226,50,2626.789354,0.0
-2.271491,27,2627.38455,1.0
-2.66929,50,2628.37128,0.0
-26.80775,50,2629.456681,0.0
-6.752444,50,2630.468633,0.0
-10.268632,50,2631.488046,0.0
-2.07135,50,2632.570192,0.0
-11.647505,50,2633.637445,0.0
-7.452692,50,2640.419805,0.0
-1.195288,15,2640.76012,1.0
-3.486237,50,2641.842775,0.0
-0.607423,14,2642.131575,1.0
-11.405013,50,2643.152242,0.0
-14.290726,50,2644.161492,0.0
-6.028148,50,2645.226881,0.0
-6.63737,50,2646.271977,0.0
-6.143469,50,2647.261657,0.0
-9.624969,50,2648.237596,0.0
-7.124452,50,2649.168677,0.0
-0.640906,7,2649.308376,1.0
-1.728238,9,2649.479194,1.0
-9.959131,50,2650.454558,0.0
-4.989906,31,2656.839907,1.0
-11.842646,50,2658.762879,0.0
-17.433448,50,2659.812879,0.0
-8.903051,50,2660.900791,0.0
-15.92482,50,2662.047436,0.0
-10.474041,50,2663.057839,0.0
-11.735583,50,2664.045821,0.0
-11.841422,50,2665.11521,0.0
-2.041731,19,2665.474929,1.0
-7.684848,50,2666.501605,0.0
-2.617406,50,2667.521353,0.0
-3.777105,50,2674.327494,0.0
-0.530409,15,2674.67851,1.0
-6.23096,50,2675.856403,0.0
-4.055006,50,2676.947404,0.0
-7.220602,50,2677.960441,0.0
-6.65455,50,2678.976266,0.0
-12.383139,50,2680.296739,0.0
-13.592407,50,2681.256252,0.0
-4.106713,17,2681.59959,1.0
-5.109679,50,2682.622401,0.0
-9.65821,50,2683.695343,0.0
-3.713013,50,2684.71429,0.0
-9.066076,50,2691.445862,0.0
-7.793089,50,2692.457128,0.0
-3.632551,50,2693.425303,0.0
-3.409572,50,2694.471448,0.0
-8.329779,50,2695.616875,0.0
-1.595929,16,2695.936192,1.0
-2.228634,50,2697.961308,0.0
-4.694313,50,2698.941087,0.0
-5.121322,50,2699.946089,0.0
-7.600098,50,2701.205114,0.0
-0.646199,22,2701.704025,1.0
-8.378013,50,2707.830705,0.0
-1.141019,14,2708.106143,1.0
-11.205847,50,2709.156353,0.0
-13.944565,50,2710.181296,0.0
-4.367121,50,2711.22457,0.0
-5.890521,50,2712.204481,0.0
-4.747499,50,2713.340033,0.0
-6.34592,50,2714.460375,0.0
-13.020617,50,2715.394701,0.0
-7.338108,50,2716.407372,0.0
-11.716375,50,2717.326997,0.0
-2.751769,50,2720.705725,0.0
-3.105756,21,2721.150618,1.0
-3.579419,50,2722.175458,0.0
-7.349831,50,2723.157789,0.0
-5.835294,50,2724.190813,0.0
-9.682055,50,2725.332342,0.0
-3.122874,50,2726.283997,0.0
-12.194203,50,2727.189317,0.0
-12.102885,50,2728.174482,0.0
-8.557498,50,2729.178698,0.0
-4.294242,50,2730.198649,0.0
-6.914677,50,2734.509067,0.0
-10.678699,50,2735.555109,0.0
-13.982595,50,2736.517714,0.0
-8.415137,50,2737.655081,0.0
-6.777697,50,2738.654039,0.0
-11.073522,50,2739.721284,0.0
-0.706862,14,2740.041757,1.0
-11.938158,50,2741.165279,0.0
-1.162992,50,2742.172246,0.0
-7.698158,50,2743.110436,0.0
-11.64761,50,2744.286567,0.0
-5.074499,50,2747.796689,0.0
-4.392554,50,2748.877598,0.0
-20.693479,50,2749.797293,0.0
-3.979997,20,2750.202646,1.0
-6.158957,50,2751.261325,0.0
-10.397372,50,2752.266047,0.0
-8.468183,50,2753.322622,0.0
-14.539431,50,2754.322644,0.0
-6.401043,50,2755.295384,0.0
-0.852463,20,2755.709733,1.0
-9.224763,50,2756.717834,0.0
-9.084495,50,2763.471991,0.0
-10.302962,50,2764.438916,0.0
-0.764398,10,2764.636339,1.0
-1.651687,50,2765.5992,0.0
-10.905039,50,2766.588301,0.0
-13.412152,50,2767.58057,0.0
-2.714333,30,2768.921747,1.0
-3.547296,25,2769.404809,1.0
-1.908531,16,2769.724145,1.0
-11.210117,50,2770.785348,0.0
-4.05725,50,2771.906528,0.0
-13.991921,50,2772.955468,0.0
-9.719512,50,2774.088027,0.0
-2.11048,17,2780.166145,1.0
-0.955581,25,2780.645354,1.0
-13.277156,50,2781.602597,0.0
-10.854963,50,2782.652331,0.0
-9.73307,50,2783.620905,0.0
-8.611387,50,2784.570327,0.0
-2.875556,47,2785.568681,1.0
-11.471471,50,2786.702675,0.0
-3.024424,50,2787.733164,0.0
-16.783405,50,2788.699943,0.0
-2.07912,50,2789.74759,0.0
-11.449653,50,2796.66506,0.0
-2.659899,12,2796.944072,1.0
-5.298421,50,2797.893291,0.0
-9.685785,50,2798.933484,0.0
-6.064339,50,2799.979283,0.0
-1.721777,31,2800.657132,1.0
-7.465976,50,2801.650531,0.0
-10.05446,50,2802.67616,0.0
-7.308335,50,2803.629968,0.0
-7.931862,50,2804.605763,0.0
-13.465983,50,2805.582934,0.0
-13.281317,50,2807.452711,0.0
-12.242001,50,2814.268152,0.0
-8.537075,50,2815.500219,0.0
-8.968717,50,2816.555698,0.0
-10.758791,50,2817.618317,0.0
-7.669137,50,2818.629699,0.0
-7.81379,50,2819.674081,0.0
-4.864295,50,2820.652201,0.0
-2.977194,21,2821.065345,1.0
-5.027549,50,2822.101072,0.0
-2.751444,50,2823.24033,0.0
-0.75262,16,2823.59832,1.0
-4.414232,50,2830.435977,0.0
-10.953376,50,2831.537791,0.0
-9.560554,50,2832.551611,0.0
-2.806617,26,2833.060251,1.0
-9.400636,50,2834.078489,0.0
-11.492742,50,2835.106972,0.0
-13.696906,50,2836.206627,0.0
-5.336933,50,2837.201068,0.0
-3.149874,50,2838.232524,0.0
-2.781217,33,2838.945177,1.0
-11.93864,50,2839.983373,0.0
-5.722844,50,2846.806134,0.0
-13.182236,50,2847.940349,0.0
-5.058672,50,2848.9549,0.0
-9.471149,50,2850.056859,0.0
-13.434473,50,2851.79411,0.0
-5.276548,50,2852.871225,0.0
-0.11002,4,2852.9649,1.0
-12.906941,50,2854.112941,0.0
-9.133787,50,2855.074831,0.0
-4.162432,50,2856.086239,0.0
-13.131306,50,2857.021344,0.0
-11.919947,50,2864.058975,0.0
-7.245865,50,2865.110363,0.0
-1.068258,29,2865.742398,1.0
-24.676861,50,2866.749759,0.0
-13.995631,50,2867.712355,0.0
-14.923849,50,2868.690789,0.0
-5.852464,50,2869.893793,0.0
-16.139988,50,2871.053966,0.0
-0.618779,13,2871.325384,1.0
-1.172756,22,2871.770912,1.0
-1.1888,16,2872.10673,1.0
-14.856859,50,2873.180674,0.0
-3.830103,50,2874.276433,0.0
-3.377073,50,2881.193378,0.0
-3.011715,50,2882.262418,0.0
-6.004781,50,2883.35191,0.0
-13.712271,50,2884.364955,0.0
-6.560528,50,2885.485733,0.0
-8.949073,50,2886.478078,0.0
-2.783334,50,2887.468251,0.0
-8.384722,50,2888.431729,0.0
-11.49328,50,2890.28322,0.0
-6.4071,50,2891.306512,0.0
-1.904313,50,2898.2134,0.0
-13.858182,50,2899.243246,0.0
-8.887055,50,2900.41426,0.0
-14.982976,50,2901.404133,0.0
-3.80127,50,2902.366812,0.0
-7.420415,50,2903.352926,0.0
-7.374524,50,2904.454645,0.0
-13.327333,50,2905.515358,0.0
-14.694605,50,2906.505515,0.0
-2.511426,50,2907.493601,0.0
-3.143513,50,2908.490149,0.0
-1.359254,28,2914.935435,1.0
-12.321908,50,2915.95027,0.0
-11.068012,50,2917.090713,0.0
-6.103666,50,2918.25972,0.0
-1.178561,14,2918.548213,1.0
-8.021109,50,2919.487999,0.0
-14.118608,50,2920.460239,0.0
-11.63912,50,2921.428116,0.0
-11.940686,50,2922.560005,0.0
-1.8835,50,2923.514928,0.0
-12.637906,50,2924.55545,0.0
-4.276365,50,2931.318182,0.0
-14.11824,50,2932.391682,0.0
-1.078493,38,2934.222759,1.0
-1.7195,28,2934.927891,1.0
-3.255468,50,2936.03386,0.0
-13.13438,50,2937.090571,0.0
-9.960815,50,2938.145679,0.0
-9.418181,50,2939.174905,0.0
-3.779794,50,2940.298129,0.0
-9.08892,50,2941.334404,0.0
-3.668064,32,2942.019415,1.0
-3.648809,50,2948.899993,0.0
-1.224799,11,2949.161399,1.0
-3.093855,50,2950.18964,0.0
-3.270989,50,2951.187381,0.0
-11.331187,50,2952.218172,0.0
-2.797805,23,2952.689009,1.0
-6.947459,50,2953.736775,0.0
-12.110382,50,2954.958596,0.0
-2.314226,48,2955.908519,1.0
-6.684836,50,2956.871436,0.0
-0.879873,13,2957.111833,1.0
-6.935053,50,2958.068759,0.0
-15.210908,50,2959.073835,0.0
-6.15701,50,2965.939994,0.0
-6.901673,50,2966.99419,0.0
-8.536382,50,2968.123731,0.0
-6.645893,50,2969.143919,0.0
-0.836251,8,2969.28989,1.0
-8.329195,50,2970.41933,0.0
-3.752869,50,2971.430636,0.0
-10.254047,50,2973.440763,0.0
-11.952046,50,2974.404625,0.0
-2.75078,50,2975.433539,0.0
-15.30209,50,2976.465197,0.0
-9.568088,50,2983.389338,0.0
-10.464474,50,2984.468993,0.0
-5.025156,50,2985.507465,0.0
-3.573356,42,2986.40762,1.0
-0.93872,18,2986.755011,1.0
-8.117349,50,2987.752161,0.0
-2.197966,28,2988.321601,1.0
-13.448088,50,2989.331434,0.0
-4.894088,50,2990.276324,0.0
-10.291823,50,2991.327974,0.0
-11.163834,50,2992.381424,0.0
-5.579903,50,2999.20322,0.0
-4.751163,50,3000.149541,0.0
-2.704508,50,3001.130599,0.0
-8.261306,50,3002.29584,0.0
-11.028757,50,3003.360441,0.0
-13.884647,50,3004.440479,0.0
-0.564496,13,3004.712866,1.0
-1.080871,11,3004.949116,1.0
-3.351269,50,3006.064045,0.0
-7.493193,50,3007.188694,0.0
-4.137634,50,3008.161204,0.0
-0.735429,13,3008.44065,1.0
-8.744017,50,3009.492957,0.0
-7.150223,50,3016.316629,0.0
-2.409455,50,3018.17672,0.0
-14.68223,50,3019.187818,0.0
-2.209049,27,3019.78984,1.0
-8.322787,50,3020.789719,0.0
-10.278991,50,3021.984579,0.0
-6.285306,50,3022.937764,0.0
-2.538815,14,3023.228749,1.0
-13.981826,50,3024.33005,0.0
-6.703494,50,3025.299203,0.0
-10.950858,50,3026.249841,0.0
-5.459814,50,3033.036814,0.0
-8.752552,50,3034.302896,0.0
-10.108517,50,3035.386212,0.0
-13.730852,50,3036.370125,0.0
-7.61324,50,3037.384829,0.0
-3.882649,50,3038.550509,0.0
-13.558665,50,3039.533852,0.0
-10.282616,50,3040.441916,0.0
-3.508052,50,3041.42743,0.0
-6.482942,50,3042.399892,0.0
-3.889868,46,3049.072972,1.0
-10.853346,50,3050.060355,0.0
-17.883655,50,3051.133366,0.0
-2.2246,50,3052.187797,0.0
-14.695081,50,3053.315071,0.0
-8.057803,50,3054.4201,0.0
-7.4855,50,3056.447686,0.0
-0.674104,20,3056.865294,1.0
-8.675677,50,3057.928123,0.0
-11.261395,50,3059.076522,0.0
-4.4461,39,3059.872848,1.0
-14.88233,50,3066.710061,0.0
-14.520502,50,3067.700548,0.0
-2.237274,30,3068.289577,1.0
-1.919854,50,3069.368048,0.0
-1.678268,17,3069.731797,1.0
-13.062701,50,3070.794798,0.0
-0.740629,7,3070.929905,1.0
-8.896446,50,3071.963349,0.0
-12.576898,50,3073.121716,0.0
-7.054449,50,3074.157926,0.0
-12.42044,50,3075.135136,0.0
-8.257067,50,3076.321242,0.0
-9.119018,50,3077.526625,0.0
-1.906558,29,3083.949846,1.0
-2.63576,50,3084.945041,0.0
-2.407325,42,3085.788289,1.0
-12.419804,50,3086.742832,0.0
-11.491327,50,3087.796008,0.0
-2.121593,50,3088.91399,0.0
-0.436505,11,3089.153005,1.0
-3.527496,50,3090.203103,0.0
-6.146356,50,3091.233108,0.0
-11.582961,50,3092.345359,0.0
-12.625139,50,3093.325414,0.0
-9.674961,50,3100.99292,0.0
-2.524537,50,3102.114413,0.0
-14.348443,50,3103.229889,0.0
-6.612136,50,3104.303168,0.0
-2.516429,50,3105.376209,0.0
-6.427085,50,3106.530317,0.0
-6.489093,50,3107.665974,0.0
-8.584757,50,3108.675914,0.0
-7.953866,50,3109.716462,0.0
-15.447666,50,3110.670808,0.0
-13.981109,50,3117.593878,0.0
-2.981857,50,3118.724511,0.0
-13.312742,50,3119.696434,0.0
-14.146101,50,3120.774279,0.0
-5.563294,50,3121.721829,0.0
-8.012409,50,3122.769787,0.0
-4.482758,50,3123.788192,0.0
-11.193613,50,3124.786233,0.0
-4.663376,50,3125.792728,0.0
-5.406267,50,3126.74068,0.0
-8.341391,50,3127.768342,0.0
-6.780779,50,3133.753732,0.0
-1.394397,29,3134.312897,1.0
-2.388888,30,3134.887771,1.0
-5.148726,50,3135.833094,0.0
-11.390184,50,3136.874738,0.0
-0.647816,9,3137.070887,1.0
-3.835762,50,3139.078557,0.0
-16.534791,50,3140.075789,0.0
-10.29166,50,3141.133396,0.0
-12.355038,50,3142.260939,0.0
-9.630451,50,3143.264649,0.0
-7.581218,50,3144.438777,0.0
-2.453866,50,3147.840415,0.0
-3.677384,50,3148.786155,0.0
-7.42931,50,3149.73063,0.0
-15.656141,50,3150.725263,0.0
-1.226349,18,3151.07751,1.0
-10.405924,50,3152.015263,0.0
-1.588947,18,3152.386164,1.0
-4.287652,50,3153.330019,0.0
-6.717532,50,3154.27267,0.0
-7.399637,50,3155.211433,0.0
-7.174749,50,3156.191508,0.0
-14.309043,50,3159.63028,0.0
-12.183017,50,3160.593884,0.0
-2.821838,24,3161.091998,1.0
-6.79945,50,3162.070887,0.0
-14.812567,50,3163.074117,0.0
-6.078179,50,3164.169344,0.0
-3.8096,50,3165.291633,0.0
-4.987527,50,3166.281019,0.0
-9.590504,50,3167.24289,0.0
-0.939166,12,3167.515343,1.0
-9.916715,50,3169.160026,0.0
-2.179338,15,3169.473251,1.0
-8.169866,50,3173.013623,0.0
-3.024648,50,3174.056582,0.0
-10.50466,50,3175.183157,0.0
-3.691464,50,3176.195199,0.0
-14.733455,50,3177.16402,0.0
-4.823549,50,3178.228522,0.0
-2.455364,50,3179.280492,0.0
-14.115517,50,3180.336348,0.0
-12.796052,50,3181.368524,0.0
-3.524437,49,3182.382008,1.0
-6.550222,50,3183.39095,0.0
-11.731144,50,3186.825623,0.0
-1.417789,18,3187.21424,1.0
-3.015796,14,3187.484788,1.0
-1.76053,50,3188.440129,0.0
-10.160685,50,3189.587044,0.0
-6.422116,50,3190.701624,0.0
-6.840231,50,3191.861375,0.0
-0.64977,21,3192.32883,1.0
-6.349947,50,3193.426219,0.0
-9.178854,50,3194.482021,0.0
-3.773903,50,3195.546094,0.0
-3.25074,50,3196.64471,0.0
-12.051607,50,3200.03931,0.0
-0.904352,16,3200.347216,1.0
-2.147037,26,3200.865068,1.0
-13.18709,50,3201.86169,0.0
-5.045359,50,3203.89793,0.0
-13.042372,50,3204.893046,0.0
-2.614824,29,3205.467945,1.0
-12.623615,50,3206.430478,0.0
-4.875206,50,3207.423725,0.0
-7.656003,50,3208.41714,0.0
-7.978832,50,3209.53538,0.0
-10.034366,50,3210.593063,0.0
-12.814714,50,3213.985944,0.0
-10.929381,50,3215.151006,0.0
-3.478629,50,3216.280671,0.0
-4.03547,50,3217.346316,0.0
-13.844896,50,3218.375222,0.0
-12.961894,50,3219.396515,0.0
-5.842792,50,3220.335676,0.0
-3.092128,45,3221.190213,1.0
-4.411252,50,3222.196369,0.0
-10.666953,50,3223.334754,0.0
-1.056327,33,3226.480761,1.0
-14.211683,50,3227.667721,0.0
-11.955099,50,3228.699821,0.0
-3.38885,50,3229.749215,0.0
-4.145763,50,3230.767871,0.0
-2.580772,50,3231.769063,0.0
-7.511278,50,3232.744096,0.0
-4.757908,50,3233.724875,0.0
-2.920566,50,3235.783701,0.0
-12.140561,50,3236.806894,0.0
-10.471041,50,3240.222559,0.0
-15.391836,50,3241.218106,0.0
-5.469591,50,3242.251594,0.0
-3.784739,50,3243.272779,0.0
-11.269811,50,3244.396356,0.0
-3.221094,50,3245.385071,0.0
-2.744732,29,3245.994403,1.0
-2.272665,46,3246.998522,1.0
-7.260582,50,3248.063324,0.0
-11.41095,50,3249.194639,0.0
-12.81419,50,3250.277488,0.0
-7.443743,50,3253.754249,0.0
-5.349274,50,3254.810449,0.0
-6.743714,50,3255.801074,0.0
-3.569238,50,3256.779611,0.0
-2.448622,50,3257.778508,0.0
-2.172886,27,3258.395519,1.0
-14.665365,50,3259.378256,0.0
-13.712098,50,3260.477181,0.0
-6.994834,50,3261.526255,0.0
-11.543079,50,3262.445618,0.0
-7.721286,50,3263.427566,0.0
-15.828929,50,3266.877511,0.0
-9.503862,50,3267.983195,0.0
-5.371667,50,3269.753856,0.0
-14.699345,50,3270.739493,0.0
-14.480204,50,3271.739877,0.0
-2.097701,24,3272.204495,1.0
-3.568413,50,3273.235485,0.0
-15.349915,50,3274.214226,0.0
-11.897671,50,3275.267238,0.0
-7.474972,50,3276.375496,0.0
-1.982006,50,3277.452874,0.0
-5.068515,50,3280.857924,0.0
-10.890184,50,3281.909973,0.0
-1.096755,21,3282.425295,1.0
-13.758872,50,3283.570533,0.0
-13.44921,50,3284.594894,0.0
-3.972664,50,3285.642246,0.0
-9.319718,50,3286.757935,0.0
-4.238407,50,3287.806384,0.0
-13.354253,50,3288.808177,0.0
-4.830049,50,3289.792621,0.0
-3.532635,50,3293.20749,0.0
-10.152529,50,3294.263803,0.0
-7.147145,50,3295.228126,0.0
-16.382288,50,3296.330505,0.0
-2.240553,50,3297.459914,0.0
-2.421357,21,3297.911367,1.0
-2.525551,24,3298.368201,1.0
-2.938025,50,3299.369419,0.0
-9.677076,50,3301.427878,0.0
-9.407849,50,3302.576789,0.0
-3.056084,50,3303.606942,0.0
-2.003928,31,3304.301256,1.0
-1.25811,16,3304.638925,1.0
-12.614203,50,3307.9994,0.0
-8.638656,50,3309.191324,0.0
-1.702538,50,3310.338191,0.0
-5.879552,50,3311.400011,0.0
-6.88243,50,3312.339955,0.0
-2.220913,37,3313.045784,1.0
-4.935796,50,3314.034329,0.0
-4.210825,50,3315.086759,0.0
-1.071916,12,3315.350544,1.0
-9.439891,50,3316.342823,0.0
-9.21702,50,3317.420328,0.0
-3.265398,50,3320.831358,0.0
-8.64605,50,3321.862372,0.0
-2.02039,50,3322.967439,0.0
-9.579813,50,3324.110437,0.0
-7.833234,50,3325.088933,0.0
-1.907707,50,3326.072456,0.0
-13.700484,50,3327.052447,0.0
-12.13744,50,3328.119129,0.0
-6.04755,50,3329.206435,0.0
-10.748307,50,3330.261214,0.0
-5.810384,50,3335.515267,0.0
-3.169677,50,3337.420016,0.0
-3.429266,47,3338.461759,1.0
-11.219339,50,3339.545445,0.0
-9.491891,50,3340.605746,0.0
-8.454659,50,3341.63483,0.0
-2.809846,16,3341.937997,1.0
-3.518578,50,3342.854943,0.0
-10.866478,50,3343.835076,0.0
-0.850447,11,3344.053885,1.0
-2.97578,50,3345.079534,0.0
-10.383286,50,3346.122754,0.0
-10.441317,50,3352.962846,0.0
-0.265954,7,3353.109236,1.0
-0.936761,13,3353.37654,1.0
-6.147131,50,3354.426543,0.0
-5.427083,50,3355.436093,0.0
-5.766659,50,3356.438938,0.0
-0.328247,7,3356.593606,1.0
-8.360445,50,3357.693928,0.0
-1.726448,19,3358.13322,1.0
-14.683675,50,3359.21241,0.0
-6.157789,50,3360.230635,0.0
-4.431583,50,3361.330751,0.0
-5.967671,50,3362.436471,0.0
-0.47467,20,3362.84632,1.0
-0.907299,10,3363.05618,1.0
-15.994185,50,3369.83742,0.0
-7.30036,50,3370.909855,0.0
-2.071848,50,3372.07046,0.0
-11.506717,50,3373.133019,0.0
-3.68316,23,3373.616802,1.0
-4.648286,19,3373.999317,1.0
-9.759801,50,3375.953951,1.0
-9.953942,50,3376.980397,0.0
-7.026369,50,3378.006601,0.0
-3.558863,50,3379.031621,0.0
-5.617406,50,3380.069692,0.0
-3.566898,50,3386.851624,0.0
-5.621513,50,3387.784971,0.0
-0.545618,15,3388.116715,1.0
-9.06132,50,3389.17355,0.0
-9.878433,50,3390.197927,0.0
-5.398598,50,3391.221288,0.0
-5.578749,46,3392.245569,1.0
-6.401408,50,3393.443191,0.0
-0.53754,7,3393.585968,1.0
-6.740525,50,3394.677992,0.0
-6.141209,50,3395.75021,0.0
-1.482338,20,3396.149961,1.0
-6.480834,50,3397.296314,0.0
-1.347565,15,3403.414796,1.0
-9.913879,50,3404.435986,0.0
-7.580302,50,3405.510131,0.0
-5.458491,50,3406.567445,0.0
-4.531014,20,3406.950275,1.0
-8.860729,50,3407.92673,0.0
-10.602322,50,3408.869628,0.0
-10.514486,50,3409.94096,0.0
-7.380914,50,3410.958472,0.0
-7.835613,50,3412.014813,0.0
-2.868382,50,3413.106874,0.0
-8.902828,50,3420.761088,0.0
-3.578713,33,3421.469557,1.0
-1.618014,14,3421.76815,1.0
-15.912598,50,3422.796184,0.0
-1.673609,22,3423.228704,1.0
-3.830593,50,3424.404001,0.0
-4.505059,47,3425.396787,1.0
-5.776719,50,3426.468884,0.0
-12.707006,50,3427.585236,0.0
-1.474277,19,3428.046133,1.0
-1.509883,50,3429.050737,0.0
-2.078251,9,3429.232154,1.0
-2.221459,50,3430.245013,0.0
-8.607557,50,3431.303193,0.0
-2.938113,23,3437.596213,1.0
-9.103708,50,3438.57712,0.0
-10.680298,50,3439.750709,0.0
-2.900441,50,3440.782621,0.0
-11.107731,50,3441.850499,0.0
-3.320769,18,3442.222669,1.0
-11.641572,50,3443.377583,0.0
-9.245041,50,3444.492449,0.0
-8.820101,50,3445.573057,0.0
-2.977683,50,3446.596439,0.0
-2.250186,50,3447.604633,0.0
-0.86644,13,3447.853302,1.0
-11.013355,50,3454.588544,0.0
-0.484432,11,3454.788397,1.0
-1.605544,47,3455.679118,1.0
-3.222813,50,3456.886049,0.0
-1.394442,42,3457.879482,1.0
-6.20741,50,3460.004785,0.0
-10.909915,50,3461.080332,0.0
-11.236097,50,3462.151445,0.0
-6.857376,50,3463.199008,0.0
-6.149505,50,3464.213561,0.0
-7.233234,50,3465.346731,0.0
-0.390294,6,3465.472997,1.0
-0.778879,16,3465.780222,1.0
-4.641847,50,3472.59765,0.0
-11.911441,50,3473.600793,0.0
-8.352004,50,3474.605283,0.0
-5.877952,50,3475.716041,0.0
-4.867144,50,3476.810777,0.0
-13.60302,50,3477.754497,0.0
-6.429669,50,3478.857924,0.0
-2.285907,50,3479.909346,0.0
-5.207398,50,3480.93505,0.0
-5.608811,50,3482.100011,0.0
-62.284944,50,3488.867715,0.0
-5.455898,50,3489.808962,0.0
-1.992604,50,3490.834946,0.0
-4.165422,50,3492.061091,0.0
-1.048061,11,3492.292502,1.0
-3.746783,50,3493.234999,0.0
-5.088603,43,3494.061002,1.0
-2.797502,18,3494.425422,1.0
-3.152274,50,3495.468373,0.0
-8.80266,50,3496.461751,0.0
-8.485102,50,3498.553831,0.0
-3.831992,50,3499.674359,0.0
-13.304385,50,3506.474118,0.0
-3.125271,50,3507.543257,0.0
-10.881611,50,3508.564868,0.0
-5.28523,50,3509.594807,0.0
-13.076558,50,3510.589392,0.0
-13.227622,50,3511.572284,0.0
-12.662484,50,3512.557288,0.0
-4.907535,50,3513.567277,0.0
-2.022767,50,3514.751905,0.0
-9.521358,50,3515.897408,0.0
-12.64734,50,3522.845428,0.0
-3.613577,50,3523.825848,0.0
-2.000538,50,3524.804605,0.0
-17.477014,50,3525.860127,0.0
-7.082603,50,3526.912767,0.0
-3.235269,50,3527.982623,0.0
-7.523803,50,3528.969077,0.0
-0.914238,13,3529.224334,1.0
-5.498249,50,3530.142108,0.0
-3.764477,50,3531.075071,0.0
-4.640678,50,3532.13574,0.0
-6.29867,50,3539.030682,0.0
-14.795057,50,3540.057256,0.0
-3.142686,50,3541.232674,0.0
-7.261082,50,3543.220653,0.0
-0.317734,4,3543.301857,1.0
-1.665443,50,3544.280609,0.0
-10.054738,50,3545.355226,0.0
-13.507709,50,3546.441516,0.0
-7.768145,50,3547.485803,0.0
-10.415817,50,3548.572768,0.0
-16.027167,50,3549.543793,0.0
-9.566122,50,3556.322946,0.0
-3.881849,13,3556.565018,1.0
-1.111401,36,3557.275506,1.0
-1.862861,33,3557.910543,1.0
-8.485924,50,3558.876513,0.0
-14.685518,50,3559.860731,0.0
-1.848743,44,3560.881364,1.0
-5.826761,50,3562.031034,0.0
-3.246732,50,3563.057468,0.0
-4.052357,50,3564.060103,0.0
-16.313024,50,3565.002968,0.0
-12.432053,50,3566.024801,0.0
-7.867859,50,3572.80296,0.0
-3.195366,50,3573.82653,0.0
-12.520333,50,3574.813017,0.0
-1.606073,50,3575.828216,0.0
-7.679306,50,3576.798596,0.0
-9.656136,50,3578.007546,0.0
-3.799815,50,3579.064223,0.0
-2.178649,14,3579.387834,1.0
-4.575467,50,3581.360698,0.0
-4.992693,50,3582.370676,0.0
-15.206064,50,3583.340401,0.0
-5.325949,50,3590.191232,0.0
-8.471791,50,3591.201877,0.0
-8.973609,50,3592.302447,0.0
-12.277957,50,3593.289907,0.0
-1.537069,18,3593.659575,1.0
-5.43094,50,3594.76128,0.0
-11.728072,50,3595.845952,0.0
-7.241856,50,3596.88872,0.0
-4.707807,50,3598.097763,0.0
-2.09889,50,3599.239652,0.0
-18.207803,50,3600.349804,0.0
-10.722909,50,3607.17544,0.0
-2.655919,50,3608.166843,0.0
-2.764995,50,3609.121518,0.0
-6.875226,50,3610.167674,0.0
-7.315144,50,3611.122661,0.0
-10.838316,50,3612.148539,0.0
-3.931682,50,3613.167722,0.0
-3.734112,50,3614.29986,0.0
-12.111148,50,3615.309525,0.0
-9.815868,50,3616.333971,0.0
-2.537666,42,3623.046299,1.0
-12.962783,50,3623.97727,0.0
-7.209753,50,3625.963467,0.0
-4.814445,50,3626.984604,0.0
-12.931792,50,3628.009421,0.0
-7.23838,50,3629.144891,0.0
-1.34447,40,3630.170928,1.0
-7.034741,50,3631.19489,0.0
-7.036908,50,3632.154651,0.0
-9.742286,50,3633.264106,0.0
-11.205551,50,3640.155312,0.0
-6.255797,49,3641.158452,1.0
-5.206913,50,3642.271365,0.0
-5.720466,50,3643.308284,0.0
-3.334636,50,3644.4161,0.0
-9.589552,50,3645.474632,0.0
-3.636774,50,3646.516458,0.0
-2.398934,12,3646.748746,1.0
-2.312415,12,3646.967955,1.0
-12.596485,50,3647.987785,0.0
-0.487667,14,3648.267231,1.0
-12.021467,50,3649.286777,0.0
-11.218869,50,3650.305217,0.0
-3.362294,50,3657.020991,0.0
-2.496188,50,3657.997738,0.0
-2.570793,50,3658.963624,0.0
-18.94911,50,3660.061694,0.0
-13.028648,50,3661.075415,0.0
-1.266767,23,3661.586413,1.0
-11.679993,50,3662.71418,0.0
-7.899412,50,3664.71823,0.0
-3.189931,50,3665.805791,0.0
-2.057407,24,3666.257887,1.0
-14.143206,50,3667.232333,0.0
-12.469202,50,3673.948652,0.0
-2.09109,32,3674.588374,1.0
-7.198826,50,3675.565904,0.0
-17.012247,50,3676.480853,0.0
-3.289486,14,3676.74314,1.0
-9.68416,50,3677.734349,0.0
-11.420381,50,3678.870548,0.0
-12.772908,50,3679.922209,0.0
-12.23071,50,3681.060199,0.0
-2.630812,50,3682.157252,0.0
-3.867249,50,3683.204034,0.0
-10.887923,50,3684.252353,0.0
-5.939823,50,3691.083893,0.0
-9.519919,50,3692.018351,0.0
-2.080208,50,3693.018892,0.0
-11.138443,50,3694.047415,0.0
-4.887065,50,3695.011802,0.0
-1.294958,8,3695.181383,1.0
-12.456781,50,3696.238503,0.0
-14.720292,50,3697.276706,0.0
-14.872109,50,3698.370686,0.0
-3.805616,47,3699.322295,1.0
-7.714256,50,3700.274712,0.0
-2.858106,24,3706.646305,1.0
-14.572571,50,3708.540154,0.0
-10.646117,50,3709.790985,0.0
-7.337768,50,3710.809915,0.0
-8.825921,50,3711.818135,0.0
-15.718755,50,3712.924362,0.0
-8.059581,50,3713.93103,0.0
-13.298706,50,3714.940523,0.0
-4.942467,50,3715.999162,0.0
-0.703146,12,3716.218328,1.0
-4.631634,50,3717.254717,0.0
-1.941253,50,3724.010924,0.0
-7.186127,50,3725.028718,0.0
-2.263136,50,3726.058935,0.0
-3.58962,50,3727.019993,0.0
-5.158788,50,3728.165815,0.0
-6.778687,50,3729.239322,0.0
-3.62886,50,3730.173933,0.0
-9.028853,50,3731.149555,0.0
-12.610046,50,3732.170236,0.0
-11.561717,50,3733.238539,0.0
-5.556915,50,3740.107059,0.0
-2.220171,50,3741.162346,0.0
-4.773836,25,3741.674133,1.0
-8.951713,50,3742.830461,0.0
-0.827147,24,3743.280782,1.0
-11.200859,50,3744.20337,0.0
-1.899654,50,3746.158808,0.0
-6.977584,50,3747.159367,0.0
-3.224581,14,3747.452878,1.0
-4.995794,50,3748.490068,0.0
-2.058609,23,3748.931287,1.0
-9.178016,50,3749.891845,0.0
-14.61374,50,3750.897154,0.0
-2.165636,43,3757.530716,1.0
-7.612751,50,3758.538576,0.0
-2.267641,50,3759.581526,0.0
-11.163521,50,3760.574362,0.0
-2.695083,50,3761.63464,0.0
-5.675166,50,3762.594687,0.0
-8.527114,50,3763.601471,0.0
-5.742569,50,3764.683797,0.0
-14.668875,50,3765.639604,0.0
-14.44281,50,3766.647328,0.0
-6.723684,50,3773.475337,0.0
-15.330664,50,3774.475371,0.0
-5.849025,50,3775.550954,0.0
-3.60521,50,3776.679512,0.0
-4.41628,50,3777.720607,0.0
-4.499946,50,3778.727504,0.0
-6.679827,50,3779.878167,0.0
-8.47181,50,3780.929499,0.0
-8.845063,50,3781.926497,0.0
-5.277776,50,3783.01641,0.0
-5.985471,50,3785.042303,0.0
-2.212451,18,3791.275828,1.0
-3.845127,19,3791.663073,1.0
-2.287537,50,3792.720361,0.0
-13.313167,50,3793.701311,0.0
-10.339602,50,3794.689027,0.0
-2.941863,50,3795.659469,0.0
-3.270444,50,3796.57146,0.0
-10.062652,50,3797.577262,0.0
-4.158485,50,3798.646131,0.0
-5.522734,50,3799.621017,0.0
-2.845694,50,3800.636198,0.0
-1.263639,31,3807.065972,1.0
-16.818028,50,3808.048123,0.0
-7.664844,50,3809.064282,0.0
-4.95066,50,3810.109047,0.0
-6.773821,50,3811.046523,0.0
-15.365623,50,3812.037514,0.0
-2.267926,44,3812.984171,1.0
-2.857723,50,3814.018032,0.0
-7.7782,50,3815.108467,0.0
-6.671637,50,3816.090683,0.0
-3.608742,50,3817.124504,0.0
-6.068325,50,3823.923758,0.0
-14.053586,50,3824.962747,0.0
-11.178266,50,3826.027063,0.0
-8.148342,50,3827.117234,0.0
-12.732249,50,3828.977157,0.0
-3.497416,11,3829.239332,1.0
-5.899336,50,3830.335684,0.0
-11.983514,50,3831.356728,0.0
-4.041675,50,3832.416811,0.0
-12.59114,50,3833.468048,0.0
-7.982365,50,3834.52147,0.0
-7.747774,50,3841.337021,0.0
-8.032464,50,3842.31393,0.0
-3.69333,20,3842.694232,1.0
-0.974179,9,3842.878833,1.0
-8.829144,50,3843.963096,0.0
-6.706819,50,3845.061641,0.0
-2.821058,50,3846.214048,0.0
-14.502738,50,3847.287012,0.0
-7.906035,50,3848.313855,0.0
-4.955043,33,3848.962903,1.0
-11.275494,50,3849.939854,0.0
-6.17845,26,3850.412969,1.0
-6.180132,50,3857.267567,0.0
-15.013629,50,3858.227927,0.0
-9.97996,50,3859.274814,0.0
-4.670671,50,3860.301494,0.0
-1.807826,18,3860.687186,1.0
-5.693015,50,3861.784715,0.0
-4.348349,50,3862.821752,0.0
-8.813042,50,3863.842057,0.0
-2.421691,50,3864.85756,0.0
-1.132857,17,3865.208534,1.0
-2.697319,50,3867.063621,1.0
-11.346799,50,3868.034396,0.0
-3.974257,50,3874.908671,0.0
-0.571028,15,3875.231092,1.0
-10.791343,50,3876.265297,0.0
-3.884291,50,3877.286338,0.0
-9.736603,50,3878.34415,0.0
-0.69886,21,3878.78233,1.0
-9.222596,50,3880.016856,0.0
-11.228209,50,3881.026248,0.0
-13.343666,50,3882.011989,0.0
-2.334071,24,3882.5122,1.0
-16.657757,50,3883.668686,0.0
-12.938224,50,3884.780557,0.0
-2.603479,43,3891.418101,1.0
-3.095705,50,3892.520334,0.0
-11.485632,50,3893.692139,0.0
-7.446005,50,3894.777147,0.0
-9.533931,50,3895.738491,0.0
-7.307765,50,3896.710792,0.0
-4.58367,50,3897.680394,0.0
-2.228685,22,3898.101205,1.0
-14.16073,50,3899.06518,0.0
-9.853773,50,3900.189054,0.0
-2.718754,14,3900.494964,1.0
-9.878252,50,3901.476087,0.0
-9.033014,50,3908.296326,0.0
-3.734026,50,3909.349248,0.0
-2.401238,50,3911.418405,0.0
-10.43903,50,3912.440849,0.0
-7.480563,50,3913.435243,0.0
-14.573555,50,3914.543743,0.0
-3.198172,50,3915.500599,0.0
-1.795041,17,3915.860981,1.0
-14.747318,50,3916.827902,0.0
-11.46151,50,3917.85308,0.0
-4.051929,50,3924.649821,0.0
-5.521586,50,3925.637758,0.0
-14.450302,50,3926.684861,0.0
-0.884086,30,3927.29211,1.0
-4.434673,50,3928.316537,0.0
-3.319921,27,3928.914599,1.0
-3.165685,50,3929.918647,0.0
-10.73322,50,3930.947536,0.0
-7.343575,50,3931.961127,0.0
-14.858494,50,3932.999787,0.0
-4.397346,50,3934.082758,0.0
-4.039787,50,3935.175074,0.0
-14.470673,50,3941.933146,0.0
-5.324774,50,3942.865911,0.0
-3.627048,50,3943.943397,0.0
-6.814965,50,3945.041237,0.0
-13.974735,50,3946.044879,0.0
-14.365284,50,3947.052997,0.0
-2.894243,45,3948.096328,1.0
-17.279923,50,3950.168134,0.0
-3.564923,50,3951.132918,0.0
-3.008103,27,3951.662654,1.0
-2.240726,45,3958.399734,1.0
-7.384941,50,3959.40763,0.0
-12.351265,50,3960.434755,0.0
-3.48332,50,3961.510865,0.0
-6.377048,50,3962.55723,0.0
-8.951003,50,3963.627571,0.0
-4.734509,50,3964.62175,0.0
-8.047317,50,3965.717423,0.0
-4.458146,50,3966.801749,0.0
-5.213312,50,3967.926081,0.0
-6.313988,50,3968.918008,0.0
-1.388686,50,3975.71211,0.0
-3.470762,50,3976.867804,0.0
-14.273843,50,3977.904707,0.0
-1.557473,20,3978.327125,1.0
-3.652949,50,3979.390672,0.0
-3.618579,24,3979.867584,1.0
-2.561915,50,3980.895501,0.0
-2.184885,43,3981.874712,1.0
-2.071769,50,3982.861534,0.0
-10.466607,50,3983.857162,0.0
-4.289617,50,3984.833083,0.0
-14.603697,50,3991.683333,0.0
-7.963023,50,3992.729731,0.0
-14.932562,50,3994.793297,0.0
-12.602445,50,3995.89891,0.0
-3.753128,50,3996.998264,0.0
-14.282426,50,3998.027867,0.0
-3.064678,50,3999.026938,0.0
-1.679904,29,3999.618567,1.0
-2.54469,50,4000.766983,0.0
-4.318444,50,4001.845107,0.0
-13.385325,50,4002.750173,0.0
