#{"t_start": 1650476012.7542298, "env_id": "PandaReach-v2"}
r,l,t,is_success
-1025.789805,50,5.930337,0.0
-808.310979,50,6.792373,0.0
-1039.70311,50,7.688553,0.0
-1949.270985,50,8.57217,0.0
-572.604454,50,9.432336,0.0
-921.61442,50,10.307229,0.0
-1212.069844,50,11.180871,0.0
-795.718793,50,12.058024,0.0
-1171.309377,50,12.930804,0.0
-2001.594605,50,13.801239,0.0
-973.092968,50,20.473498,0.0
-1215.770671,50,21.377385,0.0
-1750.553832,50,22.234493,0.0
-697.276083,50,23.098855,0.0
-737.921545,50,23.963455,0.0
-1154.980537,50,24.827013,0.0
-1306.822536,50,25.695939,0.0
-1921.841659,50,26.55701,0.0
-1451.65103,50,27.459763,0.0
-1083.525184,50,28.334158,0.0
-464.57626,50,34.983027,0.0
-1028.084268,50,35.840267,0.0
-1031.678516,50,36.715988,0.0
-798.111025,50,37.58865,0.0
-735.385485,50,38.456012,0.0
-1041.014682,50,40.238756,0.0
-1057.741767,50,41.108865,0.0
-1152.575912,50,41.952909,0.0
-997.134694,50,42.853957,0.0
-1100.493028,50,43.70518,0.0
-442.701493,50,50.393092,0.0
-1015.161028,50,51.296524,0.0
-1338.036677,50,52.187033,0.0
-1088.977022,50,53.06838,0.0
-1025.006528,50,53.948039,0.0
-725.860355,50,54.835264,0.0
-1182.619544,50,55.727781,0.0
-809.253727,50,56.590641,0.0
-1304.073419,50,57.459634,0.0
-596.725658,50,58.344648,0.0
-756.84269,50,65.007663,0.0
-824.380665,50,65.902144,0.0
-910.576774,50,66.792408,0.0
-747.422193,50,67.668987,0.0
-1058.946587,50,68.540241,0.0
-586.177,50,69.475306,0.0
-1171.043437,50,70.367772,0.0
-943.309425,50,71.258933,0.0
-913.249316,50,72.135622,0.0
-909.72006,50,73.018645,0.0
-1051.585934,50,74.947109,0.0
-968.125029,50,81.621578,0.0
-971.169876,50,82.516736,0.0
-644.513277,50,83.394155,0.0
-1063.933045,50,84.281313,0.0
-566.166548,50,85.159962,0.0
-827.105873,50,86.090691,0.0
-696.075183,50,86.95881,0.0
-790.566933,50,87.856339,0.0
-1004.069415,50,88.73906,0.0
-757.147297,50,89.616192,0.0
-535.324966,50,96.317992,0.0
-454.930818,50,97.193443,0.0
-1054.127712,50,98.055956,0.0
-901.890331,50,98.930835,0.0
-584.065409,50,99.802639,0.0
-665.060727,50,100.683728,0.0
-585.878177,50,101.579982,0.0
-527.365131,50,102.475288,0.0
-695.953233,50,103.36593,0.0
-818.594533,50,104.278545,0.0
-546.324785,50,111.032909,0.0
-669.146203,50,111.993697,0.0
-559.91532,50,112.888687,0.0
-887.191568,50,113.757139,0.0
-870.958934,50,115.807397,0.0
-596.665654,50,116.682772,0.0
-571.519146,50,117.578372,0.0
-905.447445,50,118.429596,0.0
-782.560653,50,119.324314,0.0
-881.42717,50,120.203398,0.0
-945.046119,50,126.904257,0.0
-544.751721,50,127.792883,0.0
-1041.544337,50,128.708866,0.0
-479.554925,50,129.569803,0.0
-869.305324,50,130.447759,0.0
-645.441399,50,131.319449,0.0
-444.41282,50,132.219509,0.0
-951.248616,50,133.142425,0.0
-550.318362,50,134.01827,0.0
-576.677013,50,134.915486,0.0
-836.861604,50,135.799749,0.0
-561.987683,50,142.48898,0.0
-846.664121,50,143.394978,0.0
-984.623543,50,144.296491,0.0
-1112.388515,50,145.205444,0.0
-698.975296,50,146.106833,0.0
-534.610608,50,147.008117,0.0
-579.672074,50,147.868757,0.0
-711.326524,50,148.824516,0.0
-695.381455,50,150.78682,0.0
-806.192448,50,151.69018,0.0
-430.799466,50,158.389211,0.0
-828.360065,50,159.278025,0.0
-820.239696,50,160.166496,0.0
-644.170083,50,161.07037,0.0
-538.969681,50,161.943365,0.0
-834.105137,50,162.821885,0.0
-1024.954116,50,163.704083,0.0
-415.591581,50,164.605856,0.0
-826.49603,50,165.508513,0.0
-477.314379,50,166.384438,0.0
-650.695198,50,173.080062,0.0
-632.370445,50,174.033813,0.0
-458.348126,50,174.934403,0.0
-892.193339,50,175.861071,0.0
-720.383504,50,176.738268,0.0
-441.83678,50,177.616926,0.0
-548.825386,50,178.539402,0.0
-976.334184,50,179.436269,0.0
-517.489062,50,180.32052,0.0
-580.361639,50,181.245258,0.0
-905.112146,50,187.984082,0.0
-940.830345,50,188.853058,0.0
-1015.102814,50,189.723273,0.0
-546.425152,50,191.550766,0.0
-530.863042,50,192.476677,0.0
-900.470859,50,193.384789,0.0
-1060.905948,50,194.29495,0.0
-670.87417,50,195.173716,0.0
-759.175876,50,196.078649,0.0
-837.98139,50,196.99365,0.0
-453.251724,50,197.88048,0.0
-569.121918,50,204.607822,0.0
-942.165237,50,205.520424,0.0
-712.559798,50,206.41231,0.0
-659.913463,50,207.341953,0.0
-723.193697,50,208.221597,0.0
-407.561532,50,209.126361,0.0
-510.532388,50,210.004451,0.0
-732.118956,50,210.878582,0.0
-358.541279,50,211.75748,0.0
-407.340733,50,212.655418,0.0
-777.576777,50,219.438669,0.0
-833.154418,50,220.359866,0.0
-657.983803,50,221.285554,0.0
-914.425023,50,222.18011,0.0
-671.910612,50,223.050901,0.0
-625.07905,50,223.953497,0.0
-690.352423,50,224.837504,0.0
-485.223613,50,226.798197,0.0
-1053.528249,50,227.706011,0.0
-706.605274,50,228.641237,0.0
-591.826825,50,235.313591,0.0
-865.890897,50,236.185006,0.0
-802.993279,50,237.097937,0.0
-549.87516,50,237.987308,0.0
-666.695274,50,238.861312,0.0
-492.850121,50,239.721044,0.0
-896.858369,50,240.616634,0.0
-477.484536,50,241.531275,0.0
-555.312844,50,242.445889,0.0
-487.55802,50,243.41266,0.0
-859.441636,50,250.173103,0.0
-282.022624,50,251.063001,0.0
-408.887983,50,251.990798,0.0
-678.198973,50,252.919716,0.0
-930.314291,50,253.812838,0.0
-798.828918,50,254.742397,0.0
-324.009478,50,255.634008,0.0
-1116.69164,50,256.58139,0.0
-765.387575,50,257.491211,0.0
-496.397629,50,258.428777,0.0
-701.766359,50,259.329726,0.0
-585.553676,50,266.046104,0.0
-520.876062,50,267.853086,0.0
-374.263398,50,268.726863,0.0
-497.845821,50,269.661396,0.0
-604.365265,50,270.561241,0.0
-652.632508,50,271.452064,0.0
-490.774073,50,272.361372,0.0
-315.445238,50,273.254426,0.0
-957.871172,50,274.148546,0.0
-813.194802,50,275.021369,0.0
-647.013141,50,281.684603,0.0
-751.123492,50,282.592903,0.0
-384.773101,50,283.482651,0.0
-893.391916,50,284.400471,0.0
-534.1038,50,285.287487,0.0
-488.481974,50,286.182098,0.0
-480.766349,50,287.071834,0.0
-809.475624,50,288.064636,0.0
-765.646188,50,289.009471,0.0
-811.353924,50,289.939765,0.0
-514.661262,50,296.746301,0.0
-772.716336,32,297.316844,1.0
-478.470104,50,298.23245,0.0
-469.536486,50,299.188246,0.0
-474.292158,50,300.116079,0.0
-576.071954,50,301.011395,0.0
-345.542542,50,302.803618,0.0
-441.387475,50,303.737152,0.0
-593.442614,50,304.6984,0.0
-856.128904,50,305.622904,0.0
-384.165891,50,306.524138,0.0
-492.618155,50,313.247875,0.0
-339.291669,50,314.191584,0.0
-480.62179,50,315.141654,0.0
-781.897578,50,316.076345,0.0
-691.596558,50,317.080982,0.0
-963.629367,50,318.039679,0.0
-539.907117,50,318.924518,0.0
-673.501784,50,319.906009,0.0
-477.100095,50,320.819785,0.0
-596.219528,50,321.731797,0.0
-323.445212,50,328.527514,0.0
-350.83621,50,329.440744,0.0
-624.480366,50,330.388114,0.0
-592.365162,50,331.352293,0.0
-416.946481,50,332.257482,0.0
-601.965068,50,333.151637,0.0
-169.514959,23,333.575478,1.0
-435.69594,50,334.527208,0.0
-614.835941,50,335.464969,0.0
-405.688051,50,336.374769,0.0
-299.336345,50,338.270969,0.0
-612.947661,50,344.989404,0.0
-459.294125,50,345.884507,0.0
-557.175447,50,346.89207,0.0
-472.652286,50,347.838816,0.0
-1082.714009,50,348.769827,0.0
-633.525426,50,349.73658,0.0
-692.96499,50,350.624119,0.0
-372.544019,50,351.574212,0.0
-778.937336,50,352.522616,0.0
-376.88321,50,353.476243,0.0
-1025.316916,50,360.216903,0.0
-660.173035,50,361.125908,0.0
-385.248161,50,362.103401,0.0
-297.656679,29,362.631733,1.0
-561.596094,50,363.515061,0.0
-460.817502,50,364.420521,0.0
-1092.960802,50,365.325478,0.0
-612.686173,50,366.211311,0.0
-636.072425,50,367.134407,0.0
-599.026391,50,368.024795,0.0
-450.807378,50,368.909907,0.0
-359.942065,50,375.640502,0.0
-537.727665,50,376.512431,0.0
-815.977471,50,377.444667,0.0
-774.391658,50,378.393921,0.0
-508.095273,50,380.175344,0.0
-602.018556,50,381.195428,0.0
-403.068007,50,382.098407,0.0
-439.386314,50,382.986988,0.0
-506.404594,50,383.937161,0.0
-785.24883,50,384.839163,0.0
-1067.343362,50,391.624727,0.0
-499.190497,50,392.569281,0.0
-622.49829,50,393.531189,0.0
-538.586771,50,394.568808,0.0
-337.961903,50,395.552038,0.0
-712.814912,50,396.485319,0.0
-1123.888856,50,397.427719,0.0
-274.526782,50,398.384049,0.0
-861.564908,50,399.347155,0.0
-421.054475,50,400.259801,0.0
-248.057369,50,407.025003,0.0
-917.385244,50,407.985225,0.0
-479.535769,50,408.989193,0.0
-482.840492,50,409.937447,0.0
-374.515097,50,410.83288,0.0
-842.304661,50,411.724048,0.0
-542.880611,50,412.653258,0.0
-472.983932,50,413.520263,0.0
-1144.701632,50,414.412719,0.0
-643.922306,50,416.132114,0.0
-410.111605,50,422.878227,0.0
-759.589637,50,423.784864,0.0
-1029.965092,50,424.695358,0.0
-367.323817,50,425.601467,0.0
-421.301407,50,426.49545,0.0
-646.622241,50,427.416928,0.0
-561.317292,50,428.326886,0.0
-732.946036,50,429.24646,0.0
-788.161784,50,430.193289,0.0
-1228.639,50,431.126057,0.0
-783.744277,50,432.048107,0.0
-392.274685,50,438.745991,0.0
-712.201868,50,439.63698,0.0
-473.372577,50,440.534415,0.0
-473.174334,50,441.435258,0.0
-467.15494,50,442.342585,0.0
-696.979019,50,443.251146,0.0
-270.370261,50,444.143813,0.0
-355.125005,50,445.036456,0.0
-276.331931,50,445.956065,0.0
-683.48535,50,446.852151,0.0
-1291.516943,50,453.581614,0.0
-439.871818,50,454.499813,0.0
-848.128248,50,455.423244,0.0
-730.602276,50,457.244479,0.0
-632.926531,50,458.133971,0.0
-560.992954,50,459.015367,0.0
-932.136652,50,459.895274,0.0
-411.278688,50,460.789125,0.0
-384.874095,50,461.788256,0.0
-554.011754,50,462.707581,0.0
-438.17376,50,469.50617,0.0
-904.248315,50,470.422242,0.0
-223.450277,50,471.358874,0.0
-1058.880747,50,472.26834,0.0
-402.864319,50,473.180998,0.0
-334.950267,50,474.109795,0.0
-432.83542,50,475.055992,0.0
-601.25663,50,475.941582,0.0
-368.711605,50,476.840871,0.0
-350.274895,50,477.774266,0.0
-189.315289,30,478.370286,1.0
-426.202365,50,485.082542,0.0
-815.334285,50,485.985936,0.0
-226.829538,50,486.886759,0.0
-608.54648,50,487.781773,0.0
-480.779779,50,488.669975,0.0
-399.811629,50,489.610727,0.0
-665.148083,50,490.533876,0.0
-307.960709,50,492.497259,0.0
-625.521995,50,493.415461,0.0
-625.250359,50,494.335837,0.0
-605.612001,50,501.066804,0.0
-340.964188,50,501.95157,0.0
-812.624094,50,502.930585,0.0
-899.708999,50,503.910546,0.0
-652.735574,50,504.806392,0.0
-689.954831,50,505.798606,0.0
-337.252532,50,506.785692,0.0
-367.132064,50,507.672938,0.0
-600.296306,50,508.571901,0.0
-216.419388,50,509.507511,0.0
-412.066817,50,516.314734,0.0
-609.256794,50,517.222625,0.0
-725.169069,50,518.112108,0.0
-577.737366,50,519.034135,0.0
-587.061171,50,519.97839,0.0
-866.074188,50,520.917705,0.0
-793.535739,50,521.865933,0.0
-581.807854,50,522.833149,0.0
-737.868158,50,523.816066,0.0
-442.747852,50,524.712944,0.0
-277.67681,50,531.535259,0.0
-379.398587,50,532.483874,0.0
-606.855489,50,534.428528,0.0
-516.653637,50,535.446737,0.0
-590.767851,50,536.349198,0.0
-666.989448,50,537.226061,0.0
-251.655692,46,538.065229,1.0
-417.106127,50,539.076567,0.0
-226.783384,50,540.030095,0.0
-528.546726,50,541.000598,0.0
-383.60296,50,542.007092,0.0
-370.743182,50,548.772169,0.0
-847.926309,50,549.693516,0.0
-1040.548461,50,550.609714,0.0
-759.148573,50,551.518365,0.0
-811.753395,50,552.463561,0.0
-332.719069,50,553.42106,0.0
-637.794797,50,554.340148,0.0
-268.225582,50,555.300264,0.0
-1178.336789,50,556.203211,0.0
-477.092431,50,557.129808,0.0
-540.007227,50,563.827078,0.0
-268.379999,50,564.780131,0.0
-655.463573,50,565.804194,0.0
-464.495418,50,566.829816,0.0
-408.965218,50,567.711816,0.0
-503.338513,50,568.602321,0.0
-533.286553,50,570.519459,0.0
-551.55299,50,571.413517,0.0
-710.719772,50,572.278239,0.0
-562.376724,50,573.159879,0.0
-435.101265,50,579.838106,0.0
-346.737239,50,580.744992,0.0
-683.028687,50,581.617659,0.0
-273.936087,50,582.603959,0.0
-925.929364,50,583.522936,0.0
-853.190941,50,584.415592,0.0
-874.573076,50,585.344453,0.0
-618.625504,50,586.313545,0.0
-459.821514,50,587.253917,0.0
-330.472141,50,588.156566,0.0
-710.108783,50,594.822067,0.0
-516.565693,50,595.771832,0.0
-393.408837,27,596.28605,1.0
-482.130407,50,597.166889,0.0
-793.591116,50,598.072515,0.0
-446.325152,50,599.004112,0.0
-987.849678,50,599.950818,0.0
-342.341474,50,600.973074,0.0
-384.005955,50,601.862594,0.0
-839.835632,50,602.834834,0.0
-1006.870475,50,603.77106,0.0
-470.912235,50,610.46569,0.0
-350.767646,50,612.313599,0.0
-380.492886,50,613.238157,0.0
-565.835691,50,614.124283,0.0
-222.25562,50,615.037793,0.0
-1261.272844,50,616.012919,0.0
-309.547645,50,616.98695,0.0
-930.966371,50,617.871959,0.0
-1063.34834,50,618.839876,0.0
-794.815502,50,619.77683,0.0
-518.356409,50,626.507406,0.0
-495.985568,50,627.391984,0.0
-254.34809,50,628.32867,0.0
-543.174401,50,629.228857,0.0
-657.631877,50,630.125462,0.0
-514.18395,50,631.100604,0.0
-429.194853,50,632.006272,0.0
-314.532483,50,632.900682,0.0
-874.936116,50,633.82429,0.0
-335.911208,50,634.753628,0.0
-363.260771,50,635.641391,0.0
-495.65223,50,642.445756,0.0
-420.582083,50,643.420994,0.0
-771.547367,50,644.373111,0.0
-294.972394,19,644.709489,1.0
-385.470436,50,645.601583,0.0
-358.366069,50,647.468368,0.0
-1079.691521,50,648.439213,0.0
-421.79443,50,649.393671,0.0
-409.872701,50,650.31622,0.0
-657.44038,50,651.197512,0.0
-529.816601,50,657.916578,0.0
-350.937789,50,658.905339,0.0
-486.244343,50,659.857304,0.0
-537.253723,50,660.887574,0.0
-272.525711,50,661.792436,0.0
-770.636415,50,662.690467,0.0
-750.57773,50,663.721309,0.0
-447.171025,50,664.686942,0.0
-386.516581,50,665.612874,0.0
-776.955262,50,666.565709,0.0
-562.773612,50,667.531234,0.0
-316.05009,50,674.284153,0.0
-1335.763325,50,675.209863,0.0
-389.818078,50,676.1222,0.0
-254.065742,50,677.026718,0.0
-358.759345,50,677.957044,0.0
-527.872055,50,678.974157,0.0
-627.360177,50,679.912007,0.0
-439.16642,50,680.854887,0.0
-338.052733,50,681.763889,0.0
-406.780961,50,683.595188,0.0
-242.054502,50,690.284274,0.0
-824.677332,50,691.209881,0.0
-724.836903,50,692.11404,0.0
-357.639259,50,693.017052,0.0
-553.20687,50,693.912196,0.0
-564.772076,50,694.841288,0.0
-293.289934,37,695.532278,1.0
-400.814008,50,696.473018,0.0
-933.964273,50,697.3722,0.0
-420.28088,32,697.968907,1.0
-449.508172,50,698.873858,0.0
-495.079715,50,705.623755,0.0
-467.088841,50,706.521164,0.0
-542.16405,50,707.435775,0.0
-588.576868,50,708.374999,0.0
-396.745832,50,709.338045,0.0
-240.170217,50,710.273992,0.0
-746.669073,50,711.204482,0.0
-252.405829,49,712.185732,1.0
-882.341417,50,713.119663,0.0
-405.135293,50,714.048386,0.0
-734.681848,50,720.883989,0.0
-416.75306,50,721.780715,0.0
-519.998978,50,722.687658,0.0
-444.456413,50,723.613869,0.0
-485.384051,50,725.600939,0.0
-517.255047,50,726.538378,0.0
-375.988436,50,727.451677,0.0
-360.172678,50,728.339565,0.0
-526.025555,50,729.238856,0.0
-1063.100998,50,730.177013,0.0
-312.569939,37,730.870111,1.0
-475.41501,50,737.511331,0.0
-371.275183,50,738.441599,0.0
-844.405517,50,739.3966,0.0
-467.762877,50,740.294016,0.0
-262.341654,50,741.225516,0.0
-852.505869,50,742.161867,0.0
-527.896602,50,743.058349,0.0
-276.475396,50,744.042088,0.0
-640.267677,50,745.015153,0.0
-614.309229,50,745.937428,0.0
-816.707942,50,752.680846,0.0
-770.679978,50,753.59244,0.0
-500.929366,50,754.602664,0.0
-308.11808,50,755.584916,0.0
-404.548233,50,756.605366,0.0
-471.326767,50,757.540461,0.0
-503.84565,50,758.474348,0.0
-46.18407,6,758.589127,1.0
-321.930776,50,759.549806,0.0
-447.166828,50,761.311881,0.0
-473.313824,50,762.262897,0.0
-377.258491,50,769.036352,0.0
-609.160723,50,769.970975,0.0
-226.927243,41,770.718799,1.0
-639.614117,50,771.632548,0.0
-433.672353,50,772.552764,0.0
-219.09557,50,773.472489,0.0
-175.943929,41,774.224183,1.0
-1105.535511,50,775.128607,0.0
-348.308349,50,776.095309,0.0
-298.047107,50,777.084643,0.0
-665.611078,50,777.998297,0.0
-316.676855,31,784.385649,1.0
-504.869363,50,785.318964,0.0
-327.150693,50,786.251307,0.0
-458.46814,50,787.170401,0.0
-582.42835,50,788.057085,0.0
-809.93496,50,789.052176,0.0
-298.312704,50,790.004241,0.0
-771.097425,50,791.050858,0.0
-505.852804,50,792.009643,0.0
-632.564585,50,792.910367,0.0
-666.616103,50,799.736375,0.0
-773.827336,50,800.686931,0.0
-355.319687,45,801.512279,1.0
-371.293076,50,803.357646,0.0
-555.988182,50,804.359703,0.0
-567.196522,50,805.297173,0.0
-361.327409,50,806.196735,0.0
-754.26931,50,807.09572,0.0
-390.146277,50,808.034541,0.0
-808.802255,50,808.940003,0.0
-495.83831,50,815.471251,0.0
-297.502577,50,816.401643,0.0
-426.392339,50,817.320021,0.0
-413.169271,50,818.227585,0.0
-536.141047,50,819.169023,0.0
-383.507584,50,820.085574,0.0
-424.744892,50,820.998816,0.0
-946.458098,50,821.988509,0.0
-462.014704,50,822.907669,0.0
-331.787594,50,823.792892,0.0
-520.362746,35,824.403545,1.0
-848.088943,50,831.176898,0.0
-139.426612,18,831.512265,1.0
-336.649567,50,832.409396,0.0
-341.22737,50,833.38333,0.0
-695.43772,50,834.336206,0.0
-570.024737,50,835.327401,0.0
-229.359294,47,836.29195,1.0
-326.176218,50,837.20023,0.0
-452.559714,50,838.945479,0.0
-323.423499,50,839.863056,0.0
-262.415804,50,840.854558,0.0
-890.487336,50,847.554571,0.0
-449.144126,50,848.508736,0.0
-733.351048,50,849.443693,0.0
-781.348966,50,850.312288,0.0
-392.662182,50,851.186842,0.0
-192.422485,50,852.082148,0.0
-1050.726551,50,852.989116,0.0
-119.531364,19,853.368825,1.0
-675.824309,50,854.379572,0.0
-410.132733,50,855.301297,0.0
-567.398322,50,856.226191,0.0
-570.41051,50,863.081453,0.0
-476.964664,50,864.000434,0.0
-664.440542,50,864.941343,0.0
-324.959294,50,865.825549,0.0
-300.073567,50,866.72594,0.0
-890.29622,50,867.671187,0.0
-391.03098,50,868.62783,0.0
-836.45148,50,869.534616,0.0
-690.183595,50,870.434667,0.0
-509.012237,50,871.409084,0.0
-722.522145,50,878.221673,0.0
-890.695035,50,879.190696,0.0
-153.035002,23,880.444436,1.0
-218.654171,50,881.37111,0.0
-972.636178,50,882.418459,0.0
-445.746651,50,883.397469,0.0
-400.315634,50,884.359167,0.0
-67.261712,6,884.471679,1.0
-1127.924147,50,885.455996,0.0
-563.092086,50,886.373527,0.0
-302.597389,50,887.340992,0.0
-384.077734,50,888.307785,0.0
-1056.836894,50,895.029969,0.0
-727.627202,50,895.981257,0.0
-954.052563,50,896.958204,0.0
-320.461932,50,897.880906,0.0
-462.719625,50,898.785589,0.0
-327.166132,50,899.6983,0.0
-370.680796,50,900.622843,0.0
-223.23866,50,901.609675,0.0
-761.92153,50,902.574625,0.0
-390.877876,50,903.469006,0.0
-309.866577,50,910.175386,0.0
-376.862241,50,911.087776,0.0
-339.448125,50,912.05744,0.0
-588.43589,50,913.027194,0.0
-246.397611,50,913.99112,0.0
-880.569977,50,914.896307,0.0
-283.165807,32,916.493488,1.0
-508.146825,50,917.445073,0.0
-805.005639,50,918.386752,0.0
-429.902501,50,919.320915,0.0
-754.728505,50,920.217854,0.0
-354.263775,50,926.956588,0.0
-169.976903,50,927.962836,0.0
-264.591152,50,928.901912,0.0
-722.194744,50,929.799774,0.0
-772.496103,50,930.677887,0.0
-706.474111,50,931.609301,0.0
-980.96598,50,932.623055,0.0
-368.391994,35,933.268723,1.0
-379.210071,50,934.238874,0.0
-572.755648,50,935.140946,0.0
-400.873678,50,941.979783,0.0
-238.951904,50,942.926806,0.0
-626.510754,50,943.888394,0.0
-396.868264,50,944.785217,0.0
-717.112918,50,945.699132,0.0
-312.26086,12,945.915277,1.0
-498.91146,50,946.983486,0.0
-522.232009,50,947.967498,0.0
-1275.4526,50,948.965614,0.0
-535.863358,50,949.951099,0.0
-460.114177,50,950.888157,0.0
-496.994934,50,958.511866,0.0
-340.738929,50,959.494021,0.0
-481.74454,50,960.433562,0.0
-241.100282,50,961.333677,0.0
-380.602565,50,962.291128,0.0
-955.437654,50,963.264755,0.0
-388.316639,50,964.348674,0.0
-490.996164,50,965.29239,0.0
-138.541521,27,965.799043,1.0
-457.467193,50,966.752468,0.0
-433.102238,50,967.669401,0.0
-487.844347,50,974.476743,0.0
-557.14329,50,975.450964,0.0
-450.017221,50,976.372631,0.0
-706.030527,50,977.450609,0.0
-599.464623,50,978.464486,0.0
-284.168822,50,979.452357,0.0
-378.52218,50,980.397933,0.0
-1028.866823,50,981.329261,0.0
-381.579295,50,982.271723,0.0
-370.15531,50,983.192906,0.0
-714.35615,50,989.99831,0.0
-506.235482,50,990.992234,0.0
-284.929787,50,991.905041,0.0
-361.890063,50,992.830182,0.0
-900.124691,50,993.7935,0.0
-340.739382,36,995.417051,1.0
-319.599103,50,996.335254,0.0
-208.471586,50,997.22671,0.0
-237.310947,50,998.14837,0.0
-738.773108,50,999.086509,0.0
-663.684929,50,1000.015607,0.0
-611.206531,50,1006.712547,0.0
-772.63678,50,1007.659055,0.0
-312.751874,50,1008.560175,0.0
-256.941326,50,1009.442481,0.0
-378.989788,50,1010.386592,0.0
-418.410459,50,1011.291243,0.0
-638.135692,50,1012.204904,0.0
-784.808951,50,1013.148278,0.0
-716.784245,50,1014.065012,0.0
-561.514137,50,1015.042443,0.0
-631.032302,50,1021.79246,0.0
-232.877865,11,1022.021139,1.0
-420.583372,50,1023.035702,0.0
-495.532268,50,1023.931377,0.0
-384.710519,42,1024.75187,1.0
-790.892962,50,1025.665164,0.0
-443.105663,50,1026.619306,0.0
-283.037368,50,1027.53466,0.0
-454.987913,50,1028.411799,0.0
-456.451496,50,1029.376758,0.0
-205.004469,50,1031.185183,1.0
-331.965887,50,1037.960244,0.0
-235.105924,50,1038.967265,0.0
-238.960008,50,1039.904257,0.0
-594.437584,50,1040.811793,0.0
-798.207461,50,1041.909733,0.0
-392.93214,50,1042.824494,0.0
-607.252445,50,1043.788575,0.0
-323.730769,41,1044.675849,1.0
-262.459809,50,1045.617781,0.0
-1022.83336,50,1046.556908,0.0
-296.242532,50,1053.333922,0.0
-99.447965,15,1053.62277,1.0
-700.850296,50,1054.533744,0.0
-768.243677,50,1055.41392,0.0
-568.21848,50,1056.291856,0.0
-943.016593,50,1057.17806,0.0
-282.686327,50,1058.067677,0.0
-917.511175,50,1058.969132,0.0
-718.91665,50,1059.988006,0.0
-169.292187,42,1060.748708,1.0
-373.54846,50,1061.750253,0.0
-252.399513,50,1062.802007,0.0
-461.734981,50,1069.604864,0.0
-773.579338,50,1070.571091,0.0
-1035.222824,50,1071.540563,0.0
-351.995283,50,1073.472939,0.0
-496.928166,50,1074.477612,0.0
-296.925972,50,1075.456794,0.0
-296.396222,50,1076.418047,0.0
-492.808372,50,1077.501735,0.0
-294.615914,50,1078.429994,0.0
-272.751797,35,1079.05829,1.0
-303.115401,50,1085.76562,0.0
-757.665585,50,1086.672694,0.0
-481.598362,50,1087.602967,0.0
-491.802819,50,1088.559205,0.0
-859.987906,50,1089.537373,0.0
-179.152841,50,1090.60172,0.0
-238.06798,13,1090.838439,1.0
-363.507415,50,1091.893618,0.0
-522.041036,50,1092.793326,0.0
-273.390712,50,1093.701102,0.0
-240.340629,50,1094.628147,0.0
-175.174693,30,1101.002805,1.0
-328.357152,42,1101.768448,1.0
-472.732758,50,1102.697711,0.0
-320.239848,50,1103.654209,0.0
-671.143869,50,1104.566683,0.0
-983.283374,50,1105.523577,0.0
-359.493702,50,1106.470269,0.0
-971.42283,50,1107.401528,0.0
-163.910068,20,1107.744456,1.0
-421.81176,50,1109.654628,0.0
-550.361451,50,1110.654634,0.0
-296.816827,50,1114.7434,0.0
-787.148239,50,1115.664728,0.0
-196.991466,50,1116.704253,0.0
-454.481188,33,1117.32127,1.0
-241.702303,48,1118.221395,1.0
-462.558345,50,1119.17725,0.0
-533.11755,50,1120.205997,0.0
-453.374804,50,1121.289529,0.0
-142.002746,27,1121.810887,1.0
-689.804309,50,1122.718052,0.0
-818.841264,50,1123.700209,0.0
-245.660198,50,1124.684127,0.0
-218.084805,50,1128.063674,0.0
-379.766188,50,1129.018946,0.0
-486.927571,50,1129.961845,0.0
-480.653585,50,1130.909624,0.0
-297.393113,50,1131.828757,0.0
-264.839651,50,1132.763412,0.0
-171.107835,38,1133.481406,1.0
-912.488343,50,1134.565139,0.0
-415.588667,50,1135.458863,0.0
-205.40737,50,1136.501364,0.0
-964.527268,50,1139.88483,0.0
-338.001061,50,1140.813434,0.0
-567.025731,50,1142.743754,0.0
-194.548156,28,1143.287815,1.0
-782.692437,50,1144.260375,0.0
-678.084089,50,1145.293883,0.0
-388.055071,50,1146.223321,0.0
-862.191202,50,1147.163964,0.0
-235.567579,50,1148.073754,0.0
-256.181601,50,1148.983216,0.0
-728.316739,50,1149.983989,0.0
-639.595359,50,1153.35251,0.0
-350.364273,50,1154.239409,0.0
-1047.127791,50,1155.217395,0.0
-280.498867,50,1156.117148,0.0
-817.183344,50,1157.005367,0.0
-493.419405,50,1157.972855,0.0
-844.324419,50,1158.900984,0.0
-1051.74975,50,1159.854975,0.0
-422.684418,34,1160.51518,1.0
-765.535398,50,1161.42589,0.0
-231.162886,50,1164.780508,0.0
-283.206044,50,1165.780854,0.0
-244.529054,50,1166.710096,0.0
-204.342538,38,1167.390911,1.0
-486.776581,50,1168.310143,0.0
-754.612193,50,1169.30123,0.0
-532.429899,50,1170.209411,0.0
-154.516586,23,1170.619827,1.0
-777.861756,50,1172.379197,0.0
-288.825451,18,1172.739224,1.0
-233.500598,50,1173.720448,0.0
-416.095909,50,1174.627537,0.0
-926.145728,50,1178.149177,0.0
-400.421746,50,1179.146056,0.0
-573.91554,50,1180.205942,0.0
-673.356843,50,1181.209543,0.0
-190.685189,50,1182.267196,0.0
-497.752472,50,1183.200036,0.0
-361.096906,50,1184.288473,0.0
-655.398756,50,1185.27409,0.0
-247.668866,15,1185.546458,1.0
-860.437117,50,1186.587994,0.0
-791.979459,50,1187.615949,0.0
-471.079489,50,1190.971615,0.0
-364.602576,50,1191.890278,0.0
-790.947431,50,1192.892481,0.0
-596.392561,50,1193.991882,0.0
-455.505193,50,1194.918761,0.0
-864.07901,50,1195.836041,0.0
-417.119334,50,1196.734359,0.0
-1062.743574,50,1197.700791,0.0
-679.302956,50,1198.730029,0.0
-157.814048,50,1199.770802,0.0
-189.035466,32,1202.826473,1.0
-249.213202,41,1203.668576,1.0
-357.502277,50,1205.591973,0.0
-294.821082,50,1206.61719,0.0
-433.51358,50,1207.552841,0.0
-203.102471,11,1207.77821,1.0
-276.964196,50,1208.71693,0.0
-326.195497,20,1209.080905,1.0
-270.775123,50,1210.052431,0.0
-149.947333,50,1211.05062,0.0
-299.764678,50,1211.968934,0.0
-503.991869,50,1212.94478,0.0
-288.324774,50,1216.345679,0.0
-885.690348,50,1217.290507,0.0
-1516.192389,50,1218.236714,0.0
-573.848055,50,1219.196384,0.0
-504.916523,50,1220.173308,0.0
-435.871589,50,1221.090348,0.0
-266.312,50,1221.999174,0.0
-873.986763,50,1222.923839,0.0
-433.53167,50,1223.830144,0.0
-596.693329,50,1224.737599,0.0
-351.53348,31,1225.318589,1.0
-337.630765,50,1228.6685,0.0
-211.666293,22,1229.147941,1.0
-321.203566,50,1230.043911,0.0
-263.883638,22,1230.436471,1.0
-413.422693,50,1231.439139,0.0
-513.33101,50,1232.438028,0.0
-746.889838,50,1233.404066,0.0
-803.244301,50,1235.334844,0.0
-370.888495,50,1236.262856,0.0
-330.026865,41,1237.093865,1.0
-947.963556,50,1238.139236,0.0
-303.006275,41,1239.000878,1.0
-1008.563248,50,1242.371461,0.0
-215.116289,50,1243.425896,0.0
-216.306027,50,1244.387684,0.0
-313.069817,50,1245.371483,0.0
-784.580364,50,1246.308297,0.0
-458.627913,50,1247.249697,0.0
-849.915266,50,1248.19587,0.0
-1113.205738,50,1249.209245,0.0
-603.616615,50,1250.167084,0.0
-471.105313,50,1251.096442,0.0
-392.244045,50,1254.522944,0.0
-601.564515,50,1255.583921,0.0
-239.39137,50,1256.528742,0.0
-352.574157,50,1257.438045,0.0
-993.637343,50,1258.345281,0.0
-1048.131412,50,1259.283205,0.0
-220.748489,32,1259.982542,1.0
-398.61143,50,1260.92856,0.0
-320.130908,50,1261.871432,0.0
-494.9897,50,1262.754465,0.0
-312.598879,50,1267.08526,0.0
-451.258237,50,1268.177492,0.0
-980.240469,50,1269.23481,0.0
-400.935588,42,1270.050184,1.0
-578.482213,50,1270.978706,0.0
-912.651612,50,1271.87583,0.0
-329.72636,50,1272.788604,0.0
-594.994647,50,1273.720036,0.0
-238.076276,50,1274.645354,0.0
-672.026849,50,1275.576868,0.0
-621.406269,50,1276.558875,0.0
-474.432427,50,1279.993168,0.0
-110.179434,12,1280.209397,1.0
-649.888248,50,1281.083938,0.0
-582.273459,50,1282.030352,0.0
-228.372342,14,1282.312009,1.0
-125.606182,13,1282.591181,1.0
-284.269052,18,1282.936266,1.0
-211.636298,22,1283.347674,1.0
-476.938269,50,1284.49486,0.0
-812.681268,50,1285.416154,0.0
-480.109446,50,1286.328572,0.0
-629.620231,50,1287.257622,0.0
-369.823703,50,1288.21293,0.0
-277.771018,50,1291.651738,0.0
-444.023305,50,1292.660548,0.0
-655.408664,50,1293.606265,0.0
-631.272471,50,1294.60114,0.0
-75.252743,19,1295.037304,1.0
-316.208219,50,1296.108213,0.0
-540.389034,50,1298.12017,0.0
-503.058144,50,1299.128949,0.0
-237.88168,50,1300.068684,0.0
-254.115336,50,1300.966133,0.0
-205.850865,17,1301.274502,1.0
-146.794376,24,1301.749812,1.0
-605.710736,50,1302.755648,0.0
-266.939502,50,1306.23375,0.0
-366.693303,50,1307.250559,0.0
-950.287236,50,1308.194165,0.0
-228.97807,50,1309.136214,0.0
-1439.285721,50,1310.088028,0.0
-309.536022,50,1311.019279,1.0
-895.894019,50,1312.119541,0.0
-475.347262,50,1313.090681,0.0
-537.557521,50,1314.009782,0.0
-743.109204,50,1315.046607,0.0
-367.869056,37,1318.277678,1.0
-365.191025,50,1319.325574,0.0
-282.46255,50,1320.335638,0.0
-633.365937,50,1321.327696,0.0
-413.111003,50,1322.290644,0.0
-587.864232,50,1323.212993,0.0
-228.292138,50,1324.20907,0.0
-337.182872,50,1325.100941,0.0
-286.598569,50,1326.139004,0.0
-245.272994,50,1328.068186,0.0
-473.255551,50,1331.503189,0.0
-82.149083,14,1331.77571,1.0
-239.244187,43,1332.600941,1.0
-436.196117,30,1333.169768,1.0
-365.481121,42,1333.947407,1.0
-794.547571,50,1334.840011,0.0
-294.64486,43,1335.645845,1.0
-376.705634,50,1336.6902,0.0
-320.365107,50,1337.704174,0.0
-521.029835,50,1338.673832,0.0
-893.984188,50,1339.737492,0.0
-456.050609,50,1340.707271,0.0
-398.317643,50,1344.237739,0.0
-734.501592,50,1345.133356,0.0
-580.246444,50,1346.079933,0.0
-672.775508,50,1347.280638,0.0
-236.79343,50,1348.321433,0.0
-448.624979,50,1349.354345,0.0
-257.035389,50,1350.286182,0.0
-1195.204796,50,1351.223953,0.0
-401.709975,50,1352.210551,0.0
-768.828173,50,1353.381035,0.0
-386.152989,50,1356.716102,0.0
-259.587228,50,1357.615292,0.0
-493.623532,50,1358.575889,0.0
-183.7908,29,1359.083418,1.0
-192.48527,12,1359.302086,1.0
-282.635098,50,1361.138995,0.0
-221.770845,31,1361.749607,1.0
-316.080452,37,1362.488646,1.0
-327.897741,50,1363.422432,0.0
-450.841063,50,1364.322225,0.0
-94.79884,27,1364.820477,1.0
-227.486098,50,1365.749197,0.0
-1150.098531,50,1366.684869,0.0
-280.247572,29,1369.602267,1.0
-916.865004,50,1370.606729,0.0
-381.88823,24,1371.032678,1.0
-679.70747,50,1372.006078,0.0
-844.532354,50,1372.941945,0.0
-430.477158,50,1373.938013,0.0
-441.550497,50,1374.996527,0.0
-905.394007,50,1375.946254,0.0
-415.403408,50,1376.901259,0.0
-785.369186,50,1377.803059,0.0
-800.735098,50,1378.74495,0.0
-398.269622,50,1382.099275,0.0
-317.127258,49,1383.033436,1.0
-255.572242,42,1383.83535,1.0
-754.728408,50,1384.843263,0.0
-369.816476,50,1385.786408,0.0
-278.783016,28,1386.321129,1.0
-1138.782224,50,1387.342466,0.0
-198.781542,50,1388.355545,0.0
-288.934663,39,1389.078,1.0
-389.275137,50,1391.003743,0.0
-603.845796,50,1392.003021,0.0
-718.288104,50,1395.338288,0.0
-232.0833,50,1396.224983,0.0
-941.766847,50,1397.243369,0.0
-301.847315,50,1398.220932,0.0
-658.991266,50,1399.142889,0.0
-748.212562,50,1400.080022,0.0
-316.958243,23,1400.530268,1.0
-797.78479,50,1401.51277,0.0
-432.275556,50,1402.51114,0.0
-462.275321,50,1403.494269,0.0
-573.962115,50,1404.492797,0.0
-773.669292,50,1407.806113,0.0
-946.008058,50,1408.746767,0.0
-161.633361,12,1408.958396,1.0
-238.74525,50,1409.85907,0.0
-271.66448,26,1410.358171,1.0
-238.524973,44,1411.200283,1.0
-236.699856,50,1412.069769,0.0
-351.820738,50,1412.98157,0.0
-338.893674,50,1414.012839,0.0
-395.997219,50,1415.035545,0.0
-1012.629372,50,1416.095732,0.0
-1140.69016,50,1419.485641,0.0
-308.392381,26,1419.941032,1.0
-191.460287,11,1420.134953,1.0
-785.354511,50,1421.030536,0.0
-704.757905,50,1422.948605,0.0
-154.545282,50,1423.894271,0.0
-758.484298,50,1424.963829,0.0
-888.630338,50,1425.961021,0.0
-337.928997,50,1426.887123,0.0
-392.408103,50,1427.809949,0.0
-234.37167,50,1428.713218,0.0
-788.149174,50,1429.644901,0.0
-906.027578,50,1433.787573,0.0
-436.887175,50,1434.726967,0.0
-458.095404,50,1435.741969,0.0
-804.964647,50,1436.762321,0.0
-460.721933,50,1437.76695,0.0
-325.628144,34,1438.456068,1.0
-335.98727,50,1439.437378,0.0
-268.859574,12,1439.646846,1.0
-346.604111,50,1440.601889,0.0
-197.652489,50,1441.523787,0.0
-368.671286,50,1442.536088,0.0
-829.275801,50,1449.28262,0.0
-483.771866,50,1450.235472,0.0
-826.205563,50,1451.221731,0.0
-266.374079,50,1452.155947,0.0
-719.257343,50,1453.223305,0.0
-417.40415,50,1454.22936,0.0
-644.814206,50,1455.192436,0.0
-145.139737,17,1455.506714,1.0
-401.596779,33,1456.956112,1.0
-452.035076,39,1457.70353,1.0
-468.855121,50,1458.687834,0.0
-238.66832,50,1459.724852,0.0
-294.936592,50,1466.57654,0.0
-400.431225,50,1467.506543,0.0
-516.248764,50,1468.554024,0.0
-453.216462,50,1469.597165,0.0
-226.091031,50,1470.627486,0.0
-229.495,50,1471.581048,0.0
-470.503648,50,1472.516228,0.0
-339.784356,47,1473.376806,1.0
-719.862286,50,1474.304722,0.0
-656.110252,50,1475.243775,0.0
-624.030661,50,1481.994695,0.0
-581.887113,50,1482.916505,0.0
-1291.918892,50,1483.85478,0.0
-155.075009,18,1484.191306,1.0
-191.880335,50,1485.117815,0.0
-516.991576,30,1485.663408,1.0
-927.508287,50,1486.651191,0.0
-302.457996,45,1487.473182,1.0
-341.672846,35,1488.13073,1.0
-841.005718,50,1489.154508,0.0
-247.07975,21,1489.565398,1.0
-710.690247,50,1490.532115,0.0
-220.405038,50,1497.288436,0.0
-249.479993,50,1499.211942,0.0
-368.079403,50,1500.125524,0.0
-480.010265,50,1501.065668,0.0
-971.029418,50,1501.982789,0.0
-322.645463,17,1502.30054,1.0
-277.592491,17,1502.627479,1.0
-496.413084,50,1503.639761,0.0
-202.780049,50,1504.556282,0.0
-815.954441,50,1505.471965,0.0
-672.454664,50,1506.406628,0.0
-501.294241,50,1507.309877,0.0
-376.854658,50,1514.021965,0.0
-912.710256,50,1514.914931,0.0
-199.978534,45,1515.822104,1.0
-374.004275,50,1516.822057,0.0
-355.530158,50,1517.804352,0.0
-448.383526,50,1518.690955,0.0
-403.804393,50,1519.59674,0.0
-346.504921,25,1520.092254,1.0
-219.404332,50,1520.998765,0.0
-402.582279,50,1522.069377,0.0
-378.457991,50,1522.97858,0.0
-913.877023,50,1529.905213,0.0
-1028.083822,50,1530.872356,0.0
-318.849797,50,1531.835599,0.0
-353.387443,50,1532.796209,0.0
-230.853804,50,1533.740016,0.0
-1261.194797,50,1535.394976,0.0
-959.811038,50,1536.341669,0.0
-560.471603,50,1537.379217,0.0
-347.472985,50,1538.317999,0.0
-335.823465,50,1539.28751,0.0
-122.807286,18,1539.620152,1.0
-894.464027,50,1546.45816,0.0
-388.399865,40,1547.181653,1.0
-755.767497,50,1548.104816,0.0
-189.748915,22,1548.595854,1.0
-274.582561,50,1549.654809,0.0
-464.960226,50,1550.586338,0.0
-308.078903,50,1551.53565,0.0
-560.394879,50,1552.537596,0.0
-701.690617,50,1553.628669,0.0
-271.157253,50,1554.671709,0.0
-443.55884,50,1555.63292,0.0
-643.181741,50,1562.399931,0.0
-404.548031,50,1563.349158,0.0
-834.585233,50,1564.353474,0.0
-775.506568,50,1565.298685,0.0
-284.805173,50,1566.275987,0.0
-523.547487,50,1567.359781,0.0
-221.139881,15,1567.665906,1.0
-223.212068,19,1568.042007,1.0
-890.221342,50,1569.017723,0.0
-322.86125,50,1569.923754,0.0
-580.175299,50,1570.852061,0.0
-292.326097,50,1578.431163,0.0
-936.253684,50,1579.533656,0.0
-293.172578,45,1580.41752,1.0
-854.749794,50,1581.350169,0.0
-682.35149,50,1582.353122,0.0
-577.440286,50,1583.347997,0.0
-355.471502,50,1584.255067,0.0
-434.735443,50,1585.383747,0.0
-870.235427,50,1586.362246,0.0
-1164.142734,50,1587.32998,0.0
-813.015397,50,1594.063821,0.0
-550.742154,50,1595.038752,0.0
-716.586005,50,1595.964053,0.0
-687.153979,50,1596.955151,0.0
-610.00983,50,1597.976846,0.0
-387.582895,50,1598.975293,0.0
-752.76895,50,1599.891988,0.0
-976.321743,50,1600.893471,0.0
-782.283215,50,1601.920017,0.0
-299.338977,24,1602.359428,1.0
-266.426312,21,1602.746376,1.0
-954.362696,50,1603.78231,0.0
-390.082762,50,1610.528875,0.0
-888.895405,50,1611.531821,0.0
-428.788523,50,1612.491117,0.0
-816.805698,50,1613.439605,0.0
-424.122381,26,1613.927639,1.0
-282.76709,26,1615.098078,1.0
-915.340877,50,1616.091846,0.0
-648.228065,50,1616.97984,0.0
-1028.587418,50,1618.02514,0.0
-766.703456,50,1619.039107,0.0
-186.019319,16,1619.344654,1.0
-1353.408652,50,1620.340531,0.0
-128.933424,24,1626.63543,1.0
-437.726724,50,1627.740119,0.0
-296.923327,50,1628.742301,0.0
-413.396907,50,1629.758887,0.0
-745.155086,50,1630.787014,0.0
-680.886069,50,1631.767458,0.0
-430.864323,50,1632.741602,0.0
-221.808692,50,1633.757128,0.0
-354.001025,18,1634.08883,1.0
-185.883631,50,1635.015568,0.0
-268.091255,50,1635.968616,0.0
-328.131315,50,1642.822587,0.0
-295.246705,41,1643.602416,1.0
-204.224521,50,1644.523382,0.0
-914.005049,50,1645.439178,0.0
-186.464652,39,1646.192717,1.0
-209.087919,50,1647.131747,0.0
-289.742483,50,1648.156398,0.0
-432.453044,50,1649.197515,0.0
-444.573544,50,1650.200192,0.0
-428.154083,50,1652.080134,0.0
-337.575279,50,1653.094668,0.0
-387.43543,50,1659.955607,0.0
-48.203641,7,1660.09711,1.0
-522.08642,50,1661.054432,0.0
-368.001443,50,1661.972984,0.0
-252.039651,40,1662.718579,1.0
-728.284597,50,1663.608127,0.0
-550.243589,50,1664.50295,0.0
-319.714476,50,1665.487058,0.0
-422.304109,50,1666.384603,0.0
-425.706802,50,1667.358051,0.0
-544.598499,50,1668.346143,0.0
-154.88815,17,1668.706879,1.0
-529.51542,33,1675.207338,1.0
-232.140168,28,1675.710124,1.0
-528.897223,50,1676.721138,0.0
-707.455854,50,1677.676013,0.0
-211.283536,26,1678.170577,1.0
-254.309483,50,1679.140594,0.0
-495.337165,50,1680.166086,0.0
-230.885218,50,1681.269109,0.0
-751.039375,50,1682.327908,0.0
-514.170036,50,1683.332861,0.0
-403.900584,50,1684.239919,0.0
-548.021522,50,1690.974818,0.0
-38.694262,8,1691.127769,1.0
-895.194733,50,1692.053099,0.0
-585.577462,50,1693.061059,0.0
-313.385256,35,1694.703918,1.0
-225.452567,21,1695.124918,1.0
-611.967985,50,1696.059233,0.0
-1083.556211,50,1697.110151,0.0
-62.227913,21,1697.548665,1.0
-678.386959,50,1698.485261,0.0
-495.870363,50,1699.447066,0.0
-445.647084,50,1700.415178,0.0
-311.6569,50,1701.330896,0.0
-180.469083,20,1707.492427,1.0
-1018.002525,50,1708.572656,0.0
-1000.966455,50,1709.571625,0.0
-538.975467,50,1710.475044,0.0
-51.968853,14,1710.741962,1.0
-370.069062,50,1711.677333,0.0
-427.999498,50,1712.562097,0.0
-176.83146,36,1713.233212,1.0
-569.328871,50,1714.166857,0.0
-603.460292,50,1715.113333,0.0
-139.416163,25,1715.658331,1.0
-192.286566,50,1716.613042,0.0
-821.661665,50,1723.41507,0.0
-738.870476,50,1724.382358,0.0
-901.704155,50,1725.345,0.0
-941.489266,50,1726.284349,0.0
-450.283094,50,1727.236237,0.0
-448.584149,50,1728.178796,0.0
-663.495176,50,1729.091053,0.0
-259.026651,40,1729.852416,1.0
-709.673409,50,1731.83704,0.0
-177.107324,50,1732.80613,0.0
-880.260276,50,1733.721336,0.0
-134.942674,50,1740.102005,0.0
-246.908619,50,1741.017049,0.0
-49.373293,7,1741.14846,1.0
-993.882058,50,1742.161518,0.0
-360.339555,50,1743.047159,0.0
-234.724616,18,1743.375143,1.0
-140.883358,50,1744.358403,0.0
-423.421891,50,1745.371497,0.0
-202.133763,22,1745.787556,1.0
-862.624046,50,1746.844839,0.0
-802.617817,50,1747.813487,0.0
-222.239803,50,1748.768888,0.0
-738.656283,50,1755.615803,0.0
-252.444835,50,1756.654197,0.0
-581.920248,50,1757.577813,0.0
-859.825481,50,1758.603755,0.0
-667.276261,50,1759.54768,0.0
-463.30159,50,1760.471262,0.0
-170.992362,35,1761.122171,1.0
-262.373035,34,1761.742098,1.0
-859.949289,50,1762.656524,0.0
-709.185679,50,1763.650265,0.0
-1101.99883,50,1764.629725,0.0
-229.958894,50,1771.48744,0.0
-297.782366,50,1772.428969,0.0
-680.445124,50,1774.464768,0.0
-734.71673,50,1775.525738,0.0
-272.166483,50,1776.471887,0.0
-266.256324,50,1777.461363,0.0
-85.098893,11,1777.711282,1.0
-210.410073,49,1778.667879,1.0
-105.45923,22,1779.089205,1.0
-837.782128,50,1780.030507,0.0
-113.796382,26,1780.507352,1.0
-272.493728,17,1780.828609,1.0
-396.514571,50,1787.543667,0.0
-198.441322,14,1787.7899,1.0
-316.760506,46,1788.709077,1.0
-493.795834,50,1789.729087,0.0
-254.144133,50,1790.702285,0.0
-428.793397,50,1791.666109,0.0
-510.606749,50,1792.649209,0.0
-226.296979,44,1793.469851,1.0
-128.637698,20,1793.846177,1.0
-854.738883,50,1794.80951,0.0
-316.160483,50,1795.818926,0.0
-870.330758,50,1796.730636,0.0
-411.3819,21,1797.154678,1.0
-146.42583,11,1797.378038,1.0
-182.188345,21,1803.556117,1.0
-354.114803,50,1804.549862,0.0
-833.530603,50,1805.502285,0.0
-128.38762,8,1805.659824,1.0
-544.414547,50,1806.668536,0.0
-722.611538,50,1807.669423,0.0
-741.296911,50,1808.645027,0.0
-527.768431,50,1810.423252,0.0
-259.624438,50,1811.360879,0.0
-310.082442,50,1812.276549,0.0
-399.315933,50,1813.308913,0.0
-363.484532,26,1813.784083,1.0
-524.717136,50,1820.556496,0.0
-376.092203,48,1821.496984,1.0
-672.835109,50,1822.475745,0.0
-705.697394,50,1823.454399,0.0
-589.614115,50,1824.441192,0.0
-422.361992,50,1825.364105,0.0
-335.327553,50,1826.34138,0.0
-728.224302,50,1827.248354,0.0
-213.824314,37,1827.949757,1.0
-270.714547,50,1828.89526,0.0
-971.167659,50,1835.639091,0.0
-736.27752,50,1836.577379,0.0
-116.159228,17,1836.939746,1.0
-229.977168,50,1837.997304,0.0
-647.774401,50,1839.122103,0.0
-556.878682,50,1840.13176,0.0
-648.027799,50,1841.100583,0.0
-1001.378802,50,1842.02514,0.0
-214.595159,50,1843.037035,0.0
-434.825284,41,1843.807112,1.0
-941.076372,50,1844.917007,0.0
-187.848807,26,1845.396948,1.0
-159.843591,50,1853.085723,0.0
-264.373034,50,1854.027358,0.0
-450.752122,50,1854.969296,0.0
-314.744497,50,1855.952519,0.0
-724.26235,50,1856.961667,0.0
-215.550018,50,1858.069643,0.0
-333.395118,22,1858.512923,1.0
-674.735671,50,1859.490999,0.0
-1027.465326,50,1860.569386,0.0
-883.795485,50,1861.577488,0.0
-283.751259,50,1862.66488,0.0
-632.560674,50,1869.429147,0.0
-418.303595,27,1870.016742,1.0
-882.669044,50,1871.019101,0.0
-146.6961,22,1871.55596,1.0
-450.565647,50,1872.545812,0.0
-640.324888,50,1873.584857,0.0
-155.657419,14,1873.885478,1.0
-505.721157,50,1874.861373,0.0
-389.350998,50,1875.849303,0.0
-400.957452,50,1876.85245,0.0
-760.77912,50,1877.81746,0.0
-336.967225,50,1878.740112,0.0
-325.328977,24,1885.02116,1.0
-197.767078,34,1885.742743,1.0
-62.763833,8,1885.912069,1.0
-708.071388,50,1886.961872,0.0
-248.705498,33,1887.636427,1.0
-269.758829,38,1888.397309,1.0
-424.612519,50,1889.294467,0.0
-344.709171,50,1891.072397,0.0
-401.223091,23,1891.524425,1.0
-375.089063,50,1892.505184,0.0
-258.904373,21,1892.932172,1.0
-1188.805901,50,1893.935063,0.0
-110.261547,29,1894.624706,1.0
-148.986611,31,1895.25309,1.0
-398.164978,50,1902.060159,0.0
-893.32772,50,1903.074074,0.0
-294.094777,24,1903.563181,1.0
-407.028028,33,1904.221745,1.0
-749.897044,50,1905.303059,0.0
-157.04155,18,1905.655881,1.0
-1008.395119,50,1906.57289,0.0
-520.522077,50,1907.512418,0.0
-437.518331,50,1908.468616,0.0
-257.197402,37,1909.197567,1.0
-158.024991,50,1910.227356,0.0
-363.951531,50,1911.282963,0.0
-521.034638,50,1918.111106,0.0
-369.07132,50,1919.265614,0.0
-225.824008,50,1920.324911,0.0
-450.734075,50,1921.23158,0.0
-304.509034,50,1922.141569,0.0
-363.091871,26,1922.629138,1.0
-197.052496,16,1922.943682,1.0
-255.73391,25,1923.42664,1.0
-586.074839,50,1924.408999,0.0
-792.459647,50,1925.46857,0.0
-659.33393,50,1926.432374,0.0
-200.893268,50,1928.294812,0.0
-256.984094,23,1934.55325,1.0
-258.216898,50,1935.47722,0.0
-374.495428,50,1936.630441,0.0
-344.804046,50,1937.618373,0.0
-551.28326,50,1938.623467,0.0
-969.332227,50,1939.687169,0.0
-392.445768,50,1940.717643,0.0
-246.275271,35,1941.419801,1.0
-563.021038,50,1942.466088,0.0
-815.373489,50,1943.451012,0.0
-278.53716,50,1944.568585,0.0
-311.805118,50,1951.341777,0.0
-199.619492,16,1951.649578,1.0
-578.116473,50,1952.651969,0.0
-786.611422,50,1953.611968,0.0
-213.572783,50,1954.517724,0.0
-467.84788,49,1955.467162,1.0
-359.628467,50,1956.373018,0.0
-292.056331,50,1957.319759,0.0
-1146.995656,50,1958.317716,0.0
-495.286809,50,1959.203809,0.0
-218.148748,50,1960.138179,0.0
-430.621894,50,1966.885348,0.0
-672.099217,50,1967.872389,0.0
-929.106883,50,1968.851583,0.0
-228.978497,50,1969.922027,0.0
-365.13947,35,1971.67454,1.0
-236.277525,12,1971.905897,1.0
-406.809064,50,1972.888216,0.0
-1021.450455,50,1973.834279,0.0
-155.453159,16,1974.144887,1.0
-225.595429,50,1975.250831,0.0
-370.752647,17,1975.609025,1.0
-404.28981,50,1976.618963,0.0
-151.475857,16,1976.909628,1.0
-455.890184,50,1983.680312,0.0
-840.943995,50,1984.625448,0.0
-656.341851,50,1985.611219,0.0
-275.19124,24,1986.067422,1.0
-245.112836,50,1986.989339,0.0
-424.424888,50,1987.903602,0.0
-947.17955,50,1988.805306,0.0
-909.345373,50,1989.853514,0.0
-923.41484,50,1990.769573,0.0
-211.967755,50,1991.710927,0.0
-476.163579,50,1992.653187,0.0
-692.212366,50,1999.568062,0.0
-260.860152,50,2000.571177,0.0
-285.165188,50,2001.527792,0.0
-946.098847,50,2002.513046,0.0
-406.638562,25,2003.014537,1.0
-1026.952004,50,2003.991444,0.0
-350.254051,50,2004.979571,0.0
-196.662082,50,2005.979322,0.0
-866.027134,50,2006.949041,0.0
-469.323395,50,2008.788528,0.0
-300.99081,22,2009.236784,1.0
-289.443038,49,2016.032293,1.0
-407.401683,50,2017.026068,0.0
-514.358876,50,2018.071245,0.0
-885.719792,50,2019.01097,0.0
-527.361355,50,2020.091111,0.0
-256.812345,50,2021.048822,0.0
-309.732777,50,2022.056322,0.0
-683.824808,50,2023.118785,0.0
-276.858189,50,2024.156193,0.0
-333.561703,50,2025.182851,0.0
-360.755797,50,2026.164281,0.0
-1084.029782,50,2033.095877,0.0
-797.916176,50,2034.060519,0.0
-290.23293,50,2035.02712,0.0
-782.6395,50,2036.045378,0.0
-411.758649,50,2036.934971,0.0
-208.66595,46,2037.778229,1.0
-774.364249,50,2038.690654,0.0
-137.022096,9,2038.878247,1.0
-532.221454,50,2039.917716,0.0
-417.825797,50,2040.972418,0.0
-473.567472,50,2042.057721,0.0
-307.009005,19,2048.262378,1.0
-186.284466,50,2049.149456,0.0
-734.848012,50,2050.063522,0.0
-1216.940444,50,2052.133535,0.0
-431.320259,50,2053.160304,0.0
-396.549496,50,2054.083779,0.0
-305.942601,50,2055.03255,0.0
-237.422044,50,2056.005438,0.0
-225.690961,27,2056.495095,1.0
-317.704837,50,2057.516904,0.0
-356.030674,34,2058.209286,1.0
-1004.574862,50,2064.986665,0.0
-454.97844,50,2065.980838,0.0
-231.112057,50,2066.972797,0.0
-267.033006,21,2067.359537,1.0
-615.513719,50,2068.32263,0.0
-740.216001,50,2069.334949,0.0
-130.602975,50,2070.378852,0.0
-1011.720332,50,2071.350498,0.0
-864.622338,50,2072.458662,0.0
-818.130328,50,2073.444676,0.0
-529.142017,50,2074.385389,0.0
-368.417826,50,2081.218101,0.0
-512.733929,50,2082.247779,0.0
-386.938954,47,2083.214112,1.0
-353.04584,26,2083.749778,1.0
-107.366027,11,2084.000355,1.0
-859.805674,50,2084.972931,0.0
-148.908849,27,2085.527877,1.0
-890.900227,50,2086.49818,0.0
-449.040323,50,2087.46787,0.0
-191.805364,50,2089.446545,0.0
-854.982759,50,2090.391959,0.0
-863.102601,50,2091.386163,0.0
-633.5552,50,2098.107783,0.0
-1210.90316,50,2099.093783,0.0
-129.454185,28,2099.603613,1.0
-515.061487,50,2100.532334,0.0
-360.613749,50,2101.475551,0.0
-281.921726,19,2101.823499,1.0
-571.034145,50,2102.74721,0.0
-112.973821,28,2103.31668,1.0
-392.79342,50,2104.363592,0.0
-1197.313153,50,2105.348714,0.0
-852.379735,50,2106.327147,0.0
-576.742139,50,2107.301873,0.0
-368.991749,50,2114.088078,0.0
-139.715101,33,2114.74628,1.0
-669.849707,50,2115.958665,0.0
-553.836575,50,2116.95605,0.0
-758.270667,50,2118.067954,0.0
-400.499352,50,2119.046999,0.0
-1074.135527,50,2120.011156,0.0
-274.521092,33,2120.628504,1.0
-69.248564,8,2120.783179,1.0
-339.443254,13,2121.018698,1.0
-159.342199,9,2121.184589,1.0
-261.687419,50,2122.228304,0.0
-530.339139,23,2122.653303,1.0
-829.364705,50,2123.563027,0.0
-731.332452,50,2130.29711,0.0
-276.075936,50,2132.276327,0.0
-74.894109,13,2132.52844,1.0
-274.455162,50,2133.591417,0.0
-296.635303,40,2134.385617,1.0
-123.541156,26,2134.939442,1.0
-177.849315,19,2135.334371,1.0
-903.792927,50,2136.39836,0.0
-413.59578,21,2136.795521,1.0
-166.011254,26,2137.26874,1.0
-395.166403,21,2137.660545,1.0
-412.63305,50,2138.624522,0.0
-430.476472,29,2139.186394,1.0
-826.665301,50,2140.142097,0.0
-204.541177,46,2146.931307,1.0
-146.415823,26,2147.488851,1.0
-122.234643,13,2147.72919,1.0
-439.110331,32,2148.359119,1.0
-761.762767,50,2149.445286,0.0
-233.052383,20,2149.857521,1.0
-866.435613,50,2150.842619,0.0
-614.371692,50,2151.809954,0.0
-598.560412,50,2152.787818,0.0
-752.037756,50,2153.826883,0.0
-784.12533,50,2154.799369,0.0
-499.907565,26,2155.34319,1.0
-295.38214,19,2155.726856,1.0
-154.923699,23,2156.172207,1.0
-311.680669,15,2156.451793,1.0
-502.507828,50,2163.383405,0.0
-268.851834,50,2164.416332,0.0
-724.500269,50,2165.407041,0.0
-398.393505,50,2166.436157,0.0
-506.370568,50,2167.407973,0.0
-369.325475,24,2167.875497,1.0
-244.1809,27,2168.408703,1.0
-727.863971,50,2170.466598,0.0
-314.673194,50,2171.736548,0.0
-861.469455,50,2172.695918,0.0
-856.442089,50,2173.685704,0.0
-228.852736,50,2180.464208,0.0
-1016.324181,50,2181.488795,0.0
-694.933945,50,2182.51144,0.0
-589.826345,50,2183.575785,0.0
-318.390343,37,2184.303239,1.0
-183.7539,50,2185.233188,0.0
-765.773468,50,2186.166226,0.0
-201.766042,34,2186.966757,1.0
-602.189417,50,2187.998816,0.0
-362.955372,50,2189.072743,0.0
-265.943498,25,2189.568689,1.0
-520.320622,50,2196.33942,0.0
-431.918445,50,2197.380216,0.0
-186.516586,17,2197.70087,1.0
-840.103127,50,2198.616126,0.0
-244.441029,21,2198.998935,1.0
-194.380165,25,2199.454779,1.0
-791.860599,50,2200.471331,0.0
-433.914755,50,2201.578575,0.0
-832.180004,50,2202.621153,0.0
-318.550522,22,2203.072335,1.0
-205.474276,21,2203.508245,1.0
-850.203753,50,2204.604951,0.0
-384.929272,50,2205.733522,0.0
-749.958597,50,2206.737679,0.0
-401.183466,50,2214.485626,0.0
-481.527737,50,2215.491232,0.0
-99.390671,8,2215.637939,1.0
-240.787197,23,2216.083376,1.0
-134.206476,36,2216.802745,1.0
-297.609902,50,2217.729291,0.0
-591.279385,50,2218.683241,0.0
-122.889037,36,2219.469377,1.0
-120.729317,27,2220.014669,1.0
-905.392641,50,2220.92065,0.0
-972.024603,50,2221.890624,0.0
-827.044748,50,2222.866464,0.0
-295.775453,50,2229.859916,0.0
-940.695966,50,2230.830149,0.0
-328.896526,50,2231.808865,0.0
-576.892075,50,2232.726765,0.0
-633.541459,50,2233.65292,0.0
-806.777506,50,2234.593638,0.0
-658.757703,50,2235.510464,0.0
-1256.88137,50,2236.460956,0.0
-421.792763,50,2237.405998,0.0
-170.355633,37,2238.147654,1.0
-1141.414905,50,2239.17911,0.0
-197.144557,27,2245.562608,1.0
-271.601854,21,2246.007072,1.0
-247.882314,50,2247.135284,0.0
-563.225374,50,2248.125139,0.0
-354.686887,50,2249.090726,0.0
-412.324048,50,2250.06346,0.0
-800.015501,50,2251.895271,0.0
-455.502623,50,2252.826277,0.0
-542.538208,50,2253.853591,0.0
-295.128266,19,2254.217418,1.0
-1209.513137,50,2255.322687,0.0
-506.536443,50,2256.251529,0.0
-485.155785,50,2263.111476,0.0
-627.469947,50,2264.245388,0.0
-331.768361,50,2265.226957,0.0
-174.526656,50,2266.372102,0.0
-524.641122,50,2267.411776,0.0
-233.968708,29,2268.036471,1.0
-346.882959,50,2268.958601,0.0
-616.185999,50,2269.902943,0.0
-689.839585,50,2270.847955,0.0
-240.65611,50,2271.846741,0.0
-217.444846,48,2278.563324,1.0
-774.65275,50,2279.609023,0.0
-232.771258,48,2280.687991,1.0
-1408.594164,50,2281.767633,0.0
-586.974603,50,2282.691957,0.0
-250.248699,30,2283.24283,1.0
-560.303799,50,2284.17365,0.0
-293.862262,50,2285.110714,0.0
-292.842097,50,2286.078325,0.0
-1035.549236,50,2287.117106,0.0
-357.728501,50,2288.785392,0.0
-598.650832,50,2295.536096,0.0
-664.314168,50,2296.488146,0.0
-604.91127,50,2297.651443,0.0
-370.90437,45,2298.559957,1.0
-813.594845,50,2299.493373,0.0
-277.923608,21,2299.909959,1.0
-339.655045,23,2300.345767,1.0
-388.05349,50,2301.322733,0.0
-889.4945,50,2302.302204,0.0
-315.146623,36,2303.05804,1.0
-279.690054,31,2303.636472,1.0
-457.59556,50,2304.653562,0.0
-576.361125,50,2311.453544,0.0
-463.731896,50,2312.524688,0.0
-400.189399,25,2312.993757,1.0
-874.12055,50,2313.968573,0.0
-180.929496,14,2314.263925,1.0
-478.329144,50,2315.271002,0.0
-291.583529,50,2316.198831,0.0
-493.726212,50,2317.151563,0.0
-564.583955,50,2318.13717,0.0
-491.470746,50,2319.084029,0.0
-180.815825,50,2320.148538,0.0
-408.057251,44,2321.088547,1.0
-265.007606,50,2327.918367,0.0
-613.657447,50,2328.959302,0.0
-559.30667,50,2330.041254,0.0
-121.586939,9,2330.240416,1.0
-542.839012,50,2332.155551,0.0
-511.49475,50,2333.138459,0.0
-691.952166,50,2334.299058,0.0
-183.911072,25,2334.798315,1.0
-633.559456,50,2335.732284,0.0
-915.464957,50,2336.656683,0.0
-512.572419,50,2337.624964,0.0
-285.858424,50,2344.407171,0.0
-862.370941,50,2345.454479,0.0
-80.692833,25,2345.953803,1.0
-210.035865,45,2346.800722,1.0
-599.474011,50,2347.799953,0.0
-300.343397,45,2348.697035,1.0
-229.461169,20,2349.127033,1.0
-301.922171,50,2350.074878,0.0
-166.739023,13,2350.331384,1.0
-204.14771,50,2351.250957,0.0
-849.321237,50,2352.209935,0.0
-550.929907,50,2353.154405,0.0
-297.383962,42,2354.026953,1.0
-594.913272,50,2360.820435,0.0
-951.220013,50,2361.738153,0.0
-919.174679,50,2362.776994,0.0
-368.634024,50,2363.756526,0.0
-196.491066,50,2364.710456,0.0
-316.791062,50,2365.714517,0.0
-139.730696,19,2366.139449,1.0
-68.435257,8,2366.317445,1.0
-239.682133,50,2367.321243,0.0
-271.307325,50,2369.124262,0.0
-244.861076,14,2369.396135,1.0
-110.731501,15,2369.687735,1.0
-886.589843,50,2370.643759,0.0
-1095.097841,50,2377.465254,0.0
-412.410696,50,2378.565008,0.0
-76.585929,11,2378.78595,1.0
-798.83488,50,2379.776772,0.0
-462.528291,50,2380.851691,0.0
-737.521483,50,2381.942164,0.0
-608.883037,50,2382.974949,0.0
-134.527633,24,2383.415982,1.0
-427.549293,50,2384.406546,0.0
-377.628963,50,2385.461766,0.0
-482.10442,50,2386.401925,0.0
-582.610891,50,2393.212586,0.0
-341.07274,50,2394.283706,0.0
-345.093354,25,2394.828673,1.0
-265.37118,33,2395.492846,1.0
-124.18076,15,2395.800933,1.0
-551.150106,50,2396.966152,0.0
-304.97885,50,2398.079091,0.0
-887.135502,50,2399.184004,0.0
-336.540459,50,2400.174591,0.0
-971.139224,50,2401.242443,0.0
-285.565752,48,2402.139537,1.0
-921.458926,50,2403.129353,0.0
-870.03389,50,2409.929144,0.0
-314.414502,24,2410.379607,1.0
-294.933585,31,2411.02042,1.0
-291.880716,50,2411.973136,0.0
-933.030016,50,2413.626549,0.0
-790.006109,50,2414.603397,0.0
-247.749359,26,2415.175181,1.0
-371.572451,34,2415.86381,1.0
-286.149088,38,2416.593172,1.0
-371.849408,50,2417.677642,0.0
-522.724645,50,2418.604504,0.0
-66.130392,25,2419.066981,1.0
-286.653966,50,2419.981579,0.0
-922.611968,50,2426.8309,0.0
-281.16655,24,2427.301818,1.0
-579.882465,50,2428.345197,0.0
-276.283252,31,2428.957867,1.0
-93.55864,11,2429.178971,1.0
-80.517908,32,2429.876349,1.0
-851.122708,50,2430.821988,0.0
-450.280319,50,2431.785608,0.0
-319.005939,18,2432.174074,1.0
-937.444667,50,2433.131331,0.0
-359.539754,50,2434.091475,0.0
-355.341967,50,2435.041299,0.0
-690.554588,50,2436.055417,0.0
-386.246552,28,2442.490683,1.0
-399.311466,30,2443.138863,1.0
-558.377297,50,2444.273866,0.0
-552.541895,50,2445.265887,0.0
-572.660586,50,2446.188802,0.0
-600.498236,50,2447.145675,0.0
-653.812602,50,2448.153919,0.0
-234.419829,50,2449.360238,0.0
-1273.063149,50,2451.288984,0.0
-314.101697,32,2451.946348,1.0
-727.57209,50,2452.903977,0.0
-322.191053,39,2459.474893,1.0
-611.868189,50,2460.565441,0.0
-426.133686,50,2461.528366,0.0
-810.25654,50,2462.634854,0.0
-481.995148,50,2463.603593,0.0
-423.224883,33,2464.204178,1.0
-571.843691,50,2465.247173,0.0
-488.845803,50,2466.198834,0.0
-370.881035,50,2467.14153,0.0
-290.965191,16,2467.439984,1.0
-215.070313,50,2468.397777,0.0
-211.909622,28,2468.950094,1.0
-189.482915,12,2469.187222,1.0
-389.994123,50,2476.175414,0.0
-259.619089,50,2477.231616,0.0
-182.787024,28,2477.828739,1.0
-347.870075,50,2478.905578,0.0
-235.226814,14,2479.192652,1.0
-771.81732,50,2480.151455,0.0
-203.242622,44,2481.04346,1.0
-349.535104,50,2482.142116,0.0
-368.230572,34,2482.900729,1.0
-319.642928,48,2483.949391,1.0
-325.351969,50,2485.009652,0.0
-503.995195,50,2486.091668,0.0
-302.747115,50,2492.847438,0.0
-155.035987,12,2493.077911,1.0
-291.69417,14,2493.338632,1.0
-255.985725,50,2495.264268,0.0
-147.820303,16,2495.578213,1.0
-226.941456,50,2496.557932,0.0
-101.339106,10,2496.750883,1.0
-861.025872,50,2497.773199,0.0
-266.220984,40,2498.547056,1.0
-135.749584,9,2498.724594,1.0
-133.066564,42,2499.608161,1.0
-802.026068,50,2500.576302,0.0
-425.608427,50,2501.632217,0.0
-281.06123,50,2502.646024,0.0
-461.623211,48,2509.407503,1.0
-835.592468,50,2510.405405,0.0
-455.094367,50,2511.352721,1.0
-92.693563,16,2511.680217,1.0
-247.034856,20,2512.169508,1.0
-134.265792,35,2512.944775,1.0
-788.40439,50,2513.995327,0.0
-351.626328,50,2515.152629,0.0
-652.175669,50,2516.269468,0.0
-336.146844,35,2517.01325,1.0
-842.858612,50,2517.992445,0.0
-746.774649,50,2519.030307,0.0
-273.986501,15,2519.358249,1.0
-157.114416,50,2526.229104,0.0
-766.569226,50,2527.356401,0.0
-606.22918,50,2528.287543,0.0
-369.601065,50,2529.302885,0.0
-566.449416,46,2530.307282,1.0
-199.721583,50,2531.29044,0.0
-408.331208,50,2533.407333,0.0
-135.871042,23,2533.853464,1.0
-920.453469,50,2534.858182,0.0
-569.269212,50,2535.868268,0.0
-207.480787,15,2536.182904,1.0
-161.951724,22,2536.623053,1.0
-442.287875,43,2543.349814,1.0
-784.937627,50,2544.395844,0.0
-385.604668,28,2544.983529,1.0
-327.930242,22,2545.461029,1.0
-606.645332,50,2546.447343,0.0
-86.055672,14,2546.729288,1.0
-805.402975,50,2547.683152,0.0
-206.762908,28,2548.20463,1.0
-630.665497,50,2549.247055,0.0
-272.23987,42,2550.08575,1.0
-967.407367,50,2551.096164,0.0
-306.65829,24,2551.588492,1.0
-157.130409,13,2551.868196,1.0
-491.357237,50,2552.915568,0.0
-442.94462,50,2559.777183,0.0
-444.292717,36,2560.599154,1.0
-510.118041,50,2561.621756,0.0
-332.64693,50,2562.697265,0.0
-754.818259,50,2563.738954,0.0
-389.857286,22,2564.257808,1.0
-168.930294,20,2564.743829,1.0
-518.662526,50,2565.743804,0.0
-244.609415,50,2566.703397,0.0
-461.805807,50,2567.769624,0.0
-279.80265,22,2568.245992,1.0
-439.573473,50,2569.191921,0.0
-915.916586,50,2575.977539,0.0
-305.713034,50,2577.906509,0.0
-721.781596,50,2578.909817,0.0
-405.579955,42,2579.779265,1.0
-476.512781,50,2580.778253,0.0
-425.346374,50,2581.743489,0.0
-235.668961,26,2582.257582,1.0
-115.312617,16,2582.599291,1.0
-1003.969489,50,2583.638112,0.0
-284.257781,50,2584.693252,0.0
-380.755668,49,2585.64275,1.0
-127.186047,34,2586.327502,1.0
-398.630747,50,2593.151208,0.0
-694.924144,50,2594.200011,0.0
-753.978358,50,2595.24365,0.0
-189.730153,28,2595.777156,1.0
-646.247524,50,2596.911725,0.0
-226.914324,47,2597.826243,1.0
-74.983477,10,2598.03506,1.0
-642.161828,50,2598.987955,0.0
-403.842795,50,2599.906819,0.0
-233.589391,50,2600.869073,0.0
-343.779266,50,2601.883436,0.0
-309.880471,30,2602.469073,1.0
-364.034207,50,2609.253939,0.0
-509.772566,50,2610.317714,0.0
-521.768066,50,2611.312981,0.0
-179.908831,16,2611.641292,1.0
-656.073276,50,2612.697334,0.0
-678.749984,50,2613.745897,0.0
-181.772681,50,2615.667934,0.0
-549.440266,50,2616.726416,0.0
-914.917623,50,2617.668752,0.0
-877.51335,50,2618.627882,0.0
-1136.758894,50,2619.636928,0.0
-256.720079,50,2626.446137,0.0
-235.652051,50,2627.437639,0.0
-363.480857,50,2628.472762,0.0
-447.935693,50,2629.498092,0.0
-265.180854,50,2630.474589,0.0
-436.070135,50,2631.482677,0.0
-324.889959,50,2632.575518,0.0
-572.463106,50,2633.568893,0.0
-927.045231,50,2634.518772,0.0
-868.999403,50,2635.549095,0.0
-284.440869,46,2642.379154,1.0
-174.971451,39,2643.155892,1.0
-474.297381,50,2644.166547,0.0
-618.501539,50,2645.163015,0.0
-421.951466,38,2646.017248,1.0
-358.306182,50,2647.116066,0.0
-706.768155,50,2648.113045,0.0
-221.371739,50,2649.11934,0.0
-344.952622,38,2649.916353,1.0
-331.643798,25,2650.497011,1.0
-311.631169,50,2651.503604,0.0
-303.180668,50,2653.444054,0.0
-430.009897,50,2660.183497,0.0
-268.455691,14,2660.443698,1.0
-198.825736,14,2660.749082,1.0
-163.343462,35,2661.582576,1.0
-254.144153,36,2662.440259,1.0
-185.863766,29,2663.056851,1.0
-842.105298,50,2664.104986,0.0
-84.676597,17,2664.483202,1.0
-146.295241,50,2665.545907,0.0
-811.340451,50,2666.45455,0.0
-303.788338,27,2666.960905,1.0
-218.689446,19,2667.321864,1.0
-412.597666,50,2668.37786,0.0
-270.923822,24,2668.893286,1.0
-778.188278,50,2670.019095,0.0
-231.948501,25,2676.373333,1.0
-878.876964,50,2677.343118,0.0
-433.481523,37,2678.054938,1.0
-57.508768,17,2678.37546,1.0
-243.009624,20,2678.750409,1.0
-784.047372,50,2679.763535,0.0
-163.415465,12,2679.998436,1.0
-213.298066,50,2681.090408,0.0
-346.888573,32,2681.750601,1.0
-289.488767,18,2682.117739,1.0
-202.114775,50,2683.114432,0.0
-501.685642,50,2684.194597,0.0
-245.317913,37,2685.037016,1.0
-270.862302,50,2686.095888,0.0
-149.247747,30,2692.548997,1.0
-694.42149,50,2693.536319,0.0
-237.920818,21,2693.94415,1.0
-151.712094,50,2694.956032,0.0
-790.379485,50,2696.042867,0.0
-974.240219,50,2697.755038,0.0
-202.254654,16,2698.054591,1.0
-141.801784,9,2698.232323,1.0
-88.1479,16,2698.553257,1.0
-254.764788,35,2699.274876,1.0
-855.476706,50,2700.24014,0.0
-529.653684,50,2701.223113,0.0
-128.700733,50,2702.3943,0.0
-952.184501,50,2703.370663,0.0
-156.626779,17,2709.538652,1.0
-152.102174,16,2709.874427,1.0
-303.877477,50,2710.826159,0.0
-430.944535,36,2711.485476,1.0
-537.050334,50,2712.405799,0.0
-861.949984,50,2713.387811,0.0
-199.793438,50,2714.488983,0.0
-87.13988,18,2714.870986,1.0
-977.853614,50,2715.960876,0.0
-947.157983,50,2717.026698,0.0
-403.207628,50,2718.051858,0.0
-103.11896,31,2718.649291,1.0
-258.601282,50,2719.78153,0.0
-98.164547,13,2725.86612,1.0
-117.47523,50,2726.957239,0.0
-61.107795,10,2727.143082,1.0
-154.728384,39,2728.03443,1.0
-673.189684,50,2729.103965,0.0
-515.816372,50,2730.083942,0.0
-170.955886,21,2730.504241,1.0
-351.36743,50,2731.564606,0.0
-214.077234,14,2731.809925,1.0
-658.017245,50,2732.729967,0.0
-574.533121,50,2733.736639,0.0
-261.305961,50,2735.083935,0.0
-856.923629,50,2736.115271,0.0
-296.851886,17,2736.444853,1.0
-271.963546,50,2743.211184,0.0
-345.422342,50,2744.182078,0.0
-282.781252,50,2745.164392,0.0
-819.521191,50,2746.15293,0.0
-397.896707,50,2747.106096,0.0
-668.902641,50,2748.040969,0.0
-185.218283,11,2748.23626,1.0
-257.441883,50,2749.147735,0.0
-229.046707,50,2750.147071,0.0
-564.81615,50,2751.18175,0.0
-289.732481,47,2752.126442,1.0
-330.094703,50,2758.922994,0.0
-404.208091,50,2759.909201,0.0
-772.367123,50,2760.902832,0.0
-368.191132,43,2761.694329,1.0
-460.253451,29,2762.218642,1.0
-425.614982,50,2763.221477,0.0
-293.166808,24,2763.706204,1.0
-677.18196,50,2764.624448,0.0
-960.532863,50,2765.674335,0.0
-89.973929,16,2766.036144,1.0
-698.991983,50,2767.134653,0.0
-393.412119,50,2768.232715,0.0
-140.009172,13,2774.318819,1.0
-347.262825,34,2774.997144,1.0
-847.274601,50,2776.016105,0.0
-182.939489,32,2777.502719,1.0
-326.330262,50,2778.46415,0.0
-646.515477,50,2779.481395,0.0
-700.077295,50,2780.683362,0.0
-350.672051,50,2781.754618,0.0
-271.332147,50,2782.729292,0.0
-578.175221,50,2783.822711,0.0
-528.823105,50,2784.805463,0.0
-572.154048,50,2791.612876,0.0
-877.995538,50,2792.629625,0.0
-827.310688,50,2793.622562,0.0
-622.868044,50,2794.570868,0.0
-189.433829,50,2795.518705,0.0
-459.301287,50,2796.558879,0.0
-755.153007,50,2797.542788,0.0
-443.823191,50,2798.613527,0.0
-438.659145,50,2799.564302,0.0
-233.239235,15,2799.848547,1.0
-421.056508,50,2800.847315,0.0
-223.789485,50,2807.680178,0.0
-685.551551,50,2808.638632,0.0
-578.33686,50,2809.73091,0.0
-297.046093,50,2810.775494,0.0
-410.388632,15,2811.045244,1.0
-730.330885,50,2812.017189,0.0
-482.848678,50,2813.024167,0.0
-69.184409,8,2813.182539,1.0
-463.463205,50,2814.22194,0.0
-379.309795,30,2815.65942,1.0
-128.200485,29,2816.296826,1.0
-841.354522,50,2817.253765,0.0
-326.996408,50,2818.326206,0.0
-43.312488,6,2818.468188,1.0
-773.846341,50,2825.280143,0.0
-362.895387,31,2825.952121,1.0
-546.469381,50,2826.911827,0.0
-337.764587,36,2827.565349,1.0
-624.69964,50,2828.560639,0.0
-116.506205,12,2828.799797,1.0
-676.471442,50,2829.714926,0.0
-954.105401,50,2830.652071,0.0
-245.405429,50,2831.652735,0.0
-514.312232,41,2832.432297,1.0
-452.808103,50,2833.508549,0.0
-265.0767,31,2834.145326,1.0
-659.574534,50,2840.970933,0.0
-665.180583,50,2841.957033,0.0
-127.096358,43,2842.952904,1.0
-60.149244,12,2843.217227,1.0
-93.257615,12,2843.462883,1.0
-1038.20286,50,2844.391496,0.0
-251.287891,50,2845.34667,0.0
-509.175702,50,2846.401026,0.0
-386.047694,50,2847.412463,0.0
-328.867113,50,2848.439567,0.0
-216.302207,11,2848.667093,1.0
-389.202679,50,2849.862645,0.0
-99.408499,39,2850.647792,1.0
-318.440454,50,2857.412629,1.0
-405.018622,50,2859.373754,0.0
-400.952824,50,2860.341074,0.0
-787.676636,50,2861.344387,0.0
-377.98726,50,2862.562525,0.0
-416.106145,50,2863.72065,1.0
-167.967026,18,2864.076895,1.0
-412.349875,50,2865.055462,0.0
-282.662609,50,2866.159087,0.0
-144.69771,12,2866.39767,1.0
-205.701524,50,2867.425405,0.0
-69.363008,9,2867.622864,1.0
-875.274213,50,2874.414146,0.0
-251.537327,24,2874.886226,1.0
-172.490081,20,2875.318061,1.0
-594.078543,50,2876.311814,0.0
-665.647488,29,2876.852412,1.0
-352.668336,50,2877.892262,0.0
-524.924988,50,2878.935448,0.0
-91.457485,19,2879.361226,1.0
-325.565135,26,2879.922701,1.0
-498.70373,50,2881.038564,0.0
-177.400969,23,2881.479904,1.0
-261.05272,17,2881.805833,1.0
-666.660745,50,2882.755501,0.0
-307.747322,50,2883.991744,0.0
-461.886199,50,2890.767201,0.0
-243.947666,50,2891.750373,0.0
-344.198974,50,2892.853089,0.0
-869.235662,50,2893.916863,0.0
-825.07357,50,2894.988385,0.0
-409.178226,33,2895.646151,1.0
-807.164029,50,2897.747848,0.0
-191.380072,27,2898.318473,1.0
-126.729343,18,2898.682747,1.0
-643.261959,50,2899.655873,0.0
-180.64121,24,2900.123181,1.0
-852.875014,50,2901.116499,0.0
-1171.005401,50,2902.253777,0.0
-358.80365,21,2908.439884,1.0
-369.772463,50,2909.418976,0.0
-269.034322,50,2910.384557,0.0
-340.259077,46,2911.215621,1.0
-189.133095,19,2911.573538,1.0
-401.822878,34,2912.228893,1.0
-623.306725,50,2913.228305,0.0
-1098.553066,50,2914.21388,0.0
-785.888737,50,2915.237844,0.0
-292.142213,19,2915.640292,1.0
-218.560629,32,2916.276804,1.0
-729.918273,50,2917.231687,0.0
-428.674618,20,2917.633164,1.0
-78.169769,10,2917.846813,1.0
-259.24039,22,2924.150894,1.0
-362.782668,50,2925.100701,0.0
-178.179708,49,2926.020682,1.0
-299.434429,50,2926.96197,0.0
-166.327647,24,2927.425573,1.0
-335.724178,50,2928.441065,0.0
-300.502428,29,2929.040792,1.0
-222.650476,50,2930.095826,0.0
-247.584406,41,2930.859821,1.0
-598.03407,50,2931.87616,0.0
-160.485293,13,2932.14276,1.0
-318.947406,12,2932.37496,1.0
-101.554337,13,2932.629045,1.0
-173.71275,50,2933.615755,0.0
-322.640242,40,2941.155183,1.0
-638.686443,50,2942.114855,0.0
-800.349597,50,2943.146066,0.0
-318.206434,50,2944.280421,0.0
-1193.596839,50,2945.305863,0.0
-432.25618,50,2946.382518,0.0
-150.841375,15,2946.692008,1.0
-605.806312,50,2947.673851,0.0
-236.76587,38,2948.53898,1.0
-200.296887,14,2948.848532,1.0
-199.109202,50,2949.805402,0.0
-89.389106,11,2950.022303,1.0
-725.437648,50,2950.999935,0.0
-462.438668,50,2957.871358,0.0
-682.79488,50,2958.824222,0.0
-709.609096,50,2959.866979,0.0
-882.081173,50,2961.071171,0.0
-584.988328,50,2962.033678,0.0
-467.02289,50,2963.016043,0.0
-285.009199,50,2963.99405,0.0
-332.961435,18,2964.387451,1.0
-269.121275,33,2965.085687,1.0
-168.502763,18,2965.463061,1.0
-461.779319,50,2966.443303,0.0
-590.094762,50,2967.484508,0.0
-696.62058,50,2974.291105,0.0
-390.474769,50,2975.265583,0.0
-581.875049,50,2976.45271,0.0
-329.486014,24,2977.026219,1.0
-275.12761,50,2978.022527,0.0
-986.977317,50,2980.099374,0.0
-539.359767,50,2981.141057,0.0
-80.087394,27,2981.684893,1.0
-200.121953,50,2982.759746,0.0
-42.6951,7,2982.929301,1.0
-148.402881,16,2983.302111,1.0
-867.412614,50,2984.374712,0.0
-220.055247,13,2984.637637,1.0
-615.45693,50,2991.452162,0.0
-320.820508,22,2991.900754,1.0
-271.541029,28,2992.43887,1.0
-288.914379,26,2992.946363,1.0
-181.936775,50,2994.040261,0.0
-851.56885,50,2994.987801,0.0
-422.422648,50,2996.0232,0.0
-136.408829,12,2996.280034,1.0
-94.824218,23,2996.727432,1.0
-680.467396,40,2997.513085,1.0
-120.553188,15,2997.836914,1.0
-187.931654,50,2998.886462,0.0
-729.373725,50,2999.842828,0.0
-777.338331,50,3000.835659,0.0
-410.162614,50,3007.628757,0.0
-471.295456,50,3008.595403,0.0
-336.261933,18,3009.019336,1.0
-755.447718,50,3010.117731,0.0
-910.057473,50,3011.078416,0.0
-573.181744,50,3012.00604,0.0
-190.491916,35,3012.675764,1.0
-559.435101,50,3013.77142,0.0
-902.710057,50,3014.852463,0.0
-388.459538,50,3015.823787,0.0
-616.744184,50,3017.790561,0.0
-815.536611,50,3024.541374,0.0
-1057.576294,50,3025.589552,0.0
-641.817655,50,3026.557897,0.0
-321.297442,50,3027.559596,0.0
-402.890856,35,3028.23484,1.0
-126.946457,13,3028.475927,1.0
-800.912815,50,3029.48651,0.0
-350.469846,50,3030.61201,0.0
-726.039253,50,3031.58549,0.0
-236.748478,41,3032.397669,1.0
-567.74095,50,3033.498494,0.0
-212.267464,36,3034.160362,1.0
-268.619081,50,3040.994969,0.0
-158.086809,17,3041.317669,1.0
-535.119154,50,3042.269804,0.0
-879.704664,50,3043.229378,0.0
-311.997187,50,3044.173272,0.0
-787.794814,50,3045.125445,0.0
-1124.522588,50,3046.355649,0.0
-293.689858,50,3047.486649,0.0
-258.281384,12,3047.752576,1.0
-239.68409,22,3048.262378,1.0
-53.270627,10,3048.469739,1.0
-265.809549,27,3048.975238,1.0
-447.584686,50,3049.929313,0.0
-600.953284,50,3050.863828,0.0
-175.286124,24,3057.175596,1.0
-372.847512,24,3057.650453,1.0
-717.398333,50,3058.620363,0.0
-422.282103,19,3059.028428,1.0
-199.3594,50,3061.027025,0.0
-101.13994,15,3061.306612,1.0
-658.930612,50,3062.255884,0.0
-246.617799,50,3063.224196,0.0
-401.682864,27,3063.809537,1.0
-374.726197,20,3064.30036,1.0
-1032.920558,50,3065.404924,0.0
-558.078884,50,3066.374936,0.0
-185.391085,41,3067.152148,1.0
-188.459268,19,3067.525428,1.0
-352.079194,50,3074.391883,0.0
-628.372754,50,3075.435655,0.0
-611.652859,50,3076.492423,0.0
-238.355721,46,3077.545927,1.0
-908.805717,50,3078.482221,0.0
-610.917362,50,3079.505471,0.0
-288.610103,47,3080.538044,1.0
-321.633617,13,3080.829523,1.0
-749.096617,50,3081.838946,0.0
-462.087136,50,3082.896441,0.0
-167.130813,50,3084.08989,0.0
-1064.535641,50,3091.018027,0.0
-161.913872,31,3091.634331,1.0
-539.967748,50,3092.709774,0.0
-811.70046,50,3093.753855,0.0
-171.121497,13,3094.016699,1.0
-226.274554,50,3095.120432,0.0
-235.326275,50,3096.152564,0.0
-752.086541,50,3097.120052,0.0
-315.971269,50,3098.176555,0.0
-351.988419,50,3099.929795,0.0
-697.777378,50,3100.998701,0.0
-50.881015,5,3101.108012,1.0
-615.102619,50,3107.965357,0.0
-294.998815,50,3108.971681,0.0
-560.41989,50,3110.017255,0.0
-539.84999,50,3110.991515,0.0
-745.152934,50,3112.063429,0.0
-228.755422,22,3112.485101,1.0
-367.419171,50,3113.567255,0.0
-353.751782,50,3114.670496,0.0
-469.133094,50,3115.755304,0.0
-749.388096,50,3116.762513,0.0
-620.033939,38,3117.572821,1.0
-314.370566,50,3124.333019,0.0
-637.462377,50,3125.446871,0.0
-312.854805,50,3126.480543,0.0
-312.158881,50,3127.499183,0.0
-879.929898,50,3128.473252,0.0
-222.05911,50,3129.488818,0.0
-207.883041,38,3130.305525,1.0
-345.046302,50,3131.344635,0.0
-1401.210364,50,3132.358783,0.0
-552.55532,50,3133.381437,0.0
-59.320238,9,3133.560528,1.0
-257.596863,49,3134.503909,1.0
-274.068549,40,3140.981833,1.0
-169.063586,23,3141.465368,1.0
-787.818523,50,3142.539396,0.0
-109.153686,18,3143.607681,1.0
-272.752117,42,3144.417679,1.0
-48.949468,7,3144.550887,1.0
-356.164016,19,3144.900023,1.0
-847.000528,50,3145.926556,0.0
-246.278769,36,3146.617662,1.0
-113.161353,30,3147.205112,1.0
-372.320945,50,3148.294251,0.0
-302.527908,50,3149.244262,0.0
-233.81284,50,3150.282361,0.0
-247.093287,50,3151.303104,0.0
-318.529621,16,3157.369288,1.0
-858.169345,50,3158.368369,0.0
-193.457142,19,3158.725791,1.0
-128.912729,20,3159.110892,1.0
-92.967002,17,3159.426768,1.0
-203.313613,33,3160.112764,1.0
-704.063803,50,3161.12408,0.0
-93.767453,19,3161.508169,1.0
-548.60111,50,3162.426141,0.0
-839.807081,50,3163.492856,0.0
-136.683613,50,3164.528239,0.0
-689.469651,50,3165.534851,0.0
-765.847806,50,3166.553608,0.0
-313.470371,50,3167.594668,0.0
-637.485596,50,3174.478667,0.0
-233.988027,18,3174.940961,1.0
-172.096726,13,3175.236983,1.0
-420.460663,50,3176.368815,0.0
-267.55436,27,3177.014109,1.0
-719.835252,50,3178.246911,0.0
-222.553581,16,3178.62952,1.0
-221.514306,34,3179.317743,1.0
-83.217926,10,3179.525631,1.0
-468.142447,50,3180.78188,0.0
-224.609218,21,3182.286803,1.0
-169.845049,18,3182.651233,1.0
-448.070936,50,3183.650576,0.0
-724.156982,50,3184.701107,0.0
-693.239795,50,3185.671376,0.0
-338.211382,50,3192.559128,0.0
-373.934121,50,3193.668301,0.0
-344.836678,18,3194.037669,1.0
-479.196962,50,3195.235552,0.0
-348.042112,50,3196.366667,0.0
-98.858608,8,3196.562845,1.0
-324.921693,50,3197.683293,0.0
-354.423595,34,3198.387344,1.0
-375.971348,50,3199.403763,0.0
-587.213049,50,3200.461036,0.0
-181.924863,43,3201.447042,1.0
-540.020193,50,3202.449676,0.0
-339.18364,32,3208.908326,1.0
-343.602636,50,3209.969534,0.0
-85.711265,7,3210.136627,1.0
-162.17191,50,3211.252955,0.0
-680.678385,50,3212.299002,0.0
-361.351638,31,3212.901181,1.0
-626.221448,50,3213.880512,0.0
-527.650801,50,3214.941118,0.0
-849.652586,50,3215.998085,0.0
-272.321058,50,3217.040806,0.0
-914.651223,50,3218.059201,0.0
-718.114301,50,3219.138659,0.0
-485.545937,50,3226.616476,0.0
-522.007706,41,3227.423998,1.0
-338.286645,48,3228.528467,1.0
-216.911764,14,3228.829431,1.0
-824.9693,50,3229.95686,0.0
-237.275663,50,3231.074879,0.0
-920.182444,50,3232.083717,0.0
-214.69383,50,3233.318611,0.0
-415.333822,50,3234.333635,0.0
-544.999315,50,3235.477903,0.0
-195.543558,25,3235.944203,1.0
-238.931273,41,3242.549011,1.0
-198.788749,25,3243.064165,1.0
-245.61123,15,3243.361375,1.0
-1145.633182,50,3244.299862,0.0
-797.472285,50,3245.286561,0.0
-451.370999,50,3246.383106,0.0
-432.044119,50,3247.496408,0.0
-763.837122,50,3248.455177,0.0
-232.385113,26,3249.001355,1.0
-476.673307,50,3249.994912,0.0
-135.628485,50,3250.955945,0.0
-1113.047903,50,3251.980168,0.0
-268.374667,16,3252.299739,1.0
-239.143914,31,3258.668417,1.0
-144.04333,13,3258.922032,1.0
-415.709576,50,3259.917124,1.0
-210.823409,50,3260.933869,0.0
-647.158631,50,3261.986283,1.0
-350.504875,16,3262.286693,1.0
-854.230868,50,3263.281722,0.0
-481.497491,50,3265.104219,0.0
-460.395143,50,3266.072562,0.0
-652.577249,50,3267.123006,0.0
-87.518596,14,3267.441289,1.0
-151.223732,50,3268.488474,0.0
-290.687587,44,3269.37402,1.0
-209.908686,21,3269.787307,1.0
-572.748858,50,3276.776112,0.0
-1308.26271,50,3277.842005,0.0
-460.04736,50,3278.991419,0.0
-251.231941,16,3279.316785,1.0
-1081.662188,50,3280.430345,0.0
-310.587411,31,3281.072316,1.0
-649.284299,50,3282.009825,0.0
-728.462359,50,3283.078992,0.0
-549.921834,45,3283.965185,1.0
-264.593294,50,3285.080854,0.0
-184.273884,50,3286.129407,0.0
-395.159358,50,3292.956399,0.0
-350.712903,15,3293.240211,1.0
-453.597189,50,3294.310899,0.0
-418.987199,33,3294.981947,1.0
-138.391525,19,3295.347293,1.0
-871.745623,50,3296.437283,0.0
-318.910195,50,3297.45555,0.0
-323.267607,43,3298.269387,1.0
-679.134877,50,3299.242281,0.0
-600.922962,50,3300.275372,0.0
-597.313249,50,3301.320652,0.0
-876.75879,50,3302.250313,0.0
-88.386056,10,3303.358863,1.0
-947.265658,50,3310.183191,0.0
-324.62603,50,3311.230211,1.0
-170.464893,14,3311.543642,1.0
-375.066353,50,3312.50373,0.0
-407.151778,50,3313.464368,0.0
-416.34241,50,3314.414659,0.0
-575.060882,50,3315.420948,0.0
-407.289868,50,3316.440528,0.0
-600.222991,50,3317.425631,0.0
-372.674526,22,3317.839991,1.0
-216.241689,26,3318.361344,1.0
-419.971862,50,3319.314732,0.0
-92.156808,8,3319.474,1.0
-438.548181,50,3326.247031,0.0
-294.038291,38,3327.012776,1.0
-666.445569,50,3328.066045,0.0
-1097.261795,50,3329.062475,0.0
-234.676666,50,3330.063338,0.0
-658.037385,50,3331.17106,0.0
-375.424573,50,3332.17997,0.0
-224.010008,50,3333.159027,0.0
-807.59533,50,3334.194468,0.0
-550.477937,50,3335.231016,0.0
-398.763895,50,3342.066126,0.0
-223.435802,17,3342.380589,1.0
-212.466915,20,3342.758003,1.0
-78.389703,12,3342.983302,1.0
-177.191628,50,3343.971247,0.0
-261.778985,16,3344.291738,1.0
-900.954114,50,3345.323282,0.0
-571.577605,50,3347.597398,0.0
-257.406457,21,3348.04143,1.0
-230.290009,34,3348.69623,1.0
-246.447794,50,3349.745512,0.0
-821.307516,50,3350.689482,0.0
-347.305186,50,3351.637973,0.0
-148.063722,21,3352.0855,1.0
-401.284975,50,3353.200996,0.0
-344.513052,50,3360.120769,0.0
-937.42875,50,3361.137371,0.0
-169.828416,34,3361.802099,1.0
-869.760963,50,3362.787991,0.0
-120.634057,12,3363.031015,1.0
-307.05342,14,3363.314366,1.0
-223.398165,50,3364.380609,0.0
-278.309867,45,3365.293758,1.0
-646.739748,50,3366.261163,0.0
-178.623452,25,3366.78116,1.0
-618.971687,50,3367.954363,0.0
-977.54195,50,3368.919996,0.0
-606.585475,50,3375.769061,0.0
-138.225134,19,3376.139992,1.0
-104.335085,29,3376.67719,1.0
-195.592145,12,3376.901941,1.0
-695.305663,50,3377.889534,0.0
-369.99537,50,3378.86374,0.0
-1014.27598,50,3380.005914,0.0
-285.967017,49,3381.039243,1.0
-91.519145,27,3381.586343,1.0
-115.730105,9,3381.766438,1.0
-162.462522,27,3382.316177,1.0
-494.474478,50,3383.338171,0.0
-849.581538,50,3385.225776,0.0
-660.26376,50,3386.370875,0.0
-791.541715,50,3393.202039,0.0
-738.185514,50,3394.218479,0.0
-376.721163,50,3395.292439,1.0
-201.233147,10,3395.480425,1.0
-753.953619,50,3396.5355,0.0
-193.075067,13,3396.790583,1.0
-555.147217,50,3397.861057,0.0
-283.826634,18,3398.249895,1.0
-232.738061,50,3399.247762,0.0
-475.158252,50,3400.227442,0.0
-115.831394,18,3400.585417,1.0
-629.593903,50,3401.603657,0.0
-675.192474,50,3402.647014,0.0
-762.031857,50,3409.422696,0.0
-942.373103,50,3410.408345,0.0
-990.15683,50,3411.379277,0.0
-533.655689,50,3412.323587,0.0
-326.366154,50,3413.297152,0.0
-752.372412,50,3414.299374,0.0
-378.92829,50,3415.247774,0.0
-402.265369,31,3415.848699,1.0
-394.920709,50,3417.099773,0.0
-306.386679,18,3417.507002,1.0
-832.591236,50,3418.737085,0.0
-647.452144,50,3425.631838,0.0
-627.515888,50,3426.806006,0.0
-197.328761,24,3427.298421,1.0
-134.735911,19,3427.660819,1.0
-408.850772,50,3429.549709,0.0
-911.626661,50,3430.615757,0.0
-565.757876,50,3431.7293,0.0
-695.494902,50,3432.808828,0.0
-87.526914,7,3432.96501,1.0
-294.87389,50,3433.982922,0.0
-738.54098,50,3434.970397,0.0
-124.0857,40,3435.772725,1.0
-507.265064,50,3436.875078,0.0
-220.914369,26,3443.307946,1.0
-178.792275,46,3444.334138,1.0
-343.649113,50,3445.324334,0.0
-316.051827,34,3445.972659,1.0
-427.574255,50,3446.914844,0.0
-110.132548,9,3447.093039,1.0
-407.430993,25,3447.580945,1.0
-301.799114,50,3448.628851,0.0
-321.180247,41,3449.41293,1.0
-302.749494,22,3449.841114,1.0
-205.787131,16,3450.170082,1.0
-343.750819,50,3451.27118,0.0
-154.873466,17,3451.647692,1.0
-253.913685,20,3452.054658,1.0
-335.130651,50,3453.074831,0.0
-863.110414,50,3459.834524,0.0
-740.122768,50,3460.775359,0.0
-616.311696,50,3462.03613,0.0
-405.292472,18,3462.426021,1.0
-203.03942,50,3463.393785,0.0
-232.023346,50,3464.506077,0.0
-254.385756,16,3464.818297,1.0
-164.281136,20,3465.227184,1.0
-340.015076,31,3465.870963,1.0
-714.08029,50,3466.918621,0.0
-284.365287,50,3468.826506,0.0
-269.087949,13,3469.064613,1.0
-860.590846,50,3470.111147,0.0
-373.588938,34,3476.535265,1.0
-285.402674,15,3476.833538,1.0
-323.931213,50,3477.999652,0.0
-961.32654,50,3478.951559,0.0
-241.815454,22,3479.391117,1.0
-275.01681,50,3480.369778,0.0
-400.661391,50,3481.373634,0.0
-684.587607,50,3482.355438,0.0
-157.143884,16,3482.687869,1.0
-411.522662,50,3483.72374,0.0
-346.43289,50,3484.726093,0.0
-898.788632,50,3485.73365,0.0
-219.340825,14,3486.028301,1.0
-326.695699,17,3486.388047,1.0
-175.516847,50,3493.342783,0.0
-1104.123949,50,3494.412343,0.0
-220.308336,15,3494.705786,1.0
-1430.162827,50,3495.808599,0.0
-109.178994,8,3495.983821,1.0
-980.205279,50,3497.056487,0.0
-914.956647,50,3498.020256,0.0
-773.78081,50,3498.989162,0.0
-442.221093,50,3499.998996,0.0
-270.490578,50,3500.980712,0.0
-113.801482,13,3501.231058,1.0
-672.875942,50,3502.186574,0.0
-836.807698,50,3503.23268,0.0
-568.629907,50,3510.001781,0.0
-580.361992,50,3511.766654,0.0
-531.673888,50,3512.735536,0.0
-345.580229,50,3513.733465,0.0
-472.747985,50,3514.702632,0.0
-305.625388,50,3515.694472,0.0
-967.676543,50,3516.787827,0.0
-1098.991873,50,3517.836738,0.0
-384.374208,50,3518.913316,0.0
-492.650401,50,3519.930683,0.0
-1047.822189,50,3526.775431,0.0
-369.325184,50,3527.763329,0.0
-161.38505,50,3528.804519,0.0
-308.867526,14,3529.093308,1.0
-239.43763,17,3529.474596,1.0
-806.422266,50,3530.474154,0.0
-613.671141,50,3531.486212,0.0
-998.542385,50,3532.544543,0.0
-478.413826,50,3533.574085,0.0
-1136.427402,50,3534.564123,0.0
-840.602859,50,3535.541111,0.0
-636.784096,50,3542.393714,0.0
-529.748621,50,3543.437582,0.0
-301.653073,50,3544.398301,0.0
-278.356345,42,3545.231241,1.0
-358.414983,50,3546.299659,0.0
-161.138241,33,3547.024052,1.0
-325.765176,24,3547.525624,1.0
-359.019978,35,3548.219091,1.0
-544.833701,50,3550.119239,0.0
-190.884921,50,3551.122338,0.0
-842.273761,50,3552.141412,0.0
-313.263175,36,3552.970114,1.0
-162.212898,22,3553.393749,1.0
-552.514433,50,3560.267672,0.0
-847.11923,50,3561.309389,0.0
-226.956413,50,3562.444292,0.0
-133.794381,49,3563.471809,1.0
-203.086819,12,3563.723525,1.0
-571.716549,50,3564.782347,0.0
-279.099437,50,3565.785242,0.0
-628.781908,50,3566.842829,0.0
-75.747261,9,3567.019479,1.0
-501.938775,50,3568.012368,0.0
-299.378124,50,3569.124422,0.0
-409.607436,50,3570.085372,0.0
-316.079586,50,3576.851438,0.0
-473.211962,50,3577.917255,0.0
-213.546099,14,3578.233608,1.0
-762.129655,50,3579.203698,0.0
-749.637123,50,3580.160172,0.0
-312.907533,24,3580.662199,1.0
-680.320549,50,3581.650976,0.0
-381.361099,50,3582.667596,0.0
-283.882333,50,3583.77169,0.0
-1253.396649,50,3584.747987,0.0
-136.536156,50,3585.770742,0.0
-676.099926,50,3592.673645,0.0
-944.323929,50,3594.642685,0.0
-438.54161,25,3595.11147,1.0
-188.94189,10,3595.309503,1.0
-321.845809,41,3596.191751,1.0
-334.510186,50,3597.299814,0.0
-178.446068,50,3598.407781,0.0
-772.78935,50,3599.426835,0.0
-264.510595,14,3599.702002,1.0
-913.231899,50,3600.854912,0.0
-545.885462,50,3601.918067,0.0
-202.669161,18,3602.279456,1.0
-199.056661,14,3602.546238,1.0
-425.838468,50,3603.51813,0.0
-790.619981,50,3610.266767,0.0
-48.000736,6,3610.385363,1.0
-417.140533,50,3611.51177,0.0
-772.034107,50,3612.487953,0.0
-455.988382,50,3613.628793,0.0
-607.733891,50,3614.685675,0.0
-625.079785,50,3615.616653,0.0
-187.215293,15,3615.908456,1.0
-612.048381,50,3616.927536,0.0
-1000.358365,50,3617.992681,0.0
-409.568745,50,3619.155352,0.0
-41.337634,13,3619.442456,1.0
-133.707948,14,3619.73713,1.0
-201.565202,50,3626.563174,0.0
-99.74148,15,3626.857041,1.0
-244.911739,50,3627.898021,0.0
-273.281658,50,3628.84584,0.0
-269.010201,50,3629.873311,0.0
-205.589214,18,3630.225149,1.0
-503.350105,50,3631.185231,0.0
-181.996654,42,3632.837331,1.0
-866.555133,50,3634.035472,0.0
-441.53125,50,3635.131518,0.0
-961.546338,50,3636.223182,0.0
-871.439289,50,3637.42707,0.0
-913.059919,50,3644.280793,0.0
-143.405544,21,3644.672404,1.0
-364.62161,34,3645.292033,1.0
-751.480375,50,3646.287372,0.0
-390.749305,18,3646.641987,1.0
-506.920256,50,3647.655878,0.0
-152.308667,26,3648.213783,1.0
-50.256301,8,3648.386995,1.0
-409.768894,50,3649.344716,0.0
-463.799844,50,3650.338336,0.0
-175.061068,50,3651.311592,0.0
-441.803171,50,3652.34903,0.0
-162.983809,11,3652.587426,1.0
-127.475513,18,3652.932755,1.0
-68.527737,10,3653.128178,1.0
-919.167144,50,3659.893468,0.0
-359.704679,50,3660.911857,0.0
-569.06819,50,3661.9617,0.0
-771.106967,50,3662.941293,0.0
-632.073421,50,3664.122601,0.0
-272.948882,14,3664.457618,1.0
-299.632425,14,3664.794755,1.0
-113.580885,18,3665.205712,1.0
-117.296326,10,3665.423658,1.0
-587.312246,50,3666.536324,0.0
-306.201386,50,3667.675762,0.0
-522.687595,50,3668.686227,0.0
-558.79753,50,3669.950744,0.0
-511.906763,50,3677.660917,0.0
-653.275545,50,3678.662116,0.0
-925.660946,50,3679.634614,0.0
-418.101882,50,3680.62429,0.0
-547.383277,50,3681.638699,0.0
-96.132145,11,3681.843655,1.0
-285.257964,18,3682.181559,1.0
-174.641187,50,3683.521852,0.0
-42.258726,8,3683.756163,1.0
-697.693554,50,3684.805265,0.0
-426.63599,21,3685.239731,1.0
-270.550137,18,3685.602491,1.0
-69.275326,6,3685.73807,1.0
-439.925014,50,3686.754741,0.0
-229.713831,24,3687.217801,1.0
-378.230629,31,3687.896193,1.0
-374.453442,50,3694.80545,0.0
-119.327317,12,3695.036618,1.0
-299.548277,50,3695.979126,0.0
-462.536408,38,3696.832158,1.0
-95.256834,9,3697.019836,1.0
-282.182471,18,3697.405048,1.0
-403.862005,50,3698.403709,0.0
-121.447938,19,3698.79873,1.0
-309.817952,50,3699.844739,0.0
-457.934288,50,3700.865851,0.0
-1032.918211,50,3701.926584,0.0
-513.692388,50,3702.928607,0.0
-59.213945,21,3703.397079,1.0
-319.47708,50,3704.434774,0.0
-357.386165,17,3710.63661,1.0
-854.846397,50,3711.599389,0.0
-253.463305,40,3712.345839,1.0
-230.937898,50,3713.376291,0.0
-646.609599,50,3715.080859,0.0
-166.293764,12,3715.317695,1.0
-887.409152,50,3716.329345,0.0
-86.624327,19,3716.715063,1.0
-609.015379,50,3717.7962,0.0
-1107.364699,50,3718.748172,0.0
-121.22001,11,3718.961872,1.0
-814.633815,50,3720.028149,0.0
-102.279681,10,3720.258809,1.0
-1039.348624,50,3721.312685,0.0
-216.827896,13,3721.576078,1.0
-751.895931,50,3728.427768,0.0
-1043.181496,50,3729.350084,0.0
-249.09758,50,3730.293462,0.0
-600.796908,50,3731.247846,0.0
-218.240562,50,3732.189211,0.0
-350.056989,50,3733.328625,0.0
-347.885357,50,3734.395742,0.0
-453.606818,50,3735.360035,0.0
-445.272202,50,3736.401492,0.0
-88.807605,7,3736.540024,1.0
-531.906704,50,3737.552374,0.0
-60.381323,19,3743.834583,1.0
-1094.392424,50,3745.020181,0.0
-497.78904,50,3745.992269,0.0
-517.699722,50,3747.011589,0.0
-183.936554,50,3748.162358,0.0
-241.171044,11,3748.381517,1.0
-556.842322,50,3749.429662,0.0
-1007.239731,50,3750.537309,0.0
-318.027769,23,3750.975131,1.0
-877.528577,50,3752.043772,0.0
-883.787823,50,3754.03764,0.0
-701.28981,50,3755.053599,0.0
-239.823903,19,3761.200596,1.0
-1034.401351,50,3762.226434,0.0
-482.940831,19,3762.578906,1.0
-592.827574,50,3763.54136,0.0
-919.144451,50,3764.517108,0.0
-123.956672,33,3765.186478,1.0
-126.873348,20,3765.599388,1.0
-938.243416,50,3766.626828,0.0
-248.613095,45,3767.526891,1.0
-628.066972,50,3768.554576,0.0
-318.079061,28,3769.184223,1.0
-176.84683,18,3769.592375,1.0
-302.713229,18,3769.989191,1.0
-377.285579,50,3770.982726,0.0
-960.065042,50,3777.809667,0.0
-223.155872,50,3778.878688,0.0
-327.807452,50,3779.849051,0.0
-184.066784,14,3780.16241,1.0
-94.723064,12,3780.441082,1.0
-237.518851,50,3781.564977,0.0
-262.149715,50,3782.624026,0.0
-198.446224,13,3782.930063,1.0
-168.575585,50,3784.170239,0.0
-267.813099,50,3785.245075,0.0
-927.149547,50,3786.307715,0.0
-228.312049,50,3787.291657,0.0
-474.112878,50,3788.389681,0.0
-732.717078,50,3795.313679,0.0
-510.041505,50,3796.379866,0.0
-140.714045,8,3796.532252,1.0
-221.817617,50,3798.389852,0.0
-956.708884,50,3799.414519,0.0
-803.251168,50,3800.481154,0.0
-981.184905,50,3801.484082,0.0
-905.810665,50,3802.45292,0.0
-358.802118,50,3803.386059,0.0
-808.407444,50,3804.449088,0.0
-217.638539,20,3804.845593,1.0
-236.034047,50,3811.599371,0.0
-232.995404,50,3812.861364,0.0
-648.149292,50,3813.845768,0.0
-549.790163,50,3814.85272,0.0
-74.626226,12,3815.112479,1.0
-357.814489,50,3816.115819,0.0
-508.584691,50,3817.106292,0.0
-241.748467,50,3818.081115,0.0
-84.958437,7,3818.220177,1.0
-621.860538,50,3819.239918,0.0
-269.726828,50,3820.314688,0.0
-378.068964,35,3820.998676,1.0
-469.051693,50,3827.816138,0.0
-221.626448,50,3828.83459,0.0
-512.99831,50,3829.786844,0.0
-119.768643,23,3830.230046,1.0
-245.612868,12,3830.464566,1.0
-737.832597,50,3831.445203,0.0
-235.796351,50,3832.387851,0.0
-822.207735,50,3833.440523,0.0
-112.954116,9,3833.625147,1.0
-780.434093,50,3834.640933,0.0
-361.647858,30,3836.074989,1.0
-454.878464,23,3836.551248,1.0
-824.040194,50,3837.520346,0.0
-434.736822,50,3838.594403,0.0
-283.246225,50,3845.494065,0.0
-245.060003,50,3846.478814,0.0
-401.112377,50,3847.472781,0.0
-739.681256,50,3848.593173,0.0
-823.133005,50,3849.685644,0.0
-214.908784,50,3850.803444,0.0
-235.510903,50,3851.856824,0.0
-338.390555,50,3852.899104,0.0
-856.480711,50,3853.93866,0.0
-540.846332,50,3854.984584,0.0
-43.470965,7,3855.129365,1.0
-1305.913982,50,3862.008925,0.0
-389.869665,50,3862.966598,0.0
-157.658016,15,3863.275593,1.0
-307.291607,50,3864.366202,0.0
-812.28036,50,3865.469156,0.0
-291.981251,50,3866.587252,0.0
-617.927601,50,3867.578916,0.0
-171.586962,14,3867.872764,1.0
-585.711822,50,3868.866744,0.0
-458.974404,50,3869.887285,0.0
-415.095695,50,3870.962401,0.0
-643.025072,50,3877.861578,0.0
-846.260935,50,3878.827511,0.0
-71.7638,19,3879.253518,1.0
-456.754786,50,3881.151836,0.0
-176.460861,22,3881.602522,1.0
-199.259364,50,3882.680337,0.0
-192.175312,50,3883.708935,0.0
-847.637914,50,3884.794,0.0
-1077.94688,50,3885.8677,0.0
-1161.952973,50,3886.910636,0.0
-199.521434,28,3887.490206,1.0
-218.462085,50,3888.563514,0.0
