#{"t_start": 1651038194.0941746, "env_id": "PandaReach-v2"}
r,l,t,is_success
-50.0,50,0.945603,0.0
-50.0,50,1.826323,0.0
-50.0,50,2.719849,0.0
-50.0,50,3.65292,0.0
-50.0,50,4.544498,0.0
-50.0,50,5.498833,0.0
-50.0,50,6.408121,0.0
-50.0,50,7.337523,0.0
-50.0,50,8.329201,0.0
-50.0,50,9.238861,0.0
-50.0,50,16.321606,0.0
-50.0,50,17.271386,0.0
-50.0,50,18.199683,0.0
-50.0,50,19.098793,0.0
-50.0,50,20.004138,0.0
-50.0,50,21.019354,0.0
-50.0,50,21.989623,0.0
-50.0,50,22.938329,0.0
-50.0,50,23.942642,0.0
-50.0,50,24.866457,0.0
-50.0,50,31.665001,0.0
-50.0,50,32.581123,0.0
-50.0,50,33.493076,0.0
-50.0,50,34.389579,0.0
-50.0,50,35.308393,0.0
-50.0,50,37.489338,0.0
-50.0,50,38.396219,0.0
-50.0,50,39.309677,0.0
-50.0,50,40.258549,0.0
-50.0,50,41.182585,0.0
-50.0,50,47.973281,0.0
-50.0,50,48.934459,0.0
-50.0,50,49.86773,0.0
-50.0,50,50.789547,0.0
-50.0,50,51.710183,0.0
-50.0,50,52.601439,0.0
-50.0,50,53.552021,0.0
-50.0,50,54.451993,0.0
-50.0,50,55.36667,0.0
-50.0,50,56.304389,0.0
-50.0,50,63.041924,0.0
-50.0,50,63.946914,0.0
-50.0,50,64.903836,0.0
-50.0,50,65.841562,0.0
-50.0,50,66.786512,0.0
-50.0,50,67.73894,0.0
-50.0,50,68.738221,0.0
-50.0,50,69.650905,0.0
-50.0,50,70.586889,0.0
-50.0,50,71.569888,0.0
-50.0,50,73.392766,0.0
-50.0,50,78.966414,0.0
-50.0,50,79.899649,0.0
-50.0,50,80.870115,0.0
-50.0,50,81.809215,0.0
-50.0,50,82.748994,0.0
-50.0,50,83.631245,0.0
-50.0,50,84.555243,0.0
-50.0,50,85.500411,0.0
-50.0,50,86.465768,0.0
-50.0,50,87.408829,0.0
-50.0,50,90.828266,0.0
-50.0,50,91.753988,0.0
-50.0,50,92.717382,0.0
-50.0,50,93.649047,0.0
-50.0,50,94.632349,0.0
-50.0,50,95.559628,0.0
-50.0,50,96.47562,0.0
-50.0,50,97.414427,0.0
-50.0,50,98.373253,0.0
-50.0,50,99.346511,0.0
-50.0,50,102.747414,0.0
-50.0,50,103.79451,0.0
-50.0,50,104.745346,0.0
-50.0,50,105.709317,0.0
-50.0,50,107.922625,0.0
-50.0,50,108.827146,0.0
-50.0,50,109.790725,0.0
-50.0,50,110.736135,0.0
-50.0,50,111.949191,0.0
-50.0,50,112.861444,0.0
-50.0,50,116.294323,0.0
-50.0,50,117.205415,0.0
-50.0,50,118.118847,0.0
-50.0,50,119.027364,0.0
-50.0,50,119.992795,0.0
-50.0,50,120.915735,0.0
-50.0,50,121.877146,0.0
-50.0,50,122.819307,0.0
-50.0,50,123.767622,0.0
-50.0,50,124.685189,0.0
-50.0,50,125.599525,0.0
-50.0,50,130.180945,0.0
-50.0,50,131.104908,0.0
-50.0,50,132.085041,0.0
-50.0,50,133.001057,0.0
-50.0,50,134.000293,0.0
-50.0,50,135.149684,0.0
-50.0,50,136.081012,0.0
-50.0,50,136.974457,0.0
-50.0,50,138.802474,0.0
-50.0,50,139.713932,0.0
-50.0,50,146.539626,0.0
-50.0,50,147.597154,0.0
-50.0,50,148.575714,0.0
-50.0,50,149.529341,0.0
-50.0,50,150.467555,0.0
-50.0,50,151.350943,0.0
-50.0,50,152.285551,0.0
-50.0,50,153.205192,0.0
-50.0,50,154.082432,0.0
-50.0,50,155.064845,0.0
-41.0,42,161.766283,1.0
-50.0,50,162.731748,0.0
-50.0,50,163.677113,0.0
-50.0,50,164.576341,0.0
-50.0,50,165.479507,0.0
-50.0,50,166.465234,0.0
-50.0,50,167.441351,0.0
-50.0,50,168.362546,0.0
-50.0,50,169.279535,0.0
-50.0,50,170.210873,0.0
-50.0,50,171.137643,0.0
-50.0,50,177.954767,0.0
-50.0,50,179.103413,0.0
-50.0,50,180.905753,0.0
-50.0,50,181.907601,0.0
-50.0,50,182.855513,0.0
-50.0,50,183.76316,0.0
-50.0,50,184.721077,0.0
-50.0,50,185.621367,0.0
-50.0,50,186.53164,0.0
-50.0,50,187.455803,0.0
-50.0,50,194.314128,0.0
-50.0,50,195.231785,0.0
-50.0,50,196.158324,0.0
-50.0,50,197.075158,0.0
-50.0,50,198.050705,0.0
-50.0,50,199.00992,0.0
-50.0,50,199.961106,0.0
-50.0,50,200.848556,0.0
-50.0,50,201.759636,0.0
-50.0,50,202.722256,0.0
-50.0,50,209.529579,0.0
-50.0,50,210.446615,0.0
-50.0,50,211.372393,0.0
-50.0,50,212.297801,0.0
-50.0,50,213.217692,0.0
-50.0,50,214.16182,0.0
-50.0,50,215.055986,0.0
-50.0,50,216.852787,0.0
-50.0,50,217.776399,0.0
-50.0,50,218.70012,0.0
-50.0,50,225.517341,0.0
-50.0,50,226.44106,0.0
-50.0,50,227.342437,0.0
-50.0,50,228.293217,0.0
-50.0,50,229.219223,0.0
-50.0,50,230.13031,0.0
-50.0,50,231.045108,0.0
-50.0,50,232.254799,0.0
-50.0,50,233.177267,0.0
-50.0,50,234.161508,0.0
-50.0,50,235.103238,0.0
-50.0,50,241.903774,0.0
-50.0,50,242.798854,0.0
-50.0,50,243.692605,0.0
-50.0,50,244.646472,0.0
-50.0,50,245.671436,0.0
-50.0,50,246.613327,0.0
-50.0,50,247.620418,0.0
-50.0,50,248.551656,0.0
-50.0,50,249.53686,0.0
-50.0,50,250.455386,0.0
-50.0,50,257.360464,0.0
-50.0,50,259.361132,0.0
-50.0,50,260.308184,0.0
-50.0,50,261.231854,0.0
-50.0,50,262.149714,0.0
-50.0,50,263.097979,0.0
-50.0,50,264.088744,0.0
-50.0,50,265.007151,0.0
-50.0,50,265.898439,0.0
-50.0,50,266.834349,0.0
-50.0,50,273.644741,0.0
-50.0,50,274.530121,0.0
-50.0,50,275.466269,0.0
-50.0,50,276.382247,0.0
-50.0,50,277.300133,0.0
-50.0,50,278.186496,0.0
-50.0,50,279.077391,0.0
-50.0,50,279.977737,0.0
-50.0,50,280.876114,0.0
-50.0,50,281.827098,0.0
-50.0,50,288.609618,0.0
-50.0,50,289.54812,0.0
-50.0,50,290.504526,0.0
-50.0,50,291.435575,0.0
-50.0,50,292.408329,0.0
-50.0,50,293.322967,0.0
-50.0,50,295.165342,0.0
-50.0,50,296.08818,0.0
-50.0,50,297.03888,0.0
-50.0,50,297.947937,0.0
-50.0,50,304.764272,0.0
-50.0,50,305.697546,0.0
-50.0,50,306.640263,0.0
-50.0,50,307.549064,0.0
-50.0,50,308.448725,0.0
-50.0,50,309.400014,0.0
-50.0,50,310.314739,0.0
-50.0,50,311.224909,0.0
-50.0,50,312.183873,0.0
-50.0,50,313.1205,0.0
-50.0,50,314.056423,0.0
-50.0,50,320.824044,0.0
-50.0,50,321.762841,0.0
-50.0,50,322.884802,0.0
-50.0,50,323.930781,0.0
-50.0,50,324.867274,0.0
-50.0,50,325.801852,0.0
-50.0,50,326.778606,0.0
-50.0,50,327.699679,0.0
-50.0,50,328.647313,0.0
-50.0,50,329.568423,0.0
-50.0,50,337.271635,0.0
-50.0,50,338.204296,0.0
-50.0,50,339.363363,0.0
-50.0,50,340.339893,0.0
-50.0,50,341.270059,0.0
-50.0,50,342.159868,0.0
-50.0,50,343.216414,0.0
-50.0,50,344.237861,0.0
-50.0,50,345.181773,0.0
-50.0,50,346.111447,0.0
-50.0,50,352.969198,0.0
-50.0,50,353.877715,0.0
-50.0,50,354.810596,0.0
-50.0,50,355.78618,0.0
-50.0,50,356.720975,0.0
-50.0,50,357.644443,0.0
-50.0,50,358.544755,0.0
-50.0,50,359.512637,0.0
-50.0,50,360.431213,0.0
-50.0,50,361.35245,0.0
-50.0,50,368.104393,0.0
-50.0,50,369.108011,0.0
-50.0,50,370.080273,0.0
-50.0,50,371.349943,0.0
-50.0,50,372.314926,0.0
-50.0,50,374.31272,0.0
-50.0,50,375.263607,0.0
-50.0,50,376.26426,0.0
-50.0,50,377.172136,0.0
-50.0,50,378.121806,0.0
-50.0,50,379.090273,0.0
-50.0,50,385.867487,0.0
-50.0,50,387.025299,0.0
-50.0,50,388.010207,0.0
-50.0,50,388.995681,0.0
-50.0,50,390.165874,0.0
-50.0,50,391.19672,0.0
-50.0,50,392.108719,0.0
-50.0,50,393.078996,0.0
-50.0,50,394.076678,0.0
-50.0,50,395.007149,0.0
-50.0,50,401.750336,0.0
-50.0,50,402.693173,0.0
-50.0,50,403.61992,0.0
-50.0,50,404.609459,0.0
-50.0,50,405.645349,0.0
-50.0,50,406.562927,0.0
-50.0,50,407.525656,0.0
-50.0,50,408.46098,0.0
-50.0,50,409.385486,0.0
-50.0,50,411.179412,0.0
-50.0,50,417.954035,0.0
-50.0,50,418.889311,0.0
-50.0,50,419.868037,0.0
-50.0,50,420.804482,0.0
-50.0,50,421.731807,0.0
-50.0,50,422.660852,0.0
-50.0,50,423.722525,0.0
-50.0,50,424.730545,0.0
-50.0,50,425.696815,0.0
-50.0,50,426.617296,0.0
-50.0,50,433.392246,0.0
-50.0,50,434.313009,0.0
-50.0,50,435.245808,0.0
-50.0,50,436.186842,0.0
-50.0,50,437.132247,0.0
-50.0,50,438.054026,0.0
-50.0,50,438.974602,0.0
-50.0,50,439.897696,0.0
-50.0,50,440.844402,0.0
-50.0,50,441.813261,0.0
-50.0,50,442.749663,0.0
-50.0,50,449.521201,0.0
-50.0,50,450.453948,0.0
-50.0,50,451.384137,0.0
-50.0,50,453.225244,0.0
-50.0,50,454.188145,0.0
-50.0,50,455.127824,0.0
-50.0,50,456.025568,0.0
-50.0,50,456.947797,0.0
-50.0,50,458.098311,0.0
-50.0,50,459.215431,0.0
-50.0,50,466.008855,0.0
-50.0,50,466.960968,0.0
-50.0,50,467.880753,0.0
-50.0,50,468.766058,0.0
-50.0,50,469.70103,0.0
-50.0,50,470.592624,0.0
-50.0,50,471.689919,0.0
-50.0,50,472.595436,0.0
-50.0,50,473.50167,0.0
-50.0,50,474.431793,0.0
-50.0,50,481.254067,0.0
-50.0,50,482.214363,0.0
-50.0,50,483.119751,0.0
-50.0,50,484.096748,0.0
-50.0,50,485.118813,0.0
-50.0,50,486.078189,0.0
-50.0,50,487.058579,0.0
-50.0,50,488.0438,0.0
-50.0,50,489.951609,0.0
-50.0,50,490.911573,0.0
-50.0,50,497.662308,0.0
-50.0,50,498.62955,0.0
-50.0,50,499.627123,0.0
-50.0,50,500.553965,0.0
-50.0,50,501.505253,0.0
-50.0,50,502.465138,0.0
-50.0,50,503.488331,0.0
-50.0,50,504.465884,0.0
-50.0,50,505.602695,0.0
-50.0,50,506.585701,0.0
-50.0,50,507.835969,0.0
-50.0,50,514.718361,0.0
-50.0,50,515.608048,0.0
-50.0,50,516.503351,0.0
-50.0,50,517.407925,0.0
-50.0,50,518.337369,0.0
-50.0,50,519.254695,0.0
-50.0,50,520.236539,0.0
-50.0,50,521.132765,0.0
-50.0,50,522.026517,0.0
-50.0,50,522.98786,0.0
-50.0,50,529.787667,0.0
-50.0,50,530.671921,0.0
-50.0,50,532.466238,0.0
-50.0,50,533.376395,0.0
-50.0,50,534.257624,0.0
-50.0,50,535.180171,0.0
-50.0,50,536.102163,0.0
-50.0,50,536.992043,0.0
-50.0,50,537.946876,0.0
-50.0,50,538.894434,0.0
-50.0,50,545.66685,0.0
-50.0,50,546.550524,0.0
-50.0,50,547.416551,0.0
-50.0,50,548.29404,0.0
-50.0,50,549.238888,0.0
-50.0,50,550.245115,0.0
-50.0,50,551.235105,0.0
-50.0,50,552.139037,0.0
-50.0,50,553.086444,0.0
-50.0,50,554.11534,0.0
-50.0,50,560.913501,0.0
-50.0,50,561.79698,0.0
-50.0,50,562.678743,0.0
-50.0,50,563.589828,0.0
-50.0,50,564.51291,0.0
-50.0,50,565.394858,0.0
-50.0,50,566.312684,0.0
-50.0,50,568.067006,0.0
-50.0,50,568.969879,0.0
-50.0,50,569.904685,0.0
-50.0,50,570.811617,0.0
-50.0,50,577.634091,0.0
-50.0,50,578.547959,0.0
-50.0,50,579.439778,0.0
-50.0,50,580.358203,0.0
-50.0,50,581.297183,0.0
-50.0,50,582.195605,0.0
-50.0,50,583.104994,0.0
-50.0,50,584.04756,0.0
-50.0,50,584.952622,0.0
-50.0,50,586.049556,0.0
-50.0,50,592.91578,0.0
-50.0,50,593.791382,0.0
-50.0,50,594.685793,0.0
-50.0,50,595.617454,0.0
-50.0,50,596.504724,0.0
-50.0,50,597.411091,0.0
-50.0,50,598.356857,0.0
-50.0,50,599.268799,0.0
-50.0,50,600.161901,0.0
-50.0,50,601.049522,0.0
-50.0,50,607.819459,0.0
-50.0,50,609.571583,0.0
-50.0,50,610.458005,0.0
-50.0,50,611.352837,0.0
-50.0,50,612.313213,0.0
-50.0,50,613.209009,0.0
-50.0,50,614.154014,0.0
-50.0,50,615.062969,0.0
-50.0,50,615.96428,0.0
-50.0,50,616.911014,0.0
-50.0,50,623.670728,0.0
-50.0,50,624.576367,0.0
-50.0,50,625.47823,0.0
-50.0,50,626.393757,0.0
-50.0,50,627.317867,0.0
-50.0,50,628.407847,0.0
-50.0,50,629.324145,0.0
-50.0,50,630.256075,0.0
-50.0,50,631.139853,0.0
-50.0,50,632.033027,0.0
-50.0,50,632.925314,0.0
-50.0,50,639.696651,0.0
-50.0,50,640.591031,0.0
-50.0,50,641.759865,0.0
-50.0,50,642.756262,0.0
-50.0,50,643.743402,0.0
-50.0,50,645.629822,0.0
-50.0,50,646.574697,0.0
-50.0,50,647.462582,0.0
-50.0,50,648.431873,0.0
-50.0,50,649.328943,0.0
-50.0,50,656.188035,0.0
-50.0,50,657.087275,0.0
-50.0,50,657.980031,0.0
-50.0,50,658.856049,0.0
-50.0,50,659.732905,0.0
-50.0,50,660.766974,0.0
-50.0,50,661.779897,0.0
-50.0,50,662.666802,0.0
-50.0,50,663.556019,0.0
-50.0,50,664.458375,0.0
-50.0,50,671.275635,0.0
-50.0,50,672.180402,0.0
-50.0,50,673.04818,0.0
-50.0,50,673.964818,0.0
-50.0,50,674.856066,0.0
-50.0,50,675.748842,0.0
-50.0,50,676.651133,0.0
-50.0,50,677.561059,0.0
-50.0,50,678.492969,0.0
-50.0,50,679.414331,0.0
-50.0,50,687.019782,0.0
-50.0,50,687.970043,0.0
-50.0,50,688.863461,0.0
-50.0,50,689.776221,0.0
-50.0,50,690.669536,0.0
-50.0,50,691.608748,0.0
-50.0,50,692.556185,0.0
-50.0,50,693.634097,0.0
-50.0,50,694.594029,0.0
-50.0,50,695.515713,0.0
-50.0,50,702.290352,0.0
-50.0,50,703.189059,0.0
-50.0,50,704.070015,0.0
-50.0,50,704.940126,0.0
-50.0,50,705.86729,0.0
-50.0,50,706.74514,0.0
-50.0,50,707.636014,0.0
-50.0,50,708.495629,0.0
-50.0,50,709.389926,0.0
-50.0,50,710.305808,0.0
-50.0,50,711.176568,0.0
-50.0,50,717.894769,0.0
-50.0,50,718.782993,0.0
-50.0,50,719.978051,0.0
-50.0,50,720.913445,0.0
-50.0,50,722.889744,0.0
-50.0,50,723.766,0.0
-50.0,50,724.648672,0.0
-50.0,50,725.546824,0.0
-50.0,50,726.468005,0.0
-50.0,50,727.323032,0.0
-50.0,50,734.070852,0.0
-50.0,50,734.947201,0.0
-50.0,50,735.827961,0.0
-50.0,50,736.690758,0.0
-50.0,50,737.563581,0.0
-50.0,50,738.46877,0.0
-50.0,50,739.536416,0.0
-50.0,50,740.441243,0.0
-50.0,50,741.284392,0.0
-50.0,50,742.181212,0.0
-50.0,50,748.967883,0.0
-50.0,50,749.853606,0.0
-50.0,50,750.746655,0.0
-50.0,50,751.638812,0.0
-50.0,50,752.518005,0.0
-50.0,50,753.42271,0.0
-50.0,50,754.515306,0.0
-50.0,50,755.482504,0.0
-50.0,50,756.384038,0.0
-50.0,50,758.197062,0.0
-50.0,50,764.929295,0.0
-50.0,50,765.816792,0.0
-50.0,50,766.685922,0.0
-50.0,50,767.562936,0.0
-50.0,50,768.427726,0.0
-50.0,50,769.310757,0.0
-50.0,50,770.220165,0.0
-50.0,50,771.105724,0.0
-50.0,50,771.986733,0.0
-50.0,50,772.914664,0.0
-50.0,50,773.796633,0.0
-50.0,50,780.571346,0.0
-50.0,50,781.471375,0.0
-50.0,50,782.358154,0.0
-50.0,50,783.231143,0.0
-50.0,50,784.09867,0.0
-50.0,50,784.990043,0.0
-50.0,50,785.907443,0.0
-50.0,50,786.794714,0.0
-50.0,50,787.720292,0.0
-50.0,50,788.608823,0.0
-50.0,50,795.357304,0.0
-50.0,50,796.246169,0.0
-50.0,50,797.133221,0.0
-50.0,50,798.873274,0.0
-50.0,50,799.782061,0.0
-50.0,50,800.648319,0.0
-50.0,50,801.526372,0.0
-50.0,50,802.399019,0.0
-50.0,50,803.301085,0.0
-50.0,50,804.189141,0.0
-50.0,50,810.904981,0.0
-50.0,50,811.78604,0.0
-50.0,50,812.67648,0.0
-50.0,50,813.5911,0.0
-50.0,50,814.469085,0.0
-50.0,50,815.368015,0.0
-50.0,50,816.255764,0.0
-50.0,50,817.241957,0.0
-50.0,50,818.183608,0.0
-50.0,50,819.107112,0.0
-50.0,50,825.846364,0.0
-50.0,50,827.004503,0.0
-50.0,50,827.955408,0.0
-50.0,50,828.830369,0.0
-50.0,50,829.732859,0.0
-50.0,50,830.618269,0.0
-50.0,50,831.750688,0.0
-50.0,50,832.711921,0.0
-50.0,50,834.850673,0.0
-50.0,50,835.730397,0.0
-50.0,50,836.608684,0.0
-50.0,50,843.378704,0.0
-50.0,50,844.268753,0.0
-50.0,50,845.198741,0.0
-50.0,50,846.10635,0.0
-50.0,50,846.999826,0.0
-50.0,50,847.904784,0.0
-50.0,50,848.8222,0.0
-50.0,50,849.727904,0.0
-50.0,50,850.623121,0.0
-50.0,50,851.505992,0.0
-50.0,50,858.293565,0.0
-50.0,50,859.203283,0.0
-50.0,50,860.095015,0.0
-50.0,50,860.981154,0.0
-50.0,50,861.900666,0.0
-50.0,50,862.818443,0.0
-50.0,50,863.750453,0.0
-50.0,50,864.612366,0.0
-50.0,50,865.496468,0.0
-50.0,50,866.364388,0.0
-50.0,50,873.091248,0.0
-50.0,50,873.99226,0.0
-50.0,50,875.741648,0.0
-50.0,50,876.612414,0.0
-50.0,50,877.605016,0.0
-50.0,50,878.533513,0.0
-50.0,50,879.438506,0.0
-50.0,50,880.334134,0.0
-50.0,50,881.216505,0.0
-50.0,50,882.074396,0.0
-50.0,50,888.767985,0.0
-50.0,50,889.71209,0.0
-50.0,50,890.635029,0.0
-50.0,50,891.535319,0.0
-50.0,50,892.465588,0.0
-50.0,50,893.615255,0.0
-50.0,50,894.559201,0.0
-50.0,50,895.469689,0.0
-50.0,50,896.366022,0.0
-50.0,50,897.241713,0.0
-50.0,50,898.140351,0.0
-50.0,50,905.068166,0.0
-50.0,50,906.012577,0.0
-50.0,50,906.90475,0.0
-50.0,50,907.855425,0.0
-50.0,50,908.744741,0.0
-50.0,50,909.615522,0.0
-50.0,50,911.431673,0.0
-50.0,50,912.405514,0.0
-50.0,50,913.316946,0.0
-50.0,50,914.221102,0.0
-50.0,50,921.063935,0.0
-50.0,50,921.947275,0.0
-50.0,50,922.863079,0.0
-50.0,50,923.761107,0.0
-50.0,50,924.676392,0.0
-50.0,50,925.557866,0.0
-50.0,50,926.469744,0.0
-50.0,50,927.365048,0.0
-50.0,50,928.237474,0.0
-50.0,50,929.200533,0.0
-50.0,50,936.025704,0.0
-50.0,50,937.08636,0.0
-50.0,50,938.029795,0.0
-50.0,50,938.923044,0.0
-50.0,50,939.832842,0.0
-50.0,50,940.725481,0.0
-50.0,50,941.708292,0.0
-50.0,50,942.648953,0.0
-50.0,50,943.690247,0.0
-50.0,50,944.672863,0.0
-50.0,50,951.455501,0.0
-50.0,50,953.226855,0.0
-50.0,50,954.084034,0.0
-50.0,50,954.970285,0.0
-50.0,50,955.849599,0.0
-50.0,50,956.740183,0.0
-50.0,50,957.651418,0.0
-50.0,50,958.553467,0.0
-50.0,50,959.425219,0.0
-50.0,50,960.360763,0.0
-50.0,50,961.305543,0.0
-50.0,50,968.124288,0.0
-50.0,50,969.099314,0.0
-50.0,50,969.982702,0.0
-50.0,50,970.851422,0.0
-50.0,50,971.793956,0.0
-50.0,50,972.718004,0.0
-50.0,50,973.608621,0.0
-50.0,50,974.609225,0.0
-50.0,50,975.545421,0.0
-50.0,50,976.457942,0.0
-50.0,50,983.253003,0.0
-50.0,50,984.146259,0.0
-50.0,50,985.036611,0.0
-50.0,50,985.996673,0.0
-50.0,50,986.949566,0.0
-50.0,50,988.698251,0.0
-50.0,50,989.579842,0.0
-50.0,50,990.454283,0.0
-50.0,50,991.335711,0.0
-50.0,50,992.201596,0.0
-50.0,50,998.955164,0.0
-50.0,50,999.961208,0.0
-50.0,50,1000.854693,0.0
-50.0,50,1001.764694,0.0
-50.0,50,1002.630838,0.0
-50.0,50,1003.53225,0.0
-50.0,50,1004.449971,0.0
-50.0,50,1005.37019,0.0
-50.0,50,1006.290438,0.0
-50.0,50,1007.194631,0.0
-50.0,50,1013.908663,0.0
-50.0,50,1014.788869,0.0
-50.0,50,1015.713545,0.0
-50.0,50,1016.601865,0.0
-50.0,50,1017.510267,0.0
-50.0,50,1018.471966,0.0
-50.0,50,1019.390327,0.0
-50.0,50,1020.298808,0.0
-50.0,50,1021.216589,0.0
-50.0,50,1022.141066,0.0
-50.0,50,1023.903385,0.0
-50.0,50,1030.719168,0.0
-50.0,50,1031.64829,0.0
-50.0,50,1032.580285,0.0
-50.0,50,1033.559869,0.0
-50.0,50,1034.461334,0.0
-50.0,50,1035.416116,0.0
-50.0,50,1036.383249,0.0
-50.0,50,1037.375826,0.0
-50.0,50,1038.495694,0.0
-50.0,50,1039.494028,0.0
-50.0,50,1046.339564,0.0
-50.0,50,1047.558877,0.0
-50.0,50,1048.533703,0.0
-50.0,50,1049.467329,0.0
-50.0,50,1050.379067,0.0
-50.0,50,1051.301547,0.0
-50.0,50,1052.208338,0.0
-50.0,50,1053.129807,0.0
-50.0,50,1054.031779,0.0
-50.0,50,1054.92877,0.0
-50.0,50,1061.778238,0.0
-50.0,50,1062.71026,0.0
-50.0,50,1063.630985,0.0
-50.0,50,1064.822389,0.0
-50.0,50,1066.812916,0.0
-50.0,50,1067.793277,0.0
-50.0,50,1069.034124,0.0
-50.0,50,1070.083262,0.0
-50.0,50,1071.054226,0.0
-50.0,50,1072.011385,0.0
-50.0,50,1078.833906,0.0
-50.0,50,1079.820261,0.0
-50.0,50,1080.834242,0.0
-50.0,50,1081.756027,0.0
-50.0,50,1082.708261,0.0
-50.0,50,1083.682801,0.0
-50.0,50,1084.647564,0.0
-50.0,50,1085.872825,0.0
-50.0,50,1086.855532,0.0
-50.0,50,1088.127439,0.0
-50.0,50,1094.937115,0.0
-50.0,50,1095.843213,0.0
-50.0,50,1096.790612,0.0
-50.0,50,1097.756921,0.0
-50.0,50,1098.703442,0.0
-50.0,50,1099.711193,0.0
-50.0,50,1100.765129,0.0
-50.0,50,1101.778549,0.0
-50.0,50,1102.807872,0.0
-50.0,50,1104.827001,0.0
-50.0,50,1105.765683,0.0
-50.0,50,1112.561754,0.0
-50.0,50,1113.503529,0.0
-50.0,50,1114.425232,0.0
-50.0,50,1115.360412,0.0
-50.0,50,1116.301593,0.0
-50.0,50,1117.241149,0.0
-50.0,50,1118.310807,0.0
-50.0,50,1119.236236,0.0
-50.0,50,1120.150064,0.0
-50.0,50,1121.099334,0.0
-50.0,50,1128.098301,0.0
-50.0,50,1129.037564,0.0
-50.0,50,1129.982855,0.0
-50.0,50,1130.97286,0.0
-50.0,50,1131.917452,0.0
-50.0,50,1132.882914,0.0
-50.0,50,1133.81747,0.0
-50.0,50,1134.82582,0.0
-50.0,50,1135.907868,0.0
-50.0,50,1136.866478,0.0
-50.0,50,1143.733145,0.0
-50.0,50,1144.639482,0.0
-50.0,50,1145.632841,0.0
-50.0,50,1147.487805,0.0
-50.0,50,1148.408144,0.0
-50.0,50,1149.30852,0.0
-50.0,50,1150.273469,0.0
-50.0,50,1151.257728,0.0
-50.0,50,1152.248485,0.0
-50.0,50,1153.160458,0.0
-50.0,50,1159.968394,0.0
-50.0,50,1160.936636,0.0
-50.0,50,1162.080783,0.0
-50.0,50,1163.020834,0.0
-50.0,50,1163.940686,0.0
-50.0,50,1164.902104,0.0
-50.0,50,1165.837407,0.0
-50.0,50,1166.750863,0.0
-50.0,50,1167.682383,0.0
-50.0,50,1168.614207,0.0
-50.0,50,1169.572307,0.0
-50.0,50,1176.407019,0.0
-50.0,50,1177.443992,0.0
-50.0,50,1178.373473,0.0
-50.0,50,1179.321845,0.0
-50.0,50,1180.250877,0.0
-50.0,50,1181.208351,0.0
-50.0,50,1182.123147,0.0
-50.0,50,1183.945633,0.0
-50.0,50,1184.850443,0.0
-50.0,50,1185.760263,0.0
-50.0,50,1192.630708,0.0
-50.0,50,1193.677743,0.0
-50.0,50,1194.581997,0.0
-50.0,50,1195.547816,0.0
-50.0,50,1196.46717,0.0
-50.0,50,1197.688,0.0
-50.0,50,1198.751819,0.0
-50.0,50,1199.817483,0.0
-50.0,50,1200.759002,0.0
-50.0,50,1201.645577,0.0
-50.0,50,1208.570647,0.0
-50.0,50,1209.487229,0.0
-50.0,50,1210.430647,0.0
-50.0,50,1211.428646,0.0
-50.0,50,1212.522156,0.0
-50.0,50,1213.519998,0.0
-50.0,50,1214.43615,0.0
-50.0,50,1215.518414,0.0
-50.0,50,1216.469611,0.0
-50.0,50,1217.396614,0.0
-50.0,50,1224.257294,0.0
-50.0,50,1225.212873,0.0
-50.0,50,1227.175128,0.0
-50.0,50,1228.166759,0.0
-50.0,50,1229.214223,0.0
-50.0,50,1230.205417,0.0
-50.0,50,1231.244769,0.0
-50.0,50,1232.163919,0.0
-50.0,50,1233.059349,0.0
-50.0,50,1233.994505,0.0
-50.0,50,1234.891464,0.0
-50.0,50,1241.864276,0.0
-50.0,50,1242.798718,0.0
-50.0,50,1243.749987,0.0
-50.0,50,1244.743698,0.0
-50.0,50,1245.707646,0.0
-50.0,50,1246.762605,0.0
-50.0,50,1247.787791,0.0
-50.0,50,1248.720512,0.0
-50.0,50,1249.692047,0.0
-50.0,50,1250.661608,0.0
-50.0,50,1257.559353,0.0
-50.0,50,1258.531843,0.0
-50.0,50,1259.551675,0.0
-50.0,50,1260.634899,0.0
-50.0,50,1261.650664,0.0
-50.0,50,1262.573876,0.0
-50.0,50,1264.50379,0.0
-50.0,50,1265.452191,0.0
-50.0,50,1266.355098,0.0
-50.0,50,1267.290364,0.0
-50.0,50,1274.367683,0.0
-50.0,50,1275.448514,0.0
-50.0,50,1276.54597,0.0
-50.0,50,1277.43296,0.0
-50.0,50,1278.396123,0.0
-50.0,50,1279.29754,0.0
-50.0,50,1280.227844,0.0
-50.0,50,1281.172393,0.0
-50.0,50,1282.095904,0.0
-50.0,50,1282.996747,0.0
-50.0,50,1289.790177,0.0
-50.0,50,1290.69679,0.0
-50.0,50,1291.624353,0.0
-50.0,50,1292.531742,0.0
-50.0,50,1293.426448,0.0
-50.0,50,1294.600757,0.0
-50.0,50,1295.952007,0.0
-50.0,50,1296.851848,0.0
-50.0,50,1297.722195,0.0
-50.0,50,1298.664552,0.0
-50.0,50,1299.637354,0.0
-50.0,50,1307.454175,0.0
-50.0,50,1308.381949,0.0
-50.0,50,1309.254364,0.0
-50.0,50,1310.118437,0.0
-50.0,50,1311.087458,0.0
-50.0,50,1312.025952,0.0
-50.0,50,1312.967731,0.0
-50.0,50,1313.892706,0.0
-50.0,50,1314.841786,0.0
-50.0,50,1315.812294,0.0
-50.0,50,1322.592447,0.0
-50.0,50,1323.547781,0.0
-50.0,50,1324.415497,0.0
-50.0,50,1325.363879,0.0
-50.0,50,1326.293495,0.0
-50.0,50,1327.255127,0.0
-50.0,50,1328.16496,0.0
-50.0,50,1329.082444,0.0
-50.0,50,1330.00951,0.0
-50.0,50,1331.001846,0.0
-50.0,50,1337.836702,0.0
-50.0,50,1338.815546,0.0
-50.0,50,1339.827315,0.0
-50.0,50,1340.775271,0.0
-50.0,50,1341.739809,0.0
-50.0,50,1343.724511,0.0
-50.0,50,1344.693617,0.0
-50.0,50,1345.635402,0.0
-50.0,50,1346.576617,0.0
-50.0,50,1347.546908,0.0
-50.0,50,1354.364897,0.0
-50.0,50,1355.284368,0.0
-50.0,50,1356.201943,0.0
-50.0,50,1357.12408,0.0
-50.0,50,1358.067047,0.0
-50.0,50,1358.976693,0.0
-50.0,50,1359.895926,0.0
-50.0,50,1360.873732,0.0
-50.0,50,1361.793721,0.0
-50.0,50,1362.742297,0.0
-50.0,50,1363.669461,0.0
-50.0,50,1370.565596,0.0
-50.0,50,1371.475798,0.0
-50.0,50,1372.426439,0.0
-50.0,50,1373.31451,0.0
-50.0,50,1374.219951,0.0
-50.0,50,1375.129221,0.0
-50.0,50,1376.154128,0.0
-50.0,50,1377.070622,0.0
-50.0,50,1377.970703,0.0
-50.0,50,1379.738415,0.0
-50.0,50,1386.607338,0.0
-50.0,50,1387.50205,0.0
-50.0,50,1388.47545,0.0
-50.0,50,1389.426162,0.0
-50.0,50,1390.329378,0.0
-50.0,50,1391.274439,0.0
-50.0,50,1392.259933,0.0
-50.0,50,1393.228277,0.0
-50.0,50,1394.200731,0.0
-50.0,50,1395.096248,0.0
-50.0,50,1401.828298,0.0
-50.0,50,1402.783694,0.0
-50.0,50,1403.707877,0.0
-50.0,50,1404.542312,0.0
-50.0,50,1405.489902,0.0
-50.0,50,1406.40697,0.0
-50.0,50,1407.323144,0.0
-50.0,50,1408.263632,0.0
-50.0,50,1409.140892,0.0
-50.0,50,1410.052374,0.0
-50.0,50,1416.862236,0.0
-50.0,50,1417.926596,0.0
-50.0,50,1418.874743,0.0
-50.0,50,1419.75186,0.0
-50.0,50,1422.049819,0.0
-50.0,50,1423.059285,0.0
-50.0,50,1424.029534,0.0
-50.0,50,1425.146733,0.0
-50.0,50,1426.191665,0.0
-50.0,50,1427.087394,0.0
-50.0,50,1427.995146,0.0
-50.0,50,1434.763486,0.0
-50.0,50,1435.741449,0.0
-50.0,50,1436.687088,0.0
-50.0,50,1437.615025,0.0
-50.0,50,1438.58038,0.0
-50.0,50,1439.5182,0.0
-50.0,50,1440.521497,0.0
-50.0,50,1441.480293,0.0
-50.0,50,1442.56734,0.0
-50.0,50,1443.64876,0.0
-50.0,50,1450.623476,0.0
-50.0,50,1451.559558,0.0
-50.0,50,1452.465117,0.0
-50.0,50,1453.388794,0.0
-50.0,50,1454.36566,0.0
-50.0,50,1455.38206,0.0
-50.0,50,1456.336479,0.0
-50.0,50,1457.324681,0.0
-50.0,50,1459.538618,0.0
-50.0,50,1460.809818,0.0
-50.0,50,1467.594886,0.0
-50.0,50,1468.531745,0.0
-50.0,50,1469.436174,0.0
-50.0,50,1470.375064,0.0
-50.0,50,1471.336902,0.0
-50.0,50,1472.325548,0.0
-50.0,50,1473.32314,0.0
-50.0,50,1474.374343,0.0
-50.0,50,1475.549048,0.0
-50.0,50,1476.438389,0.0
-50.0,50,1483.369194,0.0
-50.0,50,1484.333921,0.0
-50.0,50,1485.309308,0.0
-50.0,50,1486.287188,0.0
-50.0,50,1487.212418,0.0
-50.0,50,1488.179374,0.0
-50.0,50,1489.101031,0.0
-50.0,50,1490.205761,0.0
-50.0,50,1491.209004,0.0
-50.0,50,1492.281098,0.0
-50.0,50,1499.550089,0.0
-50.0,50,1500.609831,0.0
-50.0,50,1501.76882,0.0
-50.0,50,1503.721138,0.0
-50.0,50,1504.729789,0.0
-50.0,50,1505.730918,0.0
-50.0,50,1506.731523,0.0
-50.0,50,1507.644943,0.0
-50.0,50,1508.809534,0.0
-50.0,50,1510.05979,0.0
-50.0,50,1511.08512,0.0
-50.0,50,1517.96174,0.0
-50.0,50,1518.981776,0.0
-50.0,50,1520.008945,0.0
-50.0,50,1521.128563,0.0
-50.0,50,1522.415671,0.0
-50.0,50,1523.434439,0.0
-50.0,50,1524.380774,0.0
-50.0,50,1525.284073,0.0
-50.0,50,1526.250651,0.0
-50.0,50,1527.238469,0.0
-50.0,50,1534.309733,0.0
-50.0,50,1535.304235,0.0
-50.0,50,1536.4042,0.0
-50.0,50,1537.881524,0.0
-50.0,50,1538.954082,0.0
-50.0,50,1539.967928,0.0
-50.0,50,1540.945405,0.0
-50.0,50,1542.832206,0.0
-50.0,50,1543.76545,0.0
-50.0,50,1544.751379,0.0
-50.0,50,1551.603983,0.0
-50.0,50,1552.487709,0.0
-50.0,50,1553.451385,0.0
-50.0,50,1554.392381,0.0
-50.0,50,1555.295355,0.0
-50.0,50,1556.239285,0.0
-50.0,50,1557.187725,0.0
-50.0,50,1558.105265,0.0
-50.0,50,1559.024347,0.0
-50.0,50,1559.947814,0.0
-50.0,50,1566.772734,0.0
-50.0,50,1567.763533,0.0
-50.0,50,1568.705932,0.0
-50.0,50,1569.748353,0.0
-50.0,50,1570.760968,0.0
-50.0,50,1571.702086,0.0
-50.0,50,1572.685828,0.0
-50.0,50,1573.598665,0.0
-50.0,50,1574.55994,0.0
-50.0,50,1575.553393,0.0
-50.0,50,1576.496339,0.0
-50.0,50,1583.277384,0.0
-50.0,50,1585.197074,0.0
-50.0,50,1586.112797,0.0
-50.0,50,1587.08204,0.0
-50.0,50,1588.235991,0.0
-50.0,50,1589.264945,0.0
-50.0,50,1590.229538,0.0
-50.0,50,1591.241226,0.0
-50.0,50,1592.233208,0.0
-50.0,50,1593.194262,0.0
-50.0,50,1600.036516,0.0
-50.0,50,1600.996778,0.0
-50.0,50,1601.997854,0.0
-50.0,50,1602.907217,0.0
-50.0,50,1603.799372,0.0
-50.0,50,1604.733861,0.0
-50.0,50,1605.690765,0.0
-50.0,50,1606.628954,0.0
-50.0,50,1607.676451,0.0
-50.0,50,1608.726853,0.0
-50.0,50,1615.656723,0.0
-50.0,50,1616.66162,0.0
-50.0,50,1617.702692,0.0
-50.0,50,1618.746646,0.0
-50.0,50,1619.720497,0.0
-1.0,2,1619.757249,1.0
-50.0,50,1620.681429,0.0
-50.0,50,1622.576495,0.0
-50.0,50,1623.565349,0.0
-50.0,50,1624.466823,0.0
-50.0,50,1625.738021,0.0
-50.0,50,1632.878484,0.0
-50.0,50,1634.323306,0.0
-50.0,50,1635.3888,0.0
-50.0,50,1636.331974,0.0
-50.0,50,1637.283286,0.0
-50.0,50,1638.430167,0.0
-50.0,50,1639.474001,0.0
-50.0,50,1640.487033,0.0
-50.0,50,1641.374173,0.0
-50.0,50,1642.326169,0.0
-50.0,50,1643.330588,0.0
-50.0,50,1650.298565,0.0
-50.0,50,1651.232902,0.0
-50.0,50,1652.359517,0.0
-50.0,50,1653.326107,0.0
-50.0,50,1654.281054,0.0
-50.0,50,1655.292061,0.0
-50.0,50,1656.221561,0.0
-50.0,50,1657.135198,0.0
-50.0,50,1658.08098,0.0
-50.0,50,1659.01937,0.0
-50.0,50,1666.62564,0.0
-50.0,50,1667.533619,0.0
-50.0,50,1668.484313,0.0
-50.0,50,1669.477686,0.0
-50.0,50,1670.64814,0.0
-50.0,50,1671.720059,0.0
-50.0,50,1672.624308,0.0
-50.0,50,1673.618304,0.0
-50.0,50,1674.526387,0.0
-50.0,50,1675.435934,0.0
-50.0,50,1682.266406,0.0
-50.0,50,1683.312614,0.0
-50.0,50,1684.485522,0.0
-50.0,50,1685.452618,0.0
-50.0,50,1686.414637,0.0
-50.0,50,1687.321947,0.0
-50.0,50,1688.272298,0.0
-50.0,50,1689.217122,0.0
-50.0,50,1690.11985,0.0
-50.0,50,1691.035515,0.0
-50.0,50,1697.884966,0.0
-50.0,50,1698.798595,0.0
-50.0,50,1699.74991,0.0
-50.0,50,1700.700131,0.0
-50.0,50,1701.828237,0.0
-50.0,50,1703.825997,0.0
-50.0,50,1704.788295,0.0
-50.0,50,1705.788069,0.0
-50.0,50,1706.80292,0.0
-50.0,50,1707.773839,0.0
-50.0,50,1708.681927,0.0
-50.0,50,1715.551934,0.0
-50.0,50,1716.533656,0.0
-50.0,50,1717.489443,0.0
-50.0,50,1718.429168,0.0
-50.0,50,1719.405991,0.0
-50.0,50,1720.391381,0.0
-50.0,50,1721.336255,0.0
-50.0,50,1722.590814,0.0
-50.0,50,1723.678962,0.0
-50.0,50,1724.679858,0.0
-50.0,50,1731.452287,0.0
-50.0,50,1732.436743,0.0
-50.0,50,1733.419114,0.0
-50.0,50,1734.356983,0.0
-50.0,50,1735.276198,0.0
-50.0,50,1736.237753,0.0
-50.0,50,1737.151487,0.0
-50.0,50,1738.080744,0.0
-50.0,50,1739.040803,0.0
-50.0,50,1740.855963,0.0
-50.0,50,1747.653144,0.0
-50.0,50,1748.650071,0.0
-50.0,50,1749.666914,0.0
-50.0,50,1750.589067,0.0
-50.0,50,1751.558198,0.0
-50.0,50,1752.692015,0.0
-50.0,50,1753.697227,0.0
-50.0,50,1754.645825,0.0
-50.0,50,1755.690678,0.0
-50.0,50,1756.668086,0.0
-50.0,50,1763.465776,0.0
-50.0,50,1764.423233,0.0
-50.0,50,1765.418809,0.0
-50.0,50,1766.448337,0.0
-50.0,50,1767.414286,0.0
-50.0,50,1768.48852,0.0
-50.0,50,1769.430677,0.0
-50.0,50,1770.331853,0.0
-50.0,50,1771.344966,0.0
-50.0,50,1772.286469,0.0
-50.0,50,1773.271763,0.0
-50.0,50,1780.074894,0.0
-50.0,50,1781.020004,0.0
-50.0,50,1781.968639,0.0
-50.0,50,1783.875845,0.0
-50.0,50,1784.865934,0.0
-50.0,50,1785.855827,0.0
-50.0,50,1786.78478,0.0
-50.0,50,1787.973071,0.0
-50.0,50,1788.896426,0.0
-50.0,50,1789.886933,0.0
-50.0,50,1796.686059,0.0
-50.0,50,1797.726422,0.0
-50.0,50,1798.783952,0.0
-50.0,50,1799.758598,0.0
-50.0,50,1800.700191,0.0
-50.0,50,1801.678254,0.0
-50.0,50,1802.61192,0.0
-50.0,50,1803.553909,0.0
-50.0,50,1804.519363,0.0
-50.0,50,1805.564853,0.0
-50.0,50,1812.452096,0.0
-50.0,50,1813.382211,0.0
-50.0,50,1814.285517,0.0
-50.0,50,1815.223619,0.0
-50.0,50,1816.134467,0.0
-50.0,50,1817.0544,0.0
-50.0,50,1817.978432,0.0
-50.0,50,1818.861423,0.0
-50.0,50,1820.527189,0.0
-46.0,47,1821.395221,1.0
-50.0,50,1828.15298,0.0
-50.0,50,1829.090291,0.0
-50.0,50,1830.025455,0.0
-50.0,50,1830.953126,0.0
-50.0,50,1832.023462,0.0
-50.0,50,1833.154776,0.0
-50.0,50,1834.070452,0.0
-50.0,50,1834.998132,0.0
-50.0,50,1835.904858,0.0
-50.0,50,1836.924986,0.0
-50.0,50,1837.984205,0.0
-50.0,50,1844.846501,0.0
-50.0,50,1845.833776,0.0
-50.0,50,1846.742214,0.0
-50.0,50,1847.715802,0.0
-50.0,50,1848.684242,0.0
-50.0,50,1849.569382,0.0
-50.0,50,1850.497725,0.0
-50.0,50,1851.894716,0.0
-50.0,50,1853.057845,0.0
-50.0,50,1853.937737,0.0
-50.0,50,1860.714479,0.0
-50.0,50,1861.655385,0.0
-50.0,50,1863.355032,0.0
-50.0,50,1864.223542,0.0
-50.0,50,1865.119952,0.0
-50.0,50,1866.008486,0.0
-50.0,50,1866.923064,0.0
-50.0,50,1867.79472,0.0
-50.0,50,1868.695127,0.0
-50.0,50,1869.608998,0.0
-50.0,50,1876.396933,0.0
-50.0,50,1877.356052,0.0
-50.0,50,1878.287608,0.0
-50.0,50,1879.172326,0.0
-50.0,50,1880.179863,0.0
-50.0,50,1881.080595,0.0
-50.0,50,1882.042226,0.0
-50.0,50,1882.938577,0.0
-50.0,50,1883.836132,0.0
-50.0,50,1884.761488,0.0
-50.0,50,1891.57838,0.0
-50.0,50,1892.490758,0.0
-50.0,50,1893.416913,0.0
-50.0,50,1894.288029,0.0
-50.0,50,1895.252784,0.0
-50.0,50,1896.274927,0.0
-50.0,50,1897.200313,0.0
-50.0,50,1899.03687,0.0
-50.0,50,1900.096689,0.0
-50.0,50,1901.396319,0.0
-50.0,50,1908.205865,0.0
-50.0,50,1909.145431,0.0
-50.0,50,1910.091469,0.0
-50.0,50,1911.062793,0.0
-50.0,50,1912.076377,0.0
-50.0,50,1912.999557,0.0
-50.0,50,1913.955615,0.0
-50.0,50,1914.917314,0.0
-50.0,50,1915.824854,0.0
-50.0,50,1916.761039,0.0
-50.0,50,1917.67898,0.0
-50.0,50,1924.57553,0.0
-50.0,50,1925.627641,0.0
-50.0,50,1926.582413,0.0
-50.0,50,1927.561556,0.0
-50.0,50,1928.472371,0.0
-50.0,50,1929.343523,0.0
-50.0,50,1930.281568,0.0
-50.0,50,1931.21908,0.0
-50.0,50,1932.184242,0.0
-50.0,50,1933.217638,0.0
-50.0,50,1936.845031,0.0
-50.0,50,1938.560038,0.0
-50.0,50,1939.468347,0.0
-50.0,50,1940.414464,0.0
-50.0,50,1941.328936,0.0
-50.0,50,1942.268851,0.0
-50.0,50,1943.220131,0.0
-50.0,50,1944.196506,0.0
-50.0,50,1945.11407,0.0
-50.0,50,1946.016833,0.0
-50.0,50,1949.441846,0.0
-50.0,50,1950.398293,0.0
-50.0,50,1951.353559,0.0
-50.0,50,1952.29583,0.0
-50.0,50,1953.395995,0.0
-50.0,50,1954.362998,0.0
-50.0,50,1955.321709,0.0
-50.0,50,1956.260956,0.0
-50.0,50,1957.186081,0.0
-50.0,50,1958.097452,0.0
-50.0,50,1961.711442,0.0
-50.0,50,1962.592615,0.0
-50.0,50,1963.508605,0.0
-50.0,50,1964.430252,0.0
-50.0,50,1965.362108,0.0
-50.0,50,1966.247708,0.0
-50.0,50,1967.992578,0.0
-50.0,50,1968.904619,0.0
-50.0,50,1969.842283,0.0
-50.0,50,1970.696517,0.0
-50.0,50,1971.983928,0.0
-50.0,50,1978.815399,0.0
-50.0,50,1979.77753,0.0
-50.0,50,1980.945698,0.0
-50.0,50,1981.933304,0.0
-50.0,50,1982.862453,0.0
-50.0,50,1983.767909,0.0
-50.0,50,1984.68266,0.0
-50.0,50,1985.601595,0.0
-50.0,50,1986.447149,0.0
-50.0,50,1987.438062,0.0
-50.0,50,1994.220729,0.0
-50.0,50,1995.15018,0.0
-50.0,50,1996.024838,0.0
-50.0,50,1996.946748,0.0
-50.0,50,1997.818273,0.0
-50.0,50,1998.744374,0.0
-50.0,50,1999.659976,0.0
-50.0,50,2000.544896,0.0
-50.0,50,2001.464247,0.0
-50.0,50,2002.410577,0.0
-50.0,50,2010.184613,0.0
-50.0,50,2011.093993,0.0
-50.0,50,2012.039441,0.0
-50.0,50,2012.946942,0.0
-50.0,50,2014.017991,0.0
-50.0,50,2015.019692,0.0
-50.0,50,2015.975431,0.0
-50.0,50,2016.857189,0.0
-50.0,50,2017.838216,0.0
-50.0,50,2018.731404,0.0
-50.0,50,2025.581006,0.0
-50.0,50,2026.495547,0.0
-50.0,50,2027.472922,0.0
-50.0,50,2028.407877,0.0
-50.0,50,2029.321418,0.0
-50.0,50,2030.223413,0.0
-50.0,50,2031.17418,0.0
-50.0,50,2032.311312,0.0
-50.0,50,2033.26111,0.0
-50.0,50,2034.246094,0.0
-50.0,50,2035.226725,0.0
-50.0,50,2041.95982,0.0
-50.0,50,2042.945346,0.0
-50.0,50,2043.960042,0.0
-50.0,50,2044.974357,0.0
-50.0,50,2046.770227,0.0
-50.0,50,2047.693545,0.0
-50.0,50,2048.627456,0.0
-50.0,50,2049.533115,0.0
-50.0,50,2050.458096,0.0
-50.0,50,2051.425066,0.0
-50.0,50,2058.213629,0.0
-50.0,50,2059.100655,0.0
-50.0,50,2059.989902,0.0
-50.0,50,2060.945202,0.0
-50.0,50,2061.920896,0.0
-50.0,50,2062.841668,0.0
-50.0,50,2063.811743,0.0
-50.0,50,2064.719464,0.0
-50.0,50,2065.679397,0.0
-50.0,50,2066.792103,0.0
-50.0,50,2073.622211,0.0
-50.0,50,2074.550909,0.0
-50.0,50,2075.489129,0.0
-50.0,50,2076.684078,0.0
-50.0,50,2077.607298,0.0
-50.0,50,2078.558407,0.0
-50.0,50,2079.461637,0.0
-50.0,50,2080.362923,0.0
-50.0,50,2081.366984,0.0
-50.0,50,2083.263438,0.0
-50.0,50,2090.073169,0.0
-50.0,50,2091.000652,0.0
-50.0,50,2091.916235,0.0
-50.0,50,2092.81615,0.0
-50.0,50,2093.753881,0.0
-50.0,50,2094.659101,0.0
-50.0,50,2095.607211,0.0
-50.0,50,2096.506196,0.0
-50.0,50,2097.499641,0.0
-50.0,50,2098.462693,0.0
-50.0,50,2099.433948,0.0
-50.0,50,2106.258226,0.0
-50.0,50,2107.212667,0.0
-50.0,50,2108.11306,0.0
-50.0,50,2109.024751,0.0
-50.0,50,2109.944153,0.0
-50.0,50,2110.883703,0.0
-50.0,50,2111.775402,0.0
-50.0,50,2112.64459,0.0
-50.0,50,2113.637185,0.0
-50.0,50,2114.575581,0.0
-50.0,50,2121.362666,0.0
-50.0,50,2122.216163,0.0
-50.0,50,2123.121438,0.0
-50.0,50,2124.863912,0.0
-50.0,50,2125.795675,0.0
-50.0,50,2126.683672,0.0
-50.0,50,2127.644075,0.0
-50.0,50,2128.602252,0.0
-50.0,50,2129.56446,0.0
-50.0,50,2130.462975,0.0
-50.0,50,2137.28946,0.0
-50.0,50,2138.201015,0.0
-50.0,50,2139.135789,0.0
-50.0,50,2140.053609,0.0
-50.0,50,2140.92187,0.0
-50.0,50,2142.096753,0.0
-50.0,50,2143.43552,0.0
-50.0,50,2144.347948,0.0
-50.0,50,2145.27587,0.0
-50.0,50,2146.135933,0.0
-50.0,50,2152.944879,0.0
-50.0,50,2153.8266,0.0
-50.0,50,2154.773152,0.0
-50.0,50,2155.733206,0.0
-50.0,50,2156.636407,0.0
-50.0,50,2157.623653,0.0
-50.0,50,2158.547486,0.0
-50.0,50,2159.466426,0.0
-50.0,50,2161.348423,0.0
-50.0,50,2162.750142,0.0
-50.0,50,2163.719172,0.0
-50.0,50,2170.494967,0.0
-50.0,50,2171.457878,0.0
-50.0,50,2172.531989,0.0
-50.0,50,2173.580258,0.0
-50.0,50,2174.607828,0.0
-50.0,50,2175.472036,0.0
-50.0,50,2176.419483,0.0
-50.0,50,2177.390176,0.0
-50.0,50,2178.576312,0.0
-50.0,50,2179.574036,0.0
-50.0,50,2186.297744,0.0
-50.0,50,2187.576867,0.0
-50.0,50,2188.52577,0.0
-50.0,50,2189.413259,0.0
-50.0,50,2190.458556,0.0
-50.0,50,2191.340101,0.0
-50.0,50,2192.251968,0.0
-50.0,50,2193.143893,0.0
-50.0,50,2194.093794,0.0
-50.0,50,2195.055746,0.0
-50.0,50,2201.846445,0.0
-50.0,50,2202.803978,0.0
-50.0,50,2204.682891,0.0
-42.0,43,2205.486702,1.0
-50.0,50,2206.390208,0.0
-50.0,50,2207.555064,0.0
-50.0,50,2208.515737,0.0
-50.0,50,2209.477162,0.0
-50.0,50,2210.43268,0.0
-50.0,50,2211.433326,0.0
-50.0,50,2218.199624,0.0
-50.0,50,2219.088223,0.0
-50.0,50,2219.98418,0.0
-50.0,50,2220.942778,0.0
-50.0,50,2221.850535,0.0
-50.0,50,2223.001351,0.0
-50.0,50,2223.969338,0.0
-50.0,50,2224.898193,0.0
-50.0,50,2225.797583,0.0
-50.0,50,2226.682775,0.0
-24.0,25,2227.117779,1.0
-50.0,50,2233.858091,0.0
-50.0,50,2234.899386,0.0
-50.0,50,2235.826923,0.0
-50.0,50,2236.732415,0.0
-50.0,50,2237.756308,0.0
-50.0,50,2238.765158,0.0
-50.0,50,2240.837376,0.0
-50.0,50,2241.806,0.0
-50.0,50,2242.754487,0.0
-50.0,50,2243.675839,0.0
-50.0,50,2250.489885,0.0
-50.0,50,2251.45863,0.0
-50.0,50,2252.41934,0.0
-50.0,50,2253.390995,0.0
-50.0,50,2254.338062,0.0
-50.0,50,2255.231081,0.0
-50.0,50,2256.101314,0.0
-50.0,50,2257.050838,0.0
-50.0,50,2258.03938,0.0
-50.0,50,2258.943791,0.0
-50.0,50,2259.808095,0.0
-50.0,50,2266.562313,0.0
-50.0,50,2267.502439,0.0
-50.0,50,2268.432999,0.0
-50.0,50,2269.312083,0.0
-50.0,50,2270.196185,0.0
-50.0,50,2271.111016,0.0
-50.0,50,2272.119947,0.0
-50.0,50,2273.251102,0.0
-50.0,50,2274.242363,0.0
-50.0,50,2275.199579,0.0
-50.0,50,2282.856879,0.0
-50.0,50,2283.809361,0.0
-50.0,50,2284.801728,0.0
-50.0,50,2285.755289,0.0
-50.0,50,2286.750621,0.0
-50.0,50,2287.702088,0.0
-50.0,50,2288.633825,0.0
-50.0,50,2289.515538,0.0
-50.0,50,2290.435597,0.0
-50.0,50,2291.459375,0.0
-50.0,50,2298.295199,0.0
-50.0,50,2299.243068,0.0
-41.0,42,2300.047094,1.0
-50.0,50,2300.976146,0.0
-50.0,50,2301.986148,0.0
-50.0,50,2302.935138,0.0
-50.0,50,2303.899221,0.0
-50.0,50,2304.908818,0.0
-50.0,50,2305.805324,0.0
-50.0,50,2306.820312,0.0
-50.0,50,2307.988501,0.0
-50.0,50,2314.864319,0.0
-50.0,50,2315.820958,0.0
-50.0,50,2316.738721,0.0
-50.0,50,2317.740676,0.0
-50.0,50,2319.629929,0.0
-50.0,50,2320.909417,0.0
-50.0,50,2321.96867,0.0
-50.0,50,2322.901294,0.0
-50.0,50,2323.822371,0.0
-50.0,50,2324.741931,0.0
-50.0,50,2331.583138,0.0
-50.0,50,2332.466421,0.0
-50.0,50,2333.377331,0.0
-50.0,50,2334.368738,0.0
-50.0,50,2335.315254,0.0
-50.0,50,2336.28467,0.0
-50.0,50,2337.316171,0.0
-50.0,50,2338.806042,0.0
-50.0,50,2339.831279,0.0
-50.0,50,2340.814204,0.0
-50.0,50,2347.63636,0.0
-50.0,50,2348.597293,0.0
-50.0,50,2349.527595,0.0
-50.0,50,2350.501836,0.0
-50.0,50,2351.470099,0.0
-50.0,50,2352.517447,0.0
-50.0,50,2353.436453,0.0
-50.0,50,2354.299324,0.0
-50.0,50,2355.234805,0.0
-50.0,50,2357.399371,0.0
-50.0,50,2364.388624,0.0
-50.0,50,2365.350837,0.0
-50.0,50,2366.329846,0.0
-50.0,50,2367.271146,0.0
-50.0,50,2368.263252,0.0
-50.0,50,2369.216971,0.0
-50.0,50,2370.496406,0.0
-50.0,50,2371.662435,0.0
-50.0,50,2373.009875,0.0
-50.0,50,2373.968662,0.0
-50.0,50,2380.747361,0.0
-50.0,50,2381.722023,0.0
-50.0,50,2382.6445,0.0
-50.0,50,2383.954921,0.0
-50.0,50,2384.899411,0.0
-50.0,50,2385.879005,0.0
-50.0,50,2386.832825,0.0
-50.0,50,2387.797635,0.0
-50.0,50,2388.761861,0.0
-50.0,50,2389.736081,0.0
-50.0,50,2390.745873,0.0
-50.0,50,2397.613719,0.0
-50.0,50,2398.641719,0.0
-50.0,50,2399.656918,0.0
-50.0,50,2401.48039,0.0
-50.0,50,2402.410297,0.0
-50.0,50,2403.439815,0.0
-50.0,50,2404.395593,0.0
-50.0,50,2405.39719,0.0
-50.0,50,2406.388671,0.0
-50.0,50,2407.32495,0.0
-50.0,50,2414.166698,0.0
-50.0,50,2415.11353,0.0
-50.0,50,2416.050717,0.0
-50.0,50,2417.001987,0.0
-50.0,50,2417.914776,0.0
-50.0,50,2419.051822,0.0
-50.0,50,2420.187867,0.0
-50.0,50,2421.144196,0.0
-50.0,50,2422.124398,0.0
-50.0,50,2423.068284,0.0
-50.0,50,2429.878208,0.0
-50.0,50,2430.836305,0.0
-50.0,50,2431.897713,0.0
-50.0,50,2432.935019,0.0
-50.0,50,2433.951955,0.0
-50.0,50,2435.09335,0.0
-50.0,50,2436.038603,0.0
-50.0,50,2436.974087,0.0
-50.0,50,2438.863815,0.0
-50.0,50,2439.853351,0.0
-50.0,50,2446.68251,0.0
-50.0,50,2447.738598,0.0
-50.0,50,2448.73748,0.0
-50.0,50,2449.694774,0.0
-50.0,50,2450.679846,0.0
-50.0,50,2451.595862,0.0
-50.0,50,2452.572564,0.0
-50.0,50,2453.546861,0.0
-50.0,50,2454.567033,0.0
-50.0,50,2455.493083,0.0
-50.0,50,2456.467654,0.0
-50.0,50,2463.268588,0.0
-50.0,50,2464.122724,0.0
-50.0,50,2465.021276,0.0
-50.0,50,2465.989242,0.0
-50.0,50,2466.930251,0.0
-50.0,50,2467.886673,0.0
-50.0,50,2468.836314,0.0
-50.0,50,2469.746949,0.0
-50.0,50,2470.693664,0.0
-50.0,50,2471.668537,0.0
-50.0,50,2478.482257,0.0
-50.0,50,2479.450388,0.0
-50.0,50,2481.422426,0.0
-50.0,50,2482.400858,0.0
-50.0,50,2483.434556,0.0
-50.0,50,2484.419924,0.0
-50.0,50,2485.347631,0.0
-50.0,50,2486.307875,0.0
-50.0,50,2487.351898,0.0
-50.0,50,2488.278606,0.0
-50.0,50,2495.156142,0.0
-50.0,50,2496.110676,0.0
-50.0,50,2497.023081,0.0
-50.0,50,2497.933888,0.0
-50.0,50,2498.880859,0.0
-50.0,50,2499.87489,0.0
-50.0,50,2500.873348,0.0
-50.0,50,2501.855972,0.0
-50.0,50,2502.914105,0.0
-50.0,50,2504.002912,0.0
-50.0,50,2510.952352,0.0
-50.0,50,2512.005924,0.0
-50.0,50,2513.141413,0.0
-50.0,50,2514.155009,0.0
-50.0,50,2515.245842,0.0
-50.0,50,2516.396203,0.0
-50.0,50,2517.53194,0.0
-50.0,50,2519.72122,0.0
-50.0,50,2520.694827,0.0
-50.0,50,2521.673234,0.0
-50.0,50,2522.646112,0.0
-50.0,50,2529.446598,0.0
-50.0,50,2530.388857,0.0
-50.0,50,2531.34247,0.0
-50.0,50,2532.342621,0.0
-50.0,50,2533.288156,0.0
-50.0,50,2534.274583,0.0
-50.0,50,2535.348946,0.0
-50.0,50,2536.283585,0.0
-50.0,50,2537.281418,0.0
-50.0,50,2538.232628,0.0
-50.0,50,2545.069402,0.0
-50.0,50,2546.073119,0.0
-50.0,50,2547.118072,0.0
-50.0,50,2548.06516,0.0
-50.0,50,2549.117246,0.0
-50.0,50,2550.22982,0.0
-50.0,50,2551.278722,0.0
-50.0,50,2552.320789,0.0
-50.0,50,2553.267584,0.0
-50.0,50,2554.266187,0.0
-50.0,50,2561.124785,0.0
-50.0,50,2563.001762,0.0
-50.0,50,2563.960179,0.0
-50.0,50,2564.937195,0.0
-50.0,50,2565.896249,0.0
-50.0,50,2566.986647,0.0
-50.0,50,2568.002845,0.0
-50.0,50,2568.987011,0.0
-50.0,50,2569.975801,0.0
-50.0,50,2570.921111,0.0
-50.0,50,2577.658129,0.0
-50.0,50,2578.595199,0.0
-50.0,50,2579.634619,0.0
-50.0,50,2580.728611,0.0
-50.0,50,2581.696387,0.0
-50.0,50,2582.632931,0.0
-50.0,50,2583.641775,0.0
-50.0,50,2584.768706,0.0
-50.0,50,2585.785142,0.0
-50.0,50,2586.815118,0.0
-50.0,50,2587.824526,0.0
-50.0,50,2594.639909,0.0
-50.0,50,2595.678352,0.0
-50.0,50,2596.622201,0.0
-50.0,50,2597.608565,0.0
-50.0,50,2598.650555,0.0
-50.0,50,2600.624754,0.0
-50.0,50,2601.567126,0.0
-50.0,50,2602.602473,0.0
-50.0,50,2603.582834,0.0
-50.0,50,2604.55947,0.0
-12.0,13,2604.825531,1.0
-50.0,50,2611.711246,0.0
-50.0,50,2612.749685,0.0
-50.0,50,2613.756405,0.0
-50.0,50,2614.791079,0.0
-50.0,50,2615.753927,0.0
-50.0,50,2616.697344,0.0
-50.0,50,2617.645097,0.0
-50.0,50,2618.564137,0.0
-50.0,50,2619.604722,0.0
-50.0,50,2620.846431,0.0
-50.0,50,2627.679895,0.0
-50.0,50,2628.663582,0.0
-50.0,50,2629.75633,0.0
-50.0,50,2630.76722,0.0
-50.0,50,2631.73363,0.0
-50.0,50,2632.676321,0.0
-50.0,50,2633.627322,0.0
-50.0,50,2634.653886,0.0
-50.0,50,2635.646353,0.0
-50.0,50,2636.675535,0.0
-50.0,50,2644.624076,0.0
-50.0,50,2645.839432,0.0
-50.0,50,2646.850601,0.0
-50.0,50,2647.831913,0.0
-50.0,50,2648.817882,0.0
-50.0,50,2649.769756,0.0
-50.0,50,2650.795391,0.0
-50.0,50,2651.790608,0.0
-50.0,50,2652.685536,0.0
-50.0,50,2653.656737,0.0
-50.0,50,2660.536446,0.0
-50.0,50,2661.609082,0.0
-50.0,50,2662.74816,0.0
-50.0,50,2663.73065,0.0
-50.0,50,2664.745629,0.0
-50.0,50,2665.829164,0.0
-50.0,50,2666.793783,0.0
-50.0,50,2667.771521,0.0
-50.0,50,2668.793019,0.0
-50.0,50,2669.897081,0.0
-50.0,50,2670.945851,0.0
-50.0,50,2677.75627,0.0
-50.0,50,2678.736234,0.0
-50.0,50,2679.948804,0.0
-50.0,50,2680.948039,0.0
-50.0,50,2682.941305,0.0
-50.0,50,2684.009708,0.0
-50.0,50,2685.02472,0.0
-50.0,50,2686.032635,0.0
-50.0,50,2687.208113,0.0
-50.0,50,2688.224107,0.0
-50.0,50,2695.026115,0.0
-50.0,50,2696.100605,0.0
-50.0,50,2697.072396,0.0
-50.0,50,2698.19516,0.0
-50.0,50,2699.268833,0.0
-50.0,50,2700.289737,0.0
-50.0,50,2701.247806,0.0
-50.0,50,2702.210855,0.0
-50.0,50,2703.19204,0.0
-50.0,50,2704.124079,0.0
-50.0,50,2710.925915,0.0
-50.0,50,2711.990442,0.0
-50.0,50,2713.017333,0.0
-50.0,50,2714.408707,0.0
-50.0,50,2715.396667,0.0
-50.0,50,2716.58486,0.0
-50.0,50,2717.707864,0.0
-50.0,50,2718.800102,0.0
-50.0,50,2719.814374,0.0
-50.0,50,2722.000137,0.0
-50.0,50,2728.881081,0.0
-50.0,50,2729.821023,0.0
-50.0,50,2730.807607,0.0
-50.0,50,2731.801152,0.0
-50.0,50,2732.811615,0.0
-50.0,50,2733.783262,0.0
-50.0,50,2734.766293,0.0
-50.0,50,2735.860417,0.0
-50.0,50,2736.871658,0.0
-50.0,50,2737.914334,0.0
-50.0,50,2738.988152,0.0
-50.0,50,2745.767903,0.0
-50.0,50,2746.804865,0.0
-50.0,50,2747.952485,0.0
-50.0,50,2749.01266,0.0
-50.0,50,2749.96443,0.0
-50.0,50,2750.936153,0.0
-50.0,50,2751.918551,0.0
-50.0,50,2752.918693,0.0
-50.0,50,2753.976648,0.0
-50.0,50,2754.954383,0.0
-50.0,50,2761.694059,0.0
-50.0,50,2762.815739,0.0
-50.0,50,2763.826284,0.0
-50.0,50,2765.707439,0.0
-50.0,50,2766.741431,0.0
-50.0,50,2767.717791,0.0
-50.0,50,2768.617273,0.0
-50.0,50,2769.585135,0.0
-50.0,50,2770.562454,0.0
-50.0,50,2771.488554,0.0
-50.0,50,2778.314451,0.0
-50.0,50,2779.248747,0.0
-50.0,50,2780.202395,0.0
-50.0,50,2781.240799,0.0
-50.0,50,2782.34985,0.0
-50.0,50,2783.31423,0.0
-50.0,50,2784.280691,0.0
-50.0,50,2785.305827,0.0
-50.0,50,2786.263144,0.0
-50.0,50,2787.249091,0.0
-50.0,50,2794.093683,0.0
-50.0,50,2795.107891,0.0
-50.0,50,2796.079,0.0
-50.0,50,2797.088033,0.0
-50.0,50,2798.031755,0.0
-50.0,50,2799.160119,0.0
-50.0,50,2800.199033,0.0
-50.0,50,2801.225597,0.0
-50.0,50,2803.18693,0.0
-50.0,50,2804.181889,0.0
-50.0,50,2811.107076,0.0
-50.0,50,2812.08452,0.0
-50.0,50,2813.074644,0.0
-50.0,50,2814.155832,0.0
-50.0,50,2815.469394,0.0
-50.0,50,2816.530341,0.0
-50.0,50,2817.564246,0.0
-50.0,50,2818.737101,0.0
-50.0,50,2819.665295,0.0
-50.0,50,2820.62595,0.0
-50.0,50,2821.561568,0.0
-50.0,50,2828.433585,0.0
-50.0,50,2829.528621,0.0
-50.0,50,2830.503636,0.0
-50.0,50,2831.47805,0.0
-50.0,50,2832.498162,0.0
-50.0,50,2833.643845,0.0
-50.0,50,2834.63334,0.0
-50.0,50,2835.583262,0.0
-50.0,50,2836.617903,0.0
-50.0,50,2837.793986,0.0
-50.0,50,2844.753558,0.0
-50.0,50,2845.699554,0.0
-50.0,50,2847.61985,0.0
-50.0,50,2848.778222,0.0
-50.0,50,2849.93945,0.0
-50.0,50,2850.985043,0.0
-50.0,50,2851.952514,0.0
-50.0,50,2853.069679,0.0
-50.0,50,2854.058504,0.0
-50.0,50,2855.109464,0.0
-50.0,50,2862.006313,0.0
-50.0,50,2862.964071,0.0
-50.0,50,2863.98773,0.0
-50.0,50,2864.935111,0.0
-50.0,50,2865.902943,0.0
-50.0,50,2867.072045,0.0
-50.0,50,2868.135838,0.0
-50.0,50,2869.154228,0.0
-50.0,50,2870.224474,0.0
-50.0,50,2871.257883,0.0
-50.0,50,2878.482041,0.0
-50.0,50,2879.430242,0.0
-50.0,50,2880.533864,0.0
-50.0,50,2881.52396,0.0
-50.0,50,2882.47894,0.0
-50.0,50,2883.448452,0.0
-50.0,50,2884.473599,0.0
-50.0,50,2886.388971,0.0
-50.0,50,2887.374659,0.0
-50.0,50,2888.483017,0.0
-50.0,50,2889.623539,0.0
-50.0,50,2896.500235,0.0
-50.0,50,2897.490239,0.0
-50.0,50,2898.450464,0.0
-50.0,50,2899.43552,0.0
-50.0,50,2900.346988,0.0
-50.0,50,2901.421594,0.0
-50.0,50,2902.486917,0.0
-50.0,50,2903.67128,0.0
-50.0,50,2904.591582,0.0
-50.0,50,2905.534673,0.0
-50.0,50,2912.421565,0.0
-50.0,50,2913.368675,0.0
-50.0,50,2914.34791,0.0
-50.0,50,2915.325448,0.0
-50.0,50,2916.326654,0.0
-50.0,50,2917.334675,0.0
-50.0,50,2918.389325,0.0
-50.0,50,2919.395691,0.0
-50.0,50,2920.440625,0.0
-50.0,50,2921.388515,0.0
-50.0,50,2928.266565,0.0
-50.0,50,2930.116929,0.0
-50.0,50,2931.108918,0.0
-50.0,50,2932.229053,0.0
-50.0,50,2933.385082,0.0
-50.0,50,2934.412527,0.0
-50.0,50,2935.452368,0.0
-50.0,50,2936.457598,0.0
-50.0,50,2937.435414,0.0
-50.0,50,2938.599336,0.0
-50.0,50,2945.51571,0.0
-50.0,50,2946.538839,0.0
-50.0,50,2947.548368,0.0
-50.0,50,2948.569645,0.0
-50.0,50,2949.574626,0.0
-50.0,50,2950.685315,0.0
-50.0,50,2951.796546,0.0
-50.0,50,2953.052405,0.0
-50.0,50,2953.99524,0.0
-50.0,50,2955.016601,0.0
-50.0,50,2956.030896,0.0
-50.0,50,2962.870282,0.0
-50.0,50,2963.868855,0.0
-50.0,50,2964.946828,0.0
-50.0,50,2966.050451,0.0
-50.0,50,2967.078019,0.0
-50.0,50,2968.979877,0.0
-50.0,50,2970.200979,0.0
-50.0,50,2971.236181,0.0
-50.0,50,2972.184288,0.0
-50.0,50,2973.343765,0.0
-50.0,50,2980.287116,0.0
-50.0,50,2981.68584,0.0
-50.0,50,2982.699703,0.0
-50.0,50,2983.753037,0.0
-50.0,50,2984.839824,0.0
-50.0,50,2985.857141,0.0
-50.0,50,2986.971855,0.0
-50.0,50,2988.207676,0.0
-50.0,50,2989.268526,0.0
-50.0,50,2990.26411,0.0
-50.0,50,2997.034381,0.0
-50.0,50,2998.096071,0.0
-50.0,50,2999.242809,0.0
-50.0,50,3000.183749,0.0
-50.0,50,3001.181292,0.0
-50.0,50,3002.2316,0.0
-50.0,50,3003.279892,0.0
-50.0,50,3004.653087,0.0
-50.0,50,3005.702703,0.0
-50.0,50,3006.68068,0.0
-50.0,50,3014.441636,0.0
-50.0,50,3015.481515,0.0
-50.0,50,3016.463196,0.0
-50.0,50,3017.48274,0.0
-50.0,50,3018.436932,0.0
-50.0,50,3019.431295,0.0
-50.0,50,3020.365908,0.0
-50.0,50,3021.296875,0.0
-50.0,50,3022.25071,0.0
-50.0,50,3023.23208,0.0
-50.0,50,3024.277871,0.0
-50.0,50,3031.103041,0.0
-50.0,50,3032.076263,0.0
-50.0,50,3033.1797,0.0
-50.0,50,3034.303213,0.0
-50.0,50,3035.353992,0.0
-50.0,50,3036.332545,0.0
-50.0,50,3037.329762,0.0
-50.0,50,3038.361376,0.0
-50.0,50,3039.302308,0.0
-50.0,50,3040.286178,0.0
-50.0,50,3047.188636,0.0
-50.0,50,3048.202722,0.0
-50.0,50,3049.421424,0.0
-50.0,50,3050.405805,0.0
-50.0,50,3052.33402,0.0
-50.0,50,3053.295272,0.0
-50.0,50,3054.275239,0.0
-50.0,50,3055.291152,0.0
-50.0,50,3056.243034,0.0
-50.0,50,3057.190107,0.0
-50.0,50,3063.971213,0.0
-50.0,50,3065.019302,0.0
-50.0,50,3066.046173,0.0
-50.0,50,3066.992903,0.0
-50.0,50,3067.933022,0.0
-50.0,50,3068.923267,0.0
-50.0,50,3070.086497,0.0
-50.0,50,3071.085104,0.0
-50.0,50,3072.065373,0.0
-50.0,50,3073.137477,0.0
-50.0,50,3080.495311,0.0
-50.0,50,3081.5461,0.0
-50.0,50,3082.508264,0.0
-50.0,50,3083.566933,0.0
-50.0,50,3084.577847,0.0
-50.0,50,3085.708127,0.0
-50.0,50,3086.759608,0.0
-50.0,50,3087.832083,0.0
-50.0,50,3088.84106,0.0
-50.0,50,3090.85462,0.0
-50.0,50,3091.835368,0.0
-50.0,50,3098.696306,0.0
-50.0,50,3099.730016,0.0
-50.0,50,3100.805151,0.0
-50.0,50,3101.944336,0.0
-50.0,50,3102.895936,0.0
-50.0,50,3103.98719,0.0
-50.0,50,3105.227019,0.0
-50.0,50,3106.371625,0.0
-50.0,50,3107.390217,0.0
-50.0,50,3108.377481,0.0
-50.0,50,3115.191876,0.0
-50.0,50,3116.202419,0.0
-50.0,50,3117.207691,0.0
-50.0,50,3118.26835,0.0
-50.0,50,3119.617852,0.0
-50.0,50,3120.789875,0.0
-50.0,50,3121.808468,0.0
-50.0,50,3122.855642,0.0
-50.0,50,3123.827937,0.0
-50.0,50,3125.045083,0.0
-50.0,50,3131.893962,0.0
-50.0,50,3132.827804,0.0
-50.0,50,3133.824258,0.0
-50.0,50,3135.698489,0.0
-50.0,50,3136.747327,0.0
-50.0,50,3137.75729,0.0
-50.0,50,3138.740628,0.0
-50.0,50,3139.745936,0.0
-50.0,50,3140.814878,0.0
-50.0,50,3141.832576,0.0
-50.0,50,3148.821856,0.0
-50.0,50,3149.747841,0.0
-50.0,50,3150.770465,0.0
-50.0,50,3151.697531,0.0
-50.0,50,3152.712868,0.0
-50.0,50,3153.709455,0.0
-50.0,50,3154.739608,0.0
-50.0,50,3155.722778,0.0
-50.0,50,3156.689952,0.0
-50.0,50,3157.717833,0.0
-50.0,50,3158.80618,0.0
-50.0,50,3165.651733,0.0
-50.0,50,3166.707921,0.0
-50.0,50,3167.88661,0.0
-50.0,50,3169.069477,0.0
-50.0,50,3170.153017,0.0
-50.0,50,3171.117627,0.0
-50.0,50,3172.311957,0.0
-50.0,50,3174.265559,0.0
-50.0,50,3175.195611,0.0
-50.0,50,3176.171405,0.0
-50.0,50,3183.039472,0.0
-50.0,50,3183.987137,0.0
-50.0,50,3185.055679,0.0
-50.0,50,3186.045122,0.0
-50.0,50,3187.019914,0.0
-50.0,50,3187.993921,0.0
-50.0,50,3189.049579,0.0
-50.0,50,3190.122873,0.0
-50.0,50,3191.182127,0.0
-50.0,50,3192.168622,0.0
-50.0,50,3199.166301,0.0
-50.0,50,3200.170705,0.0
-50.0,50,3201.170677,0.0
-50.0,50,3202.11965,0.0
-50.0,50,3203.093549,0.0
-50.0,50,3204.067993,0.0
-50.0,50,3205.02751,0.0
-50.0,50,3205.967393,0.0
-50.0,50,3206.87137,0.0
-50.0,50,3207.817052,0.0
-50.0,50,3214.787638,0.0
-50.0,50,3215.795276,0.0
-50.0,50,3217.64278,0.0
-50.0,50,3218.659822,0.0
-50.0,50,3219.699499,0.0
-50.0,50,3220.710384,0.0
-50.0,50,3221.710996,0.0
-50.0,50,3222.762373,0.0
-50.0,50,3223.737004,0.0
-50.0,50,3224.761732,0.0
-50.0,50,3231.736114,0.0
-50.0,50,3232.700624,0.0
-50.0,50,3233.808377,0.0
-50.0,50,3234.961886,0.0
-50.0,50,3235.9302,0.0
-50.0,50,3236.865964,0.0
-50.0,50,3237.843618,0.0
-50.0,50,3238.929658,0.0
-50.0,50,3239.902409,0.0
-50.0,50,3240.83129,0.0
-50.0,50,3241.820646,0.0
-50.0,50,3248.745617,0.0
-50.0,50,3249.76869,0.0
-50.0,50,3250.769422,0.0
-50.0,50,3251.784045,0.0
-50.0,50,3252.815437,0.0
-50.0,50,3254.032127,0.0
-50.0,50,3255.982536,0.0
-50.0,50,3256.943423,0.0
-50.0,50,3258.056165,0.0
-50.0,50,3259.005051,0.0
-50.0,50,3266.029773,0.0
-50.0,50,3267.069847,0.0
-50.0,50,3268.064289,0.0
-50.0,50,3269.11467,0.0
-50.0,50,3270.118909,0.0
-50.0,50,3271.161038,0.0
-50.0,50,3272.150525,0.0
-50.0,50,3273.163693,0.0
-50.0,50,3274.108017,0.0
-50.0,50,3275.032262,0.0
-50.0,50,3281.874703,0.0
-50.0,50,3282.911403,0.0
-50.0,50,3283.963821,0.0
-50.0,50,3285.004964,0.0
-50.0,50,3286.033653,0.0
-50.0,50,3287.115064,0.0
-50.0,50,3288.11525,0.0
-50.0,50,3289.2873,0.0
-50.0,50,3290.456158,0.0
-50.0,50,3291.399973,0.0
-50.0,50,3298.228177,0.0
-50.0,50,3300.092621,0.0
-50.0,50,3301.013642,0.0
-50.0,50,3301.969925,0.0
-50.0,50,3302.951086,0.0
-50.0,50,3304.004841,0.0
-50.0,50,3304.973843,0.0
-50.0,50,3305.995516,0.0
-50.0,50,3307.069249,0.0
-50.0,50,3308.148165,0.0
-50.0,50,3309.251101,0.0
-50.0,50,3316.122882,0.0
-50.0,50,3317.074869,0.0
-50.0,50,3318.025045,0.0
-50.0,50,3319.046677,0.0
-50.0,50,3320.078312,0.0
-50.0,50,3321.030531,0.0
-50.0,50,3322.036003,0.0
-50.0,50,3323.020591,0.0
-50.0,50,3324.216362,0.0
-50.0,50,3325.234221,0.0
-50.0,50,3332.155113,0.0
-50.0,50,3333.144031,0.0
-50.0,50,3334.346239,0.0
-50.0,50,3335.354702,0.0
-50.0,50,3336.343412,0.0
-50.0,50,3338.265163,0.0
-50.0,50,3339.345631,0.0
-50.0,50,3340.322481,0.0
-50.0,50,3341.301838,0.0
-50.0,50,3342.29029,0.0
-50.0,50,3349.168258,0.0
-50.0,50,3350.157362,0.0
-50.0,50,3351.187411,0.0
-50.0,50,3352.142527,0.0
-50.0,50,3353.191458,0.0
-50.0,50,3354.158165,0.0
-50.0,50,3355.210372,0.0
-50.0,50,3356.378986,0.0
-50.0,50,3357.472833,0.0
-50.0,50,3358.459058,0.0
-50.0,50,3365.309019,0.0
-50.0,50,3366.675218,0.0
-50.0,50,3367.638887,0.0
-50.0,50,3368.675442,0.0
-50.0,50,3369.7679,0.0
-50.0,50,3370.755683,0.0
-50.0,50,3371.968831,0.0
-50.0,50,3372.979907,0.0
-50.0,50,3374.077135,0.0
-50.0,50,3375.102262,0.0
-50.0,50,3376.993456,0.0
-50.0,50,3383.751357,0.0
-50.0,50,3384.753458,0.0
-50.0,50,3385.714939,0.0
-50.0,50,3386.689059,0.0
-50.0,50,3387.691458,0.0
-50.0,50,3388.614116,0.0
-50.0,50,3389.548756,0.0
-50.0,50,3390.497177,0.0
-50.0,50,3391.495006,0.0
-50.0,50,3392.523778,0.0
-50.0,50,3399.381222,0.0
-50.0,50,3400.413714,0.0
-50.0,50,3401.421952,0.0
-50.0,50,3402.360397,0.0
-50.0,50,3403.38479,0.0
-50.0,50,3404.565481,0.0
-50.0,50,3405.544512,0.0
-50.0,50,3406.478536,0.0
-50.0,50,3407.450934,0.0
-50.0,50,3408.438806,0.0
-50.0,50,3415.239698,0.0
-50.0,50,3416.328405,0.0
-50.0,50,3417.570504,0.0
-50.0,50,3418.536947,0.0
-50.0,50,3420.420474,0.0
-50.0,50,3421.417903,0.0
-50.0,50,3422.644476,0.0
-50.0,50,3423.641066,0.0
-50.0,50,3424.579001,0.0
-50.0,50,3425.574845,0.0
-50.0,50,3432.570504,0.0
-50.0,50,3433.591571,0.0
-50.0,50,3434.673314,0.0
-50.0,50,3435.795592,0.0
-50.0,50,3436.788256,0.0
-50.0,50,3437.827703,0.0
-50.0,50,3438.838095,0.0
-50.0,50,3439.825808,0.0
-50.0,50,3440.819077,0.0
-50.0,50,3441.815314,0.0
-50.0,50,3442.749212,0.0
-50.0,50,3449.619783,0.0
-50.0,50,3450.670684,0.0
-50.0,50,3451.708566,0.0
-50.0,50,3452.808028,0.0
-50.0,50,3453.832675,0.0
-50.0,50,3454.813446,0.0
-50.0,50,3455.85097,0.0
-50.0,50,3456.906901,0.0
-50.0,50,3458.724832,0.0
-50.0,50,3459.702916,0.0
-50.0,50,3466.523766,0.0
-50.0,50,3467.539447,0.0
-50.0,50,3468.588649,0.0
-50.0,50,3469.563168,0.0
-50.0,50,3470.549062,0.0
-50.0,50,3471.754242,0.0
-50.0,50,3472.871584,0.0
-50.0,50,3473.890749,0.0
-50.0,50,3474.992678,0.0
-50.0,50,3475.996989,0.0
-50.0,50,3482.847857,0.0
-50.0,50,3483.898087,0.0
-50.0,50,3484.988921,0.0
-50.0,50,3486.072929,0.0
-50.0,50,3487.101292,0.0
-50.0,50,3488.08745,0.0
-50.0,50,3489.053865,0.0
-50.0,50,3490.028611,0.0
-50.0,50,3491.028851,0.0
-50.0,50,3492.078735,0.0
-50.0,50,3498.920743,0.0
-50.0,50,3499.967951,0.0
-50.0,50,3501.003438,0.0
-50.0,50,3502.966183,0.0
-50.0,50,3504.040381,0.0
-50.0,50,3505.023661,0.0
-50.0,50,3506.074829,0.0
-50.0,50,3507.062649,0.0
-50.0,50,3508.104978,0.0
-50.0,50,3509.19335,0.0
-50.0,50,3510.195753,0.0
-50.0,50,3517.002853,0.0
-50.0,50,3518.05662,0.0
-50.0,50,3519.144649,0.0
-50.0,50,3520.131466,0.0
-50.0,50,3521.064413,0.0
-50.0,50,3521.999989,0.0
-50.0,50,3522.987858,0.0
-50.0,50,3524.064437,0.0
-50.0,50,3525.062745,0.0
-50.0,50,3526.044959,0.0
-50.0,50,3532.869891,0.0
-50.0,50,3533.808023,0.0
-50.0,50,3534.776581,0.0
-50.0,50,3535.76784,0.0
-50.0,50,3536.795544,0.0
-50.0,50,3537.9724,0.0
-50.0,50,3539.042075,0.0
-50.0,50,3540.89011,0.0
-50.0,50,3541.835479,0.0
-50.0,50,3542.755615,0.0
-50.0,50,3549.51658,0.0
-50.0,50,3550.472266,0.0
-50.0,50,3551.483356,0.0
-50.0,50,3552.593987,0.0
-50.0,50,3553.550195,0.0
-50.0,50,3554.603204,0.0
-50.0,50,3555.518877,0.0
-50.0,50,3556.482451,0.0
-50.0,50,3557.508541,0.0
-50.0,50,3558.549278,0.0
-50.0,50,3565.394772,0.0
-50.0,50,3566.44794,0.0
-50.0,50,3567.450534,0.0
-50.0,50,3568.440222,0.0
-50.0,50,3569.379618,0.0
-50.0,50,3570.391729,0.0
-50.0,50,3571.459862,0.0
-50.0,50,3572.547481,0.0
-50.0,50,3573.698806,0.0
-50.0,50,3574.783139,0.0
-50.0,50,3575.754396,0.0
-50.0,50,3582.696029,0.0
-50.0,50,3584.583888,0.0
-50.0,50,3585.589818,0.0
-50.0,50,3586.673176,0.0
-50.0,50,3587.631277,0.0
-50.0,50,3588.702134,0.0
-50.0,50,3589.70886,0.0
-50.0,50,3590.709383,0.0
-50.0,50,3591.650149,0.0
-50.0,50,3592.657505,0.0
-50.0,50,3599.36092,0.0
-50.0,50,3600.350514,0.0
-50.0,50,3601.408953,0.0
-50.0,50,3602.37073,0.0
-50.0,50,3603.361862,0.0
-50.0,50,3604.334079,0.0
-50.0,50,3605.328386,0.0
-50.0,50,3606.311587,0.0
-50.0,50,3607.343713,0.0
-50.0,50,3608.372044,0.0
-50.0,50,3615.206577,0.0
-50.0,50,3616.191125,0.0
-50.0,50,3617.232888,0.0
-50.0,50,3618.252895,0.0
-50.0,50,3619.211942,0.0
-50.0,50,3620.167253,0.0
-50.0,50,3622.133568,0.0
-50.0,50,3623.318833,0.0
-50.0,50,3624.576235,0.0
-50.0,50,3625.574036,0.0
-50.0,50,3632.352202,0.0
-50.0,50,3633.3134,0.0
-50.0,50,3634.383268,0.0
-50.0,50,3635.379037,0.0
-50.0,50,3636.406792,0.0
-50.0,50,3637.427066,0.0
-50.0,50,3638.435848,0.0
-50.0,50,3639.424121,0.0
-50.0,50,3640.453173,0.0
-50.0,50,3641.707618,0.0
-50.0,50,3648.587517,0.0
-50.0,50,3649.603659,0.0
-50.0,50,3650.599283,0.0
-50.0,50,3651.56012,0.0
-50.0,50,3652.535157,0.0
-50.0,50,3653.573621,0.0
-50.0,50,3654.531484,0.0
-50.0,50,3655.55065,0.0
-50.0,50,3656.505734,0.0
-50.0,50,3657.496819,0.0
-50.0,50,3658.601228,0.0
-50.0,50,3666.284471,0.0
-50.0,50,3667.422245,0.0
-50.0,50,3668.500491,0.0
-50.0,50,3669.465461,0.0
-50.0,50,3670.610043,0.0
-50.0,50,3671.866523,0.0
-50.0,50,3672.871408,0.0
-50.0,50,3673.879292,0.0
-50.0,50,3674.913729,0.0
-50.0,50,3675.996138,0.0
-50.0,50,3682.847279,0.0
-50.0,50,3683.861527,0.0
-50.0,50,3684.885707,0.0
-50.0,50,3686.159055,0.0
-50.0,50,3687.284629,0.0
-50.0,50,3688.33578,0.0
-50.0,50,3689.361462,0.0
-50.0,50,3690.424877,0.0
-50.0,50,3691.477443,0.0
-50.0,50,3692.459041,0.0
-50.0,50,3699.289204,0.0
-50.0,50,3700.36303,0.0
-50.0,50,3701.388648,0.0
-50.0,50,3702.579182,0.0
-50.0,50,3703.538539,0.0
-50.0,50,3705.675036,0.0
-50.0,50,3707.240234,0.0
-50.0,50,3708.283993,0.0
-50.0,50,3709.267083,0.0
-50.0,50,3710.273761,0.0
-50.0,50,3717.228319,0.0
-50.0,50,3718.218822,0.0
-50.0,50,3719.19568,0.0
-50.0,50,3720.287347,0.0
-50.0,50,3721.379031,0.0
-50.0,50,3722.436184,0.0
-50.0,50,3723.511036,0.0
-50.0,50,3724.569196,0.0
-50.0,50,3725.62207,0.0
-50.0,50,3726.562809,0.0
-50.0,50,3727.521029,0.0
-50.0,50,3734.395466,0.0
-50.0,50,3735.418959,0.0
-50.0,50,3736.491346,0.0
-50.0,50,3737.502693,0.0
-50.0,50,3738.557572,0.0
-50.0,50,3739.535654,0.0
-50.0,50,3740.677001,0.0
-50.0,50,3741.755955,0.0
-50.0,50,3742.834551,0.0
-50.0,50,3744.938257,0.0
-50.0,50,3751.813064,0.0
-50.0,50,3752.871335,0.0
-50.0,50,3753.886631,0.0
-50.0,50,3754.930765,0.0
-50.0,50,3756.22893,0.0
-50.0,50,3757.310295,0.0
-50.0,50,3758.382264,0.0
-50.0,50,3759.416397,0.0
-50.0,50,3760.528725,0.0
-50.0,50,3761.665275,0.0
-50.0,50,3765.129067,0.0
-50.0,50,3766.117095,0.0
-50.0,50,3767.125334,0.0
-50.0,50,3768.091052,0.0
-50.0,50,3769.058022,0.0
-50.0,50,3770.063673,0.0
-50.0,50,3771.078596,0.0
-50.0,50,3772.098125,0.0
-50.0,50,3773.170987,0.0
-50.0,50,3774.178473,0.0
-50.0,50,3777.608883,0.0
-50.0,50,3778.699951,0.0
-50.0,50,3779.705893,0.0
-50.0,50,3780.738168,0.0
-50.0,50,3782.66544,0.0
-50.0,50,3783.840866,0.0
-50.0,50,3784.884093,0.0
-50.0,50,3785.916727,0.0
-50.0,50,3787.015459,0.0
-50.0,50,3788.041368,0.0
-50.0,50,3789.013789,0.0
-50.0,50,3793.010051,0.0
-50.0,50,3794.01625,0.0
-50.0,50,3795.038992,0.0
-50.0,50,3796.070002,0.0
-50.0,50,3797.129606,0.0
-50.0,50,3798.176804,0.0
-50.0,50,3799.128146,0.0
-50.0,50,3800.151813,0.0
-50.0,50,3801.206033,0.0
-50.0,50,3802.2139,0.0
-50.0,50,3809.399934,0.0
-50.0,50,3810.366172,0.0
-50.0,50,3811.365157,0.0
-50.0,50,3812.336027,0.0
-50.0,50,3813.356972,0.0
-50.0,50,3814.443988,0.0
-50.0,50,3815.51534,0.0
-50.0,50,3816.491709,0.0
-50.0,50,3818.375186,0.0
-50.0,50,3819.341173,0.0
-50.0,50,3826.196999,0.0
-50.0,50,3827.192786,0.0
-50.0,50,3828.231162,0.0
-50.0,50,3829.409427,0.0
-50.0,50,3830.456292,0.0
-50.0,50,3831.486862,0.0
-50.0,50,3832.571676,0.0
-50.0,50,3833.587769,0.0
-50.0,50,3834.552065,0.0
-50.0,50,3835.583093,0.0
-50.0,50,3842.487631,0.0
-50.0,50,3843.526731,0.0
-50.0,50,3844.514562,0.0
-50.0,50,3845.506788,0.0
-50.0,50,3846.605836,0.0
-50.0,50,3847.746082,0.0
-50.0,50,3848.76683,0.0
-50.0,50,3849.76936,0.0
-50.0,50,3850.765736,0.0
-50.0,50,3851.7152,0.0
-50.0,50,3852.664134,0.0
-50.0,50,3859.53508,0.0
-50.0,50,3860.661455,0.0
-50.0,50,3862.553333,0.0
-50.0,50,3863.626835,0.0
-50.0,50,3864.72516,0.0
-50.0,50,3865.771284,0.0
-50.0,50,3866.819578,0.0
-50.0,50,3867.780921,0.0
-50.0,50,3868.82363,0.0
-50.0,50,3869.888728,0.0
-50.0,50,3876.786564,0.0
-50.0,50,3877.814224,0.0
-50.0,50,3878.809115,0.0
-50.0,50,3879.776455,0.0
-50.0,50,3880.739354,0.0
-50.0,50,3881.761348,0.0
-50.0,50,3882.76485,0.0
-50.0,50,3883.806123,0.0
-50.0,50,3884.757116,0.0
-50.0,50,3885.708025,0.0
-50.0,50,3892.593363,0.0
-50.0,50,3893.707892,0.0
-50.0,50,3894.805577,0.0
-50.0,50,3896.006787,0.0
-50.0,50,3896.987332,0.0
-50.0,50,3897.980159,0.0
-50.0,50,3899.027656,0.0
-50.0,50,3900.909482,0.0
-50.0,50,3902.089489,0.0
-50.0,50,3903.308081,0.0
-50.0,50,3910.181123,0.0
-50.0,50,3911.246079,0.0
-50.0,50,3912.310468,0.0
-50.0,50,3913.289583,0.0
-50.0,50,3914.257098,0.0
-50.0,50,3915.255764,0.0
-50.0,50,3916.312674,0.0
-50.0,50,3917.41814,0.0
-50.0,50,3918.477576,0.0
-50.0,50,3919.478038,0.0
-50.0,50,3920.41651,0.0
-50.0,50,3927.403988,0.0
-50.0,50,3928.449342,0.0
-50.0,50,3929.431246,0.0
-50.0,50,3930.491987,0.0
-50.0,50,3931.494467,0.0
-50.0,50,3932.579829,0.0
-50.0,50,3933.717347,0.0
-50.0,50,3934.832016,0.0
-50.0,50,3935.767633,0.0
-50.0,50,3936.797824,0.0
-50.0,50,3943.66735,0.0
-50.0,50,3945.590784,0.0
-50.0,50,3946.617965,0.0
-50.0,50,3947.647385,0.0
-50.0,50,3948.608125,0.0
-50.0,50,3949.667678,0.0
-50.0,50,3950.655828,0.0
-50.0,50,3951.634814,0.0
-50.0,50,3952.621673,0.0
-50.0,50,3953.693217,0.0
