#{"t_start": 1649836245.5879848, "env_id": "PandaReach-v2"}
r,l,t,is_success
-50.0,50,1.39708,0.0
-50.0,50,2.264122,0.0
-50.0,50,3.224547,0.0
-50.0,50,4.194258,0.0
-50.0,50,5.38243,0.0
-50.0,50,6.489439,0.0
-50.0,50,7.443408,0.0
-50.0,50,8.639919,0.0
-50.0,50,9.79287,0.0
-50.0,50,10.671889,0.0
-50.0,50,14.240623,0.0
-50.0,50,15.446343,0.0
-50.0,50,16.362267,0.0
-50.0,50,17.422601,0.0
-50.0,50,18.676111,0.0
-50.0,50,19.853018,0.0
-50.0,50,20.800254,0.0
-50.0,50,21.74069,0.0
-50.0,50,22.783937,0.0
-50.0,50,23.999587,0.0
-50.0,50,27.515282,0.0
-50.0,50,28.434017,0.0
-50.0,50,29.577532,0.0
-50.0,50,30.449336,0.0
-50.0,50,31.36919,0.0
-50.0,50,33.29609,0.0
-50.0,50,34.191309,0.0
-50.0,50,35.083139,0.0
-50.0,50,36.116242,0.0
-50.0,50,37.080199,0.0
-50.0,50,40.470499,0.0
-50.0,50,41.733541,0.0
-50.0,50,42.661606,0.0
-50.0,50,43.615234,0.0
-50.0,50,44.514755,0.0
-50.0,50,45.414445,0.0
-50.0,50,46.782493,0.0
-50.0,50,47.746101,0.0
-50.0,50,48.728049,0.0
-50.0,50,49.843426,0.0
-50.0,50,53.148095,0.0
-50.0,50,54.08161,0.0
-50.0,50,55.051336,0.0
-50.0,50,56.187272,0.0
-50.0,50,57.122313,0.0
-50.0,50,58.227868,0.0
-50.0,50,59.216014,0.0
-50.0,50,60.232741,0.0
-50.0,50,61.137897,0.0
-50.0,50,62.461086,0.0
-50.0,50,64.958543,0.0
-50.0,50,68.63969,0.0
-50.0,50,69.870935,0.0
-50.0,50,70.848686,0.0
-50.0,50,71.980123,0.0
-50.0,50,72.921925,0.0
-50.0,50,73.944496,0.0
-50.0,50,74.88656,0.0
-50.0,50,75.920354,0.0
-50.0,50,76.839662,0.0
-50.0,50,77.842839,0.0
-50.0,50,81.168332,0.0
-50.0,50,82.52494,0.0
-50.0,50,83.466119,0.0
-50.0,50,84.333612,0.0
-50.0,50,85.507481,0.0
-50.0,50,86.495733,0.0
-50.0,50,87.515178,0.0
-50.0,50,88.73316,0.0
-50.0,50,90.138022,0.0
-50.0,50,91.458279,0.0
-50.0,50,98.360405,0.0
-50.0,50,99.76126,0.0
-50.0,50,100.702441,0.0
-50.0,50,101.651279,0.0
-50.0,50,103.801426,0.0
-50.0,50,104.716451,0.0
-50.0,50,105.88796,0.0
-50.0,50,106.800354,0.0
-50.0,50,107.698814,0.0
-50.0,50,108.595426,0.0
-50.0,50,116.014287,0.0
-50.0,50,117.029269,0.0
-50.0,50,118.453371,0.0
-50.0,50,119.399622,0.0
-50.0,50,120.726907,0.0
-50.0,50,121.654909,0.0
-50.0,50,122.636261,0.0
-50.0,50,123.615407,0.0
-50.0,50,124.538614,0.0
-50.0,50,125.517099,0.0
-50.0,50,127.307493,0.0
-50.0,50,133.914865,0.0
-50.0,50,134.852331,0.0
-50.0,50,136.172172,0.0
-50.0,50,137.152272,0.0
-50.0,50,138.711484,0.0
-50.0,50,139.702295,0.0
-50.0,50,140.669482,0.0
-50.0,50,141.916276,0.0
-50.0,50,143.878855,0.0
-50.0,50,145.008441,0.0
-50.0,50,151.68014,0.0
-50.0,50,153.28166,0.0
-50.0,50,154.376318,0.0
-50.0,50,155.561035,0.0
-50.0,50,157.05247,0.0
-50.0,50,158.49965,0.0
-50.0,50,159.50649,0.0
-50.0,50,160.466911,0.0
-50.0,50,161.524986,0.0
-50.0,50,162.516134,0.0
-50.0,50,169.554114,0.0
-50.0,50,171.299843,0.0
-50.0,50,172.290553,0.0
-50.0,50,173.214595,0.0
-50.0,50,174.219837,0.0
-50.0,50,175.493514,0.0
-50.0,50,176.579432,0.0
-50.0,50,177.545531,0.0
-50.0,50,178.570933,0.0
-50.0,50,179.728521,0.0
-50.0,50,186.735558,0.0
-50.0,50,187.903727,0.0
-50.0,50,188.888227,0.0
-50.0,50,191.211794,0.0
-50.0,50,192.204474,0.0
-50.0,50,193.341443,0.0
-50.0,50,194.546909,0.0
-50.0,50,196.146824,0.0
-50.0,50,197.520702,0.0
-50.0,50,198.445572,0.0
-50.0,50,199.463623,0.0
-50.0,50,206.204646,0.0
-50.0,50,207.188534,0.0
-50.0,50,208.118021,0.0
-50.0,50,209.566303,0.0
-50.0,50,210.532879,0.0
-50.0,50,211.515458,0.0
-50.0,50,213.214435,0.0
-50.0,50,214.247753,0.0
-50.0,50,215.417214,0.0
-50.0,50,216.410864,0.0
-50.0,50,223.213375,0.0
-50.0,50,224.221967,0.0
-50.0,50,225.196937,0.0
-50.0,50,226.157959,0.0
-50.0,50,227.081939,0.0
-50.0,50,228.086738,0.0
-50.0,50,229.044082,0.0
-50.0,50,231.123202,0.0
-50.0,50,232.101365,0.0
-50.0,50,233.093465,0.0
-50.0,50,239.88673,0.0
-50.0,50,241.102496,0.0
-50.0,50,242.057692,0.0
-50.0,50,243.474068,0.0
-50.0,50,244.440116,0.0
-50.0,50,245.473323,0.0
-50.0,50,246.4667,0.0
-50.0,50,247.870702,0.0
-50.0,50,249.049541,0.0
-50.0,50,250.047129,0.0
-50.0,50,256.943553,0.0
-50.0,50,258.223986,0.0
-50.0,50,259.292235,0.0
-50.0,50,260.383494,0.0
-50.0,50,261.66152,0.0
-50.0,50,263.406786,0.0
-50.0,50,264.488852,0.0
-50.0,50,265.466111,0.0
-50.0,50,266.771268,0.0
-50.0,50,268.466359,0.0
-50.0,50,269.814942,0.0
-50.0,50,276.588692,0.0
-50.0,50,279.384013,0.0
-50.0,50,280.456616,0.0
-50.0,50,281.491054,0.0
-50.0,50,282.488369,0.0
-50.0,50,283.489499,0.0
-50.0,50,284.676016,0.0
-50.0,50,285.853241,0.0
-50.0,50,286.860349,0.0
-50.0,50,287.932339,0.0
-50.0,50,294.683208,0.0
-50.0,50,295.774034,0.0
-50.0,50,296.92843,0.0
-50.0,50,298.229537,0.0
-50.0,50,299.324764,0.0
-50.0,50,300.339681,0.0
-50.0,50,301.433949,0.0
-50.0,50,302.517882,0.0
-50.0,50,303.564658,0.0
-50.0,50,304.930914,0.0
-50.0,50,312.208848,0.0
-50.0,50,313.240705,0.0
-50.0,50,314.329416,0.0
-50.0,50,315.330809,0.0
-50.0,50,316.29912,0.0
-50.0,50,317.802628,0.0
-50.0,50,320.190489,0.0
-50.0,50,321.183095,0.0
-50.0,50,322.456415,0.0
-50.0,50,323.37952,0.0
-50.0,50,330.060931,0.0
-50.0,50,331.018811,0.0
-50.0,50,332.121118,0.0
-50.0,50,333.082723,0.0
-50.0,50,334.094354,0.0
-50.0,50,335.012662,0.0
-50.0,50,336.163679,0.0
-50.0,50,337.100237,0.0
-50.0,50,338.265364,0.0
-50.0,50,339.320265,0.0
-50.0,50,340.547195,0.0
-50.0,50,347.674374,0.0
-50.0,50,348.583534,0.0
-50.0,50,349.599109,0.0
-50.0,50,351.111238,0.0
-50.0,50,352.180024,0.0
-50.0,50,353.235678,0.0
-50.0,50,354.658705,0.0
-50.0,50,355.745355,0.0
-50.0,50,356.707245,0.0
-50.0,50,357.670897,0.0
-50.0,50,365.977332,0.0
-50.0,50,367.255066,0.0
-50.0,50,368.705897,0.0
-50.0,50,370.157793,0.0
-50.0,50,371.384661,0.0
-50.0,50,372.532268,0.0
-50.0,50,373.986597,0.0
-50.0,50,374.94789,0.0
-50.0,50,375.945477,0.0
-50.0,50,377.247411,0.0
-50.0,50,383.652031,0.0
-50.0,50,384.788985,0.0
-50.0,50,385.776004,0.0
-50.0,50,387.012239,0.0
-50.0,50,388.180574,0.0
-50.0,50,389.201905,0.0
-50.0,50,390.282351,0.0
-50.0,50,391.422934,0.0
-50.0,50,392.432441,0.0
-50.0,50,393.407027,0.0
-50.0,50,399.653244,0.0
-50.0,50,400.842222,0.0
-50.0,50,402.139993,0.0
-50.0,50,403.150108,0.0
-50.0,50,404.273261,0.0
-50.0,50,406.465196,0.0
-50.0,50,407.476408,0.0
-50.0,50,408.743737,0.0
-50.0,50,409.763748,0.0
-50.0,50,410.827998,0.0
-50.0,50,412.023732,0.0
-50.0,50,418.916624,0.0
-50.0,50,419.883816,0.0
-50.0,50,421.195126,0.0
-50.0,50,422.173174,0.0
-50.0,50,423.743951,0.0
-50.0,50,425.014537,0.0
-50.0,50,426.515127,0.0
-50.0,50,427.834249,0.0
-50.0,50,428.9109,0.0
-50.0,50,430.082637,0.0
-50.0,50,437.04671,0.0
-50.0,50,438.304059,0.0
-50.0,50,439.407612,0.0
-50.0,50,441.048342,0.0
-50.0,50,442.0668,0.0
-50.0,50,443.03146,0.0
-50.0,50,444.118735,0.0
-50.0,50,445.059579,0.0
-50.0,50,446.06784,0.0
-50.0,50,448.140816,0.0
-50.0,50,454.863295,0.0
-50.0,50,456.197793,0.0
-50.0,50,457.643201,0.0
-50.0,50,458.864348,0.0
-50.0,50,459.835335,0.0
-50.0,50,460.834673,0.0
-50.0,50,461.906624,0.0
-50.0,50,463.157623,0.0
-50.0,50,464.139093,0.0
-50.0,50,465.160092,0.0
-50.0,50,471.997354,0.0
-50.0,50,472.999425,0.0
-50.0,50,474.391599,0.0
-50.0,50,475.354848,0.0
-50.0,50,476.375838,0.0
-50.0,50,477.581906,0.0
-50.0,50,478.633599,0.0
-50.0,50,479.825514,0.0
-50.0,50,480.796768,0.0
-50.0,50,481.795803,0.0
-50.0,50,488.568357,0.0
-50.0,50,489.762984,0.0
-50.0,50,490.734279,0.0
-50.0,50,491.799734,0.0
-50.0,50,494.434713,0.0
-50.0,50,495.56725,0.0
-50.0,50,496.537884,0.0
-50.0,50,497.58199,0.0
-50.0,50,498.929973,0.0
-50.0,50,499.859643,0.0
-50.0,50,500.792243,0.0
-50.0,50,507.794324,0.0
-50.0,50,508.953512,0.0
-50.0,50,510.001685,0.0
-50.0,50,511.175962,0.0
-50.0,50,512.300787,0.0
-50.0,50,513.230232,0.0
-50.0,50,514.307839,0.0
-50.0,50,515.277951,0.0
-50.0,50,516.563162,0.0
-50.0,50,517.534651,0.0
-50.0,50,524.456243,0.0
-50.0,50,525.749654,0.0
-50.0,50,527.099362,0.0
-50.0,50,528.328197,0.0
-50.0,50,529.278346,0.0
-50.0,50,530.49398,0.0
-50.0,50,531.738133,0.0
-50.0,50,532.806937,0.0
-50.0,50,535.265222,0.0
-50.0,50,536.203026,0.0
-50.0,50,542.86674,0.0
-50.0,50,543.831406,0.0
-50.0,50,544.774241,0.0
-50.0,50,545.74185,0.0
-50.0,50,546.805139,0.0
-50.0,50,547.710521,0.0
-50.0,50,548.99978,0.0
-50.0,50,549.966106,0.0
-50.0,50,551.017432,0.0
-50.0,50,552.014976,0.0
-50.0,50,559.333112,0.0
-50.0,50,560.352287,0.0
-50.0,50,561.398037,0.0
-50.0,50,562.608362,0.0
-50.0,50,563.710149,0.0
-50.0,50,564.707784,0.0
-50.0,50,565.846674,0.0
-50.0,50,566.807053,0.0
-50.0,50,567.990942,0.0
-50.0,50,568.954799,0.0
-50.0,50,570.038683,0.0
-50.0,50,576.719504,0.0
-50.0,50,577.646289,0.0
-50.0,50,580.365262,0.0
-50.0,50,581.696752,0.0
-50.0,50,582.894171,0.0
-50.0,50,583.888496,0.0
-50.0,50,584.933207,0.0
-50.0,50,586.036732,0.0
-50.0,50,586.94836,0.0
-50.0,50,587.879897,0.0
-50.0,50,594.617832,0.0
-50.0,50,595.66875,0.0
-50.0,50,596.862542,0.0
-50.0,50,598.033629,0.0
-50.0,50,599.03592,0.0
-50.0,50,599.972429,0.0
-50.0,50,600.953122,0.0
-50.0,50,601.999418,0.0
-50.0,50,603.298107,0.0
-50.0,50,604.231698,0.0
-50.0,50,611.178986,0.0
-50.0,50,612.170581,0.0
-50.0,50,613.122737,0.0
-50.0,50,614.131398,0.0
-50.0,50,615.154581,0.0
-50.0,50,616.274037,0.0
-50.0,50,617.460746,0.0
-50.0,50,619.429088,0.0
-50.0,50,620.411788,0.0
-50.0,50,621.662921,0.0
-50.0,50,628.409586,0.0
-50.0,50,629.558839,0.0
-50.0,50,630.611199,0.0
-50.0,50,631.932552,0.0
-50.0,50,633.132069,0.0
-50.0,50,634.350281,0.0
-50.0,50,635.716458,0.0
-50.0,50,636.712145,0.0
-50.0,50,637.664222,0.0
-50.0,50,638.621211,0.0
-50.0,50,640.050111,0.0
-50.0,50,646.744501,0.0
-50.0,50,647.734723,0.0
-50.0,50,648.968945,0.0
-50.0,50,650.194595,0.0
-50.0,50,651.165774,0.0
-50.0,50,652.130188,0.0
-50.0,50,653.037894,0.0
-50.0,50,654.068067,0.0
-50.0,50,655.198534,0.0
-50.0,50,656.665964,0.0
-50.0,50,663.484597,0.0
-50.0,50,665.97918,0.0
-50.0,50,667.111955,0.0
-50.0,50,668.499958,0.0
-50.0,50,669.515268,0.0
-50.0,50,670.697486,0.0
-50.0,50,671.689558,0.0
-50.0,50,672.839452,0.0
-50.0,50,673.843236,0.0
-50.0,50,674.847412,0.0
-50.0,50,681.673311,0.0
-50.0,50,682.684551,0.0
-50.0,50,683.842237,0.0
-50.0,50,684.903289,0.0
-50.0,50,686.192955,0.0
-50.0,50,687.153826,0.0
-50.0,50,688.320911,0.0
-50.0,50,689.349999,0.0
-50.0,50,690.837115,0.0
-50.0,50,692.013944,0.0
-50.0,50,698.688898,0.0
-50.0,50,699.784421,0.0
-50.0,50,700.80115,0.0
-50.0,50,701.748976,0.0
-50.0,50,702.683947,0.0
-50.0,50,703.819074,0.0
-50.0,50,705.775514,0.0
-50.0,50,707.268847,0.0
-50.0,50,708.522714,0.0
-50.0,50,709.517652,0.0
-50.0,50,710.788681,0.0
-50.0,50,717.482059,0.0
-50.0,50,718.967832,0.0
-50.0,50,720.493686,0.0
-50.0,50,721.452322,0.0
-50.0,50,722.627304,0.0
-50.0,50,723.835392,0.0
-50.0,50,724.831987,0.0
-50.0,50,726.396934,0.0
-50.0,50,727.563661,0.0
-50.0,50,728.507612,0.0
-50.0,50,735.2178,0.0
-50.0,50,736.151139,0.0
-50.0,50,737.378472,0.0
-50.0,50,738.442363,0.0
-50.0,50,739.728925,0.0
-50.0,50,740.865461,0.0
-50.0,50,741.848835,0.0
-50.0,50,743.089666,0.0
-50.0,50,744.427688,0.0
-50.0,50,745.623304,0.0
-50.0,50,753.365528,0.0
-50.0,50,754.802421,0.0
-50.0,50,756.092946,0.0
-50.0,50,757.268183,0.0
-50.0,50,758.324856,0.0
-50.0,50,759.332325,0.0
-50.0,50,760.374923,0.0
-50.0,50,761.74133,0.0
-50.0,50,763.461158,0.0
-50.0,50,764.765464,0.0
-50.0,50,771.902472,0.0
-50.0,50,772.902157,0.0
-50.0,50,774.144585,0.0
-50.0,50,775.51367,0.0
-50.0,50,776.503894,0.0
-50.0,50,777.813387,0.0
-50.0,50,778.852305,0.0
-50.0,50,779.9807,0.0
-50.0,50,781.011181,0.0
-50.0,50,782.015116,0.0
-50.0,50,783.014569,0.0
-50.0,50,790.090601,0.0
-50.0,50,791.334786,0.0
-50.0,50,792.298564,0.0
-50.0,50,793.303841,0.0
-50.0,50,795.41075,0.0
-50.0,50,796.436267,0.0
-50.0,50,798.145145,0.0
-50.0,50,799.437809,0.0
-50.0,50,800.445815,0.0
-50.0,50,801.951496,0.0
-50.0,50,808.763126,0.0
-50.0,50,809.745075,0.0
-50.0,50,810.790473,0.0
-50.0,50,811.788679,0.0
-50.0,50,812.830961,0.0
-50.0,50,814.037777,0.0
-50.0,50,815.631495,0.0
-50.0,50,817.134175,0.0
-50.0,50,818.309652,0.0
-50.0,50,819.531895,0.0
-50.0,50,826.633613,0.0
-50.0,50,827.692028,0.0
-50.0,50,828.817464,0.0
-50.0,50,830.635576,0.0
-50.0,50,831.640891,0.0
-50.0,50,832.627468,0.0
-50.0,50,833.633906,0.0
-50.0,50,834.650457,0.0
-50.0,50,835.930151,0.0
-50.0,50,838.000008,0.0
-50.0,50,844.829285,0.0
-50.0,50,846.0715,0.0
-50.0,50,847.256223,0.0
-50.0,50,848.287349,0.0
-50.0,50,849.412016,0.0
-50.0,50,850.858626,0.0
-50.0,50,851.899561,0.0
-50.0,50,852.871801,0.0
-50.0,50,853.894759,0.0
-50.0,50,854.878007,0.0
-50.0,50,855.895496,0.0
-50.0,50,862.772699,0.0
-50.0,50,863.860766,0.0
-50.0,50,864.895487,0.0
-50.0,50,866.199121,0.0
-50.0,50,867.254409,0.0
-50.0,50,868.237527,0.0
-50.0,50,869.261128,0.0
-50.0,50,870.634889,0.0
-50.0,50,871.646635,0.0
-50.0,50,872.833569,0.0
-50.0,50,879.674123,0.0
-50.0,50,880.660386,0.0
-50.0,50,881.6459,0.0
-50.0,50,883.84749,0.0
-50.0,50,884.945825,0.0
-50.0,50,886.16626,0.0
-50.0,50,887.136369,0.0
-50.0,50,888.558508,0.0
-50.0,50,889.559002,0.0
-50.0,50,890.930399,0.0
-50.0,50,897.770614,0.0
-50.0,50,898.915414,0.0
-50.0,50,899.934947,0.0
-50.0,50,901.112339,0.0
-50.0,50,902.252735,0.0
-50.0,50,903.430297,0.0
-50.0,50,904.462267,0.0
-50.0,50,905.641275,0.0
-50.0,50,906.935975,0.0
-50.0,50,908.048013,0.0
-50.0,50,914.782513,0.0
-50.0,50,916.262806,0.0
-50.0,50,917.406474,0.0
-50.0,50,918.554088,0.0
-50.0,50,919.55878,0.0
-50.0,50,920.506786,0.0
-50.0,50,921.697992,0.0
-50.0,50,922.948401,0.0
-50.0,50,925.635883,0.0
-50.0,50,926.835355,0.0
-50.0,50,933.803109,0.0
-50.0,50,934.974952,0.0
-50.0,50,936.491027,0.0
-50.0,50,937.480721,0.0
-50.0,50,938.905346,0.0
-50.0,50,940.539967,0.0
-50.0,50,942.270402,0.0
-50.0,50,943.365282,0.0
-50.0,50,944.610064,0.0
-50.0,50,945.835621,0.0
-50.0,50,946.930396,0.0
-50.0,50,953.831776,0.0
-50.0,50,954.808742,0.0
-50.0,50,956.00781,0.0
-50.0,50,957.124906,0.0
-50.0,50,958.582706,0.0
-50.0,50,959.772418,0.0
-50.0,50,960.966234,0.0
-50.0,50,962.273747,0.0
-50.0,50,963.306001,0.0
-50.0,50,964.394985,0.0
-50.0,50,971.214406,0.0
-50.0,50,972.463776,0.0
-50.0,50,974.437729,0.0
-50.0,50,975.406255,0.0
-50.0,50,976.476382,0.0
-50.0,50,977.625098,0.0
-50.0,50,978.805697,0.0
-50.0,50,979.733662,0.0
-50.0,50,981.020937,0.0
-50.0,50,982.180213,0.0
-50.0,50,989.057445,0.0
-50.0,50,990.244539,0.0
-50.0,50,991.458766,0.0
-50.0,50,992.388441,0.0
-50.0,50,993.775861,0.0
-50.0,50,994.86428,0.0
-50.0,50,995.875425,0.0
-50.0,50,997.218611,0.0
-50.0,50,998.268669,0.0
-50.0,50,999.391752,0.0
-50.0,50,1006.429995,0.0
-50.0,50,1007.698715,0.0
-50.0,50,1008.992555,0.0
-50.0,50,1010.429254,0.0
-50.0,50,1011.504639,0.0
-50.0,50,1012.516241,0.0
-50.0,50,1013.546844,0.0
-50.0,50,1016.024129,0.0
-50.0,50,1017.103575,0.0
-50.0,50,1018.221384,0.0
-50.0,50,1019.486928,0.0
-50.0,50,1026.618242,0.0
-50.0,50,1027.653949,0.0
-50.0,50,1028.968516,0.0
-50.0,50,1029.939766,0.0
-50.0,50,1031.366144,0.0
-50.0,50,1032.389305,0.0
-50.0,50,1033.359488,0.0
-50.0,50,1034.775091,0.0
-50.0,50,1035.726917,0.0
-50.0,50,1036.890208,0.0
-50.0,50,1043.87001,0.0
-50.0,50,1045.372802,0.0
-50.0,50,1046.7121,0.0
-50.0,50,1047.764582,0.0
-50.0,50,1048.807301,0.0
-50.0,50,1050.036216,0.0
-50.0,50,1051.097171,0.0
-50.0,50,1052.055527,0.0
-50.0,50,1053.303134,0.0
-50.0,50,1054.685244,0.0
-50.0,50,1061.665359,0.0
-50.0,50,1064.041015,0.0
-50.0,50,1065.178482,0.0
-50.0,50,1066.250973,0.0
-50.0,50,1067.569268,0.0
-50.0,50,1068.604009,0.0
-50.0,50,1069.655932,0.0
-50.0,50,1070.737541,0.0
-50.0,50,1072.042417,0.0
-50.0,50,1073.375812,0.0
-50.0,50,1080.71371,0.0
-50.0,50,1082.066747,0.0
-50.0,50,1083.19666,0.0
-50.0,50,1084.338185,0.0
-50.0,50,1085.690799,0.0
-50.0,50,1087.0676,0.0
-50.0,50,1088.088369,0.0
-50.0,50,1089.243424,0.0
-50.0,50,1090.788987,0.0
-50.0,50,1091.904276,0.0
-50.0,50,1093.251001,0.0
-50.0,50,1100.043273,0.0
-50.0,50,1101.297782,0.0
-50.0,50,1102.600144,0.0
-50.0,50,1103.781842,0.0
-50.0,50,1104.890132,0.0
-50.0,50,1107.19508,0.0
-50.0,50,1108.1672,0.0
-50.0,50,1109.089891,0.0
-50.0,50,1110.220462,0.0
-50.0,50,1111.311361,0.0
-50.0,50,1118.024171,0.0
-50.0,50,1119.051528,0.0
-50.0,50,1120.959342,0.0
-50.0,50,1122.060809,0.0
-50.0,50,1123.587931,0.0
-50.0,50,1125.152192,0.0
-50.0,50,1126.604763,0.0
-50.0,50,1127.829807,0.0
-50.0,50,1129.110856,0.0
-50.0,50,1130.29089,0.0
-50.0,50,1137.037048,0.0
-50.0,50,1138.17286,0.0
-50.0,50,1139.282479,0.0
-50.0,50,1140.534223,0.0
-50.0,50,1141.839383,0.0
-50.0,50,1143.016716,0.0
-50.0,50,1144.122221,0.0
-50.0,50,1145.139939,0.0
-50.0,50,1146.31603,0.0
-50.0,50,1147.488875,0.0
-50.0,50,1155.234537,0.0
-50.0,50,1156.972563,0.0
-50.0,50,1158.052458,0.0
-50.0,50,1159.088349,0.0
-50.0,50,1160.131373,0.0
-50.0,50,1161.20419,0.0
-50.0,50,1162.266038,0.0
-50.0,50,1163.508258,0.0
-50.0,50,1164.713257,0.0
-50.0,50,1165.720181,0.0
-50.0,50,1167.165106,0.0
-50.0,50,1174.059531,0.0
-50.0,50,1175.233809,0.0
-50.0,50,1176.370596,0.0
-50.0,50,1177.359572,0.0
-50.0,50,1178.675895,0.0
-50.0,50,1179.888064,0.0
-50.0,50,1180.861285,0.0
-50.0,50,1181.822285,0.0
-50.0,50,1182.908247,0.0
-50.0,50,1183.929295,0.0
-50.0,50,1190.653623,0.0
-50.0,50,1191.649915,0.0
-50.0,50,1192.779261,0.0
-50.0,50,1194.057348,0.0
-50.0,50,1196.553576,0.0
-50.0,50,1197.640383,0.0
-50.0,50,1198.674214,0.0
-50.0,50,1199.78059,0.0
-50.0,50,1200.930135,0.0
-50.0,50,1202.076984,0.0
-50.0,50,1209.038637,0.0
-50.0,50,1210.318119,0.0
-50.0,50,1211.558347,0.0
-50.0,50,1212.566867,0.0
-50.0,50,1213.650035,0.0
-50.0,50,1214.722335,0.0
-50.0,50,1215.777238,0.0
-50.0,50,1217.007782,0.0
-50.0,50,1218.181589,0.0
-50.0,50,1219.689145,0.0
-50.0,50,1226.577493,0.0
-50.0,50,1227.599622,0.0
-50.0,50,1228.852368,0.0
-50.0,50,1230.08132,0.0
-50.0,50,1231.222256,0.0
-50.0,50,1232.301102,0.0
-50.0,50,1233.483897,0.0
-50.0,50,1234.923628,0.0
-50.0,50,1236.071197,0.0
-50.0,50,1238.228889,0.0
-50.0,50,1239.436247,0.0
-50.0,50,1246.874431,0.0
-50.0,50,1248.107929,0.0
-50.0,50,1249.232622,0.0
-50.0,50,1250.828484,0.0
-50.0,50,1251.956057,0.0
-50.0,50,1253.040957,0.0
-50.0,50,1254.186532,0.0
-50.0,50,1255.379159,0.0
-50.0,50,1256.593107,0.0
-50.0,50,1258.146108,0.0
-50.0,50,1264.966942,0.0
-50.0,50,1266.178824,0.0
-50.0,50,1267.360014,0.0
-50.0,50,1268.53732,0.0
-50.0,50,1269.739682,0.0
-50.0,50,1270.780807,0.0
-50.0,50,1271.838887,0.0
-50.0,50,1273.046073,0.0
-50.0,50,1274.29393,0.0
-50.0,50,1275.535092,0.0
-50.0,50,1282.962134,0.0
-50.0,50,1284.181999,0.0
-50.0,50,1285.650395,0.0
-50.0,50,1287.662013,0.0
-50.0,50,1288.604776,0.0
-50.0,50,1289.713143,0.0
-50.0,50,1290.987068,0.0
-50.0,50,1291.989847,0.0
-50.0,50,1292.960199,0.0
-50.0,50,1294.259732,0.0
-50.0,50,1301.090818,0.0
-50.0,50,1302.21426,0.0
-50.0,50,1303.692662,0.0
-50.0,50,1305.006142,0.0
-50.0,50,1306.23549,0.0
-50.0,50,1307.362809,0.0
-50.0,50,1308.563788,0.0
-50.0,50,1309.692135,0.0
-50.0,50,1311.002947,0.0
-50.0,50,1312.052615,0.0
-50.0,50,1313.037819,0.0
-50.0,50,1319.939502,0.0
-50.0,50,1321.120095,0.0
-50.0,50,1322.246775,0.0
-50.0,50,1323.545688,0.0
-50.0,50,1325.026807,0.0
-50.0,50,1326.279264,0.0
-50.0,50,1327.591702,0.0
-50.0,50,1330.069121,0.0
-50.0,50,1331.44313,0.0
-50.0,50,1332.61435,0.0
-50.0,50,1339.404892,0.0
-50.0,50,1340.463682,0.0
-50.0,50,1341.65087,0.0
-50.0,50,1342.946229,0.0
-50.0,50,1344.071458,0.0
-50.0,50,1345.288389,0.0
-50.0,50,1346.596834,0.0
-50.0,50,1347.882246,0.0
-50.0,50,1349.058928,0.0
-50.0,50,1350.096108,0.0
-50.0,50,1355.796777,0.0
-50.0,50,1357.349874,0.0
-50.0,50,1358.409196,0.0
-50.0,50,1359.57175,0.0
-50.0,50,1360.706314,0.0
-50.0,50,1361.857709,0.0
-50.0,50,1362.984176,0.0
-50.0,50,1364.166997,0.0
-50.0,50,1365.345296,0.0
-50.0,50,1366.689641,0.0
-50.0,50,1370.257564,0.0
-50.0,50,1371.285272,0.0
-50.0,50,1373.465362,0.0
-50.0,50,1374.822229,0.0
-50.0,50,1376.231296,0.0
-50.0,50,1377.317841,0.0
-50.0,50,1378.782072,0.0
-50.0,50,1379.798373,0.0
-50.0,50,1380.824875,0.0
-50.0,50,1382.28138,0.0
-50.0,50,1385.796667,0.0
-50.0,50,1386.825353,0.0
-50.0,50,1387.906131,0.0
-50.0,50,1388.963895,0.0
-50.0,50,1390.192288,0.0
-50.0,50,1391.332943,0.0
-50.0,50,1392.452401,0.0
-50.0,50,1393.439797,0.0
-50.0,50,1394.885767,0.0
-50.0,50,1395.951094,0.0
-50.0,50,1397.100758,0.0
-50.0,50,1400.579007,0.0
-50.0,50,1401.856777,0.0
-50.0,50,1402.91114,0.0
-50.0,50,1404.487586,0.0
-50.0,50,1405.521719,0.0
-50.0,50,1406.799586,0.0
-50.0,50,1409.996687,0.0
-50.0,50,1411.101058,0.0
-50.0,50,1412.258927,0.0
-50.0,50,1413.555608,0.0
-50.0,50,1420.586031,0.0
-50.0,50,1421.705234,0.0
-50.0,50,1422.805917,0.0
-50.0,50,1423.919225,0.0
-50.0,50,1425.15245,0.0
-50.0,50,1426.499763,0.0
-50.0,50,1427.604921,0.0
-50.0,50,1429.10199,0.0
-50.0,50,1430.36784,0.0
-50.0,50,1431.463484,0.0
-50.0,50,1438.551899,0.0
-50.0,50,1440.140191,0.0
-50.0,50,1441.431745,0.0
-50.0,50,1442.579541,0.0
-50.0,50,1443.930117,0.0
-50.0,50,1445.059908,0.0
-50.0,50,1446.193692,0.0
-50.0,50,1447.238222,0.0
-50.0,50,1448.415475,0.0
-50.0,50,1449.958751,0.0
-50.0,50,1457.02717,0.0
-50.0,50,1459.199651,0.0
-50.0,50,1460.333266,0.0
-50.0,50,1461.583584,0.0
-50.0,50,1462.938979,0.0
-50.0,50,1463.979255,0.0
-50.0,50,1465.400059,0.0
-50.0,50,1466.565886,0.0
-50.0,50,1467.57854,0.0
-50.0,50,1468.606872,0.0
-50.0,50,1469.799177,0.0
-50.0,50,1476.481661,0.0
-50.0,50,1477.42419,0.0
-50.0,50,1478.820656,0.0
-50.0,50,1479.888102,0.0
-50.0,50,1481.261158,0.0
-50.0,50,1483.015242,0.0
-50.0,50,1484.397535,0.0
-50.0,50,1485.463103,0.0
-50.0,50,1486.541795,0.0
-50.0,50,1487.587217,0.0
-50.0,50,1494.385891,0.0
-50.0,50,1495.6411,0.0
-50.0,50,1496.698542,0.0
-50.0,50,1497.805934,0.0
-50.0,50,1499.070652,0.0
-50.0,50,1501.179696,0.0
-50.0,50,1502.422362,0.0
-50.0,50,1503.963917,0.0
-50.0,50,1505.568572,0.0
-50.0,50,1506.653925,0.0
-50.0,50,1513.337788,0.0
-50.0,50,1514.46812,0.0
-50.0,50,1515.681709,0.0
-50.0,50,1517.076666,0.0
-50.0,50,1518.233549,0.0
-50.0,50,1519.318457,0.0
-50.0,50,1520.463785,0.0
-50.0,50,1521.673459,0.0
-50.0,50,1522.955001,0.0
-50.0,50,1524.077355,0.0
-50.0,50,1530.703532,0.0
-50.0,50,1531.856258,0.0
-50.0,50,1533.001837,0.0
-50.0,50,1534.05476,0.0
-50.0,50,1535.253812,0.0
-50.0,50,1536.319661,0.0
-50.0,50,1537.47514,0.0
-50.0,50,1538.750335,0.0
-50.0,50,1539.836644,0.0
-50.0,50,1540.892851,0.0
-50.0,50,1543.058755,0.0
-50.0,50,1549.986022,0.0
-50.0,50,1551.097255,0.0
-50.0,50,1552.155119,0.0
-50.0,50,1553.25532,0.0
-50.0,50,1554.559263,0.0
-50.0,50,1555.722822,0.0
-50.0,50,1556.70577,0.0
-50.0,50,1557.83326,0.0
-50.0,50,1558.884042,0.0
-50.0,50,1560.015512,0.0
-50.0,50,1566.730455,0.0
-50.0,50,1567.713707,0.0
-50.0,50,1568.845601,0.0
-50.0,50,1570.200229,0.0
-50.0,50,1571.241671,0.0
-50.0,50,1572.287263,0.0
-50.0,50,1573.31736,0.0
-50.0,50,1574.408866,0.0
-50.0,50,1575.757912,0.0
-50.0,50,1577.036298,0.0
-50.0,50,1584.104887,0.0
-50.0,50,1585.155735,0.0
-50.0,50,1586.529383,0.0
-50.0,50,1587.661664,0.0
-50.0,50,1590.303199,0.0
-50.0,50,1591.278118,0.0
-50.0,50,1592.276332,0.0
-50.0,50,1593.295883,0.0
-50.0,50,1594.726802,0.0
-50.0,50,1595.836416,0.0
-50.0,50,1602.901424,0.0
-50.0,50,1604.069182,0.0
-50.0,50,1605.278239,0.0
-50.0,50,1606.31328,0.0
-50.0,50,1607.560456,0.0
-50.0,50,1608.666817,0.0
-50.0,50,1609.893627,0.0
-50.0,50,1611.086462,0.0
-50.0,50,1612.302686,0.0
-50.0,50,1613.500799,0.0
-50.0,50,1615.192767,0.0
-50.0,50,1622.001575,0.0
-50.0,50,1623.093251,0.0
-50.0,50,1624.681662,0.0
-50.0,50,1625.978106,0.0
-50.0,50,1627.065898,0.0
-50.0,50,1628.158554,0.0
-50.0,50,1629.34003,0.0
-50.0,50,1630.74723,0.0
-50.0,50,1632.789751,0.0
-50.0,50,1634.224144,0.0
-50.0,50,1640.995704,0.0
-50.0,50,1642.24897,0.0
-50.0,50,1643.281802,0.0
-50.0,50,1644.30175,0.0
-50.0,50,1645.854916,0.0
-50.0,50,1647.092655,0.0
-50.0,50,1648.343306,0.0
-50.0,50,1649.377168,0.0
-50.0,50,1650.622524,0.0
-50.0,50,1652.042566,0.0
-50.0,50,1658.897765,0.0
-50.0,50,1660.144299,0.0
-50.0,50,1661.230935,0.0
-50.0,50,1662.248063,0.0
-50.0,50,1663.27108,0.0
-50.0,50,1664.238467,0.0
-50.0,50,1665.275364,0.0
-50.0,50,1666.355222,0.0
-50.0,50,1667.448101,0.0
-50.0,50,1668.418925,0.0
-50.0,50,1675.513863,0.0
-50.0,50,1676.441637,0.0
-50.0,50,1677.483113,0.0
-50.0,50,1679.855637,0.0
-50.0,50,1681.201652,0.0
-50.0,50,1682.263617,0.0
-50.0,50,1683.278675,0.0
-50.0,50,1684.456678,0.0
-50.0,50,1685.514557,0.0
-50.0,50,1686.772531,0.0
-50.0,50,1687.756678,0.0
-50.0,50,1694.558259,0.0
-50.0,50,1695.567098,0.0
-50.0,50,1696.694261,0.0
-50.0,50,1698.002272,0.0
-50.0,50,1699.189501,0.0
-50.0,50,1700.193099,0.0
-50.0,50,1701.32433,0.0
-50.0,50,1702.33688,0.0
-50.0,50,1703.390994,0.0
-50.0,50,1704.80422,0.0
-50.0,50,1711.5228,0.0
-50.0,50,1712.834567,0.0
-50.0,50,1713.923582,0.0
-50.0,50,1714.929293,0.0
-50.0,50,1716.254416,0.0
-50.0,50,1717.505955,0.0
-50.0,50,1718.487881,0.0
-50.0,50,1720.493826,0.0
-50.0,50,1721.604942,0.0
-50.0,50,1722.768219,0.0
-50.0,50,1729.779002,0.0
-50.0,50,1731.437819,0.0
-50.0,50,1732.560218,0.0
-50.0,50,1733.575299,0.0
-50.0,50,1734.645005,0.0
-50.0,50,1735.818437,0.0
-50.0,50,1736.893065,0.0
-50.0,50,1737.916253,0.0
-50.0,50,1739.158245,0.0
-50.0,50,1740.366207,0.0
-50.0,50,1747.457512,0.0
-50.0,50,1748.745099,0.0
-50.0,50,1749.929396,0.0
-50.0,50,1750.971621,0.0
-50.0,50,1752.043795,0.0
-50.0,50,1753.075073,0.0
-50.0,50,1754.121624,0.0
-50.0,50,1755.490789,0.0
-50.0,50,1756.539986,0.0
-50.0,50,1757.781995,0.0
-50.0,50,1758.922229,0.0
-50.0,50,1765.686179,0.0
-50.0,50,1767.922125,0.0
-50.0,50,1769.067905,0.0
-50.0,50,1770.246367,0.0
-50.0,50,1771.295756,0.0
-50.0,50,1772.492692,0.0
-50.0,50,1773.496095,0.0
-50.0,50,1774.941305,0.0
-50.0,50,1775.954927,0.0
-50.0,50,1777.038342,0.0
-50.0,50,1783.803813,0.0
-50.0,50,1784.73358,0.0
-50.0,50,1785.800833,0.0
-50.0,50,1786.873166,0.0
-50.0,50,1788.383378,0.0
-50.0,50,1789.592153,0.0
-50.0,50,1790.652646,0.0
-50.0,50,1791.700415,0.0
-50.0,50,1792.74576,0.0
-50.0,50,1793.742303,0.0
-50.0,50,1800.849789,0.0
-50.0,50,1802.129464,0.0
-50.0,50,1803.613707,0.0
-50.0,50,1804.636485,0.0
-50.0,50,1805.749413,0.0
-50.0,50,1806.934885,0.0
-50.0,50,1809.15355,0.0
-50.0,50,1810.613504,0.0
-50.0,50,1811.654056,0.0
-50.0,50,1812.987665,0.0
-50.0,50,1819.80332,0.0
-50.0,50,1820.81534,0.0
-50.0,50,1822.308733,0.0
-50.0,50,1823.385733,0.0
-50.0,50,1824.453177,0.0
-50.0,50,1825.88342,0.0
-50.0,50,1827.147802,0.0
-50.0,50,1828.093204,0.0
-50.0,50,1829.417657,0.0
-50.0,50,1830.552515,0.0
-50.0,50,1837.363686,0.0
-50.0,50,1838.572895,0.0
-50.0,50,1840.04375,0.0
-50.0,50,1841.162472,0.0
-50.0,50,1842.300563,0.0
-50.0,50,1843.331969,0.0
-50.0,50,1844.501493,0.0
-50.0,50,1845.730327,0.0
-50.0,50,1847.076977,0.0
-50.0,50,1848.139723,0.0
-50.0,50,1849.367601,0.0
-50.0,50,1857.472682,0.0
-50.0,50,1858.782467,0.0
-50.0,50,1859.816597,0.0
-50.0,50,1860.991775,0.0
-50.0,50,1862.545183,0.0
-50.0,50,1863.833965,0.0
-50.0,50,1864.862905,0.0
-50.0,50,1866.038615,0.0
-50.0,50,1867.18068,0.0
-50.0,50,1868.819383,0.0
-50.0,50,1875.617217,0.0
-50.0,50,1876.852347,0.0
-50.0,50,1878.242294,0.0
-50.0,50,1879.533067,0.0
-50.0,50,1881.176824,0.0
-50.0,50,1882.365293,0.0
-50.0,50,1883.435615,0.0
-50.0,50,1884.609258,0.0
-50.0,50,1885.684068,0.0
-50.0,50,1886.879533,0.0
-50.0,50,1893.767939,0.0
-50.0,50,1894.910309,0.0
-50.0,50,1896.357852,0.0
-50.0,50,1898.164579,0.0
-50.0,50,1899.245163,0.0
-50.0,50,1901.922068,0.0
-50.0,50,1903.313341,0.0
-50.0,50,1904.377043,0.0
-50.0,50,1905.447685,0.0
-50.0,50,1906.616872,0.0
-50.0,50,1913.650451,0.0
-50.0,50,1914.792867,0.0
-50.0,50,1915.758324,0.0
-50.0,50,1917.341501,0.0
-50.0,50,1918.392936,0.0
-50.0,50,1919.492792,0.0
-50.0,50,1920.635824,0.0
-50.0,50,1922.247075,0.0
-50.0,50,1923.397731,0.0
-50.0,50,1924.845085,0.0
-50.0,50,1926.262362,0.0
-50.0,50,1933.204006,0.0
-50.0,50,1934.278761,0.0
-50.0,50,1935.253036,0.0
-50.0,50,1936.9588,0.0
-50.0,50,1938.252572,0.0
-50.0,50,1939.826509,0.0
-50.0,50,1941.145272,0.0
-50.0,50,1942.33937,0.0
-50.0,50,1943.666855,0.0
-50.0,50,1945.631969,0.0
-50.0,50,1952.372453,0.0
-50.0,50,1953.50433,0.0
-50.0,50,1954.955551,0.0
-50.0,50,1956.078522,0.0
-50.0,50,1957.369982,0.0
-50.0,50,1958.394231,0.0
-50.0,50,1959.640751,0.0
-50.0,50,1960.686235,0.0
-50.0,50,1962.054385,0.0
-50.0,50,1963.067879,0.0
-50.0,50,1969.911436,0.0
-50.0,50,1970.963636,0.0
-50.0,50,1972.027206,0.0
-50.0,50,1973.005026,0.0
-50.0,50,1974.072036,0.0
-50.0,50,1975.553873,0.0
-50.0,50,1976.926231,0.0
-50.0,50,1977.895704,0.0
-50.0,50,1979.385545,0.0
-50.0,50,1980.797944,0.0
-50.0,50,1987.618088,0.0
-50.0,50,1988.904139,0.0
-50.0,50,1990.580541,0.0
-50.0,50,1991.662098,0.0
-50.0,50,1993.775178,0.0
-50.0,50,1994.924943,0.0
-50.0,50,1996.250054,0.0
-50.0,50,1997.557397,0.0
-50.0,50,1998.613107,0.0
-50.0,50,1999.792488,0.0
-50.0,50,2000.98,0.0
-50.0,50,2007.75171,0.0
-50.0,50,2009.26391,0.0
-50.0,50,2010.436095,0.0
-50.0,50,2011.439084,0.0
-50.0,50,2012.480799,0.0
-50.0,50,2013.973973,0.0
-50.0,50,2015.313472,0.0
-50.0,50,2016.664023,0.0
-50.0,50,2018.103209,0.0
-50.0,50,2019.273391,0.0
-50.0,50,2026.058176,0.0
-50.0,50,2027.363444,0.0
-50.0,50,2028.521671,0.0
-50.0,50,2029.795959,0.0
-50.0,50,2030.936068,0.0
-50.0,50,2031.983492,0.0
-50.0,50,2033.052615,0.0
-50.0,50,2034.108345,0.0
-50.0,50,2036.321572,0.0
-50.0,50,2037.437593,0.0
-50.0,50,2044.46597,0.0
-50.0,50,2045.52377,0.0
-50.0,50,2046.616191,0.0
-50.0,50,2048.053406,0.0
-50.0,50,2049.159297,0.0
-50.0,50,2050.195276,0.0
-50.0,50,2051.523781,0.0
-50.0,50,2052.937621,0.0
-50.0,50,2053.984567,0.0
-50.0,50,2055.118662,0.0
-50.0,50,2061.868259,0.0
-50.0,50,2063.347949,0.0
-50.0,50,2064.409682,0.0
-50.0,50,2065.545197,0.0
-50.0,50,2066.691905,0.0
-50.0,50,2067.706971,0.0
-50.0,50,2068.921508,0.0
-50.0,50,2070.134997,0.0
-50.0,50,2071.278737,0.0
-50.0,50,2072.98573,0.0
-50.0,50,2073.933698,0.0
-50.0,50,2080.735825,0.0
-50.0,50,2081.933816,0.0
-50.0,50,2084.067956,0.0
-50.0,50,2085.295555,0.0
-50.0,50,2086.355739,0.0
-50.0,50,2087.751447,0.0
-50.0,50,2089.448836,0.0
-50.0,50,2090.727123,0.0
-50.0,50,2092.247374,0.0
-50.0,50,2093.641968,0.0
-50.0,50,2100.904861,0.0
-50.0,50,2102.262651,0.0
-50.0,50,2103.352597,0.0
-50.0,50,2104.348897,0.0
-50.0,50,2105.506356,0.0
-50.0,50,2106.610482,0.0
-50.0,50,2107.699467,0.0
-50.0,50,2108.732442,0.0
-50.0,50,2110.059347,0.0
-50.0,50,2111.147457,0.0
-50.0,50,2118.04394,0.0
-50.0,50,2119.145558,0.0
-50.0,50,2120.508613,0.0
-50.0,50,2121.651687,0.0
-50.0,50,2122.83302,0.0
-50.0,50,2123.95966,0.0
-50.0,50,2125.38305,0.0
-50.0,50,2127.323143,0.0
-50.0,50,2128.653488,0.0
-50.0,50,2129.797414,0.0
-50.0,50,2136.562988,0.0
-50.0,50,2137.682326,0.0
-50.0,50,2138.739878,0.0
-50.0,50,2139.856945,0.0
-50.0,50,2140.907806,0.0
-50.0,50,2142.439125,0.0
-50.0,50,2143.593659,0.0
-50.0,50,2144.895848,0.0
-50.0,50,2146.388068,0.0
-50.0,50,2147.745602,0.0
-50.0,50,2148.8401,0.0
-50.0,50,2155.65508,0.0
-50.0,50,2156.784386,0.0
-50.0,50,2157.851398,0.0
-50.0,50,2159.033108,0.0
-50.0,50,2160.495368,0.0
-50.0,50,2161.716264,0.0
-50.0,50,2162.754789,0.0
-50.0,50,2164.257507,0.0
-50.0,50,2165.419684,0.0
-50.0,50,2166.541707,0.0
-50.0,50,2173.480086,0.0
-50.0,50,2175.692139,0.0
-50.0,50,2176.769349,0.0
-50.0,50,2177.942898,0.0
-50.0,50,2179.02742,0.0
-50.0,50,2180.587741,0.0
-50.0,50,2181.91707,0.0
-50.0,50,2183.030454,0.0
-50.0,50,2184.271127,0.0
-50.0,50,2185.574201,0.0
-50.0,50,2192.461794,0.0
-50.0,50,2193.631661,0.0
-50.0,50,2194.905552,0.0
-50.0,50,2196.43684,0.0
-50.0,50,2197.479357,0.0
-50.0,50,2198.851244,0.0
-50.0,50,2200.457995,0.0
-50.0,50,2202.272254,0.0
-50.0,50,2203.429449,0.0
-50.0,50,2204.518888,0.0
-50.0,50,2211.293929,0.0
-50.0,50,2212.354135,0.0
-50.0,50,2213.528421,0.0
-50.0,50,2214.982779,0.0
-50.0,50,2216.216216,0.0
-50.0,50,2217.255499,0.0
-50.0,50,2219.463268,0.0
-50.0,50,2220.520575,0.0
-50.0,50,2221.806004,0.0
-50.0,50,2222.993966,0.0
-50.0,50,2224.122304,0.0
-50.0,50,2230.911459,0.0
-50.0,50,2232.159955,0.0
-50.0,50,2233.188759,0.0
-50.0,50,2234.40255,0.0
-50.0,50,2235.532516,0.0
-50.0,50,2236.645581,0.0
-50.0,50,2237.772626,0.0
-50.0,50,2238.758536,0.0
-50.0,50,2240.134925,0.0
-50.0,50,2241.165017,0.0
-50.0,50,2248.397071,0.0
-50.0,50,2249.925655,0.0
-50.0,50,2250.874773,0.0
-50.0,50,2252.243551,0.0
-50.0,50,2253.31803,0.0
-50.0,50,2254.33457,0.0
-50.0,50,2255.715359,0.0
-50.0,50,2256.791826,0.0
-50.0,50,2258.072617,0.0
-50.0,50,2259.095269,0.0
-50.0,50,2267.188494,0.0
-50.0,50,2268.674326,0.0
-50.0,50,2269.742413,0.0
-50.0,50,2270.699511,0.0
-50.0,50,2271.766861,0.0
-50.0,50,2272.961007,0.0
-50.0,50,2274.233362,0.0
-50.0,50,2275.278764,0.0
-50.0,50,2276.659899,0.0
-50.0,50,2277.65908,0.0
-50.0,50,2284.571641,0.0
-50.0,50,2285.601652,0.0
-50.0,50,2286.666328,0.0
-50.0,50,2287.768258,0.0
-50.0,50,2288.774894,0.0
-50.0,50,2290.321933,0.0
-50.0,50,2291.616945,0.0
-50.0,50,2292.682238,0.0
-50.0,50,2293.683926,0.0
-50.0,50,2295.088342,0.0
-50.0,50,2301.911822,0.0
-50.0,50,2303.106221,0.0
-50.0,50,2304.711883,0.0
-50.0,50,2305.764703,0.0
-50.0,50,2307.302369,0.0
-50.0,50,2309.716421,0.0
-50.0,50,2310.769913,0.0
-50.0,50,2311.813763,0.0
-50.0,50,2312.865035,0.0
-50.0,50,2314.173546,0.0
-50.0,50,2315.529007,0.0
-50.0,50,2322.736542,0.0
-50.0,50,2323.771513,0.0
-50.0,50,2324.874249,0.0
-50.0,50,2326.471274,0.0
-50.0,50,2327.544922,0.0
-50.0,50,2328.536475,0.0
-50.0,50,2329.68633,0.0
-50.0,50,2331.000008,0.0
-50.0,50,2332.148314,0.0
-50.0,50,2333.37809,0.0
-50.0,50,2340.04593,0.0
-50.0,50,2341.032118,0.0
-50.0,50,2342.062137,0.0
-50.0,50,2343.041866,0.0
-50.0,50,2344.143272,0.0
-50.0,50,2345.189312,0.0
-50.0,50,2346.570512,0.0
-50.0,50,2347.847514,0.0
-50.0,50,2349.080096,0.0
-50.0,50,2351.38074,0.0
-50.0,50,2358.169457,0.0
-50.0,50,2359.219702,0.0
-50.0,50,2360.241451,0.0
-50.0,50,2362.284116,0.0
-50.0,50,2363.683536,0.0
-50.0,50,2364.765095,0.0
-50.0,50,2365.796887,0.0
-50.0,50,2367.498279,0.0
-50.0,50,2368.896148,0.0
-50.0,50,2370.423675,0.0
-50.0,50,2377.246308,0.0
-50.0,50,2378.575668,0.0
-50.0,50,2379.592498,0.0
-50.0,50,2380.805006,0.0
-50.0,50,2381.956877,0.0
-50.0,50,2383.081028,0.0
-50.0,50,2384.249321,0.0
-50.0,50,2385.957411,0.0
-50.0,50,2387.158684,0.0
-50.0,50,2388.239397,0.0
-50.0,50,2389.452399,0.0
-50.0,50,2396.166085,0.0
-50.0,50,2397.256774,0.0
-50.0,50,2398.3262,0.0
-50.0,50,2400.639904,0.0
-50.0,50,2401.7279,0.0
-50.0,50,2403.012252,0.0
-50.0,50,2404.088336,0.0
-50.0,50,2405.386836,0.0
-50.0,50,2406.431785,0.0
-50.0,50,2407.502923,0.0
-50.0,50,2414.505932,0.0
-50.0,50,2415.842128,0.0
-50.0,50,2417.000087,0.0
-50.0,50,2418.261787,0.0
-50.0,50,2419.227677,0.0
-50.0,50,2420.243692,0.0
-50.0,50,2421.275659,0.0
-50.0,50,2422.313321,0.0
-50.0,50,2423.62677,0.0
-50.0,50,2424.887209,0.0
-50.0,50,2431.881249,0.0
-50.0,50,2433.128779,0.0
-50.0,50,2434.226627,0.0
-50.0,50,2435.475634,0.0
-50.0,50,2436.71497,0.0
-50.0,50,2437.739297,0.0
-50.0,50,2438.857088,0.0
-50.0,50,2440.121904,0.0
-50.0,50,2442.29626,0.0
-50.0,50,2443.330649,0.0
-50.0,50,2450.181113,0.0
-50.0,50,2451.313951,0.0
-50.0,50,2452.292452,0.0
-50.0,50,2453.45355,0.0
-50.0,50,2455.097013,0.0
-50.0,50,2456.470553,0.0
-50.0,50,2457.560629,0.0
-50.0,50,2459.124102,0.0
-50.0,50,2460.258488,0.0
-50.0,50,2461.491874,0.0
-50.0,50,2463.103335,0.0
-50.0,50,2470.190087,0.0
-50.0,50,2471.320165,0.0
-50.0,50,2472.493018,0.0
-50.0,50,2473.818174,0.0
-50.0,50,2474.978591,0.0
-50.0,50,2476.03578,0.0
-50.0,50,2477.617154,0.0
-50.0,50,2478.675755,0.0
-50.0,50,2479.679208,0.0
-50.0,50,2481.019516,0.0
-50.0,50,2487.791664,0.0
-50.0,50,2489.146221,0.0
-50.0,50,2491.679069,0.0
-50.0,50,2492.800053,0.0
-50.0,50,2494.066812,0.0
-50.0,50,2495.152755,0.0
-50.0,50,2496.218105,0.0
-50.0,50,2497.406511,0.0
-50.0,50,2498.494408,0.0
-50.0,50,2499.505505,0.0
-50.0,50,2506.254928,0.0
-50.0,50,2507.702186,0.0
-50.0,50,2509.114471,0.0
-50.0,50,2510.563976,0.0
-50.0,50,2511.955808,0.0
-50.0,50,2513.120569,0.0
-50.0,50,2514.322759,0.0
-50.0,50,2515.318147,0.0
-50.0,50,2516.326094,0.0
-50.0,50,2517.646394,0.0
-50.0,50,2524.437976,0.0
-50.0,50,2525.642256,0.0
-50.0,50,2526.723352,0.0
-50.0,50,2527.774358,0.0
-50.0,50,2529.28152,0.0
-50.0,50,2530.390373,0.0
-50.0,50,2531.614523,0.0
-50.0,50,2533.706372,0.0
-50.0,50,2534.795024,0.0
-50.0,50,2535.786305,0.0
-50.0,50,2536.947516,0.0
-50.0,50,2543.926562,0.0
-50.0,50,2544.95977,0.0
-50.0,50,2546.049111,0.0
-50.0,50,2547.355351,0.0
-50.0,50,2548.412281,0.0
-50.0,50,2549.532948,0.0
-50.0,50,2550.793755,0.0
-50.0,50,2551.818731,0.0
-50.0,50,2553.127973,0.0
-50.0,50,2554.243615,0.0
-50.0,50,2561.053764,0.0
-50.0,50,2562.231788,0.0
-50.0,50,2563.313861,0.0
-50.0,50,2564.386064,0.0
-50.0,50,2565.387831,0.0
-50.0,50,2566.380087,0.0
-50.0,50,2567.675019,0.0
-50.0,50,2568.736303,0.0
-50.0,50,2569.846259,0.0
-50.0,50,2571.279298,0.0
-50.0,50,2578.419243,0.0
-50.0,50,2580.643066,0.0
-50.0,50,2581.712198,0.0
-50.0,50,2582.963886,0.0
-50.0,50,2584.078108,0.0
-50.0,50,2585.079894,0.0
-50.0,50,2586.457886,0.0
-50.0,50,2587.731715,0.0
-50.0,50,2588.796601,0.0
-50.0,50,2590.119838,0.0
-50.0,50,2597.197282,0.0
-50.0,50,2599.134366,0.0
-50.0,50,2600.462417,0.0
-50.0,50,2601.401923,0.0
-50.0,50,2602.771698,0.0
-50.0,50,2604.066974,0.0
-50.0,50,2605.230208,0.0
-50.0,50,2606.281976,0.0
-50.0,50,2607.830152,0.0
-50.0,50,2609.191691,0.0
-50.0,50,2610.25403,0.0
-50.0,50,2616.954019,0.0
-50.0,50,2617.973484,0.0
-50.0,50,2619.404024,0.0
-50.0,50,2620.704794,0.0
-50.0,50,2622.004766,0.0
-50.0,50,2624.123386,0.0
-50.0,50,2625.362144,0.0
-50.0,50,2626.829809,0.0
-50.0,50,2628.108595,0.0
-50.0,50,2629.583896,0.0
-50.0,50,2636.501529,0.0
-50.0,50,2637.820966,0.0
-50.0,50,2639.275616,0.0
-50.0,50,2640.54316,0.0
-50.0,50,2641.794071,0.0
-50.0,50,2642.838123,0.0
-50.0,50,2644.072599,0.0
-50.0,50,2645.204765,0.0
-50.0,50,2646.523547,0.0
-50.0,50,2647.719736,0.0
-50.0,50,2654.623686,0.0
-50.0,50,2655.789501,0.0
-50.0,50,2656.945466,0.0
-50.0,50,2658.34842,0.0
-50.0,50,2659.39318,0.0
-50.0,50,2660.554993,0.0
-50.0,50,2661.65573,0.0
-50.0,50,2662.79608,0.0
-50.0,50,2664.060444,0.0
-50.0,50,2665.208312,0.0
-50.0,50,2672.845262,0.0
-50.0,50,2673.921951,0.0
-50.0,50,2675.432868,0.0
-50.0,50,2676.455468,0.0
-50.0,50,2677.669409,0.0
-50.0,50,2678.693524,0.0
-50.0,50,2680.048459,0.0
-50.0,50,2681.326298,0.0
-50.0,50,2682.46601,0.0
-50.0,50,2683.792936,0.0
-50.0,50,2685.044239,0.0
-50.0,50,2691.870293,0.0
-50.0,50,2692.928911,0.0
-50.0,50,2693.954647,0.0
-50.0,50,2695.737781,0.0
-50.0,50,2697.076401,0.0
-50.0,50,2698.278825,0.0
-50.0,50,2699.576678,0.0
-50.0,50,2700.692948,0.0
-50.0,50,2702.063844,0.0
-50.0,50,2703.60635,0.0
-50.0,50,2710.385302,0.0
-50.0,50,2711.570491,0.0
-50.0,50,2712.773236,0.0
-50.0,50,2713.98721,0.0
-50.0,50,2716.142907,0.0
-50.0,50,2717.175294,0.0
-50.0,50,2718.240572,0.0
-50.0,50,2719.406782,0.0
-50.0,50,2720.492515,0.0
-50.0,50,2721.639961,0.0
-50.0,50,2728.492969,0.0
-50.0,50,2729.465322,0.0
-50.0,50,2730.508983,0.0
-50.0,50,2731.553467,0.0
-50.0,50,2732.59054,0.0
-50.0,50,2734.073846,0.0
-50.0,50,2735.413957,0.0
-50.0,50,2736.771016,0.0
-50.0,50,2738.023457,0.0
-50.0,50,2739.450428,0.0
-50.0,50,2746.279704,0.0
-50.0,50,2747.310232,0.0
-50.0,50,2748.331082,0.0
-50.0,50,2749.705598,0.0
-50.0,50,2750.926938,0.0
-50.0,50,2751.980294,0.0
-50.0,50,2753.090634,0.0
-50.0,50,2754.16243,0.0
-50.0,50,2755.191449,0.0
-50.0,50,2757.535583,0.0
-50.0,50,2764.530487,0.0
-50.0,50,2765.571761,0.0
-50.0,50,2766.688985,0.0
-50.0,50,2767.962152,0.0
-50.0,50,2768.949306,0.0
-50.0,50,2769.895324,0.0
-50.0,50,2771.211192,0.0
-50.0,50,2772.43502,0.0
-50.0,50,2773.536798,0.0
-50.0,50,2774.631888,0.0
-50.0,50,2775.663232,0.0
-50.0,50,2782.410249,0.0
-50.0,50,2783.548019,0.0
-50.0,50,2784.62479,0.0
-50.0,50,2785.629924,0.0
-50.0,50,2786.651301,0.0
-50.0,50,2787.706377,0.0
-50.0,50,2788.737785,0.0
-50.0,50,2789.868203,0.0
-50.0,50,2791.22315,0.0
-50.0,50,2792.422504,0.0
-50.0,50,2799.352412,0.0
-50.0,50,2800.422906,0.0
-50.0,50,2801.362247,0.0
-50.0,50,2803.7733,0.0
-50.0,50,2804.840723,0.0
-50.0,50,2805.864934,0.0
-50.0,50,2806.909654,0.0
-50.0,50,2807.874161,0.0
-50.0,50,2809.094329,0.0
-50.0,50,2810.321776,0.0
-50.0,50,2817.238718,0.0
-50.0,50,2818.515405,0.0
-50.0,50,2819.883385,0.0
-50.0,50,2821.015802,0.0
-50.0,50,2822.114435,0.0
-50.0,50,2823.295819,0.0
-50.0,50,2824.379514,0.0
-50.0,50,2825.614838,0.0
-50.0,50,2827.203866,0.0
-50.0,50,2828.33529,0.0
-50.0,50,2835.295494,0.0
-50.0,50,2836.631859,0.0
-50.0,50,2837.792559,0.0
-50.0,50,2839.329527,0.0
-50.0,50,2840.539239,0.0
-50.0,50,2841.556498,0.0
-50.0,50,2842.601436,0.0
-50.0,50,2843.987189,0.0
-50.0,50,2846.59292,0.0
-50.0,50,2847.974619,0.0
-50.0,50,2849.088901,0.0
-50.0,50,2856.027513,0.0
-50.0,50,2857.580222,0.0
-50.0,50,2858.592635,0.0
-50.0,50,2859.719942,0.0
-50.0,50,2860.8619,0.0
-50.0,50,2862.363804,0.0
-50.0,50,2864.101821,0.0
-50.0,50,2865.697837,0.0
-50.0,50,2866.816014,0.0
-50.0,50,2868.223019,0.0
-50.0,50,2874.933175,0.0
-50.0,50,2875.980801,0.0
-50.0,50,2877.085034,0.0
-50.0,50,2878.119405,0.0
-50.0,50,2879.348858,0.0
-50.0,50,2880.545597,0.0
-50.0,50,2881.652968,0.0
-50.0,50,2883.186609,0.0
-50.0,50,2884.453418,0.0
-50.0,50,2885.512028,0.0
-50.0,50,2892.310738,0.0
-50.0,50,2893.431523,0.0
-50.0,50,2895.587021,0.0
-50.0,50,2896.844348,0.0
-50.0,50,2898.098019,0.0
-50.0,50,2899.265687,0.0
-50.0,50,2900.396695,0.0
-50.0,50,2901.610305,0.0
-50.0,50,2902.650148,0.0
-50.0,50,2903.660864,0.0
-50.0,50,2910.59109,0.0
-50.0,50,2911.732589,0.0
-50.0,50,2913.055006,0.0
-50.0,50,2914.22067,0.0
-50.0,50,2915.640637,0.0
-50.0,50,2916.783722,0.0
-50.0,50,2918.153935,0.0
-50.0,50,2919.351602,0.0
-50.0,50,2920.560768,0.0
-50.0,50,2921.814698,0.0
-50.0,50,2923.076529,0.0
-50.0,50,2929.839227,0.0
-50.0,50,2931.212533,0.0
-50.0,50,2932.673548,0.0
-50.0,50,2934.295862,0.0
-50.0,50,2935.395034,0.0
-50.0,50,2936.508865,0.0
-50.0,50,2938.433175,0.0
-50.0,50,2939.552938,0.0
-50.0,50,2941.037044,0.0
-50.0,50,2942.269871,0.0
-50.0,50,2949.121236,0.0
-50.0,50,2950.462347,0.0
-50.0,50,2951.74814,0.0
-50.0,50,2952.893216,0.0
-50.0,50,2954.204839,0.0
-50.0,50,2955.603643,0.0
-50.0,50,2956.736192,0.0
-50.0,50,2957.673796,0.0
-50.0,50,2958.974993,0.0
-50.0,50,2960.259986,0.0
-50.0,50,2967.014266,0.0
-50.0,50,2968.130862,0.0
-50.0,50,2969.278725,0.0
-50.0,50,2970.408859,0.0
-50.0,50,2971.589225,0.0
-50.0,50,2972.78236,0.0
-50.0,50,2973.935959,0.0
-50.0,50,2975.004457,0.0
-50.0,50,2976.318595,0.0
-50.0,50,2977.458059,0.0
-50.0,50,2984.220251,0.0
-50.0,50,2986.454604,0.0
-50.0,50,2987.476764,0.0
-50.0,50,2989.098526,0.0
-50.0,50,2990.333903,0.0
-50.0,50,2991.350117,0.0
-50.0,50,2992.521453,0.0
-50.0,50,2993.588051,0.0
-50.0,50,2995.112613,0.0
-50.0,50,2996.378152,0.0
-50.0,50,2997.641636,0.0
-50.0,50,3004.488199,0.0
-50.0,50,3005.52796,0.0
-50.0,50,3006.739821,0.0
-50.0,50,3007.944584,0.0
-50.0,50,3009.101717,0.0
-50.0,50,3010.486123,0.0
-50.0,50,3011.573088,0.0
-50.0,50,3012.850943,0.0
-50.0,50,3014.036657,0.0
-50.0,50,3015.331579,0.0
-50.0,50,3022.201244,0.0
-50.0,50,3023.284287,0.0
-50.0,50,3024.399425,0.0
-50.0,50,3025.629394,0.0
-50.0,50,3026.868752,0.0
-50.0,50,3029.021673,0.0
-50.0,50,3030.249227,0.0
-50.0,50,3031.35124,0.0
-50.0,50,3032.290128,0.0
-50.0,50,3033.246147,0.0
-50.0,50,3039.896443,0.0
-50.0,50,3040.969061,0.0
-50.0,50,3042.196933,0.0
-50.0,50,3043.365109,0.0
-50.0,50,3044.657718,0.0
-50.0,50,3045.798262,0.0
-50.0,50,3047.043398,0.0
-50.0,50,3048.168115,0.0
-50.0,50,3049.189578,0.0
-50.0,50,3050.398289,0.0
-50.0,50,3057.54582,0.0
-50.0,50,3058.672102,0.0
-50.0,50,3059.774963,0.0
-50.0,50,3061.376955,0.0
-50.0,50,3062.51925,0.0
-50.0,50,3064.101776,0.0
-50.0,50,3065.165666,0.0
-50.0,50,3066.48797,0.0
-50.0,50,3067.614895,0.0
-50.0,50,3068.751867,0.0
-50.0,50,3071.257648,0.0
-50.0,50,3078.307163,0.0
-50.0,50,3079.64638,0.0
-50.0,50,3081.401981,0.0
-50.0,50,3082.713961,0.0
-50.0,50,3083.781706,0.0
-50.0,50,3084.931445,0.0
-50.0,50,3086.08663,0.0
-50.0,50,3087.66715,0.0
-50.0,50,3088.824933,0.0
-50.0,50,3089.77193,0.0
-50.0,50,3096.405798,0.0
-50.0,50,3097.574997,0.0
-50.0,50,3098.874568,0.0
-50.0,50,3099.977991,0.0
-50.0,50,3101.112482,0.0
-50.0,50,3102.161317,0.0
-50.0,50,3103.254864,0.0
-50.0,50,3104.434916,0.0
-50.0,50,3105.610564,0.0
-50.0,50,3106.751463,0.0
-50.0,50,3113.756233,0.0
-50.0,50,3115.008054,0.0
-50.0,50,3116.152555,0.0
-50.0,50,3117.368839,0.0
-50.0,50,3119.254842,0.0
-50.0,50,3120.711221,0.0
-50.0,50,3121.86352,0.0
-50.0,50,3123.09028,0.0
-50.0,50,3124.098941,0.0
-50.0,50,3125.374388,0.0
-50.0,50,3132.27385,0.0
-50.0,50,3133.332988,0.0
-50.0,50,3134.416746,0.0
-50.0,50,3135.359824,0.0
-50.0,50,3136.407331,0.0
-50.0,50,3137.493685,0.0
-50.0,50,3138.495859,0.0
-50.0,50,3139.586581,0.0
-50.0,50,3140.553331,0.0
-50.0,50,3141.855776,0.0
-50.0,50,3142.986126,0.0
-50.0,50,3149.889192,0.0
-50.0,50,3151.075618,0.0
-50.0,50,3152.37098,0.0
-50.0,50,3153.463415,0.0
-50.0,50,3154.526857,0.0
-50.0,50,3155.887089,0.0
-50.0,50,3156.943213,0.0
-50.0,50,3158.051305,0.0
-50.0,50,3160.599885,0.0
-50.0,50,3162.209934,0.0
-50.0,50,3169.129752,0.0
-50.0,50,3170.230128,0.0
-50.0,50,3171.653387,0.0
-50.0,50,3172.755712,0.0
-50.0,50,3173.801213,0.0
-50.0,50,3174.91071,0.0
-50.0,50,3176.180924,0.0
-50.0,50,3177.238694,0.0
-50.0,50,3178.186055,0.0
-50.0,50,3179.215754,0.0
-50.0,50,3185.872572,0.0
-50.0,50,3187.256569,0.0
-50.0,50,3188.659686,0.0
-50.0,50,3189.776263,0.0
-50.0,50,3190.889987,0.0
-50.0,50,3192.325457,0.0
-50.0,50,3193.666426,0.0
-50.0,50,3194.898204,0.0
-50.0,50,3195.920583,0.0
-50.0,50,3197.166935,0.0
-50.0,50,3204.304978,0.0
-50.0,50,3205.80758,0.0
-50.0,50,3207.020185,0.0
-50.0,50,3209.434989,0.0
-50.0,50,3210.415934,0.0
-50.0,50,3211.626562,0.0
-50.0,50,3213.288647,0.0
-50.0,50,3214.436493,0.0
-50.0,50,3215.4205,0.0
-50.0,50,3216.530396,0.0
-50.0,50,3223.777415,0.0
-50.0,50,3224.919585,0.0
-50.0,50,3226.226895,0.0
-50.0,50,3227.422525,0.0
-50.0,50,3228.624581,0.0
-50.0,50,3229.941337,0.0
-50.0,50,3231.170134,0.0
-50.0,50,3232.316721,0.0
-50.0,50,3233.602961,0.0
-50.0,50,3234.710379,0.0
-50.0,50,3235.835986,0.0
-50.0,50,3242.745935,0.0
-50.0,50,3243.973819,0.0
-50.0,50,3245.464151,0.0
-50.0,50,3246.719475,0.0
-50.0,50,3247.986721,0.0
-50.0,50,3249.09348,0.0
-50.0,50,3250.578664,0.0
-50.0,50,3252.819507,0.0
-50.0,50,3254.345202,0.0
-50.0,50,3255.390328,0.0
-50.0,50,3261.375859,0.0
-50.0,50,3262.946794,0.0
-50.0,50,3264.09405,0.0
-50.0,50,3265.304997,0.0
-50.0,50,3266.552044,0.0
-50.0,50,3268.137457,0.0
-50.0,50,3269.648432,0.0
-50.0,50,3270.917376,0.0
-50.0,50,3271.970461,0.0
-50.0,50,3273.224403,0.0
-50.0,50,3280.119556,0.0
-50.0,50,3281.262911,0.0
-50.0,50,3282.391758,0.0
-50.0,50,3283.435006,0.0
-50.0,50,3284.525977,0.0
-50.0,50,3285.675021,0.0
-50.0,50,3287.053792,0.0
-50.0,50,3288.055126,0.0
-50.0,50,3289.06818,0.0
-50.0,50,3290.420778,0.0
-50.0,50,3297.497811,0.0
-50.0,50,3298.719174,0.0
-50.0,50,3300.674959,0.0
-50.0,50,3301.936161,0.0
-50.0,50,3303.162652,0.0
-50.0,50,3304.265756,0.0
-50.0,50,3305.483349,0.0
-50.0,50,3306.525633,0.0
-50.0,50,3307.942903,0.0
-50.0,50,3309.139702,0.0
-50.0,50,3310.196391,0.0
-50.0,50,3317.271428,0.0
-50.0,50,3319.19784,0.0
-50.0,50,3320.509114,0.0
-50.0,50,3321.74467,0.0
-50.0,50,3323.124133,0.0
-50.0,50,3324.341642,0.0
-50.0,50,3325.484598,0.0
-50.0,50,3327.100221,0.0
-50.0,50,3328.207241,0.0
-50.0,50,3329.145267,0.0
-50.0,50,3335.998628,0.0
-50.0,50,3337.049401,0.0
-50.0,50,3338.188997,0.0
-50.0,50,3339.278134,0.0
-50.0,50,3340.387016,0.0
-50.0,50,3341.353183,0.0
-50.0,50,3343.558469,0.0
-50.0,50,3344.653971,0.0
-50.0,50,3345.808621,0.0
-50.0,50,3346.806135,0.0
-50.0,50,3353.575773,0.0
-50.0,50,3355.076525,0.0
-50.0,50,3356.483044,0.0
-50.0,50,3357.61861,0.0
-50.0,50,3358.833599,0.0
-50.0,50,3359.788775,0.0
-50.0,50,3361.126776,0.0
-50.0,50,3362.264442,0.0
-50.0,50,3363.665936,0.0
-50.0,50,3365.265769,0.0
-50.0,50,3372.213522,0.0
-50.0,50,3373.309005,0.0
-50.0,50,3374.585278,0.0
-50.0,50,3375.640642,0.0
-50.0,50,3377.065948,0.0
-50.0,50,3378.1595,0.0
-50.0,50,3379.380201,0.0
-50.0,50,3380.72344,0.0
-50.0,50,3381.917694,0.0
-50.0,50,3383.198702,0.0
-50.0,50,3384.216129,0.0
-50.0,50,3392.069468,0.0
-50.0,50,3393.434845,0.0
-50.0,50,3395.009188,0.0
-50.0,50,3396.247301,0.0
-50.0,50,3397.623268,0.0
-50.0,50,3398.697757,0.0
-50.0,50,3399.960587,0.0
-50.0,50,3401.073186,0.0
-50.0,50,3402.231287,0.0
-50.0,50,3403.253069,0.0
-50.0,50,3409.976692,0.0
-50.0,50,3411.420668,0.0
-50.0,50,3412.616905,0.0
-50.0,50,3413.854075,0.0
-50.0,50,3415.058541,0.0
-50.0,50,3416.264008,0.0
-50.0,50,3417.389772,0.0
-50.0,50,3418.589118,0.0
-50.0,50,3419.838144,0.0
-50.0,50,3420.957231,0.0
-50.0,50,3428.120156,0.0
-50.0,50,3429.106003,0.0
-50.0,50,3430.283268,0.0
-50.0,50,3431.511919,0.0
-50.0,50,3432.851326,0.0
-50.0,50,3434.852385,0.0
-50.0,50,3435.976441,0.0
-50.0,50,3437.21483,0.0
-50.0,50,3438.810319,0.0
-50.0,50,3440.656489,0.0
-50.0,50,3447.761101,0.0
-50.0,50,3448.782064,0.0
-50.0,50,3449.805268,0.0
-50.0,50,3451.063382,0.0
-50.0,50,3452.180112,0.0
-50.0,50,3453.147128,0.0
-50.0,50,3454.338299,0.0
-50.0,50,3455.763829,0.0
-50.0,50,3457.308897,0.0
-50.0,50,3458.53197,0.0
-50.0,50,3459.775805,0.0
-50.0,50,3466.383844,0.0
-50.0,50,3467.496066,0.0
-50.0,50,3468.65036,0.0
-50.0,50,3470.252388,0.0
-50.0,50,3471.517725,0.0
-50.0,50,3472.92661,0.0
-50.0,50,3474.118192,0.0
-50.0,50,3475.458675,0.0
-50.0,50,3476.618939,0.0
-50.0,50,3479.158779,0.0
-50.0,50,3485.891851,0.0
-50.0,50,3487.240959,0.0
-50.0,50,3488.592716,0.0
-50.0,50,3489.929605,0.0
-50.0,50,3490.948186,0.0
-50.0,50,3491.93746,0.0
-50.0,50,3492.998835,0.0
-50.0,50,3494.163858,0.0
-50.0,50,3495.844186,0.0
-50.0,50,3497.538272,0.0
-50.0,50,3504.640204,0.0
-50.0,50,3505.70166,0.0
-50.0,50,3507.347421,0.0
-50.0,50,3508.522822,0.0
-50.0,50,3509.847856,0.0
-50.0,50,3511.15609,0.0
-50.0,50,3512.20909,0.0
-50.0,50,3513.673078,0.0
-50.0,50,3514.827566,0.0
-50.0,50,3516.195979,0.0
-50.0,50,3523.438694,0.0
-50.0,50,3524.618321,0.0
-50.0,50,3525.87099,0.0
-50.0,50,3526.999729,0.0
-50.0,50,3529.280792,0.0
-50.0,50,3530.401983,0.0
-50.0,50,3532.268315,0.0
-50.0,50,3533.73917,0.0
-50.0,50,3535.137303,0.0
-50.0,50,3536.970708,0.0
-50.0,50,3538.382481,0.0
-50.0,50,3545.195879,0.0
-50.0,50,3546.446774,0.0
-50.0,50,3547.43673,0.0
-50.0,50,3548.67537,0.0
-50.0,50,3550.139392,0.0
-50.0,50,3551.22043,0.0
-50.0,50,3552.201815,0.0
-50.0,50,3553.157377,0.0
-50.0,50,3554.26439,0.0
-50.0,50,3555.550432,0.0
-50.0,50,3562.474848,0.0
-50.0,50,3563.522113,0.0
-50.0,50,3564.844333,0.0
-50.0,50,3566.261764,0.0
-50.0,50,3567.394375,0.0
-50.0,50,3568.578408,0.0
-50.0,50,3569.568535,0.0
-50.0,50,3570.700036,0.0
-50.0,50,3572.890476,0.0
-50.0,50,3574.267014,0.0
-50.0,50,3581.122168,0.0
-50.0,50,3582.307812,0.0
-50.0,50,3583.60732,0.0
-50.0,50,3584.790107,0.0
-50.0,50,3585.971654,0.0
-50.0,50,3587.225605,0.0
-50.0,50,3588.434157,0.0
-50.0,50,3589.781598,0.0
-50.0,50,3591.440802,0.0
-50.0,50,3592.442044,0.0
-50.0,50,3599.215898,0.0
-50.0,50,3600.210919,0.0
-50.0,50,3601.454268,0.0
-50.0,50,3602.687153,0.0
-50.0,50,3604.37558,0.0
-50.0,50,3605.569697,0.0
-50.0,50,3606.702388,0.0
-50.0,50,3607.68853,0.0
-50.0,50,3608.821644,0.0
-50.0,50,3610.186413,0.0
-50.0,50,3611.317874,0.0
-50.0,50,3618.349456,0.0
-50.0,50,3619.475503,0.0
-50.0,50,3621.528149,0.0
-50.0,50,3622.991373,0.0
-50.0,50,3624.032129,0.0
-50.0,50,3625.151974,0.0
-50.0,50,3626.263962,0.0
-50.0,50,3627.553144,0.0
-50.0,50,3628.552381,0.0
-50.0,50,3629.669503,0.0
-50.0,50,3636.344756,0.0
-50.0,50,3637.570013,0.0
-50.0,50,3638.64899,0.0
-50.0,50,3640.120117,0.0
-50.0,50,3641.324994,0.0
-50.0,50,3642.797572,0.0
-50.0,50,3644.185961,0.0
-50.0,50,3645.279329,0.0
-50.0,50,3646.519812,0.0
-50.0,50,3647.738665,0.0
-50.0,50,3654.57948,0.0
-50.0,50,3655.570671,0.0
-50.0,50,3656.584692,0.0
-50.0,50,3657.652335,0.0
-50.0,50,3658.976299,0.0
-50.0,50,3660.121285,0.0
-50.0,50,3661.223203,0.0
-50.0,50,3664.142493,0.0
-50.0,50,3665.211438,0.0
-50.0,50,3666.39688,0.0
-50.0,50,3673.206727,0.0
-50.0,50,3674.231641,0.0
-50.0,50,3675.380416,0.0
-50.0,50,3676.453047,0.0
-50.0,50,3677.749741,0.0
-50.0,50,3679.199896,0.0
-50.0,50,3680.265472,0.0
-50.0,50,3681.297722,0.0
-50.0,50,3682.510455,0.0
-50.0,50,3683.721974,0.0
-50.0,50,3690.530375,0.0
-50.0,50,3691.549885,0.0
-50.0,50,3693.213694,0.0
-50.0,50,3694.573172,0.0
-50.0,50,3695.904959,0.0
-50.0,50,3696.946178,0.0
-50.0,50,3698.110682,0.0
-50.0,50,3699.087528,0.0
-50.0,50,3700.042517,0.0
-50.0,50,3701.240258,0.0
-50.0,50,3702.307629,0.0
-50.0,50,3708.963745,0.0
-50.0,50,3711.144277,0.0
-50.0,50,3712.169086,0.0
-50.0,50,3713.143076,0.0
-50.0,50,3714.358493,0.0
-50.0,50,3715.482048,0.0
-50.0,50,3716.593149,0.0
-50.0,50,3717.681404,0.0
-50.0,50,3718.852314,0.0
-50.0,50,3720.274491,0.0
-50.0,50,3727.556408,0.0
-50.0,50,3729.096278,0.0
-50.0,50,3730.801068,0.0
-50.0,50,3732.038226,0.0
-50.0,50,3733.499745,0.0
-50.0,50,3734.733175,0.0
-50.0,50,3735.815399,0.0
-50.0,50,3737.228951,0.0
-50.0,50,3738.740604,0.0
-50.0,50,3739.789181,0.0
-50.0,50,3746.645483,0.0
-50.0,50,3747.706931,0.0
-50.0,50,3748.904337,0.0
-50.0,50,3750.210618,0.0
-50.0,50,3751.417419,0.0
-50.0,50,3752.716682,0.0
-50.0,50,3754.843287,0.0
-50.0,50,3755.937006,0.0
-50.0,50,3757.027163,0.0
-50.0,50,3758.466141,0.0
-50.0,50,3762.509606,0.0
-50.0,50,3763.575602,0.0
-50.0,50,3764.498266,0.0
-50.0,50,3766.078184,0.0
-50.0,50,3767.258944,0.0
-50.0,50,3768.309373,0.0
-50.0,50,3769.46558,0.0
-50.0,50,3770.711036,0.0
-50.0,50,3771.88365,0.0
-50.0,50,3773.327936,0.0
-50.0,50,3774.862772,0.0
-50.0,50,3778.948488,0.0
-50.0,50,3779.991531,0.0
-50.0,50,3781.392164,0.0
-50.0,50,3782.691495,0.0
-50.0,50,3783.742128,0.0
-50.0,50,3784.840719,0.0
-50.0,50,3785.839927,0.0
-50.0,50,3786.808812,0.0
-50.0,50,3787.96438,0.0
-50.0,50,3788.9331,0.0
-50.0,50,3793.429508,0.0
-50.0,50,3794.508937,0.0
-50.0,50,3795.57986,0.0
-50.0,50,3796.601899,0.0
-50.0,50,3797.653147,0.0
-50.0,50,3798.865577,0.0
-50.0,50,3799.924398,0.0
-50.0,50,3801.188804,0.0
-50.0,50,3802.193877,0.0
-50.0,50,3803.722895,0.0
-50.0,50,3807.275536,0.0
-50.0,50,3808.411994,0.0
-50.0,50,3809.442651,0.0
-50.0,50,3810.8364,0.0
-50.0,50,3812.268305,0.0
-50.0,50,3813.478345,0.0
-50.0,50,3814.622322,0.0
-50.0,50,3815.78191,0.0
-50.0,50,3816.794854,0.0
-50.0,50,3818.058915,0.0
-50.0,50,3821.438169,0.0
-50.0,50,3822.363668,0.0
-50.0,50,3823.28973,0.0
-50.0,50,3824.57627,0.0
-50.0,50,3825.772344,0.0
-50.0,50,3828.061399,0.0
-50.0,50,3829.423399,0.0
-50.0,50,3830.542151,0.0
-50.0,50,3831.764294,0.0
-50.0,50,3833.047567,0.0
-50.0,50,3834.35306,0.0
-50.0,50,3838.091387,0.0
-50.0,50,3839.231223,0.0
-50.0,50,3840.670351,0.0
-50.0,50,3841.878536,0.0
-50.0,50,3843.084945,0.0
-50.0,50,3844.317585,0.0
-50.0,50,3845.343952,0.0
-50.0,50,3846.422377,0.0
-50.0,50,3847.714596,0.0
-50.0,50,3848.683389,0.0
-50.0,50,3852.056358,0.0
-50.0,50,3853.049105,0.0
-50.0,50,3854.044081,0.0
-50.0,50,3855.319412,0.0
-50.0,50,3856.592738,0.0
-50.0,50,3857.600328,0.0
-50.0,50,3858.657287,0.0
-50.0,50,3859.722861,0.0
-50.0,50,3860.876577,0.0
-50.0,50,3862.841934,0.0
-50.0,50,3866.541358,0.0
-50.0,50,3867.772465,0.0
-50.0,50,3868.743307,0.0
-50.0,50,3869.939264,0.0
-50.0,50,3871.358055,0.0
-50.0,50,3872.368011,0.0
-50.0,50,3873.893549,0.0
-50.0,50,3875.097204,0.0
-50.0,50,3876.595046,0.0
-50.0,50,3877.808982,0.0
-50.0,50,3882.756064,0.0
-50.0,50,3884.144636,0.0
-50.0,50,3885.200362,0.0
-50.0,50,3886.409768,0.0
-50.0,50,3887.461094,0.0
-50.0,50,3888.636312,0.0
-50.0,50,3889.729239,0.0
-50.0,50,3890.774363,0.0
-50.0,50,3891.887117,0.0
-50.0,50,3893.067179,0.0
-50.0,50,3894.18878,0.0
-50.0,50,3901.101387,0.0
-50.0,50,3902.265964,0.0
-50.0,50,3903.462049,0.0
-50.0,50,3905.636177,0.0
-50.0,50,3906.625311,0.0
-50.0,50,3907.899466,0.0
-50.0,50,3909.224119,0.0
-50.0,50,3910.31866,0.0
-50.0,50,3911.575724,0.0
-50.0,50,3912.5661,0.0
-50.0,50,3919.491408,0.0
-50.0,50,3920.679887,0.0
-50.0,50,3921.694562,0.0
-50.0,50,3922.648654,0.0
-50.0,50,3923.826609,0.0
-50.0,50,3924.884191,0.0
-50.0,50,3925.915283,0.0
-50.0,50,3927.18285,0.0
-50.0,50,3928.153884,0.0
-50.0,50,3929.250279,0.0
-50.0,50,3936.113232,0.0
-50.0,50,3937.183434,0.0
-50.0,50,3938.349761,0.0
-50.0,50,3939.539524,0.0
-50.0,50,3941.191529,0.0
-50.0,50,3942.246648,0.0
-50.0,50,3943.175722,0.0
-50.0,50,3944.252196,0.0
-50.0,50,3946.736163,0.0
-50.0,50,3948.119149,0.0
-50.0,50,3955.357725,0.0
-50.0,50,3956.561342,0.0
-50.0,50,3957.850585,0.0
-50.0,50,3959.250159,0.0
-50.0,50,3960.293115,0.0
-50.0,50,3961.313919,0.0
-50.0,50,3962.9276,0.0
-50.0,50,3964.050314,0.0
-50.0,50,3965.140954,0.0
-50.0,50,3966.10006,0.0
-50.0,50,3967.108052,0.0
-50.0,50,3973.839544,0.0
-50.0,50,3975.111297,0.0
-50.0,50,3976.328407,0.0
-50.0,50,3977.466765,0.0
-50.0,50,3978.926796,0.0
-50.0,50,3980.040389,0.0
-50.0,50,3981.529455,0.0
-50.0,50,3982.851681,0.0
-50.0,50,3983.976367,0.0
-50.0,50,3984.946244,0.0
-50.0,50,3991.627001,0.0
-50.0,50,3992.778389,0.0
-50.0,50,3995.153356,0.0
-50.0,50,3996.318412,0.0
-50.0,50,3997.405626,0.0
-50.0,50,3999.060302,0.0
-50.0,50,3999.999121,0.0
-50.0,50,4001.030037,0.0
-50.0,50,4002.178158,0.0
-50.0,50,4003.629899,0.0
-50.0,50,4010.339401,0.0
-50.0,50,4011.345011,0.0
-50.0,50,4012.560155,0.0
-50.0,50,4013.854248,0.0
-50.0,50,4014.902324,0.0
-50.0,50,4015.84007,0.0
-50.0,50,4016.984987,0.0
-50.0,50,4018.283435,0.0
-50.0,50,4019.270317,0.0
-50.0,50,4020.456107,0.0
-50.0,50,4027.168183,0.0
-50.0,50,4028.424607,0.0
-50.0,50,4029.78099,0.0
-50.0,50,4031.084033,0.0
-50.0,50,4032.149085,0.0
-50.0,50,4033.323026,0.0
-50.0,50,4034.556686,0.0
-50.0,50,4036.327831,0.0
-50.0,50,4037.329743,0.0
-50.0,50,4038.666322,0.0
-50.0,50,4039.859297,0.0
-50.0,50,4046.425991,0.0
-50.0,50,4047.955531,0.0
-50.0,50,4049.275516,0.0
-50.0,50,4050.713042,0.0
-50.0,50,4051.809398,0.0
-50.0,50,4053.008019,0.0
-50.0,50,4054.062328,0.0
-50.0,50,4055.083215,0.0
-50.0,50,4056.342306,0.0
-50.0,50,4057.734619,0.0
-50.0,50,4064.668305,0.0
-50.0,50,4066.153099,0.0
-50.0,50,4067.350726,0.0
-50.0,50,4068.845671,0.0
-50.0,50,4069.822223,0.0
-50.0,50,4071.025827,0.0
-50.0,50,4071.954911,0.0
-50.0,50,4073.314545,0.0
-50.0,50,4074.327577,0.0
-50.0,50,4075.584131,0.0
-50.0,50,4082.33325,0.0
-50.0,50,4084.159512,0.0
-50.0,50,4085.200601,0.0
-50.0,50,4086.286198,0.0
-50.0,50,4087.30688,0.0
-50.0,50,4088.292807,0.0
-50.0,50,4089.486927,0.0
-50.0,50,4090.460538,0.0
-50.0,50,4091.45737,0.0
-50.0,50,4092.611019,0.0
-50.0,50,4100.227592,0.0
-50.0,50,4101.713091,0.0
-50.0,50,4102.963529,0.0
-50.0,50,4103.919513,0.0
-50.0,50,4104.946959,0.0
-50.0,50,4106.274444,0.0
-50.0,50,4107.246342,0.0
-50.0,50,4108.462343,0.0
-50.0,50,4109.686645,0.0
-50.0,50,4110.976686,0.0
-50.0,50,4117.541681,0.0
-50.0,50,4118.677942,0.0
-50.0,50,4119.946182,0.0
-50.0,50,4120.92438,0.0
-50.0,50,4121.917527,0.0
-50.0,50,4123.232742,0.0
-50.0,50,4125.091909,0.0
-50.0,50,4126.111835,0.0
-50.0,50,4127.647634,0.0
-50.0,50,4128.61258,0.0
-50.0,50,4129.565222,0.0
-50.0,50,4136.290625,0.0
-50.0,50,4137.290356,0.0
-50.0,50,4138.369677,0.0
-50.0,50,4139.344813,0.0
-50.0,50,4140.629388,0.0
-50.0,50,4142.336005,0.0
-50.0,50,4143.463994,0.0
-50.0,50,4144.458146,0.0
-50.0,50,4145.754275,0.0
-50.0,50,4146.902222,0.0
-50.0,50,4154.094677,0.0
-50.0,50,4155.183722,0.0
-50.0,50,4156.236684,0.0
-50.0,50,4157.373811,0.0
-50.0,50,4158.511217,0.0
-50.0,50,4159.719074,0.0
-50.0,50,4160.984845,0.0
-50.0,50,4162.198349,0.0
-50.0,50,4163.31622,0.0
-50.0,50,4164.667947,0.0
-50.0,50,4172.786636,0.0
-50.0,50,4173.78914,0.0
-50.0,50,4174.805595,0.0
-50.0,50,4175.973264,0.0
-50.0,50,4177.099068,0.0
-50.0,50,4178.206031,0.0
-50.0,50,4179.138424,0.0
-50.0,50,4180.390248,0.0
-50.0,50,4181.85738,0.0
-50.0,50,4182.965809,0.0
-50.0,50,4189.917192,0.0
-50.0,50,4191.05763,0.0
-50.0,50,4192.065365,0.0
-50.0,50,4192.993774,0.0
-50.0,50,4194.199716,0.0
-50.0,50,4195.209527,0.0
-50.0,50,4196.895223,0.0
-50.0,50,4197.872335,0.0
-50.0,50,4198.928199,0.0
-50.0,50,4199.982598,0.0
-50.0,50,4201.15426,0.0
-50.0,50,4207.64393,0.0
-50.0,50,4208.618517,0.0
-50.0,50,4209.699229,0.0
-50.0,50,4210.708579,0.0
-50.0,50,4213.033271,0.0
-50.0,50,4214.194063,0.0
-50.0,50,4215.23581,0.0
-50.0,50,4216.266129,0.0
-50.0,50,4217.226227,0.0
-50.0,50,4219.160488,0.0
-50.0,50,4226.188644,0.0
-50.0,50,4227.517081,0.0
-50.0,50,4229.024162,0.0
-50.0,50,4230.088164,0.0
-50.0,50,4231.276804,0.0
-50.0,50,4232.6551,0.0
-50.0,50,4233.649781,0.0
-50.0,50,4234.859271,0.0
-50.0,50,4235.968009,0.0
-50.0,50,4237.550953,0.0
-50.0,50,4244.374753,0.0
-50.0,50,4245.396288,0.0
-50.0,50,4246.721946,0.0
-50.0,50,4248.418216,0.0
-50.0,50,4249.582426,0.0
-50.0,50,4250.604027,0.0
-50.0,50,4251.54464,0.0
-50.0,50,4252.493,0.0
-50.0,50,4253.630543,0.0
-50.0,50,4255.719042,0.0
-50.0,50,4262.680808,0.0
-50.0,50,4263.937577,0.0
-50.0,50,4264.902845,0.0
-50.0,50,4266.148746,0.0
-50.0,50,4267.16136,0.0
-50.0,50,4268.322606,0.0
-50.0,50,4269.578428,0.0
-50.0,50,4270.865448,0.0
-50.0,50,4271.854124,0.0
-50.0,50,4273.245773,0.0
-50.0,50,4274.521818,0.0
-50.0,50,4281.239435,0.0
-50.0,50,4282.273281,0.0
-50.0,50,4283.416373,0.0
-50.0,50,4285.042435,0.0
-50.0,50,4286.140895,0.0
-50.0,50,4287.222259,0.0
-50.0,50,4288.199509,0.0
-50.0,50,4289.129015,0.0
-50.0,50,4290.110627,0.0
-50.0,50,4291.26789,0.0
-50.0,50,4297.962168,0.0
-50.0,50,4299.33724,0.0
-50.0,50,4300.48875,0.0
-50.0,50,4302.444099,0.0
-50.0,50,4303.433722,0.0
-50.0,50,4304.565355,0.0
-50.0,50,4305.727443,0.0
-50.0,50,4306.807445,0.0
-50.0,50,4307.76972,0.0
-50.0,50,4308.726191,0.0
-50.0,50,4315.820349,0.0
-50.0,50,4317.047517,0.0
-50.0,50,4318.413552,0.0
-50.0,50,4319.717435,0.0
-50.0,50,4320.723831,0.0
-50.0,50,4322.025239,0.0
-50.0,50,4323.138399,0.0
-50.0,50,4324.34697,0.0
-50.0,50,4325.56003,0.0
-50.0,50,4326.759464,0.0
-50.0,50,4334.159399,0.0
-50.0,50,4335.214999,0.0
-50.0,50,4336.270781,0.0
-50.0,50,4337.225556,0.0
-50.0,50,4338.584276,0.0
-50.0,50,4339.803178,0.0
-50.0,50,4340.944457,0.0
-50.0,50,4342.06619,0.0
-50.0,50,4343.912742,0.0
-50.0,50,4344.987083,0.0
-50.0,50,4346.42407,0.0
-50.0,50,4353.186803,0.0
-50.0,50,4354.254511,0.0
-50.0,50,4355.283916,0.0
-50.0,50,4356.350975,0.0
-50.0,50,4357.602345,0.0
-50.0,50,4358.730592,0.0
-50.0,50,4359.863168,0.0
-50.0,50,4361.08319,0.0
-50.0,50,4362.054665,0.0
-50.0,50,4363.047499,0.0
-50.0,50,4369.71102,0.0
-50.0,50,4370.651407,0.0
-50.0,50,4371.604007,0.0
-50.0,50,4372.781729,0.0
-50.0,50,4374.100296,0.0
-50.0,50,4375.700004,0.0
-50.0,50,4376.669966,0.0
-50.0,50,4377.696591,0.0
-50.0,50,4378.815618,0.0
-50.0,50,4380.188368,0.0
-50.0,50,4387.004004,0.0
-50.0,50,4387.965161,0.0
-50.0,50,4389.763097,0.0
-50.0,50,4390.763776,0.0
-50.0,50,4391.8774,0.0
-50.0,50,4392.883561,0.0
-50.0,50,4393.916941,0.0
-50.0,50,4395.193406,0.0
-50.0,50,4396.941041,0.0
-50.0,50,4397.928007,0.0
